gap_threshold_miles,corridor_id,Fwy,Dir,station_count,first_station_id,last_station_id,min_abs_pm,max_abs_pm,mean_positive_pct,median_positive_pct,mean_ge80_pct,median_ge80_pct,mean_ge100_pct,median_ge100_pct,min_days_positive,mean_days_positive,mean_ge80_longest_run_minutes,min_ge80_longest_run_minutes,postmile_span,weighted_positive_pct,weighted_ge80_pct,weighted_ge100_pct,review_score,eligible_for_corridor_review,review_rank
1.0,Fwy_10_E_gap_1p0_segment_4,10,E,8,717174,717198,31.96,35.064,96.88549264791014,97.30230404075488,84.00413916869283,97.29796225541276,84.00413916869283,97.29796225541276,114,117.5,1440.0,1440,3.103999999999999,96.88549264791016,84.00413916869283,84.00413916869283,789.6389081857126,True,1
1.0,Fwy_10_E_gap_1p0_segment_7,10,E,7,717241,774729,42.26,45.7,96.94421012587043,97.29940951719348,83.04057295026381,96.465786731504,83.04057295026381,96.465786731504,117,117.57142857142857,1234.2857142857142,0,3.440000000000005,96.94421012587043,83.04057295026381,83.04057295026381,683.4239153806711,True,2
1.0,Fwy_210_W_gap_1p0_segment_15,210,W,14,761356,717685,34.049,40.549,68.51647397409815,89.40314924163482,55.327577366479765,85.8124927636911,54.96782943813162,85.8124927636911,11,83.0,1302.5,0,6.5,68.51647397409815,55.327577366479765,54.96782943813162,642.9064489984949,True,3
1.0,Fwy_10_W_gap_1p0_segment_9,10,W,8,717245,717258,43.18,46.1,90.86416000926248,96.46868125506542,67.56143626259117,95.20956350584694,67.56143626259117,95.20956350584694,63,110.25,1260.0,0,2.9200000000000017,90.86416000926248,67.56143626259117,67.56143626259117,595.8918678360541,True,4
1.0,Fwy_10_E_gap_1p0_segment_2,10,E,7,717077,717097,21.79,23.37,87.2277080335434,87.34803751302536,63.549678294381316,87.34224846590251,63.549678294381316,87.34224846590251,103,105.85714285714286,1234.2857142857142,0,1.5800000000000018,87.2277080335434,63.549678294381316,63.549678294381316,470.90311616136563,True,5
1.0,Fwy_210_E_gap_1p0_segment_5,210,E,8,769880,769788,16.98,21.58,64.86120759522983,61.531781868704414,64.54678997337038,60.28134769017019,64.54678997337038,60.28134769017019,51,78.5,1440.0,1440,4.599999999999998,64.86120759522983,64.54678997337038,64.54678997337038,405.35384103276596,True,6
1.0,Fwy_60_W_gap_1p0_segment_2,60,W,7,765456,765461,28.007,30.335,84.02057592748805,88.16429315734631,55.27299492217867,75.65995137200417,55.27299492217867,75.65995137200417,66,101.71428571428571,1132.857142857143,0,2.3279999999999994,84.02057592748805,55.27299492217867,55.27299492217867,393.5437238459121,True,7
1.0,Fwy_10_W_gap_1p0_segment_6,10,W,14,764227,717224,32.5,37.55,56.91046825121156,91.48286442051639,39.62912883110869,13.657809424568716,39.62912883110869,13.657809424568716,4,69.0,1162.5,0,5.049999999999997,56.91046825121156,39.62912883110869,39.62912883110869,382.8173845085099,True,8
1.0,Fwy_10_W_gap_1p0_segment_5,10,W,4,717160,775029,30.22,31.0,93.35055574852379,97.30230404075488,84.44917216626143,87.05424337154105,60.551985643163135,60.64316313534792,99,113.25,1440.0,1440,0.7800000000000011,93.35055574852379,84.44917216626143,60.551985643163135,382.5547499131643,True,9
1.0,Fwy_134_E_gap_1p0_segment_2,134,E,6,761003,717583,3.88,7.41,75.52969781174018,85.24661340743313,69.10723244953881,83.50845200879935,69.10723244953881,83.50845200879935,43,91.83333333333333,1440.0,1440,3.5300000000000002,75.52969781174019,69.1072324495388,69.1072324495388,380.78085079695876,True,10
1.0,Fwy_210_W_gap_1p0_segment_16,210,W,4,717686,717694,41.789,43.389,89.19474354521245,89.40314924163482,87.90089151325692,88.09337733009147,87.90089151325692,88.09337733009147,107,107.75,1440.0,1440,1.6000000000000014,89.19474354521246,87.90089151325692,87.90089151325692,378.8528424221373,True,11
1.0,Fwy_91_E_gap_1p0_segment_6,91,E,7,717431,717443,11.958,14.208,79.945913759738,96.5063100613639,53.333664136026066,49.947898575894406,53.333664136026066,49.947898575894406,33,96.85714285714286,1385.0,1055,2.25,79.945913759738,53.333664136026066,53.333664136026066,361.6022428422567,True,12
1.0,Fwy_10_W_gap_1p0_segment_3,10,W,8,717087,717116,22.45,24.3,72.47452819265949,86.09760333449114,50.94831828181081,69.87524603450272,50.94831828181081,69.87524603450272,5,88.0,1080.0,0,1.8500000000000014,72.47452819265949,50.94831828181081,50.94831828181081,358.6761607039481,True,13
1.0,Fwy_57_S_gap_1p0_segment_1,57,S,4,763583,763573,16.942,18.178,90.81133495426651,91.82297093898343,79.18837559337733,88.94436725714948,79.18837559337733,88.94436725714948,102,110.25,1440.0,1440,1.2360000000000007,90.81133495426653,79.18837559337733,79.18837559337733,349.22073636679403,True,14
1.0,Fwy_210_E_gap_1p0_segment_8,210,E,4,717646,717659,28.68,30.299,95.84129327312723,95.63505846937592,71.92818687044112,95.62637489869167,71.923845085099,95.61769132800741,116,116.25,1080.0,0,1.6189999999999998,95.84129327312725,71.92818687044112,71.92384508509899,334.4660689475512,True,15
1.0,Fwy_210_E_gap_1p0_segment_11,210,E,6,761220,772917,39.339,41.389,73.38582069391377,86.48546949172166,58.48143645555941,81.48083825402338,58.48143645555941,81.48083825402338,14,88.66666666666667,1200.0,0,2.0500000000000043,73.38582069391379,58.48143645555942,58.48143645555942,311.12124194357614,True,16
1.0,Fwy_57_N_gap_1p0_segment_1,57,N,4,763558,774841,17.087,18.617,93.28181081394001,95.63505846937592,68.23694569873798,87.04266527729536,67.84546138705569,87.04266527729536,103,113.25,1181.25,405,1.5300000000000011,93.28181081394003,68.23694569873798,67.84546138705569,309.1133640152831,True,17
1.0,Fwy_60_E_gap_1p0_segment_2,60,E,4,766600,766843,29.111,30.512,86.13812666435105,86.49849484774805,61.545530855621166,69.51632511288642,61.545530855621166,69.51632511288642,98,104.0,1440.0,1440,1.4009999999999998,86.13812666435105,61.545530855621166,61.545530855621166,256.02940835938404,True,18
1.0,Fwy_2_W_gap_1p0_segment_2,2,W,4,762329,718076,10.799,12.393,74.60706842653698,94.80143568368646,66.98144610397128,79.55019103855506,66.98144610397128,79.55019103855506,18,90.75,1440.0,1440,1.5940000000000012,74.607068426537,66.98144610397128,66.98144610397128,243.14264935741573,True,19
1.0,Fwy_210_E_gap_1p0_segment_10,210,E,6,761165,761206,35.409,38.298,76.8742040060206,89.67089267106634,36.031511713172016,16.1528887345143,35.89016247925591,16.1528887345143,11,93.33333333333333,1200.0,0,2.889000000000003,76.8742040060206,36.03151171317201,35.89016247925591,201.77646559376325,True,20
1.0,Fwy_605_S_gap_1p0_segment_1,605,S,4,717832,717838,2.252,3.902,57.4193875188144,49.96671297904365,57.161774921847865,49.95079309945583,57.161774921847865,49.95079309945583,40,69.5,1440.0,1440,1.6500000000000004,57.4193875188144,57.161774921847865,57.161774921847865,158.90973428273705,True,21
1.0,Fwy_5_S_gap_1p0_segment_3,5,S,9,759762,716986,144.77,148.85,46.50180746915724,61.45652425610744,29.984047959039273,35.617112423295126,29.70585208341374,35.617112423295126,3,56.888888888888886,1239.4444444444443,0,4.079999999999984,46.50180746915724,29.984047959039277,29.70585208341374,153.51832555028108,True,22
1.0,Fwy_91_E_gap_1p0_segment_1,91,E,4,717367,717373,1.158,2.578,53.64854694917217,56.600960981822396,51.7866446682876,52.877156420053254,50.47542549496353,50.254718073405115,12,65.0,1440.0,1440,1.42,53.648546949172164,51.7866446682876,50.47542549496353,134.64527613754774,True,23
1.0,Fwy_405_N_gap_1p0_segment_2,405,N,4,717755,716689,41.292,43.342,77.9089961792289,81.57925205511174,35.75026050712053,35.33779089961792,18.285428968391802,0.4081278221604724,76,93.75,843.75,0,2.049999999999997,77.9089961792289,35.75026050712053,18.285428968391802,134.063476901702,True,24
1.0,Fwy_5_S_gap_1p0_segment_2,5,S,4,718370,718376,138.04,139.33,60.74953687623018,74.01875651267801,39.92633437536182,33.28557369456988,39.92633437536182,33.28557369456988,3,73.75,720.0,0,1.2900000000000205,60.749536876230174,39.92633437536182,39.92633437536182,117.78268640731736,True,25
1.0,Fwy_91_W_gap_1p0_segment_3,91,W,4,717397,717404,6.198,7.508,45.29422832001852,47.69306472154683,39.65931457682065,36.42323723515109,35.813216394581445,28.731040870672686,16,54.5,1440.0,1440,1.3099999999999996,45.294228320018526,39.659314576820655,35.81321639458145,86.45730577746903,True,26
1.0,Fwy_210_W_gap_1p0_segment_13,210,W,4,717649,717664,29.17,30.999,52.803346069236994,52.803346069236994,28.652888734514306,8.304388097719116,4.338890818571263,4.525587588282969,10,64.0,1246.25,665,1.828999999999997,52.803346069237,28.6528887345143,4.338890818571263,73.3513951603566,True,27
1.0,Fwy_605_N_gap_1p0_segment_1,605,N,4,717831,717836,2.282,3.732,44.272461502836634,53.577631121917335,26.57896260275559,23.682991779553085,26.57896260275559,23.682991779553085,1,54.0,720.0,0,1.4500000000000002,44.272461502836634,26.578962602755585,26.578962602755585,57.41055922195206,True,28
1.0,Fwy_10_E_gap_1p0_segment_5,10,E,5,717205,718119,36.09,37.64,24.532823897186525,5.803519740650689,19.786384161167074,0.8278337385666319,19.75686002084057,0.8017830265138358,5,29.8,903.0,0,1.5499999999999972,24.532823897186525,19.78638416116707,19.75686002084057,29.481712400138935,True,29
1.0,Fwy_23_N_gap_1p0_segment_1,23,N,14,771578,771421,12.823,18.763,9.973907937610614,10.805256454787544,8.727608792735575,10.388445061942805,8.727608792735575,10.388445061942805,8,12.0,1234.2857142857142,0,5.940000000000001,9.973907937610612,8.727608792735573,8.727608792735573,14.662382771795762,True,30
1.0,Fwy_118_W_gap_1p0_segment_2,118,W,9,772119,760932,23.361,26.601,8.674887113581104,9.13801088340859,8.3008503466996,9.13801088340859,8.3008503466996,9.13801088340859,6,10.444444444444445,1440.0,1440,3.2399999999999984,8.674887113581105,8.3008503466996,8.3008503466996,7.802799325897625,True,31
1.0,Fwy_118_E_gap_1p0_segment_2,118,E,10,772118,760756,23.361,26.911,8.13100613638995,9.13801088340859,7.216336690980664,9.13801088340859,7.216336690980664,9.13801088340859,1,9.8,1248.0,0,3.5500000000000007,8.131006136389951,7.216336690980665,7.216336690980665,7.072009957161053,True,32
1.0,Fwy_23_S_gap_1p0_segment_1,23,S,7,771577,771509,12.823,15.793,9.01892191402438,9.971633669098066,7.2416844473114015,9.971633669098066,7.2416844473114015,9.971633669098066,7,10.857142857142858,1028.5714285714287,0,2.969999999999999,9.01892191402438,7.2416844473114015,7.2416844473114015,5.503680179956665,True,33
1.0,Fwy_118_E_gap_1p0_segment_5,118,E,5,771706,717536,37.431,39.361,9.471459997684383,10.805256454787544,9.471459997684383,10.805256454787544,9.471459997684383,10.805256454787544,9,11.4,1440.0,1440,1.9299999999999997,9.47145999768438,9.47145999768438,9.47145999768438,5.398732198680097,True,34
1.0,Fwy_118_E_gap_1p0_segment_3,118,E,7,760746,764165,28.221,30.891,8.67075207992193,9.13801088340859,7.365321953720703,9.13801088340859,7.365321953720703,9.13801088340859,9,10.428571428571429,1234.2857142857142,0,2.669999999999998,8.67075207992193,7.365321953720703,7.365321953720703,5.376685026216114,True,35
1.0,Fwy_118_W_gap_1p0_segment_3,118,W,7,760911,764161,28.091,30.891,8.67075207992193,9.13801088340859,6.059478324153559,7.50260507120528,6.059478324153559,7.50260507120528,9,10.428571428571429,1028.5714285714287,0,2.799999999999997,8.67075207992193,6.059478324153559,6.059478324153559,4.423419176632098,True,36
1.0,Fwy_5_N_gap_1p0_segment_2,5,N,5,715938,759566,128.813,131.433,10.72131527150631,11.554938057195786,6.0993400486279965,9.05406970012736,6.0993400486279965,9.05406970012736,12,14.0,864.0,0,2.6200000000000045,10.72131527150631,6.099340048627996,6.099340048627996,4.269538034039597,True,37
1.0,Fwy_118_W_gap_1p0_segment_5,118,W,4,771721,717535,37.391,39.181,10.805256454787544,10.805256454787544,8.103942341090658,10.805256454787544,5.402628227393772,5.402628227393772,13,13.0,1080.0,0,1.7899999999999991,10.805256454787543,8.103942341090656,5.402628227393771,4.214050017367141,True,38
1.0,Fwy_5_N_gap_1p0_segment_4,5,N,6,716974,716985,145.903,148.043,41.5036085060399,35.994847748060664,1.240785766662807,0.4168113928447378,0.8283161591602023,0.4081278221604724,19,50.5,720.0,0,2.140000000000015,41.5036085060399,1.2407857666628073,0.8283161591602022,3.7595808729883062,True,39
1.0,Fwy_5_S_gap_1p0_segment_1,5,S,4,718364,716934,128.75,130.91,8.665479912006484,10.304503878661574,8.039539191849022,10.301609355100151,8.039539191849022,10.301609355100151,3,11.25,1080.0,0,2.1599999999999966,8.665479912006484,8.039539191849022,8.039539191849022,3.6177926363320596,True,40
1.0,Fwy_118_E_gap_1p0_segment_6,118,E,4,766029,717543,40.431,42.041,7.061913858978812,7.053953919184902,3.326531202963992,2.917679749913164,3.326531202963992,2.917679749913164,7,8.5,720.0,0,1.6099999999999994,7.061913858978812,3.326531202963992,3.326531202963992,1.1310206090077572,True,41
1.0,Fwy_10_W_gap_1p0_segment_4,10,W,3,717142,717154,27.06,28.111,97.30230404075489,97.30230404075488,97.01864073173556,97.29362047007062,96.4088611014627,96.465786731504,118,118.0,1440.0,1440,1.051000000000002,97.30230404075489,97.01864073173556,96.4088611014627,343.4459881903439,False,42
1.0,Fwy_57_S_gap_1p0_segment_2,57,S,3,763649,768779,21.622,22.502,96.19080699316892,97.30230404075488,96.1879124696075,97.30230404075488,64.86820269383658,97.30230404075488,114,116.66666666666667,1440.0,1440,0.879999999999999,96.19080699316892,96.1879124696075,64.8682026938366,336.65769364362626,False,43
1.0,Fwy_134_W_gap_1p0_segment_4,134,W,3,716551,717582,5.983,6.693,80.66168808614101,85.66342480027788,78.97900505576781,83.99039018177608,78.97900505576781,83.99039018177608,85,98.0,1440.0,1440,0.71,80.66168808614103,78.97900505576781,78.97900505576781,232.19827486395738,False,44
1.0,Fwy_210_W_gap_1p0_segment_7,210,W,3,769911,769926,16.58,17.88,94.24568715989348,93.967812897997,65.7191926208946,91.44957739956004,61.79614835398093,91.4206321639458,112,114.33333333333333,1328.3333333333333,1105,1.3000000000000007,94.24568715989348,65.7191926208946,61.79614835398093,225.4168306896685,False,45
1.0,Fwy_91_W_gap_1p0_segment_5,91,W,3,717433,717440,12.208,13.058,96.50534522017676,96.5063100613639,63.78082667592914,95.669792752113,63.78082667592914,95.669792752113,117,117.0,960.0,0,0.8499999999999996,96.50534522017676,63.78082667592914,63.78082667592914,223.87070163251127,False,46
1.0,Fwy_210_E_gap_1p0_segment_7,210,E,2,717638,717640,27.14,27.63,96.05186986222067,96.05186986222067,96.05186986222067,96.05186986222067,95.62348037513026,95.62348037513026,116,116.5,1440.0,1440,0.48999999999999844,96.05186986222068,96.05186986222068,95.62348037513026,223.8008567789742,False,47
1.0,Fwy_57_N_gap_1p0_segment_3,57,N,2,718356,774799,21.537,22.317,95.6307166840338,95.6307166840338,95.61334954266528,95.61334954266528,48.63378487900892,48.63378487900892,114,116.0,1440.0,1440,0.7800000000000011,95.63071668403381,95.61334954266528,48.633784879008914,221.82297093898342,False,48
1.0,Fwy_101_S_gap_1p0_segment_10,101,S,2,764824,764848,42.582,43.442,94.42659488248233,94.42659488248233,93.99820539539192,93.99820539539192,93.99820539539192,93.99820539539192,112,114.5,1440.0,1440,0.8599999999999994,94.42659488248235,93.99820539539192,93.99820539539192,215.2558903554475,False,49
1.0,Fwy_210_W_gap_1p0_segment_5,210,W,2,770141,770129,13.98,14.18,91.46694454092855,91.46694454092855,91.45681370846359,91.45681370846359,91.45681370846359,91.45681370846359,104,111.0,1440.0,1440,0.1999999999999993,91.46694454092857,91.45681370846359,91.45681370846359,203.03412643278915,False,50
1.0,Fwy_134_W_gap_1p0_segment_1,134,W,2,718496,774204,1.9,1.92,91.05013314808383,91.05013314808383,91.0486858863031,91.0486858863031,91.0486858863031,91.0486858863031,110,110.5,1440.0,1440,0.020000000000000018,91.05013314808383,91.04868588630312,91.04868588630312,201.2175958087299,False,51
1.0,Fwy_405_S_gap_1p0_segment_5,405,S,2,764578,718287,47.382,48.022,94.79709389834433,94.79709389834433,85.20030103045039,85.20030103045039,85.20030103045039,85.20030103045039,115,115.0,1440.0,1440,0.6400000000000006,94.79709389834433,85.20030103045039,85.20030103045039,195.9606923700359,False,52
1.0,Fwy_101_S_gap_1p0_segment_9,101,S,3,765150,764814,40.002,41.032,83.21465786731504,94.84195901354636,64.88364015283084,58.284126432789165,52.90706649685462,58.284126432789165,70,100.66666666666667,1440.0,1440,1.029999999999994,83.21465786731504,64.88364015283085,52.90706649685462,195.94859326154918,False,53
1.0,Fwy_10_W_gap_1p0_segment_2,10,W,2,716088,716091,20.53,21.32,87.76195438230867,87.76195438230867,87.35093203658678,87.35093203658678,87.35093203658678,87.35093203658678,106,106.5,1440.0,1440,0.7899999999999991,87.76195438230867,87.35093203658678,87.35093203658678,186.05748523792985,False,54
1.0,Fwy_10_E_gap_1p0_segment_3,10,E,2,775552,717165,30.5,30.81,95.2182470765312,95.2182470765312,78.76722241519046,78.76722241519046,48.62365404654394,48.62365404654394,113,115.5,1440.0,1440,0.3099999999999987,95.2182470765312,78.76722241519046,48.62365404654394,181.95228377908998,False,55
1.0,Fwy_134_E_gap_1p0_segment_1,134,E,2,760987,773890,2.11,2.3,84.79796225541276,84.79796225541276,84.37970360078731,84.37970360078731,84.37970360078731,84.37970360078731,94,103.0,1440.0,1440,0.18999999999999995,84.79796225541276,84.37970360078731,84.37970360078731,173.82218941762184,False,56
1.0,Fwy_210_E_gap_1p0_segment_12,210,E,3,772932,716142,42.589,43.589,82.78337385666319,89.4002547180734,56.542588090000386,80.23040407548918,56.542588090000386,80.23040407548918,85,100.33333333333333,960.0,0,1.0,82.78337385666319,56.542588090000386,56.542588090000386,170.19319015090116,False,57
1.0,Fwy_605_N_gap_1p0_segment_2,605,N,3,717143,717850,4.842,5.732,76.65952684188183,89.44367257149473,60.298714831538724,89.4407780479333,60.298714831538724,89.4407780479333,60,93.33333333333333,960.0,0,0.8900000000000006,76.65952684188183,60.29871483153873,60.29871483153873,168.83640152830841,False,58
1.0,Fwy_101_N_gap_1p0_segment_9,101,N,3,776465,764863,42.989,44.719,79.85701053606576,79.94674076646984,52.652348423449496,60.65474122959361,52.652348423449496,60.65474122959361,76,96.66666666666667,960.0,0,1.730000000000004,79.85701053606576,52.6523484234495,52.6523484234495,152.69181042800355,False,59
1.0,Fwy_2_W_gap_1p0_segment_1,2,W,2,767542,718066,8.962,9.61,94.38462429084174,94.38462429084174,63.468218131295586,63.468218131295586,63.468218131295586,63.468218131295586,114,114.5,1440.0,1440,0.6479999999999997,94.38462429084173,63.468218131295586,63.468218131295586,145.34221952066687,False,60
1.0,Fwy_5_N_gap_1p0_segment_3,5,N,3,718371,763669,138.103,139.393,80.39056771255451,81.46347111265486,49.34487283393154,66.57404191270118,22.191347304233727,0.0,80,97.33333333333333,960.0,0,1.289999999999992,80.39056771255451,49.34487283393153,22.191347304233723,144.08702867508006,False,61
1.0,Fwy_10_E_gap_1p0_segment_1,10,E,3,716081,716087,19.29,20.51,62.705993593454515,83.29570452703484,62.42618964918375,83.29570452703484,62.42618964918375,83.29570452703484,20,75.66666666666667,1440.0,1440,1.2200000000000024,62.705993593454515,62.42618964918375,62.42618964918375,141.70745050364712,False,62
1.0,Fwy_2_E_gap_1p0_segment_1,2,E,2,767541,767554,8.962,9.562,92.30056732661805,92.30056732661805,59.74441356952645,59.74441356952645,59.74441356952645,59.74441356952645,110,112.0,1440.0,1440,0.5999999999999996,92.30056732661804,59.74441356952646,59.74441356952646,133.82748639573927,False,63
1.0,Fwy_14_N_gap_1p0_segment_1,14,N,1,764276,764276,3.262,3.262,97.30230404075488,97.30230404075488,97.30230404075488,97.30230404075488,97.30230404075488,97.30230404075488,118,118.0,1440.0,1440,0.0,97.30230404075489,97.30230404075489,97.30230404075489,114.81671876809078,False,64
1.0,Fwy_210_W_gap_1p0_segment_11,210,W,1,717637,717637,26.8,26.8,97.30230404075488,97.30230404075488,97.30230404075488,97.30230404075488,93.8896607618386,93.8896607618386,118,118.0,1440.0,1440,0.0,97.30230404075489,97.30230404075489,93.8896607618386,114.81671876809078,False,65
1.0,Fwy_210_W_gap_1p0_segment_6,210,W,1,769965,769965,15.28,15.28,97.30230404075488,97.30230404075488,97.30230404075488,97.30230404075488,97.30230404075488,97.30230404075488,118,118.0,1440.0,1440,0.0,97.30230404075489,97.30230404075489,97.30230404075489,114.81671876809078,False,66
1.0,Fwy_57_N_gap_1p0_segment_2,57,N,1,764096,764096,20.517,20.517,97.30230404075488,97.30230404075488,97.29651499363204,97.29651499363204,97.29651499363204,97.29651499363204,118,118.0,1440.0,1440,0.0,97.30230404075489,97.29651499363204,97.29651499363204,114.80988769248582,False,67
1.0,Fwy_101_N_gap_1p0_segment_10,101,N,1,764915,764915,47.609,47.609,97.30230404075488,97.30230404075488,96.465786731504,96.465786731504,96.465786731504,96.465786731504,118,118.0,1440.0,1440,0.0,97.30230404075489,96.465786731504,96.465786731504,113.82962834317472,False,68
1.0,Fwy_210_W_gap_1p0_segment_1,210,W,1,770243,770243,4.7,4.7,96.46868125506542,96.46868125506542,96.46868125506542,96.46868125506542,96.46868125506542,96.46868125506542,117,117.0,1440.0,1440,0.0,96.46868125506542,96.46868125506542,96.46868125506542,112.86835706842655,False,69
1.0,Fwy_10_E_gap_1p0_segment_6,10,E,1,763479,763479,39.09,39.09,96.46868125506542,96.46868125506542,96.46289220794256,96.46289220794256,96.46289220794256,96.46289220794256,117,117.0,1440.0,1440,0.0,96.46868125506542,96.46289220794257,96.46289220794257,112.86158388329281,False,70
1.0,Fwy_10_W_gap_1p0_segment_8,10,W,1,717240,717240,42.02,42.02,97.30230404075488,97.30230404075488,95.58006252170892,95.58006252170892,95.58006252170892,95.58006252170892,118,118.0,1440.0,1440,0.0,97.30230404075489,95.58006252170892,95.58006252170892,112.78447377561652,False,71
1.0,Fwy_14_N_gap_1p0_segment_4,14,N,1,766721,766721,11.163,11.163,97.29940951719348,97.29940951719348,93.9157114738914,93.9157114738914,93.9157114738914,93.9157114738914,118,118.0,1440.0,1440,0.0,97.29940951719347,93.91571147389139,93.91571147389139,110.82053953919184,False,72
1.0,Fwy_101_N_gap_1p0_segment_8,101,N,3,764803,764819,40.469,41.319,83.49156728802438,94.84195901354636,36.04646675157269,13.297441241171704,30.208212728184947,0.0,71,101.0,960.0,0,0.8500000000000014,83.49156728802438,36.046466751572694,30.20821272818494,109.22079425726527,False,73
1.0,Fwy_210_W_gap_1p0_segment_10,210,W,2,717622,770568,23.0,23.79,94.38462429084174,94.38462429084174,47.39203427115898,47.39203427115898,47.39203427115898,47.39203427115898,114,114.5,1040.0,640,0.7899999999999991,94.38462429084173,47.39203427115897,47.39203427115897,108.52775848095403,False,74
1.0,Fwy_405_N_gap_1p0_segment_3,405,N,1,764583,764583,47.382,47.382,94.80143568368646,94.80143568368646,93.74782910732894,93.74782910732894,93.74782910732894,93.74782910732894,115,115.0,1440.0,1440,0.0,94.80143568368646,93.74782910732894,93.74782910732894,107.81000347342828,False,75
1.0,Fwy_5_N_gap_1p0_segment_1,5,N,1,718081,718081,120.353,120.353,94.393307861526,94.393307861526,94.38462429084171,94.38462429084171,94.38462429084171,94.38462429084171,114,114.0,1440.0,1440,0.0,94.393307861526,94.38462429084173,94.38462429084173,107.59847169155957,False,76
1.0,Fwy_405_N_gap_1p0_segment_5,405,N,2,717801,775137,57.192,57.962,93.93163135347922,93.93163135347922,46.96364478406854,46.96364478406854,35.1351742503184,35.1351742503184,113,114.0,1177.5,915,0.7700000000000031,93.93163135347922,46.96364478406854,35.1351742503184,107.07711010767628,False,77
1.0,Fwy_405_S_gap_1p0_segment_3,405,S,1,761552,761552,44.372,44.372,94.80143568368646,94.80143568368646,92.24846590251244,92.24846590251244,92.24846590251244,92.24846590251244,115,115.0,1440.0,1440,0.0,94.80143568368646,92.24846590251245,92.24846590251245,106.08573578788932,False,78
1.0,Fwy_210_E_gap_1p0_segment_9,210,E,1,717672,717672,32.349,32.349,93.53363436378372,93.53363436378372,93.52205626953804,93.52205626953804,93.52205626953804,93.52205626953804,113,113.0,1440.0,1440,0.0,93.53363436378372,93.52205626953804,93.52205626953804,105.67992358457799,False,79
1.0,Fwy_134_W_gap_1p0_segment_2,134,W,1,718499,718499,3.75,3.75,90.63332175523908,90.63332175523908,90.63042723167769,90.63042723167769,90.63042723167769,90.63042723167769,110,110.0,1440.0,1440,0.0,90.63332175523908,90.63042723167767,90.63042723167767,99.69346995484544,False,80
1.0,Fwy_101_N_gap_1p0_segment_12,101,N,1,767810,767810,63.749,63.749,88.99791594303578,88.99791594303578,88.95449808961445,88.95449808961445,88.95449808961445,88.95449808961445,108,108.0,1440.0,1440,0.0,88.99791594303578,88.95449808961445,88.95449808961445,96.0708579367836,False,81
1.0,Fwy_101_N_gap_1p0_segment_4,101,N,1,717492,717492,13.356,13.356,89.081857126317,89.081857126317,89.081857126317,89.081857126317,89.081857126317,89.081857126317,107,107.0,1440.0,1440,0.0,89.081857126317,89.081857126317,89.081857126317,95.31758712515919,False,82
1.0,Fwy_101_S_gap_1p0_segment_11,101,S,1,767811,767811,63.722,63.722,88.19613291652195,88.19613291652195,88.1903438693991,88.1903438693991,88.1903438693991,88.1903438693991,107,107.0,1440.0,1440,0.0,88.19613291652195,88.1903438693991,88.1903438693991,94.36366794025705,False,83
1.0,Fwy_605_N_gap_1p0_segment_5,605,N,2,717945,763683,21.554,22.042,97.29506773185133,97.29506773185133,39.7982517077689,39.7982517077689,39.7982517077689,39.7982517077689,118,118.0,720.0,0,0.4880000000000031,97.29506773185133,39.7982517077689,39.7982517077689,93.9238740303346,False,84
1.0,Fwy_210_E_gap_1p0_segment_4,210,E,1,769895,769895,15.68,15.68,87.33067037165682,87.33067037165682,87.33067037165682,87.33067037165682,87.33067037165682,87.33067037165682,106,106.0,1440.0,1440,0.0,87.33067037165682,87.33067037165682,87.33067037165682,92.57051059395624,False,85
1.0,Fwy_14_N_gap_1p0_segment_2,14,N,1,764304,764304,5.192,5.192,87.4464513141137,87.4464513141137,87.4464513141137,87.4464513141137,87.4464513141137,87.4464513141137,105,105.0,1440.0,1440,0.0,87.4464513141137,87.4464513141137,87.4464513141137,91.81877387981939,False,86
1.0,Fwy_60_W_gap_1p0_segment_1,60,W,1,766788,766788,25.851,25.851,86.45362973254602,86.45362973254602,83.87750376288064,83.87750376288064,83.87750376288064,83.87750376288064,105,105.0,1440.0,1440,0.0,86.45362973254602,83.87750376288064,83.87750376288064,88.07137895102467,False,87
1.0,Fwy_110_S_gap_1p0_segment_1,110,S,1,767759,767759,29.382,29.382,84.8298020145884,84.8298020145884,84.82690749102697,84.82690749102697,84.82690749102697,84.82690749102697,103,103.0,1440.0,1440,0.0,84.8298020145884,84.82690749102697,84.82690749102697,87.37171471575778,False,88
1.0,Fwy_14_S_gap_1p0_segment_3,14,S,1,764311,764311,5.932,5.932,84.93979390992243,84.93979390992243,84.93979390992243,84.93979390992243,84.93979390992243,84.93979390992243,102,102.0,1440.0,1440,0.0,84.93979390992243,84.93979390992243,84.93979390992243,86.63858978812088,False,89
1.0,Fwy_210_W_gap_1p0_segment_4,210,W,1,770187,770187,11.1,11.1,83.16545096677088,83.16545096677088,83.16545096677088,83.16545096677088,83.16545096677088,83.16545096677088,101,101.0,1440.0,1440,0.0,83.16545096677088,83.16545096677088,83.16545096677088,83.99710547643859,False,90
1.0,Fwy_210_E_gap_1p0_segment_3,210,E,1,770089,770089,11.0,11.0,83.13071668403381,83.13071668403381,78.04503878661572,78.04503878661572,78.04503878661572,78.04503878661572,101,101.0,1440.0,1440,0.0,83.13071668403381,78.04503878661572,78.04503878661572,78.82548917448187,False,91
1.0,Fwy_210_W_gap_1p0_segment_12,210,W,1,717642,717642,28.03,28.03,97.26178071089498,97.26178071089498,65.74041912701169,65.74041912701169,49.04191270116939,49.04191270116939,118,118.0,1440.0,1440,0.0,97.26178071089498,65.74041912701169,49.04191270116939,77.5736945698738,False,92
1.0,Fwy_405_S_gap_1p0_segment_6,405,S,1,772454,772454,52.312,52.312,89.79969896954961,89.79969896954961,69.56119022808846,69.56119022808846,8.981706611091814,8.981706611091814,109,109.0,1440.0,1440,0.0,89.79969896954961,69.56119022808846,8.981706611091814,75.82169734861642,False,93
1.0,Fwy_91_W_gap_1p0_segment_1,91,W,3,717368,717374,1.548,2.578,38.80398286442051,15.019682760217668,33.79742194434796,9.05406970012736,33.79742194434796,9.05406970012736,12,74.66666666666667,960.0,0,1.0299999999999998,38.80398286442052,33.79742194434796,33.79742194434796,75.70622515533944,False,94
1.0,Fwy_710_N_gap_1p0_segment_1,710,N,1,777212,777212,0.364,0.364,94.85064258423064,94.85064258423064,64.18895449808961,64.18895449808961,64.18895449808961,64.18895449808961,115,115.0,1440.0,1440,0.0,94.85064258423064,64.18895449808961,64.18895449808961,73.81729767280305,False,95
1.0,Fwy_405_S_gap_1p0_segment_2,405,S,1,717766,717766,43.342,43.342,77.41113812666435,77.41113812666435,77.40245455598009,77.40245455598009,0.0,0.0,93,93.0,1440.0,1440,0.0,77.41113812666435,77.40245455598009,0.0,71.98428273706148,False,96
1.0,Fwy_14_S_gap_1p0_segment_4,14,S,1,766703,766703,8.463,8.463,77.32719694338311,77.32719694338311,75.64258423063563,75.64258423063563,75.64258423063563,75.64258423063563,94,94.0,1440.0,1440,0.0,77.32719694338311,75.64258423063563,75.64258423063563,71.1040291767975,False,97
1.0,Fwy_405_S_gap_1p0_segment_4,405,S,1,765153,765153,46.172,46.172,76.49357415769364,76.49357415769364,75.65995137200417,75.65995137200417,75.65995137200417,75.65995137200417,93,93.0,1440.0,1440,0.0,76.49357415769364,75.65995137200417,75.65995137200417,70.36375477596388,False,98
1.0,Fwy_210_W_gap_1p0_segment_2,210,W,2,770545,770275,7.19,7.73,61.90083362278569,61.90083362278569,45.29929373625102,45.29929373625102,45.29929373625102,45.29929373625102,39,75.0,720.0,0,0.54,61.90083362278569,45.299293736251016,45.299293736251016,67.94894060437653,False,99
1.0,Fwy_405_N_gap_1p0_segment_4,405,N,2,717790,772455,51.582,52.312,79.00312608544633,79.00312608544633,32.036586777816375,32.036586777816375,29.95108255181197,29.95108255181197,83,96.0,720.0,0,0.7299999999999969,79.00312608544634,32.036586777816375,29.95108255181197,61.51024661340743,False,100
1.0,Fwy_605_S_gap_1p0_segment_3,605,S,2,717867,764001,8.772,9.352,49.067963413222174,49.067963413222174,49.05927984253791,49.05927984253791,48.65115202037744,48.65115202037744,1,59.5,1100.0,760,0.5800000000000001,49.06796341322218,49.05927984253792,48.651152020377445,58.38054301262012,False,101
1.0,Fwy_47_N_gap_1p0_segment_1,47,N,1,777316,777316,2.447,2.447,73.31538728725252,73.31538728725252,65.00231561884914,65.00231561884914,65.00231561884914,65.00231561884914,88,88.0,1440.0,1440,0.0,73.31538728725252,65.00231561884914,65.00231561884914,57.202037744587244,False,102
1.0,Fwy_60_E_gap_1p0_segment_1,60,E,1,774475,774475,27.941,27.941,93.18050248929026,93.18050248929026,49.89579715178881,49.89579715178881,49.89579715178881,49.89579715178881,113,113.0,1440.0,1440,0.0,93.18050248929026,49.89579715178881,49.89579715178881,56.38225078152136,False,103
1.0,Fwy_14_S_gap_1p0_segment_5,14,S,1,766712,766712,10.663,10.663,64.1079078383698,64.1079078383698,64.1079078383698,64.1079078383698,64.1079078383698,64.1079078383698,77,77.0,1440.0,1440,0.0,64.1079078383698,64.1079078383698,64.1079078383698,49.36308903554474,False,104
1.0,Fwy_101_N_gap_1p0_segment_11,101,N,1,764932,764932,51.819,51.819,62.32488132453398,62.32488132453398,62.32488132453398,62.32488132453398,62.32488132453398,62.32488132453398,76,76.0,1440.0,1440,0.0,62.32488132453398,62.32488132453398,62.32488132453398,47.36690980664583,False,105
1.0,Fwy_605_N_gap_1p0_segment_4,605,N,1,716788,716788,8.982,8.982,96.5063100613639,96.5063100613639,38.850295241403266,38.850295241403266,0.0,0.0,117,117.0,1440.0,1440,0.0,96.5063100613639,38.850295241403266,0.0,45.45484543244182,False,106
1.0,Fwy_110_N_gap_1p0_segment_3,110,N,1,767760,767760,29.43,29.43,85.6257959939794,85.6257959939794,43.26154914901007,43.26154914901007,43.26154914901007,43.26154914901007,104,104.0,1440.0,1440,0.0,85.6257959939794,43.26154914901007,43.26154914901007,44.992011114970474,False,107
1.0,Fwy_710_S_gap_1p0_segment_3,710,S,2,761851,717972,9.42,10.05,42.39898112770638,42.39898112770638,41.98216973486164,41.98216973486164,0.0,0.0,52,52.0,1440.0,1440,0.6300000000000008,42.39898112770638,41.98216973486164,0.0,43.66145652425611,False,108
1.0,Fwy_210_W_gap_1p0_segment_3,210,W,1,770290,770290,9.3,9.3,59.86164177376404,59.86164177376404,58.17992358457798,58.17992358457798,58.17992358457798,58.17992358457798,72,72.0,1440.0,1440,0.0,59.86164177376404,58.17992358457798,58.17992358457798,41.88954498089614,False,109
1.0,Fwy_405_S_gap_1p0_segment_8,405,S,1,775121,775121,60.172,60.172,59.90216510362394,59.90216510362394,56.56767396086604,56.56767396086604,56.56767396086604,56.56767396086604,72,72.0,1440.0,1440,0.0,59.90216510362394,56.56767396086604,56.56767396086604,40.72872525182355,False,110
1.0,Fwy_605_N_gap_1p0_segment_7,605,N,3,717956,717958,24.418,26.204,33.54559839450426,1.6672455713789511,33.266759291420634,1.6672455713789511,33.266759291420634,1.6672455713789511,2,40.666666666666664,1440.0,1440,1.7860000000000014,33.54559839450427,33.266759291420634,33.266759291420634,40.58544633553316,False,111
1.0,Fwy_210_W_gap_1p0_segment_8,210,W,1,769953,769953,19.78,19.78,58.23781405580642,58.23781405580642,57.79205742734746,57.79205742734746,57.79205742734746,57.79205742734746,70,70.0,1440.0,1440,0.0,58.23781405580642,57.79205742734746,57.79205742734746,40.45444019914322,False,112
1.0,Fwy_405_N_gap_1p0_segment_6,405,N,1,775120,775120,60.172,60.172,59.90216510362394,59.90216510362394,55.68773879819382,55.68773879819382,17.453977075373395,17.453977075373395,72,72.0,1440.0,1440,0.0,59.90216510362394,55.68773879819382,17.453977075373395,40.09517193469955,False,113
1.0,Fwy_91_E_gap_1p0_segment_3,91,E,2,717396,716296,6.198,6.568,42.89539191849021,42.89539191849021,36.22640963297441,36.22640963297441,36.224962371193705,36.224962371193705,16,51.5,720.0,0,0.3699999999999992,42.89539191849022,36.22640963297441,36.224962371193705,37.31320192196364,False,114
1.0,Fwy_101_N_gap_1p0_segment_1,101,N,2,776480,776752,1.748,2.348,43.232603913395856,43.232603913395856,32.392613175871254,32.392613175871254,21.19659604029177,21.19659604029177,53,53.0,1440.0,1440,0.5999999999999999,43.232603913395856,32.392613175871254,21.19659604029177,34.336169966423526,False,115
1.0,Fwy_101_N_gap_1p0_segment_2,101,N,1,717473,717473,7.718,7.718,95.63505846937592,95.63505846937592,29.57334722704643,29.57334722704643,29.57334722704643,29.57334722704643,116,116.0,1440.0,1440,0.0,95.63505846937593,29.57334722704643,29.57334722704643,34.30508278337386,False,116
1.0,Fwy_605_N_gap_1p0_segment_3,605,N,1,717863,717863,7.972,7.972,51.54857010536066,51.54857010536066,51.534097487553545,51.534097487553545,33.82829686233646,33.82829686233646,63,63.0,1440.0,1440,0.0,51.54857010536066,51.534097487553545,33.82829686233646,32.46648141715873,False,117
1.0,Fwy_210_E_gap_1p0_segment_2,210,E,2,770544,770061,7.19,8.0,46.561306009030915,46.561306009030915,28.68472849368994,28.68472849368994,28.68472849368994,28.68472849368994,43,56.5,720.0,0,0.8099999999999996,46.561306009030915,28.68472849368994,28.68472849368994,32.41374319786963,False,118
1.0,Fwy_210_W_gap_1p0_segment_9,210,W,2,769807,770000,20.98,21.39,48.61641773764038,48.61641773764038,25.784415885145304,25.784415885145304,25.784415885145304,25.784415885145304,57,58.5,1440.0,1440,0.41000000000000014,48.61641773764038,25.784415885145304,25.784415885145304,30.167766585620008,False,119
1.0,Fwy_210_E_gap_1p0_segment_6,210,E,1,717617,717617,22.6,22.6,46.567095056153754,46.567095056153754,46.55841148546949,46.55841148546949,46.55841148546949,46.55841148546949,56,56.0,1440.0,1440,0.0,46.567095056153754,46.55841148546949,46.55841148546949,26.072710431862916,False,120
1.0,Fwy_14_S_gap_1p0_segment_1,14,S,1,775511,775511,0.012,0.012,46.529466249855275,46.529466249855275,45.6958434641658,45.6958434641658,45.6958434641658,45.6958434641658,56,56.0,1440.0,1440,0.0,46.529466249855275,45.6958434641658,45.6958434641658,25.589672339932847,False,121
1.0,Fwy_101_N_gap_1p0_segment_6,101,N,3,717513,772609,22.739,24.059,31.5618849137432,31.5618849137432,21.31816602987148,31.558990390181776,9.968739145536645,0.0,38,38.0,1440.0,1440,1.3200000000000003,31.5618849137432,21.318166029871485,9.968739145536645,24.30270927405349,False,122
1.0,Fwy_101_S_gap_1p0_segment_3,101,S,2,717472,717479,7.708,8.338,95.23561421789972,95.23561421789972,9.939793909922429,9.939793909922429,9.939793909922429,9.939793909922429,115,115.5,720.0,0,0.629999999999999,95.23561421789974,9.939793909922427,9.939793909922427,22.960923931920806,False,123
1.0,Fwy_101_S_gap_1p0_segment_1,101,S,1,776751,776751,2.348,2.348,43.232603913395856,43.232603913395856,43.232603913395856,43.232603913395856,43.232603913395856,43.232603913395856,53,53.0,1440.0,1440,0.0,43.232603913395856,43.232603913395856,43.232603913395856,22.913280074099802,False,124
1.0,Fwy_710_N_gap_1p0_segment_3,710,N,1,718488,718488,9.42,9.42,42.39898112770638,42.39898112770638,42.39898112770638,42.39898112770638,0.0,0.0,52,52.0,1440.0,1440,0.0,42.39898112770638,42.39898112770638,0.0,22.047470186407317,False,125
1.0,Fwy_710_S_gap_1p0_segment_4,710,S,1,761776,761776,11.987,11.987,42.39898112770638,42.39898112770638,42.39898112770638,42.39898112770638,42.39898112770638,42.39898112770638,52,52.0,1440.0,1440,0.0,42.39898112770638,42.39898112770638,42.39898112770638,22.047470186407317,False,126
1.0,Fwy_91_E_gap_1p0_segment_5,91,E,3,717418,717426,8.798,9.758,27.45841534483424,28.259233530160937,18.87229362047007,6.6689822855158045,17.197329319593994,6.6689822855158045,8,33.0,1440.0,1440,0.9599999999999991,27.45841534483424,18.87229362047007,17.197329319593994,18.68357068426537,False,127
1.0,Fwy_14_N_gap_1p0_segment_5,14,N,1,767791,767791,33.163,33.163,38.25981243487322,38.25981243487322,38.25981243487322,38.25981243487322,38.25981243487322,38.25981243487322,46,46.0,1440.0,1440,0.0,38.25981243487322,38.25981243487322,38.25981243487322,17.59951372004168,False,128
1.0,Fwy_14_S_gap_1p0_segment_6,14,S,1,767790,767790,33.163,33.163,38.25981243487322,38.25981243487322,38.25981243487322,38.25981243487322,38.25981243487322,38.25981243487322,46,46.0,1440.0,1440,0.0,38.25981243487322,38.25981243487322,38.25981243487322,17.59951372004168,False,129
1.0,Fwy_710_N_gap_1p0_segment_7,710,N,1,776493,776493,17.547,17.547,35.729998842190575,35.729998842190575,35.67500289452356,35.67500289452356,35.66053027671645,35.66053027671645,44,44.0,1440.0,1440,0.0,35.729998842190575,35.67500289452356,35.66053027671645,15.697001273590367,False,130
1.0,Fwy_91_E_gap_1p0_segment_4,91,E,1,717406,717406,7.688,7.688,35.77631121917332,35.77631121917332,35.7734166956119,35.7734166956119,35.7734166956119,35.7734166956119,43,43.0,1440.0,1440,0.0,35.77631121917332,35.7734166956119,35.7734166956119,15.382569179113116,False,131
1.0,Fwy_5_S_gap_1p0_segment_4,5,S,1,775536,775536,161.347,161.347,42.30056732661804,42.30056732661804,29.741229593608892,29.741229593608892,29.741229593608892,29.741229593608892,51,51.0,1440.0,1440,0.0,42.30056732661804,29.741229593608892,29.741229593608892,15.168027092740536,False,132
1.0,Fwy_710_S_gap_1p0_segment_6,710,S,1,718012,718012,17.537,17.537,34.062753270811626,34.062753270811626,34.062753270811626,34.062753270811626,3.2187102003010306,3.2187102003010306,42,42.0,1440.0,1440,0.0,34.062753270811626,34.062753270811626,3.2187102003010306,14.306356373740883,False,133
1.0,Fwy_710_S_gap_1p0_segment_5,710,S,2,717986,717989,13.427,13.517,24.905927984253793,24.905927984253793,20.365867778163715,20.365867778163715,20.365867778163715,20.365867778163715,11,30.5,720.0,0,0.08999999999999986,24.905927984253793,20.365867778163715,20.365867778163715,12.423179344679866,False,134
1.0,Fwy_101_S_gap_1p0_segment_7,101,S,2,717514,772610,23.402,24.032,31.5618849137432,31.5618849137432,15.763575315503068,15.763575315503068,0.0,0.0,38,38.0,720.0,0,0.629999999999999,31.5618849137432,15.763575315503068,0.0,11.98031723978233,False,135
1.0,Fwy_91_W_gap_1p0_segment_4,91,W,3,717413,768907,8.548,9.758,19.98379066805604,6.6689822855158045,16.05978155995523,6.6689822855158045,16.05978155995523,6.6689822855158045,8,24.0,1440.0,1440,1.209999999999999,19.983790668056038,16.05978155995523,16.05978155995523,11.563042723167767,False,136
1.0,Fwy_710_N_gap_1p0_segment_5,710,N,2,717992,717995,13.427,13.517,33.111902280884564,33.111902280884564,11.90083362278569,11.90083362278569,11.90083362278569,11.90083362278569,29,40.5,720.0,0,0.08999999999999986,33.111902280884564,11.90083362278569,11.90083362278569,9.63967523445641,False,137
1.0,Fwy_101_S_gap_1p0_segment_6,101,S,1,764781,764781,18.567,18.567,28.227393770985294,28.227393770985294,26.548570105360657,26.548570105360657,0.0,0.0,34,34.0,1440.0,1440,0.0,28.227393770985294,26.548570105360657,0.0,9.026513835822623,False,138
1.0,Fwy_91_W_gap_1p0_segment_2,91,W,2,717388,718327,4.478,5.028,43.53797614912585,43.53797614912585,8.590945930299872,8.590945930299872,2.5008683570684265,2.5008683570684265,6,52.5,1440.0,1440,0.5499999999999998,43.53797614912585,8.590945930299872,2.5008683570684265,9.020493226814866,False,139
1.0,Fwy_101_S_gap_1p0_segment_2,101,S,1,716328,716328,3.428,3.428,38.230867199259,38.230867199259,12.211994905638532,12.211994905638532,12.211994905638532,12.211994905638532,47,47.0,1440.0,1440,0.0,38.230867199259,12.211994905638532,12.211994905638532,5.73963760565011,False,140
1.0,Fwy_118_W_gap_1p0_segment_4,118,W,3,772092,765922,33.411,34.631,10.805256454787544,10.805256454787544,10.805256454787544,10.805256454787544,10.805256454787544,10.805256454787544,13,13.0,1440.0,1440,1.2199999999999989,10.805256454787543,10.805256454787543,10.805256454787543,4.214050017367143,False,141
1.0,Fwy_23_S_gap_1p0_segment_2,23,S,3,771488,771400,16.813,18.103,10.527382192891052,10.805256454787544,10.527382192891052,10.805256454787544,10.527382192891052,10.805256454787544,12,12.666666666666666,1440.0,1440,1.2900000000000027,10.52738219289105,10.52738219289105,10.52738219289105,4.000405233298599,False,142
1.0,Fwy_110_N_gap_1p0_segment_2,110,N,1,763408,763408,17.06,17.06,17.506078499478985,17.506078499478985,17.503183975917565,17.503183975917565,17.503183975917565,17.503183975917565,21,21.0,1440.0,1440,0.0,17.506078499478985,17.503183975917565,17.503183975917565,3.675668634942689,False,143
1.0,Fwy_91_W_gap_1p0_segment_6,91,W,1,717442,717442,14.138,14.138,27.50665740419127,27.50665740419127,9.742966307745744,9.742966307745744,9.742966307745744,9.742966307745744,33,33.0,1440.0,1440,0.0,27.50665740419127,9.742966307745744,9.742966307745744,3.2151788815560955,False,144
1.0,Fwy_118_E_gap_1p0_segment_4,118,E,2,772487,765920,33.961,34.631,10.805256454787544,10.805256454787544,10.805256454787544,10.805256454787544,10.805256454787544,10.805256454787544,13,13.0,1440.0,1440,0.6700000000000017,10.805256454787543,10.805256454787543,10.805256454787543,2.809366678244761,False,145
1.0,Fwy_2_E_gap_1p0_segment_2,2,E,1,767470,767470,12.032,12.032,14.023966655088572,14.023966655088572,14.023966655088572,14.023966655088572,0.0,0.0,18,18.0,1440.0,1440,0.0,14.023966655088572,14.023966655088572,0.0,2.524313997915943,False,146
1.0,Fwy_605_S_gap_1p0_segment_6,605,S,1,763616,763616,25.398,25.398,97.30230404075488,97.30230404075488,1.6672455713789511,1.6672455713789511,1.6672455713789511,1.6672455713789511,118,118.0,1440.0,1440,0.0,97.30230404075489,1.6672455713789511,1.6672455713789511,1.9673497742271626,False,147
1.0,Fwy_405_N_gap_1p0_segment_9,405,N,2,772011,772024,71.712,72.072,8.721199490563853,8.721199490563853,8.721199490563853,8.721199490563853,8.721199490563853,8.721199490563853,9,10.5,1440.0,1440,0.35999999999999943,8.721199490563853,8.721199490563853,8.721199490563853,1.831451893018409,False,148
1.0,Fwy_118_W_gap_1p0_segment_6,118,W,3,766027,717544,40.431,42.041,6.925630041295203,7.47076531202964,6.925630041295203,7.47076531202964,6.925630041295203,7.47076531202964,7,8.333333333333334,1440.0,1440,1.6099999999999994,6.925630041295203,6.925630041295203,6.925630041295203,1.7314075103238007,False,149
1.0,Fwy_23_N_gap_1p0_segment_2,23,N,1,771441,771441,20.013,20.013,10.805256454787544,10.805256454787544,10.805256454787544,10.805256454787544,10.805256454787544,10.805256454787544,13,13.0,1440.0,1440,0.0,10.805256454787543,10.805256454787543,10.805256454787543,1.4046833391223805,False,150
1.0,Fwy_118_E_gap_1p0_segment_1,118,E,2,760686,760693,20.289,20.849,7.085793678360542,7.085793678360542,7.085793678360542,7.085793678360542,7.085793678360542,7.085793678360542,8,8.5,1440.0,1440,0.5599999999999987,7.085793678360542,7.085793678360542,7.085793678360542,1.2045849253212921,False,151
1.0,Fwy_118_W_gap_1p0_segment_1,118,W,2,717554,717566,19.949,20.819,7.085793678360542,7.085793678360542,7.085793678360542,7.085793678360542,7.085793678360542,7.085793678360542,8,8.5,1440.0,1440,0.8699999999999974,7.085793678360542,7.085793678360542,7.085793678360542,1.2045849253212921,False,152
1.0,Fwy_105_W_gap_1p0_segment_1,105,W,1,760375,760375,16.5,16.5,94.00544170429548,94.00544170429548,0.7467870788468218,0.7467870788468218,0.7467870788468218,0.7467870788468218,114,114.0,590.0,590,0.0,94.00544170429548,0.7467870788468218,0.7467870788468218,0.851337269885377,False,153
1.0,Fwy_101_S_gap_1p0_segment_5,101,S,1,717499,717499,17.127,17.127,31.5618849137432,31.5618849137432,2.0551117286094707,2.0551117286094707,0.0,0.0,38,38.0,1440.0,1440,0.0,31.5618849137432,2.0551117286094707,0.0,0.7809424568715989,False,154
1.0,Fwy_91_E_gap_1p0_segment_2,91,E,2,717387,717390,4.478,5.028,5.418548106981591,5.418548106981591,5.418548106981591,5.418548106981591,5.418548106981591,5.418548106981591,6,6.5,1440.0,1440,0.5499999999999998,5.418548106981591,5.418548106981591,5.418548106981591,0.7044112539076068,False,155
1.0,Fwy_405_N_gap_1p0_segment_1,405,N,1,718259,718259,36.342,36.342,6.553201343058933,6.553201343058933,6.553201343058933,6.553201343058933,6.553201343058933,6.553201343058933,9,9.0,1440.0,1440,0.0,6.553201343058933,6.553201343058933,6.553201343058933,0.589788120875304,False,156
1.0,Fwy_710_S_gap_1p0_segment_1,710,S,1,777213,777213,0.364,0.364,58.15676739608661,58.15676739608661,0.4168113928447378,0.4168113928447378,0.4168113928447378,0.4168113928447378,71,71.0,650.0,650,0.0,58.15676739608661,0.4168113928447378,0.4168113928447378,0.29593608891976386,False,157
1.0,Fwy_2_E_gap_1p0_segment_3,2,E,1,767609,767609,14.062,14.062,4.168113928447378,4.168113928447378,4.168113928447378,4.168113928447378,3.3344911427579023,3.3344911427579023,5,5.0,1440.0,1440,0.0,4.168113928447378,4.168113928447378,3.3344911427579023,0.2084056964223689,False,158
1.0,Fwy_2_W_gap_1p0_segment_3,2,W,1,767610,767610,14.062,14.062,4.168113928447378,4.168113928447378,4.168113928447378,4.168113928447378,4.168113928447378,4.168113928447378,5,5.0,1440.0,1440,0.0,4.168113928447378,4.168113928447378,4.168113928447378,0.2084056964223689,False,159
1.0,Fwy_605_S_gap_1p0_segment_5,605,S,1,765501,765501,24.003,24.003,1.6672455713789511,1.6672455713789511,1.6672455713789511,1.6672455713789511,1.6672455713789511,1.6672455713789511,2,2.0,1440.0,1440,0.0,1.6672455713789511,1.6672455713789511,1.6672455713789511,0.033344911427579026,False,160
1.0,Fwy_10_W_gap_1p0_segment_7,10,W,1,717226,717226,38.85,38.85,2.5008683570684265,2.5008683570684265,0.7554706495310872,0.7554706495310872,0.7554706495310872,0.7554706495310872,3,3.0,1050.0,1050,0.0,2.5008683570684265,0.7554706495310872,0.7554706495310872,0.022664119485932617,False,161
1.0,Fwy_605_S_gap_1p0_segment_2,605,S,2,717846,717853,4.982,5.882,55.39683918027093,55.39683918027093,0.0,0.0,0.0,0.0,66,67.0,0.0,0,0.8999999999999995,55.39683918027093,0.0,0.0,0.0,False,162
1.0,Fwy_605_S_gap_1p0_segment_4,605,S,2,717914,764021,16.442,16.492,9.732835475280769,9.732835475280769,0.0,0.0,0.0,0.0,7,12.5,0.0,0,0.05000000000000071,9.732835475280769,0.0,0.0,0.0,False,163
1.0,Fwy_710_N_gap_1p0_segment_4,710,N,2,718151,717983,11.907,12.057,41.56535834201691,41.56535834201691,0.0,0.0,0.0,0.0,50,51.0,0.0,0,0.15000000000000036,41.56535834201691,0.0,0.0,0.0,False,164
1.0,Fwy_101_N_gap_1p0_segment_3,101,N,1,717483,717483,9.458,9.458,95.63505846937592,95.63505846937592,0.0,0.0,0.0,0.0,116,116.0,0.0,0,0.0,95.63505846937593,0.0,0.0,0.0,False,165
1.0,Fwy_101_N_gap_1p0_segment_5,101,N,1,717501,717501,17.386,17.386,31.5618849137432,31.5618849137432,0.0,0.0,0.0,0.0,38,38.0,0.0,0,0.0,31.5618849137432,0.0,0.0,0.0,False,166
1.0,Fwy_101_N_gap_1p0_segment_7,101,N,1,717519,717519,25.809,25.809,31.5618849137432,31.5618849137432,0.0,0.0,0.0,0.0,38,38.0,0.0,0,0.0,31.5618849137432,0.0,0.0,0.0,False,167
1.0,Fwy_101_S_gap_1p0_segment_4,101,S,1,717484,717484,9.458,9.458,95.63505846937592,95.63505846937592,0.0,0.0,0.0,0.0,116,116.0,0.0,0,0.0,95.63505846937593,0.0,0.0,0.0,False,168
1.0,Fwy_101_S_gap_1p0_segment_8,101,S,1,717518,717518,25.562,25.562,31.5618849137432,31.5618849137432,0.0,0.0,0.0,0.0,38,38.0,0.0,0,0.0,31.5618849137432,0.0,0.0,0.0,False,169
1.0,Fwy_10_W_gap_1p0_segment_1,10,W,1,717065,717065,19.29,19.29,83.29570452703484,83.29570452703484,0.0,0.0,0.0,0.0,100,100.0,0.0,0,0.0,83.29570452703484,0.0,0.0,0.0,False,170
1.0,Fwy_110_N_gap_1p0_segment_1,110,N,1,763367,763367,12.79,12.79,3.3344911427579023,3.3344911427579023,0.0,0.0,0.0,0.0,4,4.0,0.0,0,0.0,3.3344911427579023,0.0,0.0,0.0,False,171
1.0,Fwy_134_W_gap_1p0_segment_3,134,W,1,773906,773906,4.8,4.8,34.8963760565011,34.8963760565011,0.0,0.0,0.0,0.0,43,43.0,0.0,0,0.0,34.8963760565011,0.0,0.0,0.0,False,172
1.0,Fwy_14_N_gap_1p0_segment_3,14,N,1,766694,766694,8.663,8.663,97.30230404075488,97.30230404075488,0.0,0.0,0.0,0.0,118,118.0,0.0,0,0.0,97.30230404075489,0.0,0.0,0.0,False,173
1.0,Fwy_14_S_gap_1p0_segment_2,14,S,1,764297,764297,4.752,4.752,86.61282852842422,86.61282852842422,0.0,0.0,0.0,0.0,104,104.0,0.0,0,0.0,86.61282852842422,0.0,0.0,0.0,False,174
1.0,Fwy_210_E_gap_1p0_segment_1,210,E,1,768297,768297,1.0,1.0,50.54127590598588,50.54127590598588,0.0,0.0,0.0,0.0,61,61.0,0.0,0,0.0,50.54127590598588,0.0,0.0,0.0,False,175
1.0,Fwy_210_W_gap_1p0_segment_14,210,W,1,717669,717669,32.019,32.019,94.40199143221024,94.40199143221024,0.0,0.0,0.0,0.0,114,114.0,0.0,0,0.0,94.40199143221025,0.0,0.0,0.0,False,176
1.0,Fwy_405_N_gap_1p0_segment_7,405,N,1,717814,717814,62.512,62.512,66.4582609702443,66.4582609702443,0.0,0.0,0.0,0.0,81,81.0,0.0,0,0.0,66.4582609702443,0.0,0.0,0.0,False,177
1.0,Fwy_405_N_gap_1p0_segment_8,405,N,1,771767,771767,69.972,69.972,6.6689822855158045,6.6689822855158045,0.0,0.0,0.0,0.0,8,8.0,0.0,0,0.0,6.6689822855158045,0.0,0.0,0.0,False,178
1.0,Fwy_405_S_gap_1p0_segment_1,405,S,1,718256,718256,35.092,35.092,32.39550769943267,32.39550769943267,0.0,0.0,0.0,0.0,40,40.0,0.0,0,0.0,32.39550769943267,0.0,0.0,0.0,False,179
1.0,Fwy_405_S_gap_1p0_segment_7,405,S,1,775136,775136,57.962,57.962,94.79854116012504,94.79854116012504,0.0,0.0,0.0,0.0,115,115.0,0.0,0,0.0,94.79854116012504,0.0,0.0,0.0,False,180
1.0,Fwy_5_N_gap_1p0_segment_5,5,N,1,775535,775535,161.41,161.41,42.30056732661804,42.30056732661804,0.0,0.0,0.0,0.0,51,51.0,0.0,0,0.0,42.30056732661804,0.0,0.0,0.0,False,181
1.0,Fwy_5_S_gap_1p0_segment_5,5,S,1,759933,759933,175.847,175.847,54.06101655667477,54.06101655667477,0.0,0.0,0.0,0.0,66,66.0,0.0,0,0.0,54.06101655667477,0.0,0.0,0.0,False,182
1.0,Fwy_605_N_gap_1p0_segment_6,605,N,1,776487,776487,23.283,23.283,4.133379645710316,4.133379645710316,0.0,0.0,0.0,0.0,5,5.0,0.0,0,0.0,4.133379645710316,0.0,0.0,0.0,False,183
1.0,Fwy_710_N_gap_1p0_segment_2,710,N,1,777243,777243,1.76,1.76,19.141484311682294,19.141484311682294,0.0,0.0,0.0,0.0,23,23.0,0.0,0,0.0,19.141484311682298,0.0,0.0,0.0,False,184
1.0,Fwy_710_N_gap_1p0_segment_6,710,N,1,718147,718147,14.767,14.767,36.56362162788005,36.56362162788005,0.0,0.0,0.0,0.0,45,45.0,0.0,0,0.0,36.56362162788005,0.0,0.0,0.0,False,185
1.0,Fwy_710_S_gap_1p0_segment_2,710,S,1,777245,777245,1.76,1.76,21.642352668750725,21.642352668750725,0.0,0.0,0.0,0.0,26,26.0,0.0,0,0.0,21.642352668750725,0.0,0.0,0.0,False,186
1.0,Fwy_90_E_gap_1p0_segment_1,90,E,1,774279,774279,2.466,2.466,92.30056732661804,92.30056732661804,0.0,0.0,0.0,0.0,112,112.0,0.0,0,0.0,92.30056732661804,0.0,0.0,0.0,False,187
1.0,Fwy_90_W_gap_1p0_segment_1,90,W,1,774278,774278,2.466,2.466,92.30056732661804,92.30056732661804,0.0,0.0,0.0,0.0,112,112.0,0.0,0,0.0,92.30056732661804,0.0,0.0,0.0,False,188
2.0,Fwy_210_W_gap_2p0_segment_5,210,W,18,761356,717694,34.049,43.389,73.11164498990132,89.40314924163482,62.566091621319124,86.89793909922426,62.286287677048364,86.89793909922426,11,88.5,1333.0555555555557,0,9.340000000000003,73.11164498990132,62.56609162131913,62.28628767704836,996.6778395276137,True,1
2.0,Fwy_10_E_gap_2p0_segment_2,10,E,16,775552,763479,30.5,39.09,74.04082725483384,96.88549264791016,64.06014819960635,93.1312955887461,60.2829758596735,93.1312955887461,5,89.8125,1272.1875,0,8.590000000000003,74.04082725483386,64.06014819960635,60.2829758596735,920.5443296283432,True,2
2.0,Fwy_10_W_gap_2p0_segment_4,10,W,9,717240,717258,42.02,46.1,91.57950934609497,96.46868125506542,70.67461695804872,95.58006252170892,70.67461695804872,95.58006252170892,63,111.11111111111111,1280.0,0,4.079999999999998,91.57950934609497,70.6746169580487,70.6746169580487,706.746169580487,True,3
2.0,Fwy_210_E_gap_2p0_segment_7,210,E,15,761165,716142,35.409,43.589,76.6606846513064,87.87484080120412,49.11369688549265,76.8988074562927,49.05715719192621,76.8988074562927,11,92.86666666666666,1152.0,0,8.18,76.6606846513064,49.11369688549265,49.05715719192621,684.1537976149126,True,4
2.0,Fwy_10_E_gap_2p0_segment_3,10,E,7,717241,774729,42.26,45.7,96.94421012587043,97.29940951719348,83.04057295026381,96.465786731504,83.04057295026381,96.465786731504,117,117.57142857142857,1234.2857142857142,0,3.440000000000005,96.94421012587043,83.04057295026381,83.04057295026381,683.4239153806711,True,5
2.0,Fwy_210_W_gap_2p0_segment_3,210,W,11,770141,770568,13.98,23.79,82.47392297409664,93.967812897997,61.95622427821108,85.62290147041797,60.886303114507356,85.62290147041797,57,99.9090909090909,1336.8181818181818,640,9.809999999999999,82.47392297409665,61.95622427821108,60.88630311450735,680.8989048175397,True,6
2.0,Fwy_10_W_gap_2p0_segment_3,10,W,19,717160,717226,30.22,38.85,61.71840246674345,93.967812897997,47.018945418426235,56.12481185596851,41.98795878198448,24.82053953919185,3,74.84210526315789,1215.0,0,8.630000000000003,61.71840246674345,47.018945418426235,41.98795878198449,668.609403850021,True,7
2.0,Fwy_57_N_gap_2p0_segment_1,57,N,7,763558,774799,17.087,22.317,94.52728295208321,95.63505846937592,80.21014241055923,94.78696306587936,66.56370432855324,94.78696306587936,103,114.71428571428571,1292.142857142857,405,5.23,94.52728295208323,80.21014241055923,66.56370432855323,644.0874435567906,True,8
2.0,Fwy_10_E_gap_2p0_segment_1,10,E,10,716081,717097,19.29,23.37,79.87119370151673,87.34803751302536,63.212631700822044,86.87767743429431,63.212631700822044,86.87767743429431,20,96.8,1296.0,0,4.080000000000002,79.87119370151673,63.212631700822044,63.212631700822044,611.8982748639573,True,9
2.0,Fwy_210_E_gap_2p0_segment_5,210,E,6,717638,717659,27.14,30.299,95.91148546949171,95.63505846937592,79.96941453436763,95.63505846937592,79.82372351510942,95.61769132800741,116,116.33333333333333,1200.0,0,3.158999999999999,95.91148546949172,79.96941453436764,79.8237235151094,558.1865134498862,True,10
2.0,Fwy_134_E_gap_2p0_segment_1,134,E,8,760987,717583,2.11,7.41,77.84676392265833,85.24661340743313,72.92535023735093,83.50845200879935,72.92535023735093,83.50845200879935,43,94.625,1440.0,1440,5.300000000000001,77.84676392265833,72.92535023735093,72.92535023735093,552.0449012967465,True,11
2.0,Fwy_10_W_gap_2p0_segment_1,10,W,11,717065,717116,19.29,24.3,76.23780353026619,87.34803751302536,52.93531002978728,69.87669329628343,52.93531002978728,69.87669329628343,5,92.45454545454545,1047.2727272727273,0,5.010000000000002,76.23780353026619,52.93531002978728,52.93531002978728,538.3521030029367,True,12
2.0,Fwy_210_E_gap_2p0_segment_4,210,E,10,769895,717617,15.68,22.6,65.27874261896491,61.531781868704414,65.02634016440894,60.28134769017019,65.02634016440894,60.28134769017019,51,79.0,1440.0,1440,6.920000000000002,65.27874261896491,65.02634016440894,65.02634016440894,513.7080872988305,True,13
2.0,Fwy_134_W_gap_2p0_segment_1,134,W,7,718496,717582,1.9,6.693,78.51643262376156,86.49704758596735,72.80925916736962,84.82690749102697,72.80925916736962,84.82690749102697,43,95.42857142857143,1234.2857142857142,0,4.792999999999999,78.51643262376156,72.80925916736962,72.80925916736962,486.365851238029,True,14
2.0,Fwy_405_S_gap_2p0_segment_2,405,S,5,717766,718287,43.342,48.022,87.66006715294662,94.7927521130022,83.14229477827949,77.40245455598009,67.66180386708348,75.65995137200417,93,106.2,1440.0,1440,4.68,87.66006715294662,83.14229477827949,67.66180386708348,441.4855852726641,True,15
2.0,Fwy_101_S_gap_2p0_segment_5,101,S,5,765150,764848,40.002,43.442,87.69943267338195,94.84195901354636,76.52946624985528,91.50167882366564,69.34352205626953,58.91223804561769,70,106.2,1440.0,1440,3.4399999999999977,87.69943267338196,76.52946624985528,69.34352205626953,406.3714657867315,True,16
2.0,Fwy_60_W_gap_2p0_segment_2,60,W,7,765456,765461,28.007,30.335,84.02057592748805,88.16429315734631,55.27299492217867,75.65995137200417,55.27299492217867,75.65995137200417,66,101.71428571428571,1132.857142857143,0,2.3279999999999994,84.02057592748805,55.27299492217867,55.27299492217867,393.5437238459121,True,17
2.0,Fwy_91_E_gap_2p0_segment_2,91,E,7,717431,717443,11.958,14.208,79.945913759738,96.5063100613639,53.333664136026066,49.947898575894406,53.333664136026066,49.947898575894406,33,96.85714285714286,1385.0,1055,2.25,79.945913759738,53.333664136026066,53.333664136026066,361.6022428422567,True,18
2.0,Fwy_57_S_gap_2p0_segment_1,57,S,4,763583,763573,16.942,18.178,90.81133495426651,91.82297093898343,79.18837559337733,88.94436725714948,79.18837559337733,88.94436725714948,102,110.25,1440.0,1440,1.2360000000000007,90.81133495426653,79.18837559337733,79.18837559337733,349.22073636679403,True,19
2.0,Fwy_2_W_gap_2p0_segment_1,2,W,7,767542,767610,8.962,14.062,70.19509088803983,94.80143568368646,57.004333515274816,64.29894639342365,57.004333515274816,64.29894639342365,5,85.28571428571429,1440.0,1440,5.1,70.19509088803983,57.004333515274816,57.004333515274816,340.31587108619067,True,20
2.0,Fwy_60_E_gap_2p0_segment_1,60,E,5,774475,766843,27.941,30.512,87.54660182933888,87.33067037165682,59.215584114854686,58.26097024429779,59.215584114854686,58.26097024429779,98,105.8,1440.0,1440,2.5710000000000015,87.5466018293389,59.21558411485469,59.21558411485469,313.2504399675813,True,21
2.0,Fwy_101_N_gap_2p0_segment_6,101,N,6,764803,764863,40.469,44.719,81.67428891204507,87.3943498900081,44.34940758751109,36.976091235382654,41.43028057581722,30.327370614796806,71,98.83333333333333,960.0,0,4.25,81.67428891204507,44.349407587511095,41.43028057581722,262.99198699394077,True,22
2.0,Fwy_210_W_gap_2p0_segment_4,210,W,7,717637,717669,26.8,32.019,71.45420863725829,97.26178071089498,39.66489687226054,8.304388097719116,22.898162391041865,8.304388097719116,10,86.57142857142857,1123.5714285714287,0,5.218999999999998,71.4542086372583,39.66489687226054,22.898162391041865,240.36927504589886,True,23
2.0,Fwy_605_N_gap_2p0_segment_1,605,N,7,717831,717850,2.282,5.732,58.152632362427426,59.78638416116707,41.03028498651979,47.36598355910617,41.03028498651979,47.36598355910617,1,70.85714285714286,822.8571428571429,0,3.45,58.15263236242743,41.03028498651979,41.03028498651979,203.51021353313817,True,24
2.0,Fwy_91_W_gap_2p0_segment_2,91,W,4,717433,717442,12.208,14.138,79.2556732661804,96.5048627995832,50.27136158388329,52.70637952992937,50.27136158388329,52.70637952992937,33,96.0,1080.0,0,1.9299999999999997,79.25567326618038,50.27136158388329,50.27136158388329,193.04202848211185,True,25
2.0,Fwy_210_W_gap_2p0_segment_2,210,W,4,770545,770187,7.19,11.1,66.70718999652658,71.51354637026746,57.985990505962725,70.67268727567443,57.985990505962725,70.67268727567443,39,80.75,1080.0,0,3.9099999999999993,66.70718999652657,57.98599050596272,57.98599050596272,187.29474933425956,True,26
2.0,Fwy_91_W_gap_2p0_segment_1,91,W,12,717368,768907,1.548,9.758,37.05134884797962,27.73387750376288,27.115896723399327,12.75905985874725,24.818851067114352,11.196017135579485,6,51.583333333333336,1320.0,0,8.209999999999999,37.051348847979625,27.115896723399327,24.818851067114352,167.84740071784185,True,27
2.0,Fwy_91_E_gap_2p0_segment_1,91,E,12,717367,717426,1.158,9.758,35.78113542510903,32.01777237466713,31.902232642507045,22.41374319786963,31.04617729921655,22.41374319786963,6,43.166666666666664,1320.0,0,8.6,35.78113542510903,31.902232642507045,31.04617729921655,165.2535650881865,True,28
2.0,Fwy_605_S_gap_2p0_segment_1,605,S,6,717832,717853,2.252,5.882,56.74520473929991,54.62544865115202,38.10784994789858,39.081857126317004,38.10784994789858,39.081857126317004,40,68.66666666666667,960.0,0,3.63,56.74520473929991,38.10784994789858,38.10784994789858,157.00434178534215,True,29
2.0,Fwy_5_S_gap_2p0_segment_3,5,S,9,759762,716986,144.77,148.85,46.50180746915724,61.45652425610744,29.984047959039273,35.617112423295126,29.70585208341374,35.617112423295126,3,56.888888888888886,1239.4444444444443,0,4.079999999999984,46.50180746915724,29.984047959039277,29.70585208341374,153.51832555028108,True,30
2.0,Fwy_405_N_gap_2p0_segment_2,405,N,4,717755,716689,41.292,43.342,77.9089961792289,81.57925205511174,35.75026050712053,35.33779089961792,18.285428968391802,0.4081278221604724,76,93.75,843.75,0,2.049999999999997,77.9089961792289,35.75026050712053,18.285428968391802,134.063476901702,True,31
2.0,Fwy_5_S_gap_2p0_segment_2,5,S,4,718370,718376,138.04,139.33,60.74953687623018,74.01875651267801,39.92633437536182,33.28557369456988,39.92633437536182,33.28557369456988,3,73.75,720.0,0,1.2900000000000205,60.749536876230174,39.92633437536182,39.92633437536182,117.78268640731736,True,32
2.0,Fwy_605_N_gap_2p0_segment_3,605,N,6,717945,717958,21.554,26.204,49.89338504882096,50.71060553432906,29.89946354829995,1.6672455713789511,29.89946354829995,1.6672455713789511,2,60.5,960.0,0,4.650000000000002,49.89338504882097,29.89946354829995,29.89946354829995,108.53505268032882,True,33
2.0,Fwy_710_S_gap_2p0_segment_2,710,S,5,761851,717989,9.42,13.517,35.40175987032534,42.39898112770638,33.41901123075142,41.56535834201691,16.626143336806763,0.0,11,43.4,1152.0,0,4.0969999999999995,35.40175987032534,33.419011230751416,16.626143336806763,72.51925437073056,True,34
2.0,Fwy_101_N_gap_2p0_segment_5,101,N,4,717513,717519,22.739,25.809,31.5618849137432,31.5618849137432,15.988624522403612,16.196306587935627,7.476554359152484,0.0,38,38.0,1080.0,0,3.0700000000000003,31.5618849137432,15.988624522403612,7.476554359152484,24.302709274053488,True,35
2.0,Fwy_23_N_gap_2p0_segment_1,23,N,15,771578,771441,12.823,20.013,10.029331172089076,10.805256454787544,8.866118636872374,10.805256454787544,8.866118636872374,10.805256454787544,8,12.066666666666666,1248.0,0,7.190000000000001,10.029331172089075,8.86611863687237,8.86611863687237,16.04767473273899,True,36
2.0,Fwy_118_E_gap_2p0_segment_2,118,E,17,772118,764165,23.361,30.891,8.353254466079589,9.13801088340859,7.277683563873621,9.13801088340859,7.277683563873621,9.13801088340859,1,10.058823529411764,1242.3529411764705,0,7.529999999999998,8.353254466079589,7.277683563873621,7.277683563873621,12.444838894223892,True,37
2.0,Fwy_118_W_gap_2p0_segment_2,118,W,16,772119,764161,23.361,30.891,8.673078036355216,9.13801088340859,7.320250086835706,9.136563621627879,7.320250086835706,9.136563621627879,6,10.4375,1260.0,0,7.529999999999998,8.673078036355216,7.320250086835707,7.320250086835707,12.22481764501563,True,38
2.0,Fwy_710_N_gap_2p0_segment_3,710,N,5,718151,718147,11.907,14.767,37.1836285747366,40.73173555632743,4.760333449114276,0.0,4.760333449114276,0.0,29,45.6,288.0,0,2.8599999999999994,37.183628574736595,4.760333449114276,4.760333449114276,10.853560263980551,True,39
2.0,Fwy_23_S_gap_2p0_segment_1,23,S,10,771577,771400,12.823,18.103,9.47145999768438,9.971633669098066,8.227393770985296,9.971633669098066,8.227393770985296,9.971633669098066,7,11.4,1152.0,0,5.280000000000001,9.47145999768438,8.227393770985296,8.227393770985296,9.379228898923238,True,40
2.0,Fwy_118_E_gap_2p0_segment_4,118,E,9,771706,717543,37.431,42.041,8.40055060270413,7.47076531202964,6.740380533364209,7.47076531202964,6.740380533364209,7.47076531202964,7,10.11111111111111,1120.0,0,4.609999999999999,8.400550602704127,6.740380533364208,6.740380533364208,6.133746285361429,True,41
2.0,Fwy_118_W_gap_2p0_segment_4,118,W,7,771721,717544,37.391,42.041,9.142559420433683,10.805256454787544,7.598951355464034,7.47076531202964,6.055343290494386,7.47076531202964,7,11.0,1234.2857142857142,0,4.649999999999999,9.142559420433683,7.598951355464034,6.055343290494385,5.851192543707306,True,42
2.0,Fwy_5_N_gap_2p0_segment_2,5,N,5,715938,759566,128.813,131.433,10.72131527150631,11.554938057195786,6.0993400486279965,9.05406970012736,6.0993400486279965,9.05406970012736,12,14.0,864.0,0,2.6200000000000045,10.72131527150631,6.099340048627996,6.099340048627996,4.269538034039597,True,43
2.0,Fwy_5_N_gap_2p0_segment_4,5,N,6,716974,716985,145.903,148.043,41.5036085060399,35.994847748060664,1.240785766662807,0.4168113928447378,0.8283161591602023,0.4081278221604724,19,50.5,720.0,0,2.140000000000015,41.5036085060399,1.2407857666628073,0.8283161591602022,3.7595808729883062,True,44
2.0,Fwy_5_S_gap_2p0_segment_1,5,S,4,718364,716934,128.75,130.91,8.665479912006484,10.304503878661574,8.039539191849022,10.301609355100151,8.039539191849022,10.301609355100151,3,11.25,1080.0,0,2.1599999999999966,8.665479912006484,8.039539191849022,8.039539191849022,3.6177926363320596,True,45
2.0,Fwy_10_W_gap_2p0_segment_2,10,W,3,717142,717154,27.06,28.111,97.30230404075489,97.30230404075488,97.01864073173556,97.29362047007062,96.4088611014627,96.465786731504,118,118.0,1440.0,1440,1.051000000000002,97.30230404075489,97.01864073173556,96.4088611014627,343.4459881903439,False,46
2.0,Fwy_57_S_gap_2p0_segment_2,57,S,3,763649,768779,21.622,22.502,96.19080699316892,97.30230404075488,96.1879124696075,97.30230404075488,64.86820269383658,97.30230404075488,114,116.66666666666667,1440.0,1440,0.879999999999999,96.19080699316892,96.1879124696075,64.8682026938366,336.65769364362626,False,47
2.0,Fwy_14_N_gap_2p0_segment_1,14,N,2,764276,764304,3.262,5.192,92.3743776774343,92.3743776774343,92.3743776774343,92.3743776774343,92.3743776774343,92.3743776774343,105,111.5,1440.0,1440,1.9300000000000002,92.3743776774343,92.3743776774343,92.3743776774343,205.99486222067847,False,48
2.0,Fwy_5_N_gap_2p0_segment_3,5,N,3,718371,763669,138.103,139.393,80.39056771255451,81.46347111265486,49.34487283393154,66.57404191270118,22.191347304233727,0.0,80,97.33333333333333,960.0,0,1.289999999999992,80.39056771255451,49.34487283393153,22.191347304233723,144.08702867508006,False,49
2.0,Fwy_2_E_gap_2p0_segment_1,2,E,2,767541,767554,8.962,9.562,92.30056732661805,92.30056732661805,59.74441356952645,59.74441356952645,59.74441356952645,59.74441356952645,110,112.0,1440.0,1440,0.5999999999999996,92.30056732661804,59.74441356952646,59.74441356952646,133.82748639573927,False,50
2.0,Fwy_101_N_gap_2p0_segment_7,101,N,1,764915,764915,47.609,47.609,97.30230404075488,97.30230404075488,96.465786731504,96.465786731504,96.465786731504,96.465786731504,118,118.0,1440.0,1440,0.0,97.30230404075489,96.465786731504,96.465786731504,113.82962834317472,False,51
2.0,Fwy_210_W_gap_2p0_segment_1,210,W,1,770243,770243,4.7,4.7,96.46868125506542,96.46868125506542,96.46868125506542,96.46868125506542,96.46868125506542,96.46868125506542,117,117.0,1440.0,1440,0.0,96.46868125506542,96.46868125506542,96.46868125506542,112.86835706842655,False,52
2.0,Fwy_14_N_gap_2p0_segment_3,14,N,1,766721,766721,11.163,11.163,97.29940951719348,97.29940951719348,93.9157114738914,93.9157114738914,93.9157114738914,93.9157114738914,118,118.0,1440.0,1440,0.0,97.29940951719347,93.91571147389139,93.91571147389139,110.82053953919184,False,53
2.0,Fwy_405_N_gap_2p0_segment_3,405,N,1,764583,764583,47.382,47.382,94.80143568368646,94.80143568368646,93.74782910732894,93.74782910732894,93.74782910732894,93.74782910732894,115,115.0,1440.0,1440,0.0,94.80143568368646,93.74782910732894,93.74782910732894,107.81000347342828,False,54
2.0,Fwy_5_N_gap_2p0_segment_1,5,N,1,718081,718081,120.353,120.353,94.393307861526,94.393307861526,94.38462429084171,94.38462429084171,94.38462429084171,94.38462429084171,114,114.0,1440.0,1440,0.0,94.393307861526,94.38462429084173,94.38462429084173,107.59847169155957,False,55
2.0,Fwy_405_N_gap_2p0_segment_5,405,N,2,717801,775137,57.192,57.962,93.93163135347922,93.93163135347922,46.96364478406854,46.96364478406854,35.1351742503184,35.1351742503184,113,114.0,1177.5,915,0.7700000000000031,93.93163135347922,46.96364478406854,35.1351742503184,107.07711010767628,False,56
2.0,Fwy_210_E_gap_2p0_segment_6,210,E,1,717672,717672,32.349,32.349,93.53363436378372,93.53363436378372,93.52205626953804,93.52205626953804,93.52205626953804,93.52205626953804,113,113.0,1440.0,1440,0.0,93.53363436378372,93.52205626953804,93.52205626953804,105.67992358457799,False,57
2.0,Fwy_101_N_gap_2p0_segment_9,101,N,1,767810,767810,63.749,63.749,88.99791594303578,88.99791594303578,88.95449808961445,88.95449808961445,88.95449808961445,88.95449808961445,108,108.0,1440.0,1440,0.0,88.99791594303578,88.95449808961445,88.95449808961445,96.0708579367836,False,58
2.0,Fwy_101_N_gap_2p0_segment_3,101,N,1,717492,717492,13.356,13.356,89.081857126317,89.081857126317,89.081857126317,89.081857126317,89.081857126317,89.081857126317,107,107.0,1440.0,1440,0.0,89.081857126317,89.081857126317,89.081857126317,95.31758712515919,False,59
2.0,Fwy_101_S_gap_2p0_segment_6,101,S,1,767811,767811,63.722,63.722,88.19613291652195,88.19613291652195,88.1903438693991,88.1903438693991,88.1903438693991,88.1903438693991,107,107.0,1440.0,1440,0.0,88.19613291652195,88.1903438693991,88.1903438693991,94.36366794025705,False,60
2.0,Fwy_60_W_gap_2p0_segment_1,60,W,1,766788,766788,25.851,25.851,86.45362973254602,86.45362973254602,83.87750376288064,83.87750376288064,83.87750376288064,83.87750376288064,105,105.0,1440.0,1440,0.0,86.45362973254602,83.87750376288064,83.87750376288064,88.07137895102467,False,61
2.0,Fwy_14_S_gap_2p0_segment_2,14,S,2,764297,764311,4.752,5.932,85.77631121917332,85.77631121917332,42.469896954961214,42.469896954961214,42.469896954961214,42.469896954961214,102,103.0,720.0,0,1.1800000000000006,85.77631121917332,42.469896954961214,42.469896954961214,87.4879877272201,False,62
2.0,Fwy_110_S_gap_2p0_segment_1,110,S,1,767759,767759,29.382,29.382,84.8298020145884,84.8298020145884,84.82690749102697,84.82690749102697,84.82690749102697,84.82690749102697,103,103.0,1440.0,1440,0.0,84.8298020145884,84.82690749102697,84.82690749102697,87.37171471575778,False,63
2.0,Fwy_605_N_gap_2p0_segment_2,605,N,2,717863,716788,7.972,8.982,74.02744008336228,74.02744008336228,45.192196364478406,45.192196364478406,16.91414843116823,16.91414843116823,63,90.0,1440.0,1440,1.009999999999999,74.02744008336228,45.192196364478406,16.91414843116823,81.34595345606112,False,64
2.0,Fwy_210_E_gap_2p0_segment_3,210,E,1,770089,770089,11.0,11.0,83.13071668403381,83.13071668403381,78.04503878661572,78.04503878661572,78.04503878661572,78.04503878661572,101,101.0,1440.0,1440,0.0,83.13071668403381,78.04503878661572,78.04503878661572,78.82548917448187,False,65
2.0,Fwy_405_S_gap_2p0_segment_3,405,S,1,772454,772454,52.312,52.312,89.79969896954961,89.79969896954961,69.56119022808846,69.56119022808846,8.981706611091814,8.981706611091814,109,109.0,1440.0,1440,0.0,89.79969896954961,69.56119022808846,8.981706611091814,75.82169734861642,False,66
2.0,Fwy_14_S_gap_2p0_segment_3,14,S,1,766703,766703,8.463,8.463,77.32719694338311,77.32719694338311,75.64258423063563,75.64258423063563,75.64258423063563,75.64258423063563,94,94.0,1440.0,1440,0.0,77.32719694338311,75.64258423063563,75.64258423063563,71.1040291767975,False,67
2.0,Fwy_405_N_gap_2p0_segment_4,405,N,2,717790,772455,51.582,52.312,79.00312608544633,79.00312608544633,32.036586777816375,32.036586777816375,29.95108255181197,29.95108255181197,83,96.0,720.0,0,0.7299999999999969,79.00312608544634,32.036586777816375,29.95108255181197,61.51024661340743,False,68
2.0,Fwy_605_S_gap_2p0_segment_2,605,S,2,717867,764001,8.772,9.352,49.067963413222174,49.067963413222174,49.05927984253791,49.05927984253791,48.65115202037744,48.65115202037744,1,59.5,1100.0,760,0.5800000000000001,49.06796341322218,49.05927984253792,48.651152020377445,58.38054301262012,False,69
2.0,Fwy_47_N_gap_2p0_segment_1,47,N,1,777316,777316,2.447,2.447,73.31538728725252,73.31538728725252,65.00231561884914,65.00231561884914,65.00231561884914,65.00231561884914,88,88.0,1440.0,1440,0.0,73.31538728725252,65.00231561884914,65.00231561884914,57.202037744587244,False,70
2.0,Fwy_14_S_gap_2p0_segment_4,14,S,1,766712,766712,10.663,10.663,64.1079078383698,64.1079078383698,64.1079078383698,64.1079078383698,64.1079078383698,64.1079078383698,77,77.0,1440.0,1440,0.0,64.1079078383698,64.1079078383698,64.1079078383698,49.36308903554474,False,71
2.0,Fwy_101_N_gap_2p0_segment_8,101,N,1,764932,764932,51.819,51.819,62.32488132453398,62.32488132453398,62.32488132453398,62.32488132453398,62.32488132453398,62.32488132453398,76,76.0,1440.0,1440,0.0,62.32488132453398,62.32488132453398,62.32488132453398,47.36690980664583,False,72
2.0,Fwy_110_N_gap_2p0_segment_3,110,N,1,767760,767760,29.43,29.43,85.6257959939794,85.6257959939794,43.26154914901007,43.26154914901007,43.26154914901007,43.26154914901007,104,104.0,1440.0,1440,0.0,85.6257959939794,43.26154914901007,43.26154914901007,44.992011114970474,False,73
2.0,Fwy_710_N_gap_2p0_segment_1,710,N,2,777212,777243,0.364,1.76,56.996063447956466,56.996063447956466,32.09447724904481,32.09447724904481,32.09447724904481,32.09447724904481,23,69.0,720.0,0,1.396,56.996063447956466,32.09447724904481,32.09447724904481,44.29037860368183,False,74
2.0,Fwy_405_S_gap_2p0_segment_5,405,S,1,775121,775121,60.172,60.172,59.90216510362394,59.90216510362394,56.56767396086604,56.56767396086604,56.56767396086604,56.56767396086604,72,72.0,1440.0,1440,0.0,59.90216510362394,56.56767396086604,56.56767396086604,40.72872525182355,False,75
2.0,Fwy_405_N_gap_2p0_segment_6,405,N,1,775120,775120,60.172,60.172,59.90216510362394,59.90216510362394,55.68773879819382,55.68773879819382,17.453977075373395,17.453977075373395,72,72.0,1440.0,1440,0.0,59.90216510362394,55.68773879819382,17.453977075373395,40.09517193469955,False,76
2.0,Fwy_101_N_gap_2p0_segment_1,101,N,2,776480,776752,1.748,2.348,43.232603913395856,43.232603913395856,32.392613175871254,32.392613175871254,21.19659604029177,21.19659604029177,53,53.0,1440.0,1440,0.5999999999999999,43.232603913395856,32.392613175871254,21.19659604029177,34.336169966423526,False,77
2.0,Fwy_101_N_gap_2p0_segment_2,101,N,2,717473,717483,7.718,9.458,95.63505846937592,95.63505846937592,14.786673613523215,14.786673613523215,14.786673613523215,14.786673613523215,116,116.0,720.0,0,1.7400000000000002,95.63505846937593,14.786673613523215,14.786673613523215,34.30508278337386,False,78
2.0,Fwy_210_E_gap_2p0_segment_2,210,E,2,770544,770061,7.19,8.0,46.561306009030915,46.561306009030915,28.68472849368994,28.68472849368994,28.68472849368994,28.68472849368994,43,56.5,720.0,0,0.8099999999999996,46.561306009030915,28.68472849368994,28.68472849368994,32.41374319786963,False,79
2.0,Fwy_101_S_gap_2p0_segment_1,101,S,2,776751,716328,2.348,3.428,40.73173555632743,40.73173555632743,27.722299409517195,27.722299409517195,27.722299409517195,27.722299409517195,47,50.0,1440.0,1440,1.08,40.73173555632743,27.722299409517195,27.722299409517195,27.72229940951719,False,80
2.0,Fwy_14_S_gap_2p0_segment_1,14,S,1,775511,775511,0.012,0.012,46.529466249855275,46.529466249855275,45.6958434641658,45.6958434641658,45.6958434641658,45.6958434641658,56,56.0,1440.0,1440,0.0,46.529466249855275,45.6958434641658,45.6958434641658,25.589672339932847,False,81
2.0,Fwy_101_S_gap_2p0_segment_2,101,S,3,717472,717484,7.708,9.458,95.36876230172511,95.63505846937592,6.626529273281619,0.0,6.626529273281619,0.0,115,115.66666666666667,480.0,0,1.75,95.36876230172514,6.6265292732816174,6.6265292732816174,22.994056578287214,False,82
2.0,Fwy_710_N_gap_2p0_segment_2,710,N,1,718488,718488,9.42,9.42,42.39898112770638,42.39898112770638,42.39898112770638,42.39898112770638,0.0,0.0,52,52.0,1440.0,1440,0.0,42.39898112770638,42.39898112770638,0.0,22.047470186407317,False,83
2.0,Fwy_14_N_gap_2p0_segment_4,14,N,1,767791,767791,33.163,33.163,38.25981243487322,38.25981243487322,38.25981243487322,38.25981243487322,38.25981243487322,38.25981243487322,46,46.0,1440.0,1440,0.0,38.25981243487322,38.25981243487322,38.25981243487322,17.59951372004168,False,84
2.0,Fwy_14_S_gap_2p0_segment_5,14,S,1,767790,767790,33.163,33.163,38.25981243487322,38.25981243487322,38.25981243487322,38.25981243487322,38.25981243487322,38.25981243487322,46,46.0,1440.0,1440,0.0,38.25981243487322,38.25981243487322,38.25981243487322,17.59951372004168,False,85
2.0,Fwy_710_N_gap_2p0_segment_4,710,N,1,776493,776493,17.547,17.547,35.729998842190575,35.729998842190575,35.67500289452356,35.67500289452356,35.66053027671645,35.66053027671645,44,44.0,1440.0,1440,0.0,35.729998842190575,35.67500289452356,35.66053027671645,15.697001273590367,False,86
2.0,Fwy_5_S_gap_2p0_segment_4,5,S,1,775536,775536,161.347,161.347,42.30056732661804,42.30056732661804,29.741229593608892,29.741229593608892,29.741229593608892,29.741229593608892,51,51.0,1440.0,1440,0.0,42.30056732661804,29.741229593608892,29.741229593608892,15.168027092740536,False,87
2.0,Fwy_710_S_gap_2p0_segment_3,710,S,1,718012,718012,17.537,17.537,34.062753270811626,34.062753270811626,34.062753270811626,34.062753270811626,3.2187102003010306,3.2187102003010306,42,42.0,1440.0,1440,0.0,34.062753270811626,34.062753270811626,3.2187102003010306,14.306356373740883,False,88
2.0,Fwy_101_S_gap_2p0_segment_4,101,S,3,717514,717518,23.402,25.562,31.5618849137432,31.5618849137432,10.50905021033538,0.0,0.0,0.0,38,38.0,480.0,0,2.16,31.5618849137432,10.50905021033538,0.0,11.98031723978233,False,89
2.0,Fwy_101_S_gap_2p0_segment_3,101,S,2,717499,764781,17.127,18.567,29.894639342364247,29.894639342364247,14.301840916985064,14.301840916985064,0.0,0.0,34,36.0,1440.0,1440,1.4400000000000013,29.894639342364247,14.301840916985064,0.0,10.297325460229246,False,90
2.0,Fwy_118_W_gap_2p0_segment_3,118,W,3,772092,765922,33.411,34.631,10.805256454787544,10.805256454787544,10.805256454787544,10.805256454787544,10.805256454787544,10.805256454787544,13,13.0,1440.0,1440,1.2199999999999989,10.805256454787543,10.805256454787543,10.805256454787543,4.214050017367143,False,91
2.0,Fwy_110_N_gap_2p0_segment_2,110,N,1,763408,763408,17.06,17.06,17.506078499478985,17.506078499478985,17.503183975917565,17.503183975917565,17.503183975917565,17.503183975917565,21,21.0,1440.0,1440,0.0,17.506078499478985,17.503183975917565,17.503183975917565,3.675668634942689,False,92
2.0,Fwy_118_E_gap_2p0_segment_3,118,E,2,772487,765920,33.961,34.631,10.805256454787544,10.805256454787544,10.805256454787544,10.805256454787544,10.805256454787544,10.805256454787544,13,13.0,1440.0,1440,0.6700000000000017,10.805256454787543,10.805256454787543,10.805256454787543,2.809366678244761,False,93
2.0,Fwy_2_E_gap_2p0_segment_2,2,E,1,767470,767470,12.032,12.032,14.023966655088572,14.023966655088572,14.023966655088572,14.023966655088572,0.0,0.0,18,18.0,1440.0,1440,0.0,14.023966655088572,14.023966655088572,0.0,2.524313997915943,False,94
2.0,Fwy_605_S_gap_2p0_segment_4,605,S,2,765501,763616,24.003,25.398,49.484774806066916,49.484774806066916,1.6672455713789511,1.6672455713789511,1.6672455713789511,1.6672455713789511,2,60.0,1440.0,1440,1.3949999999999996,49.48477480606692,1.6672455713789511,1.6672455713789511,2.0006946856547416,False,95
2.0,Fwy_405_N_gap_2p0_segment_8,405,N,3,771767,772024,69.972,72.072,8.03712708888117,7.47076531202964,5.814132993709236,7.47076531202964,5.814132993709236,7.47076531202964,8,9.666666666666666,960.0,0,2.1000000000000085,8.03712708888117,5.814132993709236,5.814132993709236,1.686098568175678,False,96
2.0,Fwy_118_E_gap_2p0_segment_1,118,E,2,760686,760693,20.289,20.849,7.085793678360542,7.085793678360542,7.085793678360542,7.085793678360542,7.085793678360542,7.085793678360542,8,8.5,1440.0,1440,0.5599999999999987,7.085793678360542,7.085793678360542,7.085793678360542,1.2045849253212921,False,97
2.0,Fwy_118_W_gap_2p0_segment_1,118,W,2,717554,717566,19.949,20.819,7.085793678360542,7.085793678360542,7.085793678360542,7.085793678360542,7.085793678360542,7.085793678360542,8,8.5,1440.0,1440,0.8699999999999974,7.085793678360542,7.085793678360542,7.085793678360542,1.2045849253212921,False,98
2.0,Fwy_105_W_gap_2p0_segment_1,105,W,1,760375,760375,16.5,16.5,94.00544170429548,94.00544170429548,0.7467870788468218,0.7467870788468218,0.7467870788468218,0.7467870788468218,114,114.0,590.0,590,0.0,94.00544170429548,0.7467870788468218,0.7467870788468218,0.851337269885377,False,99
2.0,Fwy_405_N_gap_2p0_segment_1,405,N,1,718259,718259,36.342,36.342,6.553201343058933,6.553201343058933,6.553201343058933,6.553201343058933,6.553201343058933,6.553201343058933,9,9.0,1440.0,1440,0.0,6.553201343058933,6.553201343058933,6.553201343058933,0.589788120875304,False,100
2.0,Fwy_2_E_gap_2p0_segment_3,2,E,1,767609,767609,14.062,14.062,4.168113928447378,4.168113928447378,4.168113928447378,4.168113928447378,3.3344911427579023,3.3344911427579023,5,5.0,1440.0,1440,0.0,4.168113928447378,4.168113928447378,3.3344911427579023,0.2084056964223689,False,101
2.0,Fwy_710_S_gap_2p0_segment_1,710,S,2,777213,777245,0.364,1.76,39.89956003241866,39.89956003241866,0.2084056964223689,0.2084056964223689,0.2084056964223689,0.2084056964223689,26,48.5,325.0,0,1.396,39.89956003241866,0.2084056964223689,0.2084056964223689,0.20215352552969784,False,102
2.0,Fwy_605_S_gap_2p0_segment_3,605,S,2,717914,764021,16.442,16.492,9.732835475280769,9.732835475280769,0.0,0.0,0.0,0.0,7,12.5,0.0,0,0.05000000000000071,9.732835475280769,0.0,0.0,0.0,False,103
2.0,Fwy_101_N_gap_2p0_segment_4,101,N,1,717501,717501,17.386,17.386,31.5618849137432,31.5618849137432,0.0,0.0,0.0,0.0,38,38.0,0.0,0,0.0,31.5618849137432,0.0,0.0,0.0,False,104
2.0,Fwy_110_N_gap_2p0_segment_1,110,N,1,763367,763367,12.79,12.79,3.3344911427579023,3.3344911427579023,0.0,0.0,0.0,0.0,4,4.0,0.0,0,0.0,3.3344911427579023,0.0,0.0,0.0,False,105
2.0,Fwy_14_N_gap_2p0_segment_2,14,N,1,766694,766694,8.663,8.663,97.30230404075488,97.30230404075488,0.0,0.0,0.0,0.0,118,118.0,0.0,0,0.0,97.30230404075489,0.0,0.0,0.0,False,106
2.0,Fwy_210_E_gap_2p0_segment_1,210,E,1,768297,768297,1.0,1.0,50.54127590598588,50.54127590598588,0.0,0.0,0.0,0.0,61,61.0,0.0,0,0.0,50.54127590598588,0.0,0.0,0.0,False,107
2.0,Fwy_405_N_gap_2p0_segment_7,405,N,1,717814,717814,62.512,62.512,66.4582609702443,66.4582609702443,0.0,0.0,0.0,0.0,81,81.0,0.0,0,0.0,66.4582609702443,0.0,0.0,0.0,False,108
2.0,Fwy_405_S_gap_2p0_segment_1,405,S,1,718256,718256,35.092,35.092,32.39550769943267,32.39550769943267,0.0,0.0,0.0,0.0,40,40.0,0.0,0,0.0,32.39550769943267,0.0,0.0,0.0,False,109
2.0,Fwy_405_S_gap_2p0_segment_4,405,S,1,775136,775136,57.962,57.962,94.79854116012504,94.79854116012504,0.0,0.0,0.0,0.0,115,115.0,0.0,0,0.0,94.79854116012504,0.0,0.0,0.0,False,110
2.0,Fwy_5_N_gap_2p0_segment_5,5,N,1,775535,775535,161.41,161.41,42.30056732661804,42.30056732661804,0.0,0.0,0.0,0.0,51,51.0,0.0,0,0.0,42.30056732661804,0.0,0.0,0.0,False,111
2.0,Fwy_5_S_gap_2p0_segment_5,5,S,1,759933,759933,175.847,175.847,54.06101655667477,54.06101655667477,0.0,0.0,0.0,0.0,66,66.0,0.0,0,0.0,54.06101655667477,0.0,0.0,0.0,False,112
2.0,Fwy_90_E_gap_2p0_segment_1,90,E,1,774279,774279,2.466,2.466,92.30056732661804,92.30056732661804,0.0,0.0,0.0,0.0,112,112.0,0.0,0,0.0,92.30056732661804,0.0,0.0,0.0,False,113
2.0,Fwy_90_W_gap_2p0_segment_1,90,W,1,774278,774278,2.466,2.466,92.30056732661804,92.30056732661804,0.0,0.0,0.0,0.0,112,112.0,0.0,0,0.0,92.30056732661804,0.0,0.0,0.0,False,114
3.0,Fwy_10_W_gap_3p0_segment_1,10,W,33,717065,717226,19.29,38.85,69.79310296434298,88.17587125159199,53.53649380221107,69.87669329628343,50.584430620901614,69.87379877272201,3,84.63636363636364,1179.5454545454545,0,19.560000000000002,69.79310296434298,53.53649380221106,50.58443062090162,1495.274271895755,True,1
3.0,Fwy_210_W_gap_3p0_segment_2,210,W,25,717637,717694,26.8,43.389,72.64756281116128,89.40314924163482,56.15375709158272,86.05997452819265,51.25761259696654,85.53606576357531,10,87.96,1274.4,0,16.589000000000002,72.64756281116128,56.153757091582726,51.25761259696654,1234.821118443904,True,2
3.0,Fwy_210_W_gap_3p0_segment_1,210,W,16,770243,770568,4.7,23.79,79.40691212226467,91.8837559337733,63.12069439620239,84.39417621859442,62.38512359615608,84.39417621859442,39,96.1875,1279.0625,0,19.09,79.40691212226467,63.12069439620239,62.38512359615607,971.4274867575548,True,3
3.0,Fwy_10_E_gap_3p0_segment_2,10,E,16,775552,763479,30.5,39.09,74.04082725483384,96.88549264791016,64.06014819960635,93.1312955887461,60.2829758596735,93.1312955887461,5,89.8125,1272.1875,0,8.590000000000003,74.04082725483386,64.06014819960635,60.2829758596735,920.5443296283432,True,4
3.0,Fwy_10_W_gap_3p0_segment_2,10,W,9,717240,717258,42.02,46.1,91.57950934609497,96.46868125506542,70.67461695804872,95.58006252170892,70.67461695804872,95.58006252170892,63,111.11111111111111,1280.0,0,4.079999999999998,91.57950934609497,70.6746169580487,70.6746169580487,706.746169580487,True,5
3.0,Fwy_210_E_gap_3p0_segment_5,210,E,15,761165,716142,35.409,43.589,76.6606846513064,87.87484080120412,49.11369688549265,76.8988074562927,49.05715719192621,76.8988074562927,11,92.86666666666666,1152.0,0,8.18,76.6606846513064,49.11369688549265,49.05715719192621,684.1537976149126,True,6
3.0,Fwy_10_E_gap_3p0_segment_3,10,E,7,717241,774729,42.26,45.7,96.94421012587043,97.29940951719348,83.04057295026381,96.465786731504,83.04057295026381,96.465786731504,117,117.57142857142857,1234.2857142857142,0,3.440000000000005,96.94421012587043,83.04057295026381,83.04057295026381,683.4239153806711,True,7
3.0,Fwy_210_E_gap_3p0_segment_4,210,E,7,717638,717672,27.14,32.349,95.57179245439058,95.63505846937592,81.90550621082056,95.63505846937592,81.78062819431351,95.60611323376172,113,115.85714285714286,1234.2857142857142,0,5.208999999999996,95.57179245439058,81.90550621082056,81.78062819431351,664.2536553697547,True,8
3.0,Fwy_57_N_gap_3p0_segment_1,57,N,7,763558,774799,17.087,22.317,94.52728295208321,95.63505846937592,80.21014241055923,94.78696306587936,66.56370432855324,94.78696306587936,103,114.71428571428571,1292.142857142857,405,5.23,94.52728295208323,80.21014241055923,66.56370432855323,644.0874435567906,True,9
3.0,Fwy_10_E_gap_3p0_segment_1,10,E,10,716081,717097,19.29,23.37,79.87119370151673,87.34803751302536,63.212631700822044,86.87767743429431,63.212631700822044,86.87767743429431,20,96.8,1296.0,0,4.080000000000002,79.87119370151673,63.212631700822044,63.212631700822044,611.8982748639573,True,10
3.0,Fwy_134_E_gap_3p0_segment_1,134,E,8,760987,717583,2.11,7.41,77.84676392265833,85.24661340743313,72.92535023735093,83.50845200879935,72.92535023735093,83.50845200879935,43,94.625,1440.0,1440,5.300000000000001,77.84676392265833,72.92535023735093,72.92535023735093,552.0449012967465,True,11
3.0,Fwy_210_E_gap_3p0_segment_3,210,E,10,769895,717617,15.68,22.6,65.27874261896491,61.531781868704414,65.02634016440894,60.28134769017019,65.02634016440894,60.28134769017019,51,79.0,1440.0,1440,6.920000000000002,65.27874261896491,65.02634016440894,65.02634016440894,513.7080872988305,True,12
3.0,Fwy_134_W_gap_3p0_segment_1,134,W,7,718496,717582,1.9,6.693,78.51643262376156,86.49704758596735,72.80925916736962,84.82690749102697,72.80925916736962,84.82690749102697,43,95.42857142857143,1234.2857142857142,0,4.792999999999999,78.51643262376156,72.80925916736962,72.80925916736962,486.365851238029,True,13
3.0,Fwy_60_W_gap_3p0_segment_1,60,W,8,766788,765461,25.851,30.335,84.3247076531203,88.14837327775848,58.84855852726641,79.7687275674424,58.84855852726641,79.7687275674424,66,102.125,1171.25,0,4.484000000000002,84.3247076531203,58.84855852726641,58.84855852726641,480.7927231677666,True,14
3.0,Fwy_91_E_gap_3p0_segment_1,91,E,19,717367,717443,1.158,14.208,52.052369548393386,52.42271622091004,39.79802319275089,35.7734166956119,39.25735666014637,35.7734166956119,6,62.94736842105263,1343.9473684210527,0,13.05,52.052369548393386,39.7980231927509,39.25735666014637,475.9843573853007,True,15
3.0,Fwy_405_S_gap_3p0_segment_2,405,S,5,717766,718287,43.342,48.022,87.66006715294662,94.7927521130022,83.14229477827949,77.40245455598009,67.66180386708348,75.65995137200417,93,106.2,1440.0,1440,4.68,87.66006715294662,83.14229477827949,67.66180386708348,441.4855852726641,True,16
3.0,Fwy_101_S_gap_3p0_segment_5,101,S,5,765150,764848,40.002,43.442,87.69943267338195,94.84195901354636,76.52946624985528,91.50167882366564,69.34352205626953,58.91223804561769,70,106.2,1440.0,1440,3.4399999999999977,87.69943267338196,76.52946624985528,69.34352205626953,406.3714657867315,True,17
3.0,Fwy_101_N_gap_3p0_segment_6,101,N,7,764803,764915,40.469,47.609,83.90686250186077,94.84195901354636,51.79460460808151,60.65474122959361,49.292495740915335,60.65474122959361,71,101.57142857142857,1028.5714285714287,0,7.140000000000001,83.90686250186077,51.79460460808151,49.29249574091533,368.2596387634595,True,18
3.0,Fwy_57_S_gap_3p0_segment_1,57,S,4,763583,763573,16.942,18.178,90.81133495426651,91.82297093898343,79.18837559337733,88.94436725714948,79.18837559337733,88.94436725714948,102,110.25,1440.0,1440,1.2360000000000007,90.81133495426653,79.18837559337733,79.18837559337733,349.22073636679403,True,19
3.0,Fwy_2_W_gap_3p0_segment_1,2,W,7,767542,767610,8.962,14.062,70.19509088803983,94.80143568368646,57.004333515274816,64.29894639342365,57.004333515274816,64.29894639342365,5,85.28571428571429,1440.0,1440,5.1,70.19509088803983,57.004333515274816,57.004333515274816,340.31587108619067,True,20
3.0,Fwy_91_W_gap_3p0_segment_1,91,W,16,717368,717442,1.548,14.138,47.60242995252981,43.530739840222296,32.90476293852032,12.75905985874725,31.181978696306587,11.540465439388676,6,62.6875,1260.0,0,12.59,47.60242995252981,32.90476293852032,31.181978696306587,330.03477227335884,True,21
3.0,Fwy_60_E_gap_3p0_segment_1,60,E,5,774475,766843,27.941,30.512,87.54660182933888,87.33067037165682,59.215584114854686,58.26097024429779,59.215584114854686,58.26097024429779,98,105.8,1440.0,1440,2.5710000000000015,87.5466018293389,59.21558411485469,59.21558411485469,313.2504399675813,True,22
3.0,Fwy_605_N_gap_3p0_segment_1,605,N,9,717831,716788,2.282,8.982,61.68036741152407,59.78638416116707,41.9551541816217,47.36598355910617,35.671143529774994,33.82829686233646,1,75.11111111111111,960.0,0,6.699999999999999,61.68036741152406,41.95515418162171,35.671143529775,283.61684226776276,True,23
3.0,Fwy_605_S_gap_3p0_segment_1,605,S,8,717832,764001,2.252,9.352,54.825894407780474,54.62544865115202,40.84570742155841,39.081857126317004,40.74367546601829,39.081857126317004,1,66.375,995.0,0,7.1000000000000005,54.82589440778048,40.84570742155841,40.743675466018296,216.89070640847515,True,24
3.0,Fwy_14_S_gap_3p0_segment_2,14,S,4,764297,766712,4.752,10.663,78.24693180502489,81.13349542665277,56.17257149473197,69.87524603450271,56.17257149473197,69.87524603450271,77,94.25,1080.0,0,5.9110000000000005,78.24693180502489,56.17257149473197,56.17257149473197,211.77059453513954,True,25
3.0,Fwy_5_S_gap_3p0_segment_3,5,S,9,759762,716986,144.77,148.85,46.50180746915724,61.45652425610744,29.984047959039273,35.617112423295126,29.70585208341374,35.617112423295126,3,56.888888888888886,1239.4444444444443,0,4.079999999999984,46.50180746915724,29.984047959039277,29.70585208341374,153.51832555028108,True,26
3.0,Fwy_405_N_gap_3p0_segment_5,405,N,4,717801,717814,57.192,62.512,78.55592219520668,79.76149125853885,37.403757091582726,28.24765543591525,21.931081394002547,8.726988537686697,72,95.25,948.75,0,5.32,78.55592219520666,37.403757091582726,21.931081394002547,142.50831451893018,True,27
3.0,Fwy_405_N_gap_3p0_segment_2,405,N,4,717755,716689,41.292,43.342,77.9089961792289,81.57925205511174,35.75026050712053,35.33779089961792,18.285428968391802,0.4081278221604724,76,93.75,843.75,0,2.049999999999997,77.9089961792289,35.75026050712053,18.285428968391802,134.063476901702,True,28
3.0,Fwy_5_S_gap_3p0_segment_2,5,S,4,718370,718376,138.04,139.33,60.74953687623018,74.01875651267801,39.92633437536182,33.28557369456988,39.92633437536182,33.28557369456988,3,73.75,720.0,0,1.2900000000000205,60.749536876230174,39.92633437536182,39.92633437536182,117.78268640731736,True,29
3.0,Fwy_605_N_gap_3p0_segment_2,605,N,6,717945,717958,21.554,26.204,49.89338504882096,50.71060553432906,29.89946354829995,1.6672455713789511,29.89946354829995,1.6672455713789511,2,60.5,960.0,0,4.650000000000002,49.89338504882097,29.89946354829995,29.89946354829995,108.53505268032882,True,30
3.0,Fwy_2_E_gap_3p0_segment_1,2,E,4,767541,767609,8.962,14.062,50.69830380919301,52.328644205163826,34.42022693064721,21.439736019451196,30.7058295704527,16.094998263285863,5,61.75,1440.0,1440,5.1,50.69830380919301,34.42022693064722,30.705829570452703,85.01796051869863,True,31
3.0,Fwy_710_S_gap_3p0_segment_2,710,S,5,761851,717989,9.42,13.517,35.40175987032534,42.39898112770638,33.41901123075142,41.56535834201691,16.626143336806763,0.0,11,43.4,1152.0,0,4.0969999999999995,35.40175987032534,33.419011230751416,16.626143336806763,72.51925437073056,True,32
3.0,Fwy_710_N_gap_3p0_segment_2,710,N,7,718488,776493,9.42,17.547,37.721017549082845,40.73173555632743,14.55366446682876,0.0,8.494599646041118,0.0,29,46.285714285714285,617.1428571428571,0,8.127,37.72101754908285,14.55366446682876,8.494599646041118,47.15387287252518,True,33
3.0,Fwy_101_N_gap_3p0_segment_5,101,N,4,717513,717519,22.739,25.809,31.5618849137432,31.5618849137432,15.988624522403612,16.196306587935627,7.476554359152484,0.0,38,38.0,1080.0,0,3.0700000000000003,31.5618849137432,15.988624522403612,7.476554359152484,24.302709274053488,True,34
3.0,Fwy_118_W_gap_3p0_segment_1,118,W,28,717554,717544,19.949,42.041,8.905518615921533,9.13801088340859,7.746572057096545,9.136563621627879,7.360670040854132,8.734224846590251,6,10.714285714285714,1285.7142857142858,0,22.091999999999995,8.905518615921533,7.746572057096545,7.360670040854132,23.239716171289636,True,35
3.0,Fwy_23_N_gap_3p0_segment_1,23,N,15,771578,771441,12.823,20.013,10.029331172089076,10.805256454787544,8.866118636872374,10.805256454787544,8.866118636872374,10.805256454787544,8,12.066666666666666,1248.0,0,7.190000000000001,10.029331172089075,8.86611863687237,8.86611863687237,16.04767473273899,True,36
3.0,Fwy_118_E_gap_3p0_segment_1,118,E,19,760686,764165,20.289,30.891,8.219837541056531,9.13801088340859,7.257484628556455,9.13801088340859,7.257484628556455,9.13801088340859,1,9.894736842105264,1263.157894736842,0,10.601999999999997,8.219837541056531,7.257484628556456,7.257484628556456,13.644071101686139,True,37
3.0,Fwy_23_S_gap_3p0_segment_1,23,S,10,771577,771400,12.823,18.103,9.47145999768438,9.971633669098066,8.227393770985296,9.971633669098066,8.227393770985296,9.971633669098066,7,11.4,1152.0,0,5.280000000000001,9.47145999768438,8.227393770985296,8.227393770985296,9.379228898923238,True,38
3.0,Fwy_118_E_gap_3p0_segment_2,118,E,11,772487,717543,33.961,42.041,8.837769848537478,8.304388097719116,7.479448882713907,7.47076531202964,7.479448882713907,7.47076531202964,7,10.636363636363637,1178.1818181818182,0,8.079999999999998,8.837769848537476,7.479448882713905,7.479448882713905,8.75095519277527,True,39
3.0,Fwy_5_N_gap_3p0_segment_2,5,N,5,715938,759566,128.813,131.433,10.72131527150631,11.554938057195786,6.0993400486279965,9.05406970012736,6.0993400486279965,9.05406970012736,12,14.0,864.0,0,2.6200000000000045,10.72131527150631,6.099340048627996,6.099340048627996,4.269538034039597,True,40
3.0,Fwy_5_N_gap_3p0_segment_4,5,N,6,716974,716985,145.903,148.043,41.5036085060399,35.994847748060664,1.240785766662807,0.4168113928447378,0.8283161591602023,0.4081278221604724,19,50.5,720.0,0,2.140000000000015,41.5036085060399,1.2407857666628073,0.8283161591602022,3.7595808729883062,True,41
3.0,Fwy_5_S_gap_3p0_segment_1,5,S,4,718364,716934,128.75,130.91,8.665479912006484,10.304503878661574,8.039539191849022,10.301609355100151,8.039539191849022,10.301609355100151,3,11.25,1080.0,0,2.1599999999999966,8.665479912006484,8.039539191849022,8.039539191849022,3.6177926363320596,True,42
3.0,Fwy_57_S_gap_3p0_segment_2,57,S,3,763649,768779,21.622,22.502,96.19080699316892,97.30230404075488,96.1879124696075,97.30230404075488,64.86820269383658,97.30230404075488,114,116.66666666666667,1440.0,1440,0.879999999999999,96.19080699316892,96.1879124696075,64.8682026938366,336.65769364362626,False,43
3.0,Fwy_14_N_gap_3p0_segment_1,14,N,2,764276,764304,3.262,5.192,92.3743776774343,92.3743776774343,92.3743776774343,92.3743776774343,92.3743776774343,92.3743776774343,105,111.5,1440.0,1440,1.9300000000000002,92.3743776774343,92.3743776774343,92.3743776774343,205.99486222067847,False,44
3.0,Fwy_5_N_gap_3p0_segment_3,5,N,3,718371,763669,138.103,139.393,80.39056771255451,81.46347111265486,49.34487283393154,66.57404191270118,22.191347304233727,0.0,80,97.33333333333333,960.0,0,1.289999999999992,80.39056771255451,49.34487283393153,22.191347304233723,144.08702867508006,False,45
3.0,Fwy_14_N_gap_3p0_segment_2,14,N,2,766694,766721,8.663,11.163,97.30085677897418,97.30085677897418,46.9578557369457,46.9578557369457,46.9578557369457,46.9578557369457,118,118.0,720.0,0,2.5,97.30085677897418,46.957855736945696,46.957855736945696,110.82053953919184,False,46
3.0,Fwy_405_N_gap_3p0_segment_3,405,N,1,764583,764583,47.382,47.382,94.80143568368646,94.80143568368646,93.74782910732894,93.74782910732894,93.74782910732894,93.74782910732894,115,115.0,1440.0,1440,0.0,94.80143568368646,93.74782910732894,93.74782910732894,107.81000347342828,False,47
3.0,Fwy_5_N_gap_3p0_segment_1,5,N,1,718081,718081,120.353,120.353,94.393307861526,94.393307861526,94.38462429084171,94.38462429084171,94.38462429084171,94.38462429084171,114,114.0,1440.0,1440,0.0,94.393307861526,94.38462429084173,94.38462429084173,107.59847169155957,False,48
3.0,Fwy_210_E_gap_3p0_segment_2,210,E,3,770544,770089,7.19,11.0,58.75110956736521,57.36945698737988,45.13816525799854,57.36945698737988,45.13816525799854,57.36945698737988,43,71.33333333333333,960.0,0,3.8099999999999996,58.75110956736521,45.13816525799853,45.13816525799853,96.59567365211684,False,49
3.0,Fwy_101_N_gap_3p0_segment_8,101,N,1,767810,767810,63.749,63.749,88.99791594303578,88.99791594303578,88.95449808961445,88.95449808961445,88.95449808961445,88.95449808961445,108,108.0,1440.0,1440,0.0,88.99791594303578,88.95449808961445,88.95449808961445,96.0708579367836,False,50
3.0,Fwy_101_N_gap_3p0_segment_3,101,N,1,717492,717492,13.356,13.356,89.081857126317,89.081857126317,89.081857126317,89.081857126317,89.081857126317,89.081857126317,107,107.0,1440.0,1440,0.0,89.081857126317,89.081857126317,89.081857126317,95.31758712515919,False,51
3.0,Fwy_101_S_gap_3p0_segment_6,101,S,1,767811,767811,63.722,63.722,88.19613291652195,88.19613291652195,88.1903438693991,88.1903438693991,88.1903438693991,88.1903438693991,107,107.0,1440.0,1440,0.0,88.19613291652195,88.1903438693991,88.1903438693991,94.36366794025705,False,52
3.0,Fwy_110_S_gap_3p0_segment_1,110,S,1,767759,767759,29.382,29.382,84.8298020145884,84.8298020145884,84.82690749102697,84.82690749102697,84.82690749102697,84.82690749102697,103,103.0,1440.0,1440,0.0,84.8298020145884,84.82690749102697,84.82690749102697,87.37171471575778,False,53
3.0,Fwy_405_S_gap_3p0_segment_3,405,S,1,772454,772454,52.312,52.312,89.79969896954961,89.79969896954961,69.56119022808846,69.56119022808846,8.981706611091814,8.981706611091814,109,109.0,1440.0,1440,0.0,89.79969896954961,69.56119022808846,8.981706611091814,75.82169734861642,False,54
3.0,Fwy_405_N_gap_3p0_segment_4,405,N,2,717790,772455,51.582,52.312,79.00312608544633,79.00312608544633,32.036586777816375,32.036586777816375,29.95108255181197,29.95108255181197,83,96.0,720.0,0,0.7299999999999969,79.00312608544634,32.036586777816375,29.95108255181197,61.51024661340743,False,55
3.0,Fwy_47_N_gap_3p0_segment_1,47,N,1,777316,777316,2.447,2.447,73.31538728725252,73.31538728725252,65.00231561884914,65.00231561884914,65.00231561884914,65.00231561884914,88,88.0,1440.0,1440,0.0,73.31538728725252,65.00231561884914,65.00231561884914,57.202037744587244,False,56
3.0,Fwy_405_S_gap_3p0_segment_4,405,S,2,775136,775121,57.962,60.172,77.3503531318745,77.3503531318745,28.28383698043302,28.28383698043302,28.28383698043302,28.28383698043302,72,93.5,720.0,0,2.2099999999999937,77.3503531318745,28.28383698043302,28.28383698043302,52.89077515340975,False,57
3.0,Fwy_101_N_gap_3p0_segment_7,101,N,1,764932,764932,51.819,51.819,62.32488132453398,62.32488132453398,62.32488132453398,62.32488132453398,62.32488132453398,62.32488132453398,76,76.0,1440.0,1440,0.0,62.32488132453398,62.32488132453398,62.32488132453398,47.36690980664583,False,58
3.0,Fwy_110_N_gap_3p0_segment_3,110,N,1,767760,767760,29.43,29.43,85.6257959939794,85.6257959939794,43.26154914901007,43.26154914901007,43.26154914901007,43.26154914901007,104,104.0,1440.0,1440,0.0,85.6257959939794,43.26154914901007,43.26154914901007,44.992011114970474,False,59
3.0,Fwy_710_N_gap_3p0_segment_1,710,N,2,777212,777243,0.364,1.76,56.996063447956466,56.996063447956466,32.09447724904481,32.09447724904481,32.09447724904481,32.09447724904481,23,69.0,720.0,0,1.396,56.996063447956466,32.09447724904481,32.09447724904481,44.29037860368183,False,60
3.0,Fwy_101_N_gap_3p0_segment_1,101,N,2,776480,776752,1.748,2.348,43.232603913395856,43.232603913395856,32.392613175871254,32.392613175871254,21.19659604029177,21.19659604029177,53,53.0,1440.0,1440,0.5999999999999999,43.232603913395856,32.392613175871254,21.19659604029177,34.336169966423526,False,61
3.0,Fwy_101_N_gap_3p0_segment_2,101,N,2,717473,717483,7.718,9.458,95.63505846937592,95.63505846937592,14.786673613523215,14.786673613523215,14.786673613523215,14.786673613523215,116,116.0,720.0,0,1.7400000000000002,95.63505846937593,14.786673613523215,14.786673613523215,34.30508278337386,False,62
3.0,Fwy_101_S_gap_3p0_segment_1,101,S,2,776751,716328,2.348,3.428,40.73173555632743,40.73173555632743,27.722299409517195,27.722299409517195,27.722299409517195,27.722299409517195,47,50.0,1440.0,1440,1.08,40.73173555632743,27.722299409517195,27.722299409517195,27.72229940951719,False,63
3.0,Fwy_14_S_gap_3p0_segment_1,14,S,1,775511,775511,0.012,0.012,46.529466249855275,46.529466249855275,45.6958434641658,45.6958434641658,45.6958434641658,45.6958434641658,56,56.0,1440.0,1440,0.0,46.529466249855275,45.6958434641658,45.6958434641658,25.589672339932847,False,64
3.0,Fwy_101_S_gap_3p0_segment_2,101,S,3,717472,717484,7.708,9.458,95.36876230172511,95.63505846937592,6.626529273281619,0.0,6.626529273281619,0.0,115,115.66666666666667,480.0,0,1.75,95.36876230172514,6.6265292732816174,6.6265292732816174,22.994056578287214,False,65
3.0,Fwy_14_N_gap_3p0_segment_3,14,N,1,767791,767791,33.163,33.163,38.25981243487322,38.25981243487322,38.25981243487322,38.25981243487322,38.25981243487322,38.25981243487322,46,46.0,1440.0,1440,0.0,38.25981243487322,38.25981243487322,38.25981243487322,17.59951372004168,False,66
3.0,Fwy_14_S_gap_3p0_segment_3,14,S,1,767790,767790,33.163,33.163,38.25981243487322,38.25981243487322,38.25981243487322,38.25981243487322,38.25981243487322,38.25981243487322,46,46.0,1440.0,1440,0.0,38.25981243487322,38.25981243487322,38.25981243487322,17.59951372004168,False,67
3.0,Fwy_5_S_gap_3p0_segment_4,5,S,1,775536,775536,161.347,161.347,42.30056732661804,42.30056732661804,29.741229593608892,29.741229593608892,29.741229593608892,29.741229593608892,51,51.0,1440.0,1440,0.0,42.30056732661804,29.741229593608892,29.741229593608892,15.168027092740536,False,68
3.0,Fwy_710_S_gap_3p0_segment_3,710,S,1,718012,718012,17.537,17.537,34.062753270811626,34.062753270811626,34.062753270811626,34.062753270811626,3.2187102003010306,3.2187102003010306,42,42.0,1440.0,1440,0.0,34.062753270811626,34.062753270811626,3.2187102003010306,14.306356373740883,False,69
3.0,Fwy_101_S_gap_3p0_segment_4,101,S,3,717514,717518,23.402,25.562,31.5618849137432,31.5618849137432,10.50905021033538,0.0,0.0,0.0,38,38.0,480.0,0,2.16,31.5618849137432,10.50905021033538,0.0,11.98031723978233,False,70
3.0,Fwy_101_S_gap_3p0_segment_3,101,S,2,717499,764781,17.127,18.567,29.894639342364247,29.894639342364247,14.301840916985064,14.301840916985064,0.0,0.0,34,36.0,1440.0,1440,1.4400000000000013,29.894639342364247,14.301840916985064,0.0,10.297325460229246,False,71
3.0,Fwy_110_N_gap_3p0_segment_2,110,N,1,763408,763408,17.06,17.06,17.506078499478985,17.506078499478985,17.503183975917565,17.503183975917565,17.503183975917565,17.503183975917565,21,21.0,1440.0,1440,0.0,17.506078499478985,17.503183975917565,17.503183975917565,3.675668634942689,False,72
3.0,Fwy_605_S_gap_3p0_segment_3,605,S,2,765501,763616,24.003,25.398,49.484774806066916,49.484774806066916,1.6672455713789511,1.6672455713789511,1.6672455713789511,1.6672455713789511,2,60.0,1440.0,1440,1.3949999999999996,49.48477480606692,1.6672455713789511,1.6672455713789511,2.0006946856547416,False,73
3.0,Fwy_405_N_gap_3p0_segment_6,405,N,3,771767,772024,69.972,72.072,8.03712708888117,7.47076531202964,5.814132993709236,7.47076531202964,5.814132993709236,7.47076531202964,8,9.666666666666666,960.0,0,2.1000000000000085,8.03712708888117,5.814132993709236,5.814132993709236,1.686098568175678,False,74
3.0,Fwy_105_W_gap_3p0_segment_1,105,W,1,760375,760375,16.5,16.5,94.00544170429548,94.00544170429548,0.7467870788468218,0.7467870788468218,0.7467870788468218,0.7467870788468218,114,114.0,590.0,590,0.0,94.00544170429548,0.7467870788468218,0.7467870788468218,0.851337269885377,False,75
3.0,Fwy_405_N_gap_3p0_segment_1,405,N,1,718259,718259,36.342,36.342,6.553201343058933,6.553201343058933,6.553201343058933,6.553201343058933,6.553201343058933,6.553201343058933,9,9.0,1440.0,1440,0.0,6.553201343058933,6.553201343058933,6.553201343058933,0.589788120875304,False,76
3.0,Fwy_710_S_gap_3p0_segment_1,710,S,2,777213,777245,0.364,1.76,39.89956003241866,39.89956003241866,0.2084056964223689,0.2084056964223689,0.2084056964223689,0.2084056964223689,26,48.5,325.0,0,1.396,39.89956003241866,0.2084056964223689,0.2084056964223689,0.20215352552969784,False,77
3.0,Fwy_605_S_gap_3p0_segment_2,605,S,2,717914,764021,16.442,16.492,9.732835475280769,9.732835475280769,0.0,0.0,0.0,0.0,7,12.5,0.0,0,0.05000000000000071,9.732835475280769,0.0,0.0,0.0,False,78
3.0,Fwy_101_N_gap_3p0_segment_4,101,N,1,717501,717501,17.386,17.386,31.5618849137432,31.5618849137432,0.0,0.0,0.0,0.0,38,38.0,0.0,0,0.0,31.5618849137432,0.0,0.0,0.0,False,79
3.0,Fwy_110_N_gap_3p0_segment_1,110,N,1,763367,763367,12.79,12.79,3.3344911427579023,3.3344911427579023,0.0,0.0,0.0,0.0,4,4.0,0.0,0,0.0,3.3344911427579023,0.0,0.0,0.0,False,80
3.0,Fwy_210_E_gap_3p0_segment_1,210,E,1,768297,768297,1.0,1.0,50.54127590598588,50.54127590598588,0.0,0.0,0.0,0.0,61,61.0,0.0,0,0.0,50.54127590598588,0.0,0.0,0.0,False,81
3.0,Fwy_405_S_gap_3p0_segment_1,405,S,1,718256,718256,35.092,35.092,32.39550769943267,32.39550769943267,0.0,0.0,0.0,0.0,40,40.0,0.0,0,0.0,32.39550769943267,0.0,0.0,0.0,False,82
3.0,Fwy_5_N_gap_3p0_segment_5,5,N,1,775535,775535,161.41,161.41,42.30056732661804,42.30056732661804,0.0,0.0,0.0,0.0,51,51.0,0.0,0,0.0,42.30056732661804,0.0,0.0,0.0,False,83
3.0,Fwy_5_S_gap_3p0_segment_5,5,S,1,759933,759933,175.847,175.847,54.06101655667477,54.06101655667477,0.0,0.0,0.0,0.0,66,66.0,0.0,0,0.0,54.06101655667477,0.0,0.0,0.0,False,84
3.0,Fwy_90_E_gap_3p0_segment_1,90,E,1,774279,774279,2.466,2.466,92.30056732661804,92.30056732661804,0.0,0.0,0.0,0.0,112,112.0,0.0,0,0.0,92.30056732661804,0.0,0.0,0.0,False,85
3.0,Fwy_90_W_gap_3p0_segment_1,90,W,1,774278,774278,2.466,2.466,92.30056732661804,92.30056732661804,0.0,0.0,0.0,0.0,112,112.0,0.0,0,0.0,92.30056732661804,0.0,0.0,0.0,False,86
5.0,Fwy_210_W_gap_5p0_segment_1,210,W,41,770243,717694,4.7,43.389,75.2853576642748,89.40314924163482,58.87256189338552,85.62290147041797,55.60005591372342,85.53606576357531,10,91.17073170731707,1276.219512195122,0,38.689,75.2853576642748,58.872561893385516,55.60005591372343,2200.6563635747507,True,1
5.0,Fwy_10_W_gap_5p0_segment_1,10,W,42,717065,717258,19.29,46.1,74.46161861757554,91.48286442051639,57.20894876417627,83.17268727567443,54.88947055029028,74.84224846590251,3,90.30952380952381,1201.0714285714287,0,26.810000000000002,74.46161861757555,57.20894876417628,54.88947055029028,2169.935426625206,True,2
5.0,Fwy_210_E_gap_5p0_segment_2,210,E,35,770544,716142,7.19,43.589,75.65581633834499,87.33067037165682,59.877768405034814,78.04503878661572,59.828561504490644,78.04503878661572,11,91.65714285714286,1234.2857142857142,0,36.399,75.65581633834499,59.877768405034814,59.828561504490644,1920.878810433517,True,3
5.0,Fwy_10_E_gap_5p0_segment_2,10,E,23,775552,774729,30.5,45.7,81.01142204167107,97.29940951719348,69.836799210676,96.46289220794256,67.20920106115751,96.46289220794256,5,98.26086956521739,1260.6521739130435,0,15.200000000000003,81.01142204167107,69.836799210676,67.2092010611575,1578.3116621612776,True,4
5.0,Fwy_57_S_gap_5p0_segment_1,57,S,7,763583,768779,16.942,22.502,93.11682297093898,95.63505846937592,86.47389139747598,93.95912932731272,73.0511586364313,93.92439504457566,102,113.0,1440.0,1440,5.559999999999999,93.11682297093898,86.47389139747598,73.0511586364313,684.008480954035,True,5
5.0,Fwy_57_N_gap_5p0_segment_1,57,N,7,763558,774799,17.087,22.317,94.52728295208321,95.63505846937592,80.21014241055923,94.78696306587936,66.56370432855324,94.78696306587936,103,114.71428571428571,1292.142857142857,405,5.23,94.52728295208323,80.21014241055923,66.56370432855323,644.0874435567906,True,6
5.0,Fwy_10_E_gap_5p0_segment_1,10,E,10,716081,717097,19.29,23.37,79.87119370151673,87.34803751302536,63.212631700822044,86.87767743429431,63.212631700822044,86.87767743429431,20,96.8,1296.0,0,4.080000000000002,79.87119370151673,63.212631700822044,63.212631700822044,611.8982748639573,True,7
5.0,Fwy_134_E_gap_5p0_segment_1,134,E,8,760987,717583,2.11,7.41,77.84676392265833,85.24661340743313,72.92535023735093,83.50845200879935,72.92535023735093,83.50845200879935,43,94.625,1440.0,1440,5.300000000000001,77.84676392265833,72.92535023735093,72.92535023735093,552.0449012967465,True,8
5.0,Fwy_405_S_gap_5p0_segment_2,405,S,6,717766,772454,43.342,52.312,88.01667245571379,92.2962255412759,80.87877735324766,76.53120296399213,57.88178765775154,75.63679518351279,93,106.66666666666667,1440.0,1440,8.969999999999999,88.01667245571379,80.87877735324766,57.88178765775153,517.6241750607851,True,9
5.0,Fwy_134_W_gap_5p0_segment_1,134,W,7,718496,717582,1.9,6.693,78.51643262376156,86.49704758596735,72.80925916736962,84.82690749102697,72.80925916736962,84.82690749102697,43,95.42857142857143,1234.2857142857142,0,4.792999999999999,78.51643262376156,72.80925916736962,72.80925916736962,486.365851238029,True,10
5.0,Fwy_60_W_gap_5p0_segment_1,60,W,8,766788,765461,25.851,30.335,84.3247076531203,88.14837327775848,58.84855852726641,79.7687275674424,58.84855852726641,79.7687275674424,66,102.125,1171.25,0,4.484000000000002,84.3247076531203,58.84855852726641,58.84855852726641,480.7927231677666,True,11
5.0,Fwy_91_E_gap_5p0_segment_1,91,E,19,717367,717443,1.158,14.208,52.052369548393386,52.42271622091004,39.79802319275089,35.7734166956119,39.25735666014637,35.7734166956119,6,62.94736842105263,1343.9473684210527,0,13.05,52.052369548393386,39.7980231927509,39.25735666014637,475.9843573853007,True,12
5.0,Fwy_101_N_gap_5p0_segment_4,101,N,8,764803,764932,40.469,51.819,81.20911485469492,87.3943498900081,53.110889197638066,61.489811277063794,50.921543938867664,61.489811277063794,71,98.375,1080.0,0,11.350000000000001,81.20911485469492,53.110889197638066,50.921543938867664,417.98269798541156,True,13
5.0,Fwy_405_N_gap_5p0_segment_1,405,N,12,718259,717814,36.342,62.512,73.76838022461503,81.57925205511174,38.082522866736134,31.120470070626375,26.7557697502991,3.684728493689939,9,89.33333333333333,957.5,0,26.17,73.76838022461503,38.082522866736134,26.755769750299102,408.2446451314114,True,14
5.0,Fwy_101_S_gap_5p0_segment_3,101,S,5,765150,764848,40.002,43.442,87.69943267338195,94.84195901354636,76.52946624985528,91.50167882366564,69.34352205626953,58.91223804561769,70,106.2,1440.0,1440,3.4399999999999977,87.69943267338196,76.52946624985528,69.34352205626953,406.3714657867315,True,15
5.0,Fwy_2_W_gap_5p0_segment_1,2,W,7,767542,767610,8.962,14.062,70.19509088803983,94.80143568368646,57.004333515274816,64.29894639342365,57.004333515274816,64.29894639342365,5,85.28571428571429,1440.0,1440,5.1,70.19509088803983,57.004333515274816,57.004333515274816,340.31587108619067,True,16
5.0,Fwy_91_W_gap_5p0_segment_1,91,W,16,717368,717442,1.548,14.138,47.60242995252981,43.530739840222296,32.90476293852032,12.75905985874725,31.181978696306587,11.540465439388676,6,62.6875,1260.0,0,12.59,47.60242995252981,32.90476293852032,31.181978696306587,330.03477227335884,True,17
5.0,Fwy_14_N_gap_5p0_segment_1,14,N,4,764276,766721,3.262,11.163,94.83761722820424,97.30085677897418,69.66611670719,90.68108139400255,69.66611670719,90.68108139400255,105,114.75,1080.0,0,7.901,94.83761722820424,69.66611670719,69.66611670719,319.76747568600206,True,18
5.0,Fwy_60_E_gap_5p0_segment_1,60,E,5,774475,766843,27.941,30.512,87.54660182933888,87.33067037165682,59.215584114854686,58.26097024429779,59.215584114854686,58.26097024429779,98,105.8,1440.0,1440,2.5710000000000015,87.5466018293389,59.21558411485469,59.21558411485469,313.2504399675813,True,19
5.0,Fwy_605_N_gap_5p0_segment_1,605,N,9,717831,716788,2.282,8.982,61.68036741152407,59.78638416116707,41.9551541816217,47.36598355910617,35.671143529774994,33.82829686233646,1,75.11111111111111,960.0,0,6.699999999999999,61.68036741152406,41.95515418162171,35.671143529775,283.61684226776276,True,20
5.0,Fwy_14_S_gap_5p0_segment_1,14,S,5,775511,766712,0.012,10.663,71.90343869399096,77.32719694338311,54.07722588861873,64.1079078383698,54.07722588861873,64.1079078383698,56,86.6,1152.0,0,10.651,71.90343869399096,54.077225888618734,54.077225888618734,234.1543880977191,True,21
5.0,Fwy_605_S_gap_5p0_segment_1,605,S,8,717832,764001,2.252,9.352,54.825894407780474,54.62544865115202,40.84570742155841,39.081857126317004,40.74367546601829,39.081857126317004,1,66.375,995.0,0,7.1000000000000005,54.82589440778048,40.84570742155841,40.743675466018296,216.89070640847515,True,22
5.0,Fwy_5_S_gap_5p0_segment_3,5,S,9,759762,716986,144.77,148.85,46.50180746915724,61.45652425610744,29.984047959039273,35.617112423295126,29.70585208341374,35.617112423295126,3,56.888888888888886,1239.4444444444443,0,4.079999999999984,46.50180746915724,29.984047959039277,29.70585208341374,153.51832555028108,True,23
5.0,Fwy_5_S_gap_5p0_segment_2,5,S,4,718370,718376,138.04,139.33,60.74953687623018,74.01875651267801,39.92633437536182,33.28557369456988,39.92633437536182,33.28557369456988,3,73.75,720.0,0,1.2900000000000205,60.749536876230174,39.92633437536182,39.92633437536182,117.78268640731736,True,24
5.0,Fwy_101_N_gap_5p0_segment_2,101,N,4,717473,717501,7.718,17.386,77.97846474470302,92.35845779784646,29.663801088340858,14.786673613523215,29.663801088340858,14.786673613523215,38,94.25,720.0,0,9.668,77.97846474470302,29.663801088340858,29.663801088340858,111.83253010304503,True,25
5.0,Fwy_605_N_gap_5p0_segment_2,605,N,6,717945,717958,21.554,26.204,49.89338504882096,50.71060553432906,29.89946354829995,1.6672455713789511,29.89946354829995,1.6672455713789511,2,60.5,960.0,0,4.650000000000002,49.89338504882097,29.89946354829995,29.89946354829995,108.53505268032882,True,26
5.0,Fwy_710_S_gap_5p0_segment_2,710,S,6,761851,718012,9.42,17.537,35.178592103739724,41.56535834201691,33.526301570761454,41.14854694917217,14.391571147389138,1.6093551001505153,11,43.166666666666664,1200.0,0,8.116999999999999,35.178592103739724,33.526301570761454,14.39157114738914,86.83312106827215,True,27
5.0,Fwy_2_E_gap_5p0_segment_1,2,E,4,767541,767609,8.962,14.062,50.69830380919301,52.328644205163826,34.42022693064721,21.439736019451196,30.7058295704527,16.094998263285863,5,61.75,1440.0,1440,5.1,50.69830380919301,34.42022693064722,30.705829570452703,85.01796051869863,True,28
5.0,Fwy_101_S_gap_5p0_segment_1,101,S,5,776751,717484,2.348,9.458,73.51395160356604,94.83616996642353,15.064837327775848,12.211994905638532,15.064837327775848,12.211994905638532,47,89.4,864.0,0,7.11,73.51395160356606,15.064837327775848,15.064837327775848,67.33982285515805,True,29
5.0,Fwy_710_N_gap_5p0_segment_2,710,N,7,718488,776493,9.42,17.547,37.721017549082845,40.73173555632743,14.55366446682876,0.0,8.494599646041118,0.0,29,46.285714285714285,617.1428571428571,0,8.127,37.72101754908285,14.55366446682876,8.494599646041118,47.15387287252518,True,30
5.0,Fwy_101_N_gap_5p0_segment_3,101,N,4,717513,717519,22.739,25.809,31.5618849137432,31.5618849137432,15.988624522403612,16.196306587935627,7.476554359152484,0.0,38,38.0,1080.0,0,3.0700000000000003,31.5618849137432,15.988624522403612,7.476554359152484,24.302709274053488,True,31
5.0,Fwy_118_W_gap_5p0_segment_1,118,W,28,717554,717544,19.949,42.041,8.905518615921533,9.13801088340859,7.746572057096545,9.136563621627879,7.360670040854132,8.734224846590251,6,10.714285714285714,1285.7142857142858,0,22.091999999999995,8.905518615921533,7.746572057096545,7.360670040854132,23.239716171289636,True,32
5.0,Fwy_118_E_gap_5p0_segment_1,118,E,30,760686,717543,20.289,42.041,8.446412720466212,9.13801088340859,7.338871521747521,9.13801088340859,7.338871521747521,9.13801088340859,1,10.166666666666666,1232.0,0,21.751999999999995,8.446412720466212,7.33887152174752,7.33887152174752,22.38355814132993,True,33
5.0,Fwy_101_S_gap_5p0_segment_2,101,S,5,717499,717518,17.127,25.562,30.89498668519162,31.5618849137432,12.026166492995253,2.0551117286094707,0.0,0.0,34,37.2,864.0,0,8.435000000000002,30.89498668519162,12.026166492995253,0.0,22.368669676971173,True,34
5.0,Fwy_23_N_gap_5p0_segment_1,23,N,15,771578,771441,12.823,20.013,10.029331172089076,10.805256454787544,8.866118636872374,10.805256454787544,8.866118636872374,10.805256454787544,8,12.066666666666666,1248.0,0,7.190000000000001,10.029331172089075,8.86611863687237,8.86611863687237,16.04767473273899,True,35
5.0,Fwy_23_S_gap_5p0_segment_1,23,S,10,771577,771400,12.823,18.103,9.47145999768438,9.971633669098066,8.227393770985296,9.971633669098066,8.227393770985296,9.971633669098066,7,11.4,1152.0,0,5.280000000000001,9.47145999768438,8.227393770985296,8.227393770985296,9.379228898923238,True,36
5.0,Fwy_5_N_gap_5p0_segment_2,5,N,5,715938,759566,128.813,131.433,10.72131527150631,11.554938057195786,6.0993400486279965,9.05406970012736,6.0993400486279965,9.05406970012736,12,14.0,864.0,0,2.6200000000000045,10.72131527150631,6.099340048627996,6.099340048627996,4.269538034039597,True,37
5.0,Fwy_5_N_gap_5p0_segment_4,5,N,6,716974,716985,145.903,148.043,41.5036085060399,35.994847748060664,1.240785766662807,0.4168113928447378,0.8283161591602023,0.4081278221604724,19,50.5,720.0,0,2.140000000000015,41.5036085060399,1.2407857666628073,0.8283161591602022,3.7595808729883062,True,38
5.0,Fwy_5_S_gap_5p0_segment_1,5,S,4,718364,716934,128.75,130.91,8.665479912006484,10.304503878661574,8.039539191849022,10.301609355100151,8.039539191849022,10.301609355100151,3,11.25,1080.0,0,2.1599999999999966,8.665479912006484,8.039539191849022,8.039539191849022,3.6177926363320596,True,39
5.0,Fwy_5_N_gap_5p0_segment_3,5,N,3,718371,763669,138.103,139.393,80.39056771255451,81.46347111265486,49.34487283393154,66.57404191270118,22.191347304233727,0.0,80,97.33333333333333,960.0,0,1.289999999999992,80.39056771255451,49.34487283393153,22.191347304233723,144.08702867508006,False,40
5.0,Fwy_5_N_gap_5p0_segment_1,5,N,1,718081,718081,120.353,120.353,94.393307861526,94.393307861526,94.38462429084171,94.38462429084171,94.38462429084171,94.38462429084171,114,114.0,1440.0,1440,0.0,94.393307861526,94.38462429084173,94.38462429084173,107.59847169155957,False,41
5.0,Fwy_101_N_gap_5p0_segment_5,101,N,1,767810,767810,63.749,63.749,88.99791594303578,88.99791594303578,88.95449808961445,88.95449808961445,88.95449808961445,88.95449808961445,108,108.0,1440.0,1440,0.0,88.99791594303578,88.95449808961445,88.95449808961445,96.0708579367836,False,42
5.0,Fwy_101_S_gap_5p0_segment_4,101,S,1,767811,767811,63.722,63.722,88.19613291652195,88.19613291652195,88.1903438693991,88.1903438693991,88.1903438693991,88.1903438693991,107,107.0,1440.0,1440,0.0,88.19613291652195,88.1903438693991,88.1903438693991,94.36366794025705,False,43
5.0,Fwy_110_S_gap_5p0_segment_1,110,S,1,767759,767759,29.382,29.382,84.8298020145884,84.8298020145884,84.82690749102697,84.82690749102697,84.82690749102697,84.82690749102697,103,103.0,1440.0,1440,0.0,84.8298020145884,84.82690749102697,84.82690749102697,87.37171471575778,False,44
5.0,Fwy_47_N_gap_5p0_segment_1,47,N,1,777316,777316,2.447,2.447,73.31538728725252,73.31538728725252,65.00231561884914,65.00231561884914,65.00231561884914,65.00231561884914,88,88.0,1440.0,1440,0.0,73.31538728725252,65.00231561884914,65.00231561884914,57.202037744587244,False,45
5.0,Fwy_405_S_gap_5p0_segment_3,405,S,2,775136,775121,57.962,60.172,77.3503531318745,77.3503531318745,28.28383698043302,28.28383698043302,28.28383698043302,28.28383698043302,72,93.5,720.0,0,2.2099999999999937,77.3503531318745,28.28383698043302,28.28383698043302,52.89077515340975,False,46
5.0,Fwy_110_N_gap_5p0_segment_2,110,N,1,767760,767760,29.43,29.43,85.6257959939794,85.6257959939794,43.26154914901007,43.26154914901007,43.26154914901007,43.26154914901007,104,104.0,1440.0,1440,0.0,85.6257959939794,43.26154914901007,43.26154914901007,44.992011114970474,False,47
5.0,Fwy_710_N_gap_5p0_segment_1,710,N,2,777212,777243,0.364,1.76,56.996063447956466,56.996063447956466,32.09447724904481,32.09447724904481,32.09447724904481,32.09447724904481,23,69.0,720.0,0,1.396,56.996063447956466,32.09447724904481,32.09447724904481,44.29037860368183,False,48
5.0,Fwy_101_N_gap_5p0_segment_1,101,N,2,776480,776752,1.748,2.348,43.232603913395856,43.232603913395856,32.392613175871254,32.392613175871254,21.19659604029177,21.19659604029177,53,53.0,1440.0,1440,0.5999999999999999,43.232603913395856,32.392613175871254,21.19659604029177,34.336169966423526,False,49
5.0,Fwy_14_N_gap_5p0_segment_2,14,N,1,767791,767791,33.163,33.163,38.25981243487322,38.25981243487322,38.25981243487322,38.25981243487322,38.25981243487322,38.25981243487322,46,46.0,1440.0,1440,0.0,38.25981243487322,38.25981243487322,38.25981243487322,17.59951372004168,False,50
5.0,Fwy_14_S_gap_5p0_segment_2,14,S,1,767790,767790,33.163,33.163,38.25981243487322,38.25981243487322,38.25981243487322,38.25981243487322,38.25981243487322,38.25981243487322,46,46.0,1440.0,1440,0.0,38.25981243487322,38.25981243487322,38.25981243487322,17.59951372004168,False,51
5.0,Fwy_5_S_gap_5p0_segment_4,5,S,1,775536,775536,161.347,161.347,42.30056732661804,42.30056732661804,29.741229593608892,29.741229593608892,29.741229593608892,29.741229593608892,51,51.0,1440.0,1440,0.0,42.30056732661804,29.741229593608892,29.741229593608892,15.168027092740536,False,52
5.0,Fwy_110_N_gap_5p0_segment_1,110,N,2,763367,763408,12.79,17.06,10.420284821118443,10.420284821118443,8.751591987958783,8.751591987958783,8.751591987958783,8.751591987958783,4,12.5,720.0,0,4.27,10.420284821118443,8.751591987958783,8.751591987958783,2.1878979969896957,False,53
5.0,Fwy_605_S_gap_5p0_segment_3,605,S,2,765501,763616,24.003,25.398,49.484774806066916,49.484774806066916,1.6672455713789511,1.6672455713789511,1.6672455713789511,1.6672455713789511,2,60.0,1440.0,1440,1.3949999999999996,49.48477480606692,1.6672455713789511,1.6672455713789511,2.0006946856547416,False,54
5.0,Fwy_405_N_gap_5p0_segment_2,405,N,3,771767,772024,69.972,72.072,8.03712708888117,7.47076531202964,5.814132993709236,7.47076531202964,5.814132993709236,7.47076531202964,8,9.666666666666666,960.0,0,2.1000000000000085,8.03712708888117,5.814132993709236,5.814132993709236,1.686098568175678,False,55
5.0,Fwy_105_W_gap_5p0_segment_1,105,W,1,760375,760375,16.5,16.5,94.00544170429548,94.00544170429548,0.7467870788468218,0.7467870788468218,0.7467870788468218,0.7467870788468218,114,114.0,590.0,590,0.0,94.00544170429548,0.7467870788468218,0.7467870788468218,0.851337269885377,False,56
5.0,Fwy_710_S_gap_5p0_segment_1,710,S,2,777213,777245,0.364,1.76,39.89956003241866,39.89956003241866,0.2084056964223689,0.2084056964223689,0.2084056964223689,0.2084056964223689,26,48.5,325.0,0,1.396,39.89956003241866,0.2084056964223689,0.2084056964223689,0.20215352552969784,False,57
5.0,Fwy_605_S_gap_5p0_segment_2,605,S,2,717914,764021,16.442,16.492,9.732835475280769,9.732835475280769,0.0,0.0,0.0,0.0,7,12.5,0.0,0,0.05000000000000071,9.732835475280769,0.0,0.0,0.0,False,58
5.0,Fwy_210_E_gap_5p0_segment_1,210,E,1,768297,768297,1.0,1.0,50.54127590598588,50.54127590598588,0.0,0.0,0.0,0.0,61,61.0,0.0,0,0.0,50.54127590598588,0.0,0.0,0.0,False,59
5.0,Fwy_405_S_gap_5p0_segment_1,405,S,1,718256,718256,35.092,35.092,32.39550769943267,32.39550769943267,0.0,0.0,0.0,0.0,40,40.0,0.0,0,0.0,32.39550769943267,0.0,0.0,0.0,False,60
5.0,Fwy_5_N_gap_5p0_segment_5,5,N,1,775535,775535,161.41,161.41,42.30056732661804,42.30056732661804,0.0,0.0,0.0,0.0,51,51.0,0.0,0,0.0,42.30056732661804,0.0,0.0,0.0,False,61
5.0,Fwy_5_S_gap_5p0_segment_5,5,S,1,759933,759933,175.847,175.847,54.06101655667477,54.06101655667477,0.0,0.0,0.0,0.0,66,66.0,0.0,0,0.0,54.06101655667477,0.0,0.0,0.0,False,62
5.0,Fwy_90_E_gap_5p0_segment_1,90,E,1,774279,774279,2.466,2.466,92.30056732661804,92.30056732661804,0.0,0.0,0.0,0.0,112,112.0,0.0,0,0.0,92.30056732661804,0.0,0.0,0.0,False,63
5.0,Fwy_90_W_gap_5p0_segment_1,90,W,1,774278,774278,2.466,2.466,92.30056732661804,92.30056732661804,0.0,0.0,0.0,0.0,112,112.0,0.0,0,0.0,92.30056732661804,0.0,0.0,0.0,False,64
