event_id,method,station_id,start_time,end_time,duration_minutes,intervals,onset_observed,recovery_observed,left_censored,right_censored,start_speed_mph,minimum_speed_mph,prebreakdown_speed_mph,prebreakdown_flow_veh_5min,prebreakdown_occupancy_fraction,speed_drop_mph,upstream_station_id,upstream_gap_miles,event_date,start_hour,time_period
2,Threshold_50_15min,717195,2026-02-02 11:55:00,2026-02-02 18:50:00,420,84,True,True,False,False,44.2,18.7,54.1,474.0,0.1309,,,,2026-02-02,11.916666666666666,Midday
3,Threshold_50_15min,717198,2026-02-02 11:55:00,2026-02-02 18:55:00,425,85,True,True,False,False,48.6,21.0,56.3,417.0,0.1103,,,,2026-02-02,11.916666666666666,Midday
4,Threshold_50_15min,716152,2026-02-02 12:15:00,2026-02-02 15:20:00,190,38,True,True,False,False,41.1,26.0,53.5,458.0,0.2192,,,,2026-02-02,12.25,Midday
5,Threshold_50_15min,717185,2026-02-02 12:20:00,2026-02-02 13:05:00,50,10,True,True,False,False,39.5,24.1,56.6,468.0,0.1221,,,,2026-02-02,12.333333333333334,Midday
6,Threshold_50_15min,717190,2026-02-02 12:20:00,2026-02-02 18:55:00,400,80,True,True,False,False,37.3,16.3,50.5,468.0,0.1545,,,,2026-02-02,12.333333333333334,Midday
7,Threshold_50_15min,717185,2026-02-02 13:15:00,2026-02-02 18:55:00,345,69,True,True,False,False,46.1,15.8,53.8,434.0,0.0981,,,,2026-02-02,13.25,Midday
8,Threshold_50_15min,716152,2026-02-02 15:45:00,2026-02-02 15:55:00,15,3,True,True,False,False,46.9,46.9,51.9,464.0,0.2731,,,,2026-02-02,15.75,PM
9,Threshold_50_15min,716152,2026-02-02 18:15:00,2026-02-02 18:25:00,15,3,True,True,False,False,46.1,45.5,53.3,529.0,0.2585,,,,2026-02-02,18.25,PM
10,Threshold_50_15min,716152,2026-02-03 07:40:00,2026-02-03 08:40:00,65,13,True,True,False,False,45.1,32.4,54.4,580.0,0.2099,,,,2026-02-03,7.666666666666667,AM
11,Threshold_50_15min,717185,2026-02-03 07:40:00,2026-02-03 08:35:00,60,12,True,True,False,False,44.4,27.9,53.7,537.0,0.1457,,,,2026-02-03,7.666666666666667,AM
12,Threshold_50_15min,717190,2026-02-03 07:40:00,2026-02-03 08:35:00,60,12,True,True,False,False,44.5,28.1,56.4,565.0,0.1472,,,,2026-02-03,7.666666666666667,AM
13,Threshold_50_15min,717195,2026-02-03 07:45:00,2026-02-03 08:35:00,55,11,True,True,False,False,43.6,30.4,53.9,545.0,0.1419,,,,2026-02-03,7.75,AM
14,Threshold_50_15min,717198,2026-02-03 07:45:00,2026-02-03 08:35:00,55,11,True,True,False,False,47.2,39.5,54.1,542.0,0.1426,,,,2026-02-03,7.75,AM
15,Threshold_50_15min,717195,2026-02-03 13:20:00,2026-02-03 14:10:00,55,11,True,True,False,False,49.0,33.6,58.4,507.0,0.1161,,,,2026-02-03,13.333333333333334,Midday
16,Threshold_50_15min,716152,2026-02-03 13:25:00,2026-02-03 16:30:00,190,38,True,True,False,False,38.7,30.2,50.3,554.0,0.2261,,,,2026-02-03,13.416666666666666,Midday
17,Threshold_50_15min,717185,2026-02-03 13:25:00,2026-02-03 19:15:00,355,71,True,True,False,False,49.2,10.8,56.6,529.0,0.1309,,,,2026-02-03,13.416666666666666,Midday
18,Threshold_50_15min,717190,2026-02-03 13:25:00,2026-02-03 19:15:00,355,71,True,True,False,False,47.5,12.1,55.1,538.0,0.1444,,,,2026-02-03,13.416666666666666,Midday
19,Threshold_50_15min,717198,2026-02-03 13:35:00,2026-02-03 14:00:00,30,6,True,True,False,False,44.7,37.2,50.6,472.0,0.122,,,,2026-02-03,13.583333333333334,Midday
20,Threshold_50_15min,717195,2026-02-03 14:20:00,2026-02-03 16:20:00,125,25,True,True,False,False,46.4,31.4,50.3,498.0,0.1346,,,,2026-02-03,14.333333333333334,Midday
21,Threshold_50_15min,717198,2026-02-03 14:20:00,2026-02-03 16:20:00,125,25,True,True,False,False,47.2,34.0,51.8,509.0,0.1271,,,,2026-02-03,14.333333333333334,Midday
22,Threshold_50_15min,716152,2026-02-03 16:50:00,2026-02-03 18:55:00,130,26,True,True,False,False,45.8,29.3,53.0,374.0,0.1276,,,,2026-02-03,16.833333333333332,PM
23,Threshold_50_15min,717195,2026-02-03 17:00:00,2026-02-03 18:50:00,115,23,True,True,False,False,46.2,35.2,52.5,527.0,0.1541,,,,2026-02-03,17.0,PM
24,Threshold_50_15min,717198,2026-02-03 17:00:00,2026-02-03 18:55:00,120,24,True,True,False,False,47.1,37.8,53.2,501.0,0.1309,,,,2026-02-03,17.0,PM
25,Threshold_50_15min,716152,2026-02-03 19:10:00,2026-02-03 19:20:00,15,3,True,True,False,False,45.5,44.7,51.5,505.0,0.1856,,,,2026-02-03,19.166666666666668,PM
26,Threshold_50_15min,717195,2026-02-03 19:10:00,2026-02-03 19:20:00,15,3,True,True,False,False,46.5,46.5,52.2,492.0,0.1299,,,,2026-02-03,19.166666666666668,PM
27,Threshold_50_15min,717195,2026-02-03 19:35:00,2026-02-03 19:55:00,25,5,True,False,False,True,47.9,44.4,51.7,501.0,0.1348,,,,2026-02-03,19.583333333333332,PM
28,Threshold_50_15min,717185,2026-02-04 07:35:00,2026-02-04 08:55:00,85,17,True,True,False,False,48.2,30.8,58.7,525.0,0.1324,,,,2026-02-04,7.583333333333333,AM
29,Threshold_50_15min,717190,2026-02-04 07:40:00,2026-02-04 08:55:00,80,16,True,True,False,False,45.5,33.4,50.8,534.0,0.1748,,,,2026-02-04,7.666666666666667,AM
30,Threshold_50_15min,717195,2026-02-04 07:40:00,2026-02-04 08:30:00,55,11,True,True,False,False,46.9,36.0,57.8,561.0,0.1325,,,,2026-02-04,7.666666666666667,AM
31,Threshold_50_15min,717198,2026-02-04 07:40:00,2026-02-04 08:25:00,50,10,True,True,False,False,48.5,40.7,57.8,537.0,0.128,,,,2026-02-04,7.666666666666667,AM
32,Threshold_50_15min,716152,2026-02-04 07:45:00,2026-02-04 08:50:00,70,14,True,True,False,False,40.2,37.2,51.1,592.0,0.2206,,,,2026-02-04,7.75,AM
33,Threshold_50_15min,717195,2026-02-04 09:40:00,2026-02-04 09:55:00,20,4,True,True,False,False,48.5,44.9,56.5,561.0,0.1385,,,,2026-02-04,9.666666666666666,AM
34,Threshold_50_15min,716152,2026-02-04 09:45:00,2026-02-04 09:55:00,15,3,True,True,False,False,43.6,43.6,55.5,537.0,0.1771,,,,2026-02-04,9.75,AM
35,Threshold_50_15min,717185,2026-02-04 09:45:00,2026-02-04 09:55:00,15,3,True,True,False,False,44.2,41.3,57.6,529.0,0.1268,,,,2026-02-04,9.75,AM
36,Threshold_50_15min,717190,2026-02-04 09:45:00,2026-02-04 09:55:00,15,3,True,True,False,False,43.4,41.9,57.1,541.0,0.1357,,,,2026-02-04,9.75,AM
37,Threshold_50_15min,717185,2026-02-04 12:30:00,2026-02-04 12:40:00,15,3,True,True,False,False,42.9,42.9,57.1,536.0,0.1408,,,,2026-02-04,12.5,Midday
38,Threshold_50_15min,717190,2026-02-04 12:30:00,2026-02-04 12:40:00,15,3,True,True,False,False,43.3,43.3,55.2,549.0,0.1582,,,,2026-02-04,12.5,Midday
39,Threshold_50_15min,717195,2026-02-04 13:00:00,2026-02-04 13:15:00,20,4,True,True,False,False,49.7,39.3,54.9,530.0,0.1341,,,,2026-02-04,13.0,Midday
40,Threshold_50_15min,717198,2026-02-04 13:00:00,2026-02-04 13:10:00,15,3,True,True,False,False,49.8,45.2,56.8,476.0,0.1171,,,,2026-02-04,13.0,Midday
41,Threshold_50_15min,717185,2026-02-04 13:05:00,2026-02-04 19:25:00,385,77,True,True,False,False,47.3,16.8,53.5,512.0,0.1322,,,,2026-02-04,13.083333333333334,Midday
42,Threshold_50_15min,717190,2026-02-04 13:10:00,2026-02-04 19:25:00,380,76,True,True,False,False,47.5,17.6,50.7,448.0,0.1327,,,,2026-02-04,13.166666666666666,Midday
43,Threshold_50_15min,717195,2026-02-04 13:25:00,2026-02-04 13:45:00,25,5,True,True,False,False,48.6,43.3,50.0,487.0,0.1309,,,,2026-02-04,13.416666666666666,Midday
44,Threshold_50_15min,717198,2026-02-04 13:30:00,2026-02-04 13:45:00,20,4,True,True,False,False,49.7,45.0,51.2,495.0,0.1341,,,,2026-02-04,13.5,Midday
45,Threshold_50_15min,716152,2026-02-04 13:40:00,2026-02-04 19:20:00,345,69,True,True,False,False,43.4,22.9,53.1,534.0,0.1772,,,,2026-02-04,13.666666666666666,Midday
46,Threshold_50_15min,717195,2026-02-04 14:05:00,2026-02-04 19:25:00,325,65,True,True,False,False,49.8,22.6,52.5,519.0,0.1274,,,,2026-02-04,14.083333333333334,Midday
47,Threshold_50_15min,717198,2026-02-04 14:05:00,2026-02-04 19:25:00,325,65,True,True,False,False,48.5,22.9,53.0,528.0,0.1257,,,,2026-02-04,14.083333333333334,Midday
48,Threshold_50_15min,716152,2026-02-05 07:40:00,2026-02-05 08:25:00,50,10,True,True,False,False,48.4,44.2,53.4,562.0,0.2279,,,,2026-02-05,7.666666666666667,AM
49,Threshold_50_15min,717185,2026-02-05 07:40:00,2026-02-05 08:25:00,50,10,True,True,False,False,44.7,37.2,55.5,512.0,0.1491,,,,2026-02-05,7.666666666666667,AM
50,Threshold_50_15min,717190,2026-02-05 07:40:00,2026-02-05 08:25:00,50,10,True,True,False,False,49.0,39.2,56.8,520.0,0.1513,,,,2026-02-05,7.666666666666667,AM
51,Threshold_50_15min,717195,2026-02-05 14:00:00,2026-02-05 15:20:00,85,17,True,True,False,False,46.9,31.5,55.1,518.0,0.1263,,,,2026-02-05,14.0,Midday
52,Threshold_50_15min,717198,2026-02-05 14:00:00,2026-02-05 15:20:00,85,17,True,True,False,False,46.4,37.3,52.1,504.0,0.1346,,,,2026-02-05,14.0,Midday
53,Threshold_50_15min,716152,2026-02-05 14:05:00,2026-02-05 15:20:00,80,16,True,True,False,False,43.9,33.8,53.2,529.0,0.1836,,,,2026-02-05,14.083333333333334,Midday
54,Threshold_50_15min,717185,2026-02-05 14:05:00,2026-02-05 15:20:00,80,16,True,True,False,False,48.5,24.6,56.7,501.0,0.1224,,,,2026-02-05,14.083333333333334,Midday
55,Threshold_50_15min,717190,2026-02-05 14:05:00,2026-02-05 15:20:00,80,16,True,True,False,False,46.6,28.3,56.6,520.0,0.1334,,,,2026-02-05,14.083333333333334,Midday
56,Threshold_50_15min,716152,2026-02-05 16:30:00,2026-02-05 18:55:00,150,30,True,True,False,False,43.9,31.6,52.6,566.0,0.211,,,,2026-02-05,16.5,PM
57,Threshold_50_15min,717185,2026-02-05 16:30:00,2026-02-05 19:05:00,160,32,True,True,False,False,47.2,24.8,56.1,512.0,0.1366,,,,2026-02-05,16.5,PM
58,Threshold_50_15min,717190,2026-02-05 16:30:00,2026-02-05 19:00:00,155,31,True,True,False,False,48.0,27.7,57.7,532.0,0.1384,,,,2026-02-05,16.5,PM
59,Threshold_50_15min,717198,2026-02-05 16:30:00,2026-02-05 18:25:00,120,24,True,True,False,False,49.5,41.6,52.4,576.0,0.1635,,,,2026-02-05,16.5,PM
60,Threshold_50_15min,717195,2026-02-05 16:40:00,2026-02-05 18:25:00,110,22,True,True,False,False,49.7,38.6,50.1,516.0,0.1366,,,,2026-02-05,16.666666666666668,PM
61,Threshold_50_15min,717198,2026-02-05 18:35:00,2026-02-05 19:10:00,40,8,True,True,False,False,49.5,42.3,50.8,450.0,0.1068,,,,2026-02-05,18.583333333333332,PM
62,Threshold_50_15min,717195,2026-02-05 18:50:00,2026-02-05 19:10:00,25,5,True,True,False,False,46.9,43.6,51.2,501.0,0.1244,,,,2026-02-05,18.833333333333332,PM
63,Threshold_50_15min,717185,2026-02-06 07:35:00,2026-02-06 08:10:00,40,8,True,True,False,False,42.7,29.5,52.6,512.0,0.1577,,,,2026-02-06,7.583333333333333,AM
64,Threshold_50_15min,717190,2026-02-06 07:35:00,2026-02-06 08:15:00,45,9,True,True,False,False,46.8,34.1,52.8,528.0,0.1637,,,,2026-02-06,7.583333333333333,AM
65,Threshold_50_15min,717195,2026-02-06 07:40:00,2026-02-06 08:15:00,40,8,True,True,False,False,44.2,35.1,54.9,554.0,0.1393,,,,2026-02-06,7.666666666666667,AM
66,Threshold_50_15min,717198,2026-02-06 07:40:00,2026-02-06 08:20:00,45,9,True,True,False,False,49.9,39.3,58.4,517.0,0.1222,,,,2026-02-06,7.666666666666667,AM
67,Threshold_50_15min,716152,2026-02-06 07:45:00,2026-02-06 08:20:00,40,8,True,True,False,False,39.6,36.5,51.0,609.0,0.2011,,,,2026-02-06,7.75,AM
68,Threshold_50_15min,716152,2026-02-06 12:30:00,2026-02-06 18:40:00,375,75,True,True,False,False,48.3,31.7,53.8,543.0,0.2017,,,,2026-02-06,12.5,Midday
69,Threshold_50_15min,717185,2026-02-06 12:30:00,2026-02-06 19:10:00,405,81,True,True,False,False,49.7,22.2,55.3,522.0,0.135,,,,2026-02-06,12.5,Midday
70,Threshold_50_15min,717190,2026-02-06 12:30:00,2026-02-06 19:10:00,405,81,True,True,False,False,46.0,23.9,54.0,536.0,0.1455,,,,2026-02-06,12.5,Midday
71,Threshold_50_15min,717195,2026-02-06 12:40:00,2026-02-06 18:50:00,375,75,True,True,False,False,46.0,30.0,51.6,526.0,0.1411,,,,2026-02-06,12.666666666666666,Midday
72,Threshold_50_15min,717198,2026-02-06 12:40:00,2026-02-06 18:50:00,375,75,True,True,False,False,46.4,31.4,53.2,503.0,0.1251,,,,2026-02-06,12.666666666666666,Midday
73,Threshold_50_15min,717195,2026-02-06 19:05:00,2026-02-06 19:20:00,20,4,True,True,False,False,49.5,45.2,52.0,525.0,0.1322,,,,2026-02-06,19.083333333333332,PM
74,Threshold_50_15min,717198,2026-02-06 19:05:00,2026-02-06 19:25:00,25,5,True,True,False,False,49.3,44.5,50.2,519.0,0.1308,,,,2026-02-06,19.083333333333332,PM
75,Threshold_50_15min,716152,2026-02-06 19:25:00,2026-02-06 19:35:00,15,3,True,True,False,False,44.8,44.5,51.1,518.0,0.1828,,,,2026-02-06,19.416666666666668,PM
76,Threshold_50_15min,717195,2026-02-07 13:25:00,2026-02-07 13:50:00,30,6,True,True,False,False,47.0,38.3,56.6,562.0,0.1275,,,,2026-02-07,13.416666666666666,Midday
77,Threshold_50_15min,717198,2026-02-07 13:25:00,2026-02-07 13:55:00,35,7,True,True,False,False,45.7,40.7,53.1,563.0,0.1433,,,,2026-02-07,13.416666666666666,Midday
78,Threshold_50_15min,716152,2026-02-07 13:30:00,2026-02-07 17:55:00,270,54,True,True,False,False,48.7,29.8,54.9,549.0,0.1507,,,,2026-02-07,13.5,Midday
79,Threshold_50_15min,717185,2026-02-07 13:30:00,2026-02-07 17:50:00,265,53,True,True,False,False,47.4,20.2,52.1,494.0,0.1203,,,,2026-02-07,13.5,Midday
80,Threshold_50_15min,717190,2026-02-07 13:30:00,2026-02-07 17:50:00,265,53,True,True,False,False,47.1,21.8,54.0,517.0,0.1201,,,,2026-02-07,13.5,Midday
81,Threshold_50_15min,717195,2026-02-07 14:10:00,2026-02-07 18:05:00,240,48,True,True,False,False,47.2,32.0,51.4,518.0,0.122,,,,2026-02-07,14.166666666666666,Midday
82,Threshold_50_15min,717198,2026-02-07 14:10:00,2026-02-07 17:55:00,230,46,True,True,False,False,46.8,34.8,51.4,524.0,0.1214,,,,2026-02-07,14.166666666666666,Midday
83,Threshold_50_15min,717195,2026-02-07 18:20:00,2026-02-07 18:40:00,25,5,True,True,False,False,43.9,43.9,50.8,412.0,0.3474,,,,2026-02-07,18.333333333333332,PM
84,Threshold_50_15min,717185,2026-02-09 12:20:00,2026-02-09 12:55:00,40,8,True,True,False,False,45.4,17.1,59.1,296.0,0.0706,,,,2026-02-09,12.333333333333334,Midday
85,Threshold_50_15min,717190,2026-02-09 12:20:00,2026-02-09 12:55:00,40,8,True,True,False,False,46.5,16.6,59.5,311.0,0.0717,,,,2026-02-09,12.333333333333334,Midday
86,Threshold_50_15min,717198,2026-02-09 12:35:00,2026-02-09 13:05:00,35,7,True,True,False,False,45.1,26.7,60.3,348.0,0.0773,,,,2026-02-09,12.583333333333334,Midday
87,Threshold_50_15min,717185,2026-02-09 13:35:00,2026-02-09 18:15:00,285,57,True,True,False,False,46.0,19.4,54.0,549.0,0.1456,,,,2026-02-09,13.583333333333334,Midday
88,Threshold_50_15min,717190,2026-02-09 13:35:00,2026-02-09 18:15:00,285,57,True,True,False,False,45.5,20.6,51.9,540.0,0.1552,,,,2026-02-09,13.583333333333334,Midday
89,Threshold_50_15min,717198,2026-02-09 14:10:00,2026-02-09 16:55:00,170,34,True,True,False,False,47.3,25.9,51.2,557.0,0.1517,,,,2026-02-09,14.166666666666666,Midday
90,Threshold_50_15min,717198,2026-02-09 17:05:00,2026-02-09 18:30:00,90,18,True,True,False,False,49.7,37.6,50.3,540.0,0.1343,,,,2026-02-09,17.083333333333332,PM
91,Threshold_50_15min,717198,2026-02-10 07:30:00,2026-02-10 08:10:00,45,9,True,True,False,False,48.2,38.9,60.8,557.0,0.1234,,,,2026-02-10,7.5,AM
92,Threshold_50_15min,716152,2026-02-10 07:35:00,2026-02-10 08:20:00,50,10,True,True,False,False,46.3,38.0,51.6,558.0,0.2131,,,,2026-02-10,7.583333333333333,AM
93,Threshold_50_15min,717185,2026-02-10 07:35:00,2026-02-10 08:20:00,50,10,True,True,False,False,44.3,35.5,59.9,561.0,0.1373,,,,2026-02-10,7.583333333333333,AM
94,Threshold_50_15min,717190,2026-02-10 07:35:00,2026-02-10 08:20:00,50,10,True,True,False,False,46.0,38.5,58.8,574.0,0.1459,,,,2026-02-10,7.583333333333333,AM
95,Threshold_50_15min,717195,2026-02-10 07:35:00,2026-02-10 08:10:00,40,8,True,True,False,False,43.6,37.4,51.2,548.0,0.1906,,,,2026-02-10,7.583333333333333,AM
96,Threshold_50_15min,716152,2026-02-10 12:10:00,2026-02-10 12:35:00,30,6,True,True,False,False,46.5,44.0,50.6,484.0,0.173,,,,2026-02-10,12.166666666666666,Midday
97,Threshold_50_15min,717185,2026-02-10 12:10:00,2026-02-10 12:30:00,25,5,True,True,False,False,45.2,32.5,57.1,474.0,0.1217,,,,2026-02-10,12.166666666666666,Midday
98,Threshold_50_15min,717190,2026-02-10 12:10:00,2026-02-10 12:30:00,25,5,True,True,False,False,44.9,34.7,56.6,465.0,0.1253,,,,2026-02-10,12.166666666666666,Midday
99,Threshold_50_15min,716152,2026-02-10 13:30:00,2026-02-10 19:20:00,355,71,True,True,False,False,48.2,27.0,55.5,554.0,0.171,,,,2026-02-10,13.5,Midday
100,Threshold_50_15min,717195,2026-02-10 13:30:00,2026-02-10 14:40:00,75,15,True,True,False,False,46.7,39.0,50.8,571.0,0.1467,,,,2026-02-10,13.5,Midday
101,Threshold_50_15min,717198,2026-02-10 13:30:00,2026-02-10 14:40:00,75,15,True,True,False,False,45.3,41.1,50.4,544.0,0.1336,,,,2026-02-10,13.5,Midday
102,Threshold_50_15min,717185,2026-02-10 13:35:00,2026-02-10 19:20:00,350,70,True,True,False,False,45.2,23.4,54.1,498.0,0.1322,,,,2026-02-10,13.583333333333334,Midday
103,Threshold_50_15min,717190,2026-02-10 13:35:00,2026-02-10 19:20:00,350,70,True,True,False,False,45.1,24.4,53.7,502.0,0.1374,,,,2026-02-10,13.583333333333334,Midday
104,Threshold_50_15min,717195,2026-02-10 14:55:00,2026-02-10 16:50:00,120,24,True,True,False,False,48.2,37.0,51.8,519.0,0.1371,,,,2026-02-10,14.916666666666666,Midday
105,Threshold_50_15min,717198,2026-02-10 14:55:00,2026-02-10 19:10:00,260,52,True,True,False,False,48.8,33.4,51.8,539.0,0.1323,,,,2026-02-10,14.916666666666666,Midday
106,Threshold_50_15min,717195,2026-02-10 17:00:00,2026-02-10 19:00:00,125,25,True,True,False,False,47.0,33.1,50.0,504.0,0.1314,,,,2026-02-10,17.0,PM
107,Threshold_50_15min,716152,2026-02-11 07:30:00,2026-02-11 08:25:00,60,12,True,True,False,False,47.4,30.2,54.1,536.0,0.1945,,,,2026-02-11,7.5,AM
108,Threshold_50_15min,717185,2026-02-11 07:30:00,2026-02-11 08:25:00,60,12,True,True,False,False,47.6,27.3,59.5,512.0,0.1194,,,,2026-02-11,7.5,AM
109,Threshold_50_15min,717190,2026-02-11 07:30:00,2026-02-11 08:30:00,65,13,True,True,False,False,48.5,27.9,58.2,537.0,0.1381,,,,2026-02-11,7.5,AM
110,Threshold_50_15min,717195,2026-02-11 07:30:00,2026-02-11 08:10:00,45,9,True,True,False,False,43.7,34.0,56.1,521.0,0.1332,,,,2026-02-11,7.5,AM
111,Threshold_50_15min,717198,2026-02-11 07:30:00,2026-02-11 08:10:00,45,9,True,True,False,False,46.6,37.1,57.5,476.0,0.1179,,,,2026-02-11,7.5,AM
112,Threshold_50_15min,716152,2026-02-11 08:40:00,2026-02-11 08:50:00,15,3,True,True,False,False,44.0,44.0,53.4,576.0,0.1833,,,,2026-02-11,8.666666666666666,AM
113,Threshold_50_15min,717185,2026-02-11 08:40:00,2026-02-11 08:55:00,20,4,True,True,False,False,49.1,44.9,56.4,524.0,0.1162,,,,2026-02-11,8.666666666666666,AM
114,Threshold_50_15min,717190,2026-02-11 08:40:00,2026-02-11 08:50:00,15,3,True,True,False,False,48.9,47.0,55.2,551.0,0.1269,,,,2026-02-11,8.666666666666666,AM
115,Threshold_50_15min,716152,2026-02-11 13:40:00,2026-02-11 19:00:00,325,65,True,True,False,False,47.5,30.6,58.2,602.0,0.189,,,,2026-02-11,13.666666666666666,Midday
116,Threshold_50_15min,717190,2026-02-11 13:40:00,2026-02-11 19:00:00,325,65,True,True,False,False,49.5,25.5,58.6,555.0,0.1317,,,,2026-02-11,13.666666666666666,Midday
117,Threshold_50_15min,717195,2026-02-11 13:40:00,2026-02-11 14:20:00,45,9,True,True,False,False,48.0,39.4,51.7,573.0,0.1631,,,,2026-02-11,13.666666666666666,Midday
118,Threshold_50_15min,717185,2026-02-11 13:45:00,2026-02-11 19:00:00,320,64,True,True,False,False,45.8,25.2,54.5,499.0,0.1415,,,,2026-02-11,13.75,Midday
119,Threshold_50_15min,717198,2026-02-11 13:45:00,2026-02-11 14:10:00,30,6,True,True,False,False,46.7,43.1,50.2,520.0,0.1415,,,,2026-02-11,13.75,Midday
120,Threshold_50_15min,717195,2026-02-11 14:30:00,2026-02-11 15:15:00,50,10,True,True,False,False,49.9,39.6,50.9,543.0,0.1336,,,,2026-02-11,14.5,Midday
121,Threshold_50_15min,717198,2026-02-11 14:45:00,2026-02-11 15:15:00,35,7,True,True,False,False,49.1,41.1,50.7,494.0,0.1265,,,,2026-02-11,14.75,Midday
122,Threshold_50_15min,717198,2026-02-11 15:35:00,2026-02-11 16:05:00,35,7,True,True,False,False,49.6,37.6,50.3,518.0,0.1306,,,,2026-02-11,15.583333333333334,PM
123,Threshold_50_15min,717195,2026-02-11 15:40:00,2026-02-11 16:05:00,30,6,True,True,False,False,48.5,37.1,50.3,547.0,0.153,,,,2026-02-11,15.666666666666666,PM
124,Threshold_50_15min,717195,2026-02-11 16:30:00,2026-02-11 19:00:00,155,31,True,True,False,False,43.1,36.9,52.0,503.0,0.1299,,,,2026-02-11,16.5,PM
125,Threshold_50_15min,717198,2026-02-11 16:30:00,2026-02-11 19:00:00,155,31,True,True,False,False,43.7,37.1,50.3,518.0,0.1346,,,,2026-02-11,16.5,PM
126,Threshold_50_15min,716152,2026-02-12 07:25:00,2026-02-12 09:10:00,110,22,True,True,False,False,49.3,27.7,52.7,513.0,0.1843,,,,2026-02-12,7.416666666666667,AM
127,Threshold_50_15min,717185,2026-02-12 07:35:00,2026-02-12 09:15:00,105,21,True,True,False,False,39.9,24.2,50.7,534.0,0.1546,,,,2026-02-12,7.583333333333333,AM
128,Threshold_50_15min,717190,2026-02-12 07:35:00,2026-02-12 09:10:00,100,20,True,True,False,False,41.4,27.5,53.6,564.0,0.148,,,,2026-02-12,7.583333333333333,AM
129,Threshold_50_15min,717195,2026-02-12 07:45:00,2026-02-12 08:50:00,70,14,True,True,False,False,47.2,32.1,56.2,559.0,0.1271,,,,2026-02-12,7.75,AM
130,Threshold_50_15min,717198,2026-02-12 07:45:00,2026-02-12 08:45:00,65,13,True,True,False,False,47.2,35.0,54.7,554.0,0.1265,,,,2026-02-12,7.75,AM
131,Threshold_50_15min,716152,2026-02-12 13:40:00,2026-02-12 19:35:00,360,72,True,True,False,False,45.5,28.4,55.1,534.0,0.163,,,,2026-02-12,13.666666666666666,Midday
132,Threshold_50_15min,717195,2026-02-12 13:40:00,2026-02-12 19:30:00,355,71,True,True,False,False,42.5,32.5,54.3,537.0,0.1298,,,,2026-02-12,13.666666666666666,Midday
133,Threshold_50_15min,717198,2026-02-12 13:40:00,2026-02-12 19:30:00,355,71,True,True,False,False,41.5,35.2,53.6,529.0,0.1263,,,,2026-02-12,13.666666666666666,Midday
134,Threshold_50_15min,717185,2026-02-12 13:45:00,2026-02-12 19:20:00,340,68,True,True,False,False,36.3,22.3,50.2,536.0,0.1478,,,,2026-02-12,13.75,Midday
135,Threshold_50_15min,717190,2026-02-12 13:45:00,2026-02-12 19:20:00,340,68,True,True,False,False,36.7,23.1,50.2,533.0,0.1551,,,,2026-02-12,13.75,Midday
136,Threshold_50_15min,716152,2026-02-13 07:20:00,2026-02-13 08:20:00,65,13,True,True,False,False,48.0,36.2,56.4,537.0,0.1716,,,,2026-02-13,7.333333333333333,AM
137,Threshold_50_15min,717185,2026-02-13 07:25:00,2026-02-13 07:35:00,15,3,True,True,False,False,45.2,45.2,61.1,549.0,0.1226,,,,2026-02-13,7.416666666666667,AM
138,Threshold_50_15min,717195,2026-02-13 07:40:00,2026-02-13 07:50:00,15,3,True,True,False,False,47.2,40.8,56.7,569.0,0.1344,,,,2026-02-13,7.666666666666667,AM
139,Threshold_50_15min,717185,2026-02-13 07:45:00,2026-02-13 08:20:00,40,8,True,True,False,False,41.1,33.7,51.6,539.0,0.133,,,,2026-02-13,7.75,AM
140,Threshold_50_15min,717190,2026-02-13 07:45:00,2026-02-13 08:20:00,40,8,True,True,False,False,41.4,35.8,51.9,575.0,0.1459,,,,2026-02-13,7.75,AM
141,Threshold_50_15min,716152,2026-02-13 11:20:00,2026-02-13 15:35:00,260,52,True,True,False,False,48.8,28.3,56.1,586.0,0.1836,,,,2026-02-13,11.333333333333334,Midday
142,Threshold_50_15min,717185,2026-02-13 11:25:00,2026-02-13 15:35:00,255,51,True,True,False,False,46.7,23.4,53.9,537.0,0.1482,,,,2026-02-13,11.416666666666666,Midday
143,Threshold_50_15min,717190,2026-02-13 11:25:00,2026-02-13 15:35:00,255,51,True,True,False,False,44.7,23.0,50.8,548.0,0.1751,,,,2026-02-13,11.416666666666666,Midday
144,Threshold_50_15min,717195,2026-02-13 11:40:00,2026-02-13 11:55:00,20,4,True,True,False,False,45.5,45.1,53.0,525.0,0.1368,,,,2026-02-13,11.666666666666666,Midday
145,Threshold_50_15min,717195,2026-02-13 12:15:00,2026-02-13 15:35:00,205,41,True,True,False,False,48.2,34.6,50.1,516.0,0.1361,,,,2026-02-13,12.25,Midday
146,Threshold_50_15min,717198,2026-02-13 12:25:00,2026-02-13 12:50:00,30,6,True,True,False,False,49.7,39.1,50.5,538.0,0.1404,,,,2026-02-13,12.416666666666666,Midday
147,Threshold_50_15min,717198,2026-02-13 13:00:00,2026-02-13 15:40:00,165,33,True,True,False,False,49.5,35.8,50.3,562.0,0.1422,,,,2026-02-13,13.0,Midday
148,Threshold_50_15min,716152,2026-02-13 16:10:00,2026-02-13 18:30:00,145,29,True,True,False,False,49.9,30.3,58.4,527.0,0.1548,,,,2026-02-13,16.166666666666668,PM
149,Threshold_50_15min,717185,2026-02-13 16:15:00,2026-02-13 18:25:00,135,27,True,True,False,False,40.5,24.5,51.8,483.0,0.1431,,,,2026-02-13,16.25,PM
150,Threshold_50_15min,717190,2026-02-13 16:15:00,2026-02-13 18:25:00,135,27,True,True,False,False,40.0,26.0,50.2,513.0,0.1697,,,,2026-02-13,16.25,PM
151,Threshold_50_15min,717195,2026-02-13 16:15:00,2026-02-13 18:25:00,135,27,True,True,False,False,46.7,36.4,55.1,528.0,0.1365,,,,2026-02-13,16.25,PM
152,Threshold_50_15min,717198,2026-02-13 16:15:00,2026-02-13 18:25:00,135,27,True,True,False,False,47.9,37.0,55.0,486.0,0.1204,,,,2026-02-13,16.25,PM
153,Threshold_50_15min,717185,2026-02-13 18:45:00,2026-02-13 19:05:00,25,5,True,True,False,False,46.8,43.5,51.5,476.0,0.1285,,,,2026-02-13,18.75,PM
154,Threshold_50_15min,717190,2026-02-13 18:45:00,2026-02-13 19:00:00,20,4,True,True,False,False,46.5,45.1,51.1,481.0,0.1355,,,,2026-02-13,18.75,PM
155,Threshold_50_15min,717195,2026-02-13 18:45:00,2026-02-13 18:55:00,15,3,True,True,False,False,49.5,47.1,53.1,474.0,0.1153,,,,2026-02-13,18.75,PM
156,Threshold_50_15min,717198,2026-02-13 18:45:00,2026-02-13 19:55:00,75,15,True,False,False,True,48.2,43.2,53.0,461.0,0.107,,,,2026-02-13,18.75,PM
157,Threshold_50_15min,716152,2026-02-13 18:50:00,2026-02-13 19:00:00,15,3,True,True,False,False,48.4,46.8,51.9,531.0,0.1714,,,,2026-02-13,18.833333333333332,PM
158,Threshold_50_15min,717195,2026-02-13 19:05:00,2026-02-13 19:15:00,15,3,True,True,False,False,49.7,47.0,50.1,504.0,0.1283,,,,2026-02-13,19.083333333333332,PM
159,Threshold_50_15min,716152,2026-02-13 19:10:00,2026-02-13 19:55:00,50,10,True,False,False,True,48.6,37.6,51.4,521.0,0.1579,,,,2026-02-13,19.166666666666668,PM
160,Threshold_50_15min,717185,2026-02-13 19:15:00,2026-02-13 19:55:00,45,9,True,False,False,True,40.9,33.8,51.3,468.0,0.1184,,,,2026-02-13,19.25,PM
161,Threshold_50_15min,717190,2026-02-13 19:15:00,2026-02-13 19:55:00,45,9,True,False,False,True,41.3,36.0,51.4,493.0,0.1297,,,,2026-02-13,19.25,PM
162,Threshold_50_15min,717195,2026-02-13 19:25:00,2026-02-13 19:55:00,35,7,True,False,False,True,45.7,41.1,51.0,491.0,0.1209,,,,2026-02-13,19.416666666666668,PM
163,Threshold_50_15min,717185,2026-02-14 09:05:00,2026-02-14 09:45:00,45,9,True,True,False,False,40.3,14.3,56.8,325.0,0.0738,,,,2026-02-14,9.083333333333334,AM
164,Threshold_50_15min,717190,2026-02-14 09:05:00,2026-02-14 09:45:00,45,9,True,True,False,False,42.6,14.6,59.1,346.0,0.0758,,,,2026-02-14,9.083333333333334,AM
165,Threshold_50_15min,716152,2026-02-14 09:20:00,2026-02-14 09:50:00,35,7,True,True,False,False,37.3,21.1,52.0,343.0,0.1142,,,,2026-02-14,9.333333333333334,AM
166,Threshold_50_15min,717195,2026-02-14 09:30:00,2026-02-14 09:55:00,30,6,True,True,False,False,35.5,25.9,50.6,363.0,0.1094,,,,2026-02-14,9.5,AM
167,Threshold_50_15min,717198,2026-02-14 09:30:00,2026-02-14 10:00:00,35,7,True,True,False,False,40.1,31.0,54.9,392.0,0.1028,,,,2026-02-14,9.5,AM
168,Threshold_50_15min,717195,2026-02-14 10:35:00,2026-02-14 10:45:00,15,3,True,True,False,False,47.7,36.6,62.9,524.0,0.0992,,,,2026-02-14,10.583333333333334,Midday
169,Threshold_50_15min,717198,2026-02-14 10:35:00,2026-02-14 10:45:00,15,3,True,True,False,False,46.9,35.4,63.6,499.0,0.0945,,,,2026-02-14,10.583333333333334,Midday
170,Threshold_50_15min,717195,2026-02-14 12:20:00,2026-02-14 12:40:00,25,5,True,True,False,False,43.7,38.8,53.3,539.0,0.115,,,,2026-02-14,12.333333333333334,Midday
171,Threshold_50_15min,717198,2026-02-14 12:20:00,2026-02-14 12:40:00,25,5,True,True,False,False,41.1,39.2,50.3,531.0,0.1224,,,,2026-02-14,12.333333333333334,Midday
172,Threshold_50_15min,716152,2026-02-14 12:25:00,2026-02-14 12:45:00,25,5,True,True,False,False,41.8,41.8,50.0,533.0,0.1869,,,,2026-02-14,12.416666666666666,Midday
173,Threshold_50_15min,717185,2026-02-14 12:30:00,2026-02-14 12:45:00,20,4,True,True,False,False,48.4,39.1,55.6,477.0,0.109,,,,2026-02-14,12.5,Midday
174,Threshold_50_15min,717190,2026-02-14 12:30:00,2026-02-14 12:45:00,20,4,True,True,False,False,48.1,37.4,54.1,524.0,0.1316,,,,2026-02-14,12.5,Midday
175,Threshold_50_15min,717198,2026-02-14 14:20:00,2026-02-14 15:30:00,75,15,True,True,False,False,47.8,38.1,56.8,518.0,0.1093,,,,2026-02-14,14.333333333333334,Midday
176,Threshold_50_15min,716152,2026-02-14 14:25:00,2026-02-14 17:10:00,170,34,True,True,False,False,48.4,31.4,58.8,572.0,0.157,,,,2026-02-14,14.416666666666666,Midday
177,Threshold_50_15min,717185,2026-02-14 14:30:00,2026-02-14 18:10:00,225,45,True,True,False,False,46.7,22.9,57.9,513.0,0.1185,,,,2026-02-14,14.5,Midday
178,Threshold_50_15min,717190,2026-02-14 14:35:00,2026-02-14 17:10:00,160,32,True,True,False,False,45.2,25.5,50.0,509.0,0.151,,,,2026-02-14,14.583333333333334,Midday
179,Threshold_50_15min,717195,2026-02-14 14:35:00,2026-02-14 15:30:00,60,12,True,True,False,False,41.4,35.1,51.1,530.0,0.1214,,,,2026-02-14,14.583333333333334,Midday
180,Threshold_50_15min,717195,2026-02-14 15:55:00,2026-02-14 16:10:00,20,4,True,True,False,False,49.9,45.8,50.6,535.0,0.1229,,,,2026-02-14,15.916666666666666,PM
181,Threshold_50_15min,717198,2026-02-14 15:55:00,2026-02-14 16:10:00,20,4,True,True,False,False,49.3,46.2,50.4,525.0,0.1227,,,,2026-02-14,15.916666666666666,PM
182,Threshold_50_15min,717195,2026-02-14 16:30:00,2026-02-14 17:05:00,40,8,True,True,False,False,42.2,37.1,51.9,550.0,0.1258,,,,2026-02-14,16.5,PM
183,Threshold_50_15min,717198,2026-02-14 16:30:00,2026-02-14 17:05:00,40,8,True,True,False,False,41.2,37.7,50.5,536.0,0.1275,,,,2026-02-14,16.5,PM
184,Threshold_50_15min,717190,2026-02-14 17:35:00,2026-02-14 18:10:00,40,8,True,True,False,False,46.9,39.2,50.1,447.0,0.1227,,,,2026-02-14,17.583333333333332,PM
185,Threshold_50_15min,716152,2026-02-14 17:45:00,2026-02-14 18:15:00,35,7,True,True,False,False,47.6,43.2,52.3,551.0,0.1704,,,,2026-02-14,17.75,PM
186,Threshold_50_15min,717195,2026-02-14 17:50:00,2026-02-14 18:15:00,30,6,True,True,False,False,43.0,41.0,53.0,545.0,0.131,,,,2026-02-14,17.833333333333332,PM
187,Threshold_50_15min,717198,2026-02-14 17:50:00,2026-02-14 18:15:00,30,6,True,True,False,False,44.8,41.9,50.9,517.0,0.1333,,,,2026-02-14,17.833333333333332,PM
188,Threshold_50_15min,716152,2026-02-14 18:35:00,2026-02-14 18:55:00,25,5,True,True,False,False,47.5,41.6,54.8,494.0,0.1468,,,,2026-02-14,18.583333333333332,PM
189,Threshold_50_15min,717190,2026-02-14 18:35:00,2026-02-14 18:45:00,15,3,True,True,False,False,47.6,43.0,56.6,490.0,0.1133,,,,2026-02-14,18.583333333333332,PM
190,Threshold_50_15min,717198,2026-02-14 18:45:00,2026-02-14 18:55:00,15,3,True,True,False,False,49.1,41.7,51.5,524.0,0.1316,,,,2026-02-14,18.75,PM
191,Threshold_50_15min,717195,2026-02-16 09:15:00,2026-02-16 10:15:00,65,13,True,True,False,False,47.7,42.2,51.3,394.0,0.1782,,,,2026-02-16,9.25,AM
192,Threshold_50_15min,717195,2026-02-16 10:30:00,2026-02-16 16:00:00,335,67,True,True,False,False,44.1,26.9,51.1,336.0,0.2002,,,,2026-02-16,10.5,Midday
193,Threshold_50_15min,717185,2026-02-16 11:30:00,2026-02-16 12:50:00,85,17,True,True,False,False,49.9,33.3,50.4,396.0,0.1064,,,,2026-02-16,11.5,Midday
194,Threshold_50_15min,717190,2026-02-16 11:35:00,2026-02-16 12:50:00,80,16,True,True,False,False,46.9,33.7,50.6,339.0,0.0934,,,,2026-02-16,11.583333333333334,Midday
195,Threshold_50_15min,717198,2026-02-16 11:40:00,2026-02-16 13:30:00,115,23,True,True,False,False,49.0,32.4,50.8,363.0,0.1015,,,,2026-02-16,11.666666666666666,Midday
197,Threshold_50_15min,717185,2026-02-16 13:10:00,2026-02-16 13:30:00,25,5,True,True,False,False,48.9,47.7,50.5,308.0,0.0832,,,,2026-02-16,13.166666666666666,Midday
198,Threshold_50_15min,717190,2026-02-16 13:10:00,2026-02-16 13:30:00,25,5,True,True,False,False,48.8,48.4,50.5,326.0,0.0886,,,,2026-02-16,13.166666666666666,Midday
199,Threshold_50_15min,717185,2026-02-16 13:40:00,2026-02-16 16:10:00,155,31,True,True,False,False,43.9,19.0,51.4,360.0,0.0892,,,,2026-02-16,13.666666666666666,Midday
200,Threshold_50_15min,717190,2026-02-16 13:40:00,2026-02-16 16:10:00,155,31,True,True,False,False,43.4,20.0,51.0,376.0,0.0961,,,,2026-02-16,13.666666666666666,Midday
201,Threshold_50_15min,717198,2026-02-16 13:40:00,2026-02-16 16:05:00,150,30,True,True,False,False,49.5,28.9,51.1,369.0,0.087,,,,2026-02-16,13.666666666666666,Midday
203,Threshold_50_15min,716152,2026-02-16 14:30:00,2026-02-16 14:55:00,30,6,True,True,False,False,49.3,41.5,51.1,422.0,0.2524,,,,2026-02-16,14.5,Midday
204,Threshold_50_15min,717185,2026-02-16 17:05:00,2026-02-16 17:40:00,40,8,True,True,False,False,49.1,28.6,50.5,405.0,0.1131,,,,2026-02-16,17.083333333333332,PM
205,Threshold_50_15min,717190,2026-02-16 17:05:00,2026-02-16 17:35:00,35,7,True,True,False,False,48.6,31.9,51.1,422.0,0.1199,,,,2026-02-16,17.083333333333332,PM
206,Threshold_50_15min,717195,2026-02-16 17:05:00,2026-02-16 17:40:00,40,8,True,True,False,False,49.1,34.2,51.3,439.0,0.1234,,,,2026-02-16,17.083333333333332,PM
207,Threshold_50_15min,717198,2026-02-16 17:05:00,2026-02-16 17:40:00,40,8,True,True,False,False,48.8,34.9,51.6,400.0,0.1064,,,,2026-02-16,17.083333333333332,PM
208,Threshold_50_15min,716152,2026-02-17 13:30:00,2026-02-17 13:45:00,20,4,True,True,False,False,48.4,40.7,58.4,522.0,0.1562,,,,2026-02-17,13.5,Midday
209,Threshold_50_15min,717190,2026-02-17 13:35:00,2026-02-17 13:50:00,20,4,True,True,False,False,46.1,43.2,57.8,547.0,0.1341,,,,2026-02-17,13.583333333333334,Midday
210,Threshold_50_15min,717185,2026-02-17 13:40:00,2026-02-17 13:50:00,15,3,True,True,False,False,43.0,40.0,51.3,437.0,0.132,,,,2026-02-17,13.666666666666666,Midday
211,Threshold_50_15min,716152,2026-02-17 15:00:00,2026-02-17 18:05:00,190,38,True,True,False,False,46.4,31.4,50.3,506.0,0.218,,,,2026-02-17,15.0,PM
212,Threshold_50_15min,717185,2026-02-17 15:00:00,2026-02-17 18:05:00,190,38,True,True,False,False,48.9,27.6,57.6,513.0,0.1263,,,,2026-02-17,15.0,PM
213,Threshold_50_15min,717190,2026-02-17 15:00:00,2026-02-17 18:10:00,195,39,True,True,False,False,46.1,28.1,56.3,533.0,0.1431,,,,2026-02-17,15.0,PM
214,Threshold_50_15min,717195,2026-02-17 15:30:00,2026-02-17 15:45:00,20,4,True,True,False,False,48.2,37.0,52.7,501.0,0.139,,,,2026-02-17,15.5,PM
215,Threshold_50_15min,717198,2026-02-17 15:30:00,2026-02-17 15:45:00,20,4,True,True,False,False,47.7,39.5,51.2,500.0,0.138,,,,2026-02-17,15.5,PM
216,Threshold_50_15min,717195,2026-02-17 15:55:00,2026-02-17 16:10:00,20,4,True,True,False,False,49.0,41.0,51.8,571.0,0.1289,,,,2026-02-17,15.916666666666666,PM
217,Threshold_50_15min,717198,2026-02-17 15:55:00,2026-02-17 16:15:00,25,5,True,True,False,False,49.6,45.3,50.2,563.0,0.1294,,,,2026-02-17,15.916666666666666,PM
218,Threshold_50_15min,717195,2026-02-17 16:25:00,2026-02-17 18:05:00,105,21,True,True,False,False,48.3,35.7,51.1,561.0,0.1474,,,,2026-02-17,16.416666666666668,PM
219,Threshold_50_15min,717198,2026-02-17 16:25:00,2026-02-17 18:05:00,105,21,True,True,False,False,47.4,35.3,50.0,565.0,0.1435,,,,2026-02-17,16.416666666666668,PM
220,Threshold_50_15min,717185,2026-02-17 18:35:00,2026-02-17 18:45:00,15,3,True,True,False,False,48.1,44.2,51.0,488.0,0.1229,,,,2026-02-17,18.583333333333332,PM
221,Threshold_50_15min,716152,2026-02-17 18:40:00,2026-02-17 18:55:00,20,4,True,True,False,False,46.8,46.2,54.7,484.0,0.1558,,,,2026-02-17,18.666666666666668,PM
222,Threshold_50_15min,717195,2026-02-18 07:30:00,2026-02-18 08:35:00,70,14,True,True,False,False,44.1,14.4,62.7,618.0,0.1289,,,,2026-02-18,7.5,AM
223,Threshold_50_15min,717198,2026-02-18 07:30:00,2026-02-18 08:30:00,65,13,True,True,False,False,45.2,17.1,64.2,515.0,0.1074,,,,2026-02-18,7.5,AM
224,Threshold_50_15min,716152,2026-02-18 07:35:00,2026-02-18 08:40:00,70,14,True,True,False,False,34.9,15.2,53.4,550.0,0.2023,,,,2026-02-18,7.583333333333333,AM
225,Threshold_50_15min,717185,2026-02-18 07:35:00,2026-02-18 08:35:00,65,13,True,True,False,False,42.9,13.4,63.2,550.0,0.1177,,,,2026-02-18,7.583333333333333,AM
226,Threshold_50_15min,717190,2026-02-18 07:35:00,2026-02-18 08:35:00,65,13,True,True,False,False,41.9,14.3,62.8,566.0,0.125,,,,2026-02-18,7.583333333333333,AM
227,Threshold_50_15min,716152,2026-02-18 13:05:00,2026-02-18 13:25:00,25,5,True,True,False,False,48.0,43.5,57.4,551.0,0.1722,,,,2026-02-18,13.083333333333334,Midday
228,Threshold_50_15min,717185,2026-02-18 13:10:00,2026-02-18 18:45:00,340,68,True,True,False,False,48.4,23.2,55.8,485.0,0.1217,,,,2026-02-18,13.166666666666666,Midday
229,Threshold_50_15min,717190,2026-02-18 13:10:00,2026-02-18 18:45:00,340,68,True,True,False,False,43.5,24.4,53.6,509.0,0.1398,,,,2026-02-18,13.166666666666666,Midday
230,Threshold_50_15min,717195,2026-02-18 13:25:00,2026-02-18 13:45:00,25,5,True,True,False,False,48.2,39.5,52.1,546.0,0.1445,,,,2026-02-18,13.416666666666666,Midday
231,Threshold_50_15min,717198,2026-02-18 13:30:00,2026-02-18 13:45:00,20,4,True,True,False,False,47.5,38.8,50.0,517.0,0.15,,,,2026-02-18,13.5,Midday
232,Threshold_50_15min,716152,2026-02-18 13:35:00,2026-02-18 18:55:00,325,65,True,True,False,False,47.8,29.8,51.8,516.0,0.1599,,,,2026-02-18,13.583333333333334,Midday
233,Threshold_50_15min,717195,2026-02-18 14:10:00,2026-02-18 14:55:00,50,10,True,True,False,False,44.7,40.6,52.4,570.0,0.1497,,,,2026-02-18,14.166666666666666,Midday
234,Threshold_50_15min,717198,2026-02-18 14:10:00,2026-02-18 14:50:00,45,9,True,True,False,False,45.3,44.5,53.8,556.0,0.1355,,,,2026-02-18,14.166666666666666,Midday
235,Threshold_50_15min,717195,2026-02-18 15:25:00,2026-02-18 16:05:00,45,9,True,True,False,False,49.6,33.9,52.0,516.0,0.1296,,,,2026-02-18,15.416666666666666,PM
236,Threshold_50_15min,717198,2026-02-18 15:25:00,2026-02-18 18:45:00,205,41,True,True,False,False,47.2,36.3,52.6,545.0,0.1332,,,,2026-02-18,15.416666666666666,PM
237,Threshold_50_15min,717195,2026-02-18 16:15:00,2026-02-18 18:45:00,155,31,True,True,False,False,49.4,35.2,50.1,524.0,0.1319,,,,2026-02-18,16.25,PM
238,Threshold_50_15min,716152,2026-02-19 07:35:00,2026-02-19 08:00:00,30,6,True,True,False,False,48.3,43.7,60.5,553.0,0.1575,,,,2026-02-19,7.583333333333333,AM
239,Threshold_50_15min,717185,2026-02-19 07:40:00,2026-02-19 08:00:00,25,5,True,True,False,False,41.7,37.4,54.4,538.0,0.1403,,,,2026-02-19,7.666666666666667,AM
240,Threshold_50_15min,717190,2026-02-19 07:40:00,2026-02-19 07:55:00,20,4,True,True,False,False,44.3,40.3,54.2,554.0,0.1527,,,,2026-02-19,7.666666666666667,AM
241,Threshold_50_15min,717185,2026-02-19 10:25:00,2026-02-19 10:50:00,30,6,True,True,False,False,49.1,47.1,51.6,429.0,0.1175,,,,2026-02-19,10.416666666666666,Midday
242,Threshold_50_15min,717190,2026-02-19 10:25:00,2026-02-19 10:55:00,35,7,True,True,False,False,49.4,45.7,51.2,437.0,0.1262,,,,2026-02-19,10.416666666666666,Midday
243,Threshold_50_15min,716152,2026-02-19 10:35:00,2026-02-19 10:55:00,25,5,True,True,False,False,49.7,43.6,50.7,404.0,0.1374,,,,2026-02-19,10.583333333333334,Midday
244,Threshold_50_15min,717185,2026-02-19 11:45:00,2026-02-19 17:35:00,355,71,True,True,False,False,49.2,20.9,52.0,400.0,0.1069,,,,2026-02-19,11.75,Midday
245,Threshold_50_15min,717190,2026-02-19 11:45:00,2026-02-19 17:35:00,355,71,True,True,False,False,49.8,21.2,51.7,429.0,0.1199,,,,2026-02-19,11.75,Midday
246,Threshold_50_15min,716152,2026-02-19 11:50:00,2026-02-19 17:50:00,365,73,True,True,False,False,46.5,27.1,50.6,434.0,0.1558,,,,2026-02-19,11.833333333333334,Midday
247,Threshold_50_15min,717198,2026-02-19 11:55:00,2026-02-19 15:45:00,235,47,True,True,False,False,47.2,28.5,51.0,406.0,0.1084,,,,2026-02-19,11.916666666666666,Midday
248,Threshold_50_15min,717198,2026-02-19 16:05:00,2026-02-19 17:45:00,105,21,True,True,False,False,46.3,34.8,50.5,541.0,0.1328,,,,2026-02-19,16.083333333333332,PM
249,Threshold_50_15min,717185,2026-02-20 08:10:00,2026-02-20 08:50:00,45,9,True,True,False,False,48.3,37.2,52.7,307.0,0.0853,,,,2026-02-20,8.166666666666666,AM
250,Threshold_50_15min,717190,2026-02-20 08:25:00,2026-02-20 08:50:00,30,6,True,True,False,False,46.8,42.4,50.8,450.0,0.1207,,,,2026-02-20,8.416666666666666,AM
251,Threshold_50_15min,717195,2026-02-20 12:55:00,2026-02-20 13:05:00,15,3,True,True,False,False,42.9,40.7,51.9,530.0,0.1501,,,,2026-02-20,12.916666666666666,Midday
252,Threshold_50_15min,717198,2026-02-20 12:55:00,2026-02-20 13:05:00,15,3,True,True,False,False,44.5,43.4,52.1,478.0,0.1308,,,,2026-02-20,12.916666666666666,Midday
253,Threshold_50_15min,717185,2026-02-20 13:05:00,2026-02-20 19:25:00,385,77,True,True,False,False,45.4,25.9,55.4,518.0,0.1231,,,,2026-02-20,13.083333333333334,Midday
254,Threshold_50_15min,717190,2026-02-20 13:05:00,2026-02-20 19:25:00,385,77,True,True,False,False,44.1,27.2,54.7,533.0,0.1343,,,,2026-02-20,13.083333333333334,Midday
255,Threshold_50_15min,716152,2026-02-20 13:25:00,2026-02-20 15:05:00,105,21,True,True,False,False,45.5,36.1,50.7,522.0,0.1688,,,,2026-02-20,13.416666666666666,Midday
256,Threshold_50_15min,717195,2026-02-20 13:40:00,2026-02-20 15:20:00,105,21,True,True,False,False,49.0,36.6,50.4,535.0,0.1363,,,,2026-02-20,13.666666666666666,Midday
257,Threshold_50_15min,717198,2026-02-20 13:40:00,2026-02-20 15:20:00,105,21,True,True,False,False,49.1,37.8,50.5,534.0,0.1358,,,,2026-02-20,13.666666666666666,Midday
258,Threshold_50_15min,716152,2026-02-20 15:45:00,2026-02-20 19:10:00,210,42,True,True,False,False,49.9,31.3,50.4,505.0,0.1806,,,,2026-02-20,15.75,PM
259,Threshold_50_15min,717195,2026-02-20 15:50:00,2026-02-20 18:50:00,185,37,True,True,False,False,47.0,33.7,52.0,531.0,0.1381,,,,2026-02-20,15.833333333333334,PM
260,Threshold_50_15min,717198,2026-02-20 15:50:00,2026-02-20 18:50:00,185,37,True,True,False,False,46.7,34.6,52.3,538.0,0.1348,,,,2026-02-20,15.833333333333334,PM
261,Threshold_50_15min,717195,2026-02-20 19:10:00,2026-02-20 19:25:00,20,4,True,True,False,False,49.5,46.1,50.8,537.0,0.1361,,,,2026-02-20,19.166666666666668,PM
262,Threshold_50_15min,716152,2026-02-21 11:25:00,2026-02-21 11:35:00,15,3,True,True,False,False,49.9,43.7,59.1,538.0,0.1599,,,,2026-02-21,11.416666666666666,Midday
263,Threshold_50_15min,717190,2026-02-21 11:25:00,2026-02-21 11:40:00,20,4,True,True,False,False,49.7,41.2,60.3,503.0,0.1111,,,,2026-02-21,11.416666666666666,Midday
264,Threshold_50_15min,717185,2026-02-21 11:30:00,2026-02-21 11:40:00,15,3,True,True,False,False,46.8,40.8,54.1,503.0,0.1351,,,,2026-02-21,11.5,Midday
265,Threshold_50_15min,717195,2026-02-21 13:30:00,2026-02-21 16:10:00,165,33,True,True,False,False,49.1,34.8,59.3,570.0,0.1182,,,,2026-02-21,13.5,Midday
266,Threshold_50_15min,717198,2026-02-21 13:30:00,2026-02-21 16:10:00,165,33,True,True,False,False,46.6,34.5,57.8,542.0,0.1194,,,,2026-02-21,13.5,Midday
267,Threshold_50_15min,716152,2026-02-21 13:35:00,2026-02-21 18:30:00,300,60,True,True,False,False,48.3,29.5,55.4,542.0,0.1589,,,,2026-02-21,13.583333333333334,Midday
268,Threshold_50_15min,717185,2026-02-21 13:40:00,2026-02-21 18:50:00,315,63,True,True,False,False,43.5,25.4,54.1,490.0,0.1175,,,,2026-02-21,13.666666666666666,Midday
269,Threshold_50_15min,717190,2026-02-21 13:40:00,2026-02-21 18:45:00,310,62,True,True,False,False,41.0,25.0,53.2,502.0,0.1297,,,,2026-02-21,13.666666666666666,Midday
270,Threshold_50_15min,717195,2026-02-21 16:45:00,2026-02-21 18:25:00,105,21,True,True,False,False,48.6,36.7,52.1,527.0,0.12,,,,2026-02-21,16.75,PM
271,Threshold_50_15min,717198,2026-02-21 16:45:00,2026-02-21 18:25:00,105,21,True,True,False,False,47.4,38.3,50.4,534.0,0.1265,,,,2026-02-21,16.75,PM
272,Threshold_50_15min,717185,2026-02-23 07:35:00,2026-02-23 09:05:00,95,19,True,True,False,False,47.2,29.3,52.8,499.0,0.1318,,,,2026-02-23,7.583333333333333,AM
273,Threshold_50_15min,716152,2026-02-23 07:40:00,2026-02-23 09:00:00,85,17,True,True,False,False,47.3,34.7,55.1,585.0,0.1766,,,,2026-02-23,7.666666666666667,AM
274,Threshold_50_15min,717190,2026-02-23 07:40:00,2026-02-23 09:05:00,90,18,True,True,False,False,49.0,31.3,50.5,575.0,0.1624,,,,2026-02-23,7.666666666666667,AM
275,Threshold_50_15min,717195,2026-02-23 07:55:00,2026-02-23 08:05:00,15,3,True,True,False,False,46.2,45.2,54.0,582.0,0.1376,,,,2026-02-23,7.916666666666667,AM
276,Threshold_50_15min,717198,2026-02-23 07:55:00,2026-02-23 08:05:00,15,3,True,True,False,False,45.9,45.9,54.1,568.0,0.1337,,,,2026-02-23,7.916666666666667,AM
277,Threshold_50_15min,717195,2026-02-23 08:25:00,2026-02-23 09:00:00,40,8,True,True,False,False,45.1,38.2,51.2,595.0,0.1539,,,,2026-02-23,8.416666666666666,AM
278,Threshold_50_15min,717198,2026-02-23 08:25:00,2026-02-23 08:55:00,35,7,True,True,False,False,47.3,41.4,51.2,544.0,0.1422,,,,2026-02-23,8.416666666666666,AM
279,Threshold_50_15min,716152,2026-02-23 12:35:00,2026-02-23 12:50:00,20,4,True,True,False,False,47.2,45.4,57.4,573.0,0.1782,,,,2026-02-23,12.583333333333334,Midday
280,Threshold_50_15min,717190,2026-02-23 12:35:00,2026-02-23 12:50:00,20,4,True,True,False,False,48.0,38.5,54.7,560.0,0.146,,,,2026-02-23,12.583333333333334,Midday
281,Threshold_50_15min,717185,2026-02-23 12:40:00,2026-02-23 12:50:00,15,3,True,True,False,False,38.9,38.9,50.6,511.0,0.1492,,,,2026-02-23,12.666666666666666,Midday
282,Threshold_50_15min,716152,2026-02-23 13:25:00,2026-02-23 18:50:00,330,66,True,True,False,False,47.7,27.1,56.1,553.0,0.1724,,,,2026-02-23,13.416666666666666,Midday
283,Threshold_50_15min,717190,2026-02-23 13:25:00,2026-02-23 18:50:00,330,66,True,True,False,False,49.7,21.9,55.8,515.0,0.13,,,,2026-02-23,13.416666666666666,Midday
284,Threshold_50_15min,717185,2026-02-23 13:30:00,2026-02-23 18:50:00,325,65,True,True,False,False,39.8,20.3,50.9,509.0,0.1466,,,,2026-02-23,13.5,Midday
285,Threshold_50_15min,717195,2026-02-23 13:40:00,2026-02-23 18:50:00,315,63,True,True,False,False,46.7,27.8,50.4,510.0,0.13,,,,2026-02-23,13.666666666666666,Midday
286,Threshold_50_15min,717198,2026-02-23 13:40:00,2026-02-23 18:50:00,315,63,True,True,False,False,46.1,30.0,52.5,515.0,0.1237,,,,2026-02-23,13.666666666666666,Midday
287,Threshold_50_15min,717185,2026-02-23 19:30:00,2026-02-23 19:40:00,15,3,True,True,False,False,45.5,41.2,54.7,451.0,0.1152,,,,2026-02-23,19.5,PM
288,Threshold_50_15min,717190,2026-02-23 19:30:00,2026-02-23 19:40:00,15,3,True,True,False,False,48.2,44.5,56.0,472.0,0.1185,,,,2026-02-23,19.5,PM
289,Threshold_50_15min,717195,2026-02-24 07:20:00,2026-02-24 08:55:00,100,20,True,True,False,False,49.4,29.0,60.5,513.0,0.1202,,,,2026-02-24,7.333333333333333,AM
290,Threshold_50_15min,717198,2026-02-24 07:20:00,2026-02-24 08:05:00,50,10,True,True,False,False,49.8,33.9,57.3,453.0,0.1203,,,,2026-02-24,7.333333333333333,AM
291,Threshold_50_15min,716152,2026-02-24 07:25:00,2026-02-24 09:00:00,100,20,True,True,False,False,47.4,28.4,51.1,497.0,0.2002,,,,2026-02-24,7.416666666666667,AM
292,Threshold_50_15min,717185,2026-02-24 07:25:00,2026-02-24 09:00:00,100,20,True,True,False,False,44.6,23.5,58.6,496.0,0.1272,,,,2026-02-24,7.416666666666667,AM
293,Threshold_50_15min,717190,2026-02-24 07:25:00,2026-02-24 09:00:00,100,20,True,True,False,False,46.9,26.3,59.7,527.0,0.1353,,,,2026-02-24,7.416666666666667,AM
294,Threshold_50_15min,717198,2026-02-24 08:15:00,2026-02-24 08:55:00,45,9,True,True,False,False,49.8,38.6,50.0,530.0,0.1386,,,,2026-02-24,8.25,AM
295,Threshold_50_15min,717195,2026-02-24 12:30:00,2026-02-24 12:40:00,15,3,True,True,False,False,49.1,43.9,55.6,526.0,0.1354,,,,2026-02-24,12.5,Midday
296,Threshold_50_15min,716152,2026-02-24 12:35:00,2026-02-24 19:55:00,445,89,True,False,False,True,49.8,29.0,55.4,534.0,0.1717,,,,2026-02-24,12.583333333333334,Midday
297,Threshold_50_15min,717185,2026-02-24 12:40:00,2026-02-24 19:50:00,435,87,True,True,False,False,45.9,22.6,58.1,525.0,0.1268,,,,2026-02-24,12.666666666666666,Midday
298,Threshold_50_15min,717190,2026-02-24 12:40:00,2026-02-24 19:50:00,435,87,True,True,False,False,45.7,24.0,58.0,549.0,0.1368,,,,2026-02-24,12.666666666666666,Midday
299,Threshold_50_15min,717195,2026-02-24 12:55:00,2026-02-24 17:00:00,250,50,True,True,False,False,48.4,32.8,50.9,540.0,0.1426,,,,2026-02-24,12.916666666666666,Midday
300,Threshold_50_15min,717198,2026-02-24 13:05:00,2026-02-24 16:15:00,195,39,True,True,False,False,49.5,37.2,51.3,512.0,0.136,,,,2026-02-24,13.083333333333334,Midday
301,Threshold_50_15min,717198,2026-02-24 16:25:00,2026-02-24 17:00:00,40,8,True,True,False,False,48.1,45.4,50.2,493.0,0.1218,,,,2026-02-24,16.416666666666668,PM
302,Threshold_50_15min,717198,2026-02-24 17:15:00,2026-02-24 19:35:00,145,29,True,True,False,False,49.9,37.7,50.5,519.0,0.132,,,,2026-02-24,17.25,PM
303,Threshold_50_15min,717195,2026-02-24 17:45:00,2026-02-24 19:55:00,135,27,True,False,False,True,48.0,36.7,51.2,489.0,0.1265,,,,2026-02-24,17.75,PM
304,Threshold_50_15min,717185,2026-02-25 07:25:00,2026-02-25 08:50:00,90,18,True,True,False,False,49.5,27.9,62.8,563.0,0.1217,,,,2026-02-25,7.416666666666667,AM
305,Threshold_50_15min,717190,2026-02-25 07:25:00,2026-02-25 08:50:00,90,18,True,True,False,False,48.9,29.0,62.0,593.0,0.1336,,,,2026-02-25,7.416666666666667,AM
306,Threshold_50_15min,716152,2026-02-25 07:30:00,2026-02-25 08:45:00,80,16,True,True,False,False,47.6,34.3,50.9,507.0,0.1869,,,,2026-02-25,7.5,AM
307,Threshold_50_15min,717195,2026-02-25 08:10:00,2026-02-25 08:25:00,20,4,True,True,False,False,46.5,38.1,54.7,551.0,0.1382,,,,2026-02-25,8.166666666666666,AM
308,Threshold_50_15min,717198,2026-02-25 08:10:00,2026-02-25 08:25:00,20,4,True,True,False,False,46.3,39.5,53.2,514.0,0.1294,,,,2026-02-25,8.166666666666666,AM
309,Threshold_50_15min,717195,2026-02-25 13:20:00,2026-02-25 13:50:00,35,7,True,True,False,False,48.2,44.0,54.8,498.0,0.1323,,,,2026-02-25,13.333333333333334,Midday
310,Threshold_50_15min,717198,2026-02-25 13:20:00,2026-02-25 13:50:00,35,7,True,True,False,False,48.1,45.2,55.6,498.0,0.1216,,,,2026-02-25,13.333333333333334,Midday
311,Threshold_50_15min,716152,2026-02-25 13:40:00,2026-02-25 19:45:00,370,74,True,True,False,False,45.7,17.7,51.5,554.0,0.1817,,,,2026-02-25,13.666666666666666,Midday
312,Threshold_50_15min,717185,2026-02-25 13:45:00,2026-02-25 19:55:00,375,75,True,False,False,True,39.8,13.1,51.9,515.0,0.1392,,,,2026-02-25,13.75,Midday
313,Threshold_50_15min,717190,2026-02-25 13:45:00,2026-02-25 19:50:00,370,74,True,True,False,False,39.1,14.2,50.5,542.0,0.1573,,,,2026-02-25,13.75,Midday
314,Threshold_50_15min,717195,2026-02-25 14:00:00,2026-02-25 18:40:00,285,57,True,True,False,False,45.9,34.4,50.1,501.0,0.1335,,,,2026-02-25,14.0,Midday
315,Threshold_50_15min,717198,2026-02-25 14:00:00,2026-02-25 17:40:00,225,45,True,True,False,False,48.0,36.9,50.8,499.0,0.1236,,,,2026-02-25,14.0,Midday
316,Threshold_50_15min,717198,2026-02-25 18:00:00,2026-02-25 19:40:00,105,21,True,True,False,False,45.7,41.3,53.9,371.0,0.0873,,,,2026-02-25,18.0,PM
317,Threshold_50_15min,717195,2026-02-25 19:00:00,2026-02-25 19:40:00,45,9,True,True,False,False,47.3,41.2,51.6,476.0,0.1201,,,,2026-02-25,19.0,PM
318,Threshold_50_15min,717185,2026-02-26 07:25:00,2026-02-26 09:00:00,100,20,True,True,False,False,49.5,24.1,53.2,524.0,0.151,,,,2026-02-26,7.416666666666667,AM
319,Threshold_50_15min,716152,2026-02-26 07:30:00,2026-02-26 09:00:00,95,19,True,True,False,False,43.8,30.1,51.0,583.0,0.19,,,,2026-02-26,7.5,AM
320,Threshold_50_15min,717190,2026-02-26 07:30:00,2026-02-26 09:00:00,95,19,True,True,False,False,44.4,28.3,51.1,528.0,0.149,,,,2026-02-26,7.5,AM
321,Threshold_50_15min,717195,2026-02-26 07:30:00,2026-02-26 08:45:00,80,16,True,True,False,False,40.2,34.1,54.6,557.0,0.1411,,,,2026-02-26,7.5,AM
322,Threshold_50_15min,717198,2026-02-26 07:30:00,2026-02-26 08:40:00,75,15,True,True,False,False,43.1,35.6,52.8,529.0,0.1419,,,,2026-02-26,7.5,AM
323,Threshold_50_15min,717190,2026-02-26 12:25:00,2026-02-26 19:55:00,455,91,True,False,False,True,49.0,16.9,53.1,479.0,0.1308,,,,2026-02-26,12.416666666666666,Midday
324,Threshold_50_15min,716152,2026-02-26 12:30:00,2026-02-26 19:45:00,440,88,True,True,False,False,49.0,18.4,50.7,528.0,0.1932,,,,2026-02-26,12.5,Midday
325,Threshold_50_15min,717185,2026-02-26 12:30:00,2026-02-26 19:55:00,450,90,True,False,False,True,42.5,16.4,52.6,496.0,0.1351,,,,2026-02-26,12.5,Midday
326,Threshold_50_15min,717195,2026-02-26 12:55:00,2026-02-26 19:25:00,395,79,True,True,False,False,49.2,20.2,50.7,514.0,0.1325,,,,2026-02-26,12.916666666666666,Midday
327,Threshold_50_15min,717198,2026-02-26 13:05:00,2026-02-26 19:20:00,380,76,True,True,False,False,45.3,22.4,50.8,514.0,0.1347,,,,2026-02-26,13.083333333333334,Midday
328,Threshold_50_15min,717198,2026-02-26 19:40:00,2026-02-26 19:55:00,20,4,True,False,False,True,48.5,47.3,51.0,510.0,0.1267,,,,2026-02-26,19.666666666666668,PM
329,Threshold_50_15min,716152,2026-02-27 07:50:00,2026-02-27 09:15:00,90,18,True,True,False,False,44.5,38.7,50.5,493.0,0.2278,,,,2026-02-27,7.833333333333333,AM
331,Threshold_50_15min,717185,2026-02-27 08:00:00,2026-02-27 09:40:00,105,21,True,True,False,False,33.6,8.6,57.1,408.0,0.106,,,,2026-02-27,8.0,AM
333,Threshold_50_15min,717190,2026-02-27 08:00:00,2026-02-27 09:40:00,105,21,True,True,False,False,33.7,9.9,58.3,476.0,0.1255,,,,2026-02-27,8.0,AM
334,Threshold_50_15min,717185,2026-02-27 13:05:00,2026-02-27 19:55:00,415,83,True,False,False,True,47.6,25.0,59.8,300.0,0.0632,,,,2026-02-27,13.083333333333334,Midday
335,Threshold_50_15min,717190,2026-02-27 13:10:00,2026-02-27 19:55:00,410,82,True,False,False,True,35.3,20.4,50.1,436.0,0.1756,,,,2026-02-27,13.166666666666666,Midday
336,Threshold_50_15min,717195,2026-02-27 13:10:00,2026-02-27 19:55:00,410,82,True,False,False,True,48.9,36.3,58.7,281.0,0.0635,,,,2026-02-27,13.166666666666666,Midday
337,Threshold_50_15min,717198,2026-02-27 13:20:00,2026-02-27 19:55:00,400,80,True,False,False,True,48.5,41.6,50.2,480.0,0.1272,,,,2026-02-27,13.333333333333334,Midday
339,Threshold_50_15min,716152,2026-02-27 14:40:00,2026-02-27 19:55:00,320,64,True,False,False,True,48.8,37.2,59.4,420.0,0.1133,,,,2026-02-27,14.666666666666666,Midday
341,Threshold_50_15min,717198,2026-03-02 05:10:00,2026-03-02 05:20:00,15,3,True,True,False,False,27.8,27.8,62.4,2.0,0.0016,,,,2026-03-02,5.166666666666667,AM
343,Threshold_50_15min,717190,2026-03-02 05:15:00,2026-03-02 05:40:00,30,6,True,False,False,True,35.7,3.7,57.9,186.0,0.0546,,,,2026-03-02,5.25,AM
345,Threshold_50_15min,717185,2026-03-02 05:20:00,2026-03-02 06:15:00,60,12,True,True,False,False,30.1,3.4,53.4,167.0,0.0575,,,,2026-03-02,5.333333333333333,AM
347,Threshold_50_15min,717198,2026-03-02 05:35:00,2026-03-02 05:45:00,15,3,True,True,False,False,48.3,48.3,59.2,1.0,0.0001,,,,2026-03-02,5.583333333333333,AM
348,Threshold_50_15min,717195,2026-03-02 06:00:00,2026-03-02 06:15:00,20,4,True,True,False,False,36.5,32.3,50.8,0.0,0.0,,,,2026-03-02,6.0,AM
349,Threshold_50_15min,717198,2026-03-02 06:00:00,2026-03-02 06:15:00,20,4,True,True,False,False,43.5,39.3,66.5,3.0,0.0013,,,,2026-03-02,6.0,AM
350,Threshold_50_15min,717185,2026-03-02 07:35:00,2026-03-02 08:40:00,70,14,True,True,False,False,47.4,32.1,62.7,541.0,0.1121,,,,2026-03-02,7.583333333333333,AM
351,Threshold_50_15min,717190,2026-03-02 07:35:00,2026-03-02 08:35:00,65,13,True,True,False,False,47.4,34.9,60.7,544.0,0.1202,,,,2026-03-02,7.583333333333333,AM
352,Threshold_50_15min,717195,2026-03-02 07:40:00,2026-03-02 08:35:00,60,12,True,True,False,False,46.7,32.9,53.6,520.0,0.1266,,,,2026-03-02,7.666666666666667,AM
353,Threshold_50_15min,716152,2026-03-02 07:45:00,2026-03-02 08:35:00,55,11,True,True,False,False,43.9,35.7,51.3,568.0,0.1951,,,,2026-03-02,7.75,AM
354,Threshold_50_15min,717198,2026-03-02 07:45:00,2026-03-02 08:25:00,45,9,True,True,False,False,44.2,37.3,51.2,522.0,0.1495,,,,2026-03-02,7.75,AM
355,Threshold_50_15min,717185,2026-03-02 11:55:00,2026-03-02 12:35:00,45,9,True,True,False,False,49.8,33.1,54.1,504.0,0.1315,,,,2026-03-02,11.916666666666666,Midday
356,Threshold_50_15min,717190,2026-03-02 12:00:00,2026-03-02 12:35:00,40,8,True,True,False,False,47.8,33.1,50.2,516.0,0.155,,,,2026-03-02,12.0,Midday
357,Threshold_50_15min,717195,2026-03-02 12:00:00,2026-03-02 12:40:00,45,9,True,True,False,False,40.9,34.9,50.3,491.0,0.1278,,,,2026-03-02,12.0,Midday
358,Threshold_50_15min,717198,2026-03-02 12:00:00,2026-03-02 12:35:00,40,8,True,True,False,False,47.7,41.2,57.0,488.0,0.1167,,,,2026-03-02,12.0,Midday
359,Threshold_50_15min,716152,2026-03-02 12:05:00,2026-03-02 12:35:00,35,7,True,True,False,False,40.4,35.5,53.4,517.0,0.194,,,,2026-03-02,12.083333333333334,Midday
360,Threshold_50_15min,717195,2026-03-02 13:05:00,2026-03-02 19:20:00,380,76,True,True,False,False,40.3,29.9,50.9,548.0,0.1325,,,,2026-03-02,13.083333333333334,Midday
361,Threshold_50_15min,717198,2026-03-02 13:05:00,2026-03-02 19:05:00,365,73,True,True,False,False,45.0,33.1,55.6,507.0,0.1171,,,,2026-03-02,13.083333333333334,Midday
362,Threshold_50_15min,716152,2026-03-02 13:10:00,2026-03-02 19:05:00,360,72,True,True,False,False,44.5,28.6,52.7,506.0,0.1919,,,,2026-03-02,13.166666666666666,Midday
363,Threshold_50_15min,717185,2026-03-02 13:10:00,2026-03-02 19:20:00,375,75,True,True,False,False,42.2,21.4,55.4,494.0,0.1211,,,,2026-03-02,13.166666666666666,Midday
364,Threshold_50_15min,717190,2026-03-02 13:10:00,2026-03-02 19:15:00,370,74,True,True,False,False,41.6,22.7,54.5,526.0,0.1336,,,,2026-03-02,13.166666666666666,Midday
365,Threshold_50_15min,717185,2026-03-03 07:45:00,2026-03-03 19:55:00,735,147,True,False,False,True,43.8,14.0,52.5,570.0,0.1705,,,,2026-03-03,7.75,AM
366,Threshold_50_15min,717190,2026-03-03 07:45:00,2026-03-03 19:55:00,735,147,True,False,False,True,47.6,15.1,55.9,591.0,0.1585,,,,2026-03-03,7.75,AM
367,Threshold_50_15min,717195,2026-03-03 07:45:00,2026-03-03 08:25:00,45,9,True,True,False,False,44.4,33.7,56.4,567.0,0.1467,,,,2026-03-03,7.75,AM
368,Threshold_50_15min,717198,2026-03-03 07:45:00,2026-03-03 08:25:00,45,9,True,True,False,False,44.7,35.8,54.8,542.0,0.1521,,,,2026-03-03,7.75,AM
369,Threshold_50_15min,717195,2026-03-03 08:45:00,2026-03-03 10:45:00,125,25,True,True,False,False,41.7,32.1,53.9,554.0,0.1343,,,,2026-03-03,8.75,AM
370,Threshold_50_15min,717198,2026-03-03 08:45:00,2026-03-03 10:25:00,105,21,True,True,False,False,43.8,38.5,54.4,549.0,0.1267,,,,2026-03-03,8.75,AM
371,Threshold_50_15min,717195,2026-03-03 10:55:00,2026-03-03 11:10:00,20,4,True,True,False,False,48.8,47.7,50.4,484.0,0.1305,,,,2026-03-03,10.916666666666666,Midday
372,Threshold_50_15min,717195,2026-03-03 11:20:00,2026-03-03 11:40:00,25,5,True,True,False,False,47.4,35.3,50.1,461.0,0.1265,,,,2026-03-03,11.333333333333334,Midday
373,Threshold_50_15min,717198,2026-03-03 11:25:00,2026-03-03 11:40:00,20,4,True,True,False,False,48.5,41.0,52.0,553.0,0.1546,,,,2026-03-03,11.416666666666666,Midday
374,Threshold_50_15min,717195,2026-03-03 12:00:00,2026-03-03 19:45:00,470,94,True,True,False,False,49.3,16.8,53.2,513.0,0.1432,,,,2026-03-03,12.0,Midday
375,Threshold_50_15min,717198,2026-03-03 12:10:00,2026-03-03 12:35:00,30,6,True,True,False,False,47.0,43.2,51.2,518.0,0.1443,,,,2026-03-03,12.166666666666666,Midday
376,Threshold_50_15min,717198,2026-03-03 12:55:00,2026-03-03 19:50:00,420,84,True,True,False,False,49.8,17.4,50.5,488.0,0.1352,,,,2026-03-03,12.916666666666666,Midday
377,Threshold_50_15min,717185,2026-03-04 07:25:00,2026-03-04 10:10:00,170,34,True,True,False,False,47.0,23.9,56.6,518.0,0.1379,,,,2026-03-04,7.416666666666667,AM
378,Threshold_50_15min,717190,2026-03-04 07:25:00,2026-03-04 10:10:00,170,34,True,True,False,False,48.5,23.6,55.5,560.0,0.1573,,,,2026-03-04,7.416666666666667,AM
379,Threshold_50_15min,716152,2026-03-04 07:30:00,2026-03-04 10:10:00,165,33,True,True,False,False,47.5,29.1,50.5,523.0,0.1791,,,,2026-03-04,7.5,AM
380,Threshold_50_15min,717195,2026-03-04 07:40:00,2026-03-04 10:10:00,155,31,True,True,False,False,47.3,30.8,58.5,564.0,0.1316,,,,2026-03-04,7.666666666666667,AM
381,Threshold_50_15min,717198,2026-03-04 07:40:00,2026-03-04 09:55:00,140,28,True,True,False,False,44.5,32.4,55.3,538.0,0.1292,,,,2026-03-04,7.666666666666667,AM
382,Threshold_50_15min,717185,2026-03-04 10:25:00,2026-03-04 19:55:00,575,115,True,False,False,True,47.0,20.0,52.9,511.0,0.1365,,,,2026-03-04,10.416666666666666,Midday
383,Threshold_50_15min,717190,2026-03-04 10:25:00,2026-03-04 19:55:00,575,115,True,False,False,True,45.3,20.9,52.8,515.0,0.1406,,,,2026-03-04,10.416666666666666,Midday
384,Threshold_50_15min,716152,2026-03-04 10:40:00,2026-03-04 19:50:00,555,111,True,True,False,False,47.5,27.1,50.6,533.0,0.1933,,,,2026-03-04,10.666666666666666,Midday
385,Threshold_50_15min,717195,2026-03-04 10:40:00,2026-03-04 17:15:00,400,80,True,True,False,False,49.2,32.6,51.3,528.0,0.1561,,,,2026-03-04,10.666666666666666,Midday
386,Threshold_50_15min,717198,2026-03-04 10:45:00,2026-03-04 11:15:00,35,7,True,True,False,False,49.1,42.6,51.7,496.0,0.1317,,,,2026-03-04,10.75,Midday
387,Threshold_50_15min,717198,2026-03-04 11:30:00,2026-03-04 11:45:00,20,4,True,True,False,False,49.1,47.1,51.4,530.0,0.1376,,,,2026-03-04,11.5,Midday
388,Threshold_50_15min,717198,2026-03-04 11:55:00,2026-03-04 12:15:00,25,5,True,True,False,False,49.1,44.4,50.4,513.0,0.1339,,,,2026-03-04,11.916666666666666,Midday
389,Threshold_50_15min,717198,2026-03-04 12:25:00,2026-03-04 17:15:00,295,59,True,True,False,False,49.7,34.3,50.2,513.0,0.1363,,,,2026-03-04,12.416666666666666,Midday
390,Threshold_50_15min,717195,2026-03-04 17:35:00,2026-03-04 19:40:00,130,26,True,True,False,False,47.6,31.0,52.0,574.0,0.148,,,,2026-03-04,17.583333333333332,PM
391,Threshold_50_15min,717198,2026-03-04 17:35:00,2026-03-04 19:45:00,135,27,True,True,False,False,47.6,31.5,50.8,570.0,0.1448,,,,2026-03-04,17.583333333333332,PM
392,Threshold_50_15min,716152,2026-03-05 07:35:00,2026-03-05 10:05:00,155,31,True,True,False,False,43.6,31.6,51.1,583.0,0.2132,,,,2026-03-05,7.583333333333333,AM
393,Threshold_50_15min,717185,2026-03-05 07:35:00,2026-03-05 10:05:00,155,31,True,True,False,False,44.2,27.7,54.8,554.0,0.1332,,,,2026-03-05,7.583333333333333,AM
394,Threshold_50_15min,717190,2026-03-05 07:35:00,2026-03-05 10:10:00,160,32,True,True,False,False,46.3,29.0,53.7,592.0,0.1563,,,,2026-03-05,7.583333333333333,AM
395,Threshold_50_15min,717195,2026-03-05 07:45:00,2026-03-05 08:25:00,45,9,True,True,False,False,43.5,35.4,54.3,555.0,0.128,,,,2026-03-05,7.75,AM
396,Threshold_50_15min,717198,2026-03-05 07:45:00,2026-03-05 08:25:00,45,9,True,True,False,False,46.7,36.7,55.0,532.0,0.1266,,,,2026-03-05,7.75,AM
397,Threshold_50_15min,717195,2026-03-05 08:45:00,2026-03-05 10:00:00,80,16,True,True,False,False,47.1,37.4,51.1,575.0,0.1611,,,,2026-03-05,8.75,AM
398,Threshold_50_15min,717198,2026-03-05 08:45:00,2026-03-05 09:00:00,20,4,True,True,False,False,45.4,41.2,51.7,559.0,0.1556,,,,2026-03-05,8.75,AM
399,Threshold_50_15min,717198,2026-03-05 09:10:00,2026-03-05 09:20:00,15,3,True,True,False,False,46.8,46.1,50.3,520.0,0.1255,,,,2026-03-05,9.166666666666666,AM
400,Threshold_50_15min,717198,2026-03-05 09:40:00,2026-03-05 09:55:00,20,4,True,True,False,False,46.7,41.4,50.5,547.0,0.1452,,,,2026-03-05,9.666666666666666,AM
401,Threshold_50_15min,717195,2026-03-05 10:20:00,2026-03-05 10:30:00,15,3,True,True,False,False,44.0,44.0,50.1,537.0,0.1563,,,,2026-03-05,10.333333333333334,Midday
402,Threshold_50_15min,717185,2026-03-05 10:25:00,2026-03-05 10:35:00,15,3,True,True,False,False,47.7,47.7,53.9,480.0,0.1184,,,,2026-03-05,10.416666666666666,Midday
403,Threshold_50_15min,717190,2026-03-05 10:25:00,2026-03-05 10:35:00,15,3,True,True,False,False,45.7,45.7,52.6,498.0,0.1296,,,,2026-03-05,10.416666666666666,Midday
404,Threshold_50_15min,717195,2026-03-05 10:50:00,2026-03-05 19:00:00,495,99,True,True,False,False,46.1,20.3,50.6,511.0,0.1428,,,,2026-03-05,10.833333333333334,Midday
405,Threshold_50_15min,717198,2026-03-05 10:50:00,2026-03-05 11:05:00,20,4,True,True,False,False,49.1,45.5,52.9,506.0,0.134,,,,2026-03-05,10.833333333333334,Midday
406,Threshold_50_15min,716152,2026-03-05 10:55:00,2026-03-05 19:55:00,545,109,True,False,False,True,42.9,19.1,50.2,540.0,0.1919,,,,2026-03-05,10.916666666666666,Midday
407,Threshold_50_15min,717190,2026-03-05 10:55:00,2026-03-05 19:55:00,545,109,True,False,False,True,48.2,16.0,53.4,538.0,0.1379,,,,2026-03-05,10.916666666666666,Midday
408,Threshold_50_15min,717185,2026-03-05 11:00:00,2026-03-05 19:55:00,540,108,True,False,False,True,39.2,14.4,50.3,511.0,0.1524,,,,2026-03-05,11.0,Midday
409,Threshold_50_15min,717198,2026-03-05 12:00:00,2026-03-05 12:40:00,45,9,True,True,False,False,49.5,43.3,51.4,514.0,0.1316,,,,2026-03-05,12.0,Midday
410,Threshold_50_15min,717198,2026-03-05 13:05:00,2026-03-05 19:25:00,385,77,True,True,False,False,48.6,20.5,50.2,502.0,0.1317,,,,2026-03-05,13.083333333333334,Midday
411,Threshold_50_15min,717195,2026-03-05 19:10:00,2026-03-05 19:55:00,50,10,True,False,False,True,49.5,40.3,50.7,523.0,0.13,,,,2026-03-05,19.166666666666668,PM
412,Threshold_50_15min,717198,2026-03-05 19:35:00,2026-03-05 19:55:00,25,5,True,False,False,True,47.8,41.8,50.2,520.0,0.1332,,,,2026-03-05,19.583333333333332,PM
413,Threshold_50_15min,716152,2026-03-06 07:30:00,2026-03-06 07:55:00,30,6,True,True,False,False,45.9,40.7,55.1,583.0,0.1758,,,,2026-03-06,7.5,AM
414,Threshold_50_15min,717185,2026-03-06 07:35:00,2026-03-06 07:50:00,20,4,True,True,False,False,40.4,35.8,51.5,489.0,0.1321,,,,2026-03-06,7.583333333333333,AM
415,Threshold_50_15min,717190,2026-03-06 07:35:00,2026-03-06 07:50:00,20,4,True,True,False,False,44.7,41.2,56.1,511.0,0.135,,,,2026-03-06,7.583333333333333,AM
416,Threshold_50_15min,717195,2026-03-06 07:50:00,2026-03-06 08:50:00,65,13,True,True,False,False,40.8,40.8,50.8,554.0,0.1311,,,,2026-03-06,7.833333333333333,AM
417,Threshold_50_15min,717198,2026-03-06 08:10:00,2026-03-06 08:20:00,15,3,True,True,False,False,48.1,45.0,54.0,462.0,0.1067,,,,2026-03-06,8.166666666666666,AM
418,Threshold_50_15min,717195,2026-03-06 10:40:00,2026-03-06 11:00:00,25,5,True,True,False,False,45.3,41.2,50.4,524.0,0.1254,,,,2026-03-06,10.666666666666666,Midday
419,Threshold_50_15min,716152,2026-03-06 11:05:00,2026-03-06 17:50:00,410,82,True,True,False,False,49.0,17.9,51.9,528.0,0.1626,,,,2026-03-06,11.083333333333334,Midday
420,Threshold_50_15min,717185,2026-03-06 11:15:00,2026-03-06 17:50:00,400,80,True,True,False,False,45.6,14.1,50.8,487.0,0.1243,,,,2026-03-06,11.25,Midday
421,Threshold_50_15min,717190,2026-03-06 11:15:00,2026-03-06 17:45:00,395,79,True,True,False,False,45.6,16.7,52.2,522.0,0.1411,,,,2026-03-06,11.25,Midday
422,Threshold_50_15min,717195,2026-03-06 11:15:00,2026-03-06 18:00:00,410,82,True,True,False,False,47.5,18.1,50.1,520.0,0.1295,,,,2026-03-06,11.25,Midday
423,Threshold_50_15min,717198,2026-03-06 11:30:00,2026-03-06 12:05:00,40,8,True,True,False,False,43.3,31.5,52.2,504.0,0.115,,,,2026-03-06,11.5,Midday
424,Threshold_50_15min,717198,2026-03-06 12:35:00,2026-03-06 13:05:00,35,7,True,True,False,False,48.1,45.9,50.6,518.0,0.13,,,,2026-03-06,12.583333333333334,Midday
425,Threshold_50_15min,717198,2026-03-06 13:15:00,2026-03-06 17:50:00,280,56,True,True,False,False,49.1,19.4,50.2,519.0,0.1235,,,,2026-03-06,13.25,Midday
426,Threshold_50_15min,716152,2026-03-06 18:10:00,2026-03-06 18:20:00,15,3,True,True,False,False,46.3,46.3,52.3,521.0,0.1506,,,,2026-03-06,18.166666666666668,PM
427,Threshold_50_15min,717195,2026-03-06 18:10:00,2026-03-06 18:50:00,45,9,True,True,False,False,48.6,43.4,50.0,538.0,0.1231,,,,2026-03-06,18.166666666666668,PM
428,Threshold_50_15min,717198,2026-03-06 18:15:00,2026-03-06 18:45:00,35,7,True,True,False,False,49.0,44.9,51.2,483.0,0.1156,,,,2026-03-06,18.25,PM
429,Threshold_50_15min,717185,2026-03-06 18:25:00,2026-03-06 18:40:00,20,4,True,True,False,False,48.8,47.4,51.3,465.0,0.1072,,,,2026-03-06,18.416666666666668,PM
430,Threshold_50_15min,717185,2026-03-06 19:05:00,2026-03-06 19:55:00,55,11,True,False,False,True,49.5,36.5,51.8,485.0,0.1163,,,,2026-03-06,19.083333333333332,PM
431,Threshold_50_15min,717195,2026-03-06 19:05:00,2026-03-06 19:55:00,55,11,True,False,False,True,48.3,44.1,50.9,523.0,0.1201,,,,2026-03-06,19.083333333333332,PM
432,Threshold_50_15min,717198,2026-03-06 19:15:00,2026-03-06 19:55:00,45,9,True,False,False,True,47.9,46.1,50.2,506.0,0.1235,,,,2026-03-06,19.25,PM
433,Threshold_50_15min,716152,2026-03-06 19:20:00,2026-03-06 19:55:00,40,8,True,False,False,True,47.8,46.6,50.0,514.0,0.1661,,,,2026-03-06,19.333333333333332,PM
434,Threshold_50_15min,717190,2026-03-06 19:20:00,2026-03-06 19:55:00,40,8,True,False,False,True,47.1,43.8,52.1,493.0,0.1319,,,,2026-03-06,19.333333333333332,PM
435,Threshold_50_15min,716152,2026-03-07 13:50:00,2026-03-07 14:05:00,20,4,True,True,False,False,45.4,45.4,51.3,547.0,0.1946,,,,2026-03-07,13.833333333333334,Midday
436,Threshold_50_15min,717195,2026-03-07 14:25:00,2026-03-07 18:20:00,240,48,True,True,False,False,45.8,33.7,53.1,543.0,0.1297,,,,2026-03-07,14.416666666666666,Midday
437,Threshold_50_15min,717198,2026-03-07 14:25:00,2026-03-07 18:20:00,240,48,True,True,False,False,47.6,33.4,53.4,541.0,0.1276,,,,2026-03-07,14.416666666666666,Midday
438,Threshold_50_15min,716152,2026-03-07 14:30:00,2026-03-07 18:10:00,225,45,True,True,False,False,47.4,28.9,51.0,496.0,0.1578,,,,2026-03-07,14.5,Midday
439,Threshold_50_15min,717190,2026-03-07 14:30:00,2026-03-07 18:10:00,225,45,True,True,False,False,49.7,23.5,58.3,483.0,0.1039,,,,2026-03-07,14.5,Midday
440,Threshold_50_15min,717185,2026-03-07 14:35:00,2026-03-07 18:10:00,220,44,True,True,False,False,46.1,23.5,51.5,485.0,0.1366,,,,2026-03-07,14.583333333333334,Midday
441,Threshold_50_15min,717195,2026-03-08 19:30:00,2026-03-08 19:50:00,25,5,True,True,False,False,48.2,44.3,56.1,387.0,0.1849,,,,2026-03-08,19.5,PM
442,Threshold_50_15min,716152,2026-03-09 07:40:00,2026-03-09 08:55:00,80,16,True,True,False,False,49.0,34.0,54.6,537.0,0.1872,,,,2026-03-09,7.666666666666667,AM
443,Threshold_50_15min,717185,2026-03-09 07:40:00,2026-03-09 08:55:00,80,16,True,True,False,False,41.5,26.7,50.9,524.0,0.1602,,,,2026-03-09,7.666666666666667,AM
444,Threshold_50_15min,717190,2026-03-09 07:40:00,2026-03-09 08:55:00,80,16,True,True,False,False,42.9,27.9,50.7,540.0,0.1835,,,,2026-03-09,7.666666666666667,AM
445,Threshold_50_15min,717198,2026-03-09 07:40:00,2026-03-09 08:20:00,45,9,True,True,False,False,47.2,37.9,60.2,496.0,0.1076,,,,2026-03-09,7.666666666666667,AM
446,Threshold_50_15min,717198,2026-03-09 12:25:00,2026-03-09 12:45:00,25,5,True,True,False,False,48.7,41.1,57.4,460.0,0.1101,,,,2026-03-09,12.416666666666666,Midday
447,Threshold_50_15min,716152,2026-03-09 12:35:00,2026-03-09 13:00:00,30,6,True,True,False,False,43.0,35.8,55.4,531.0,0.1726,,,,2026-03-09,12.583333333333334,Midday
448,Threshold_50_15min,717190,2026-03-09 12:35:00,2026-03-09 13:00:00,30,6,True,True,False,False,46.4,41.3,56.5,525.0,0.1287,,,,2026-03-09,12.583333333333334,Midday
449,Threshold_50_15min,717185,2026-03-09 12:40:00,2026-03-09 12:55:00,20,4,True,True,False,False,44.3,43.2,50.1,495.0,0.1568,,,,2026-03-09,12.666666666666666,Midday
450,Threshold_50_15min,716152,2026-03-09 13:40:00,2026-03-09 15:40:00,125,25,True,True,False,False,41.8,28.1,51.6,554.0,0.185,,,,2026-03-09,13.666666666666666,Midday
451,Threshold_50_15min,717185,2026-03-09 13:40:00,2026-03-09 15:40:00,125,25,True,True,False,False,49.9,23.2,54.8,543.0,0.1325,,,,2026-03-09,13.666666666666666,Midday
452,Threshold_50_15min,717190,2026-03-09 13:40:00,2026-03-09 15:40:00,125,25,True,True,False,False,48.6,23.1,55.0,556.0,0.1415,,,,2026-03-09,13.666666666666666,Midday
453,Threshold_50_15min,717198,2026-03-09 13:45:00,2026-03-09 15:40:00,120,24,True,True,False,False,44.3,36.6,51.4,503.0,0.1442,,,,2026-03-09,13.75,Midday
454,Threshold_50_15min,716152,2026-03-09 16:15:00,2026-03-09 19:05:00,175,35,True,True,False,False,48.0,28.8,56.2,538.0,0.1926,,,,2026-03-09,16.25,PM
455,Threshold_50_15min,717185,2026-03-09 16:15:00,2026-03-09 19:05:00,175,35,True,True,False,False,39.7,21.4,50.0,478.0,0.1727,,,,2026-03-09,16.25,PM
456,Threshold_50_15min,717190,2026-03-09 16:15:00,2026-03-09 19:05:00,175,35,True,True,False,False,42.8,23.9,50.5,540.0,0.1972,,,,2026-03-09,16.25,PM
457,Threshold_50_15min,717198,2026-03-09 16:15:00,2026-03-09 18:50:00,160,32,True,True,False,False,44.3,33.5,58.4,536.0,0.1272,,,,2026-03-09,16.25,PM
458,Threshold_50_15min,716152,2026-03-10 07:35:00,2026-03-10 08:45:00,75,15,True,True,False,False,49.6,31.6,56.0,567.0,0.1971,,,,2026-03-10,7.583333333333333,AM
459,Threshold_50_15min,717185,2026-03-10 07:35:00,2026-03-10 08:50:00,80,16,True,True,False,False,46.8,27.6,59.0,529.0,0.1316,,,,2026-03-10,7.583333333333333,AM
460,Threshold_50_15min,717190,2026-03-10 07:35:00,2026-03-10 08:50:00,80,16,True,True,False,False,49.7,31.0,57.9,565.0,0.1491,,,,2026-03-10,7.583333333333333,AM
461,Threshold_50_15min,717195,2026-03-10 07:40:00,2026-03-10 08:40:00,65,13,True,True,False,False,44.4,32.3,50.2,518.0,0.172,,,,2026-03-10,7.666666666666667,AM
462,Threshold_50_15min,717198,2026-03-10 07:40:00,2026-03-10 08:35:00,60,12,True,True,False,False,48.5,36.7,53.9,526.0,0.1487,,,,2026-03-10,7.666666666666667,AM
463,Threshold_50_15min,716152,2026-03-10 12:55:00,2026-03-10 13:15:00,25,5,True,True,False,False,46.1,45.2,56.5,511.0,0.1681,,,,2026-03-10,12.916666666666666,Midday
464,Threshold_50_15min,717185,2026-03-10 12:55:00,2026-03-10 13:35:00,45,9,True,True,False,False,49.2,39.6,58.3,511.0,0.1247,,,,2026-03-10,12.916666666666666,Midday
465,Threshold_50_15min,717190,2026-03-10 12:55:00,2026-03-10 13:35:00,45,9,True,True,False,False,49.4,40.9,58.0,515.0,0.1299,,,,2026-03-10,12.916666666666666,Midday
466,Threshold_50_15min,717195,2026-03-10 13:55:00,2026-03-10 17:05:00,195,39,True,True,False,False,44.8,32.7,55.4,558.0,0.1364,,,,2026-03-10,13.916666666666666,Midday
467,Threshold_50_15min,717198,2026-03-10 13:55:00,2026-03-10 17:05:00,195,39,True,True,False,False,44.8,34.0,53.6,510.0,0.1261,,,,2026-03-10,13.916666666666666,Midday
468,Threshold_50_15min,716152,2026-03-10 14:00:00,2026-03-10 19:10:00,315,63,True,True,False,False,39.5,30.4,51.5,539.0,0.2004,,,,2026-03-10,14.0,Midday
469,Threshold_50_15min,717185,2026-03-10 14:00:00,2026-03-10 19:10:00,315,63,True,True,False,False,42.4,22.6,50.4,530.0,0.1543,,,,2026-03-10,14.0,Midday
470,Threshold_50_15min,717190,2026-03-10 14:00:00,2026-03-10 19:10:00,315,63,True,True,False,False,39.4,25.9,50.0,557.0,0.1702,,,,2026-03-10,14.0,Midday
471,Threshold_50_15min,717198,2026-03-10 17:35:00,2026-03-10 19:10:00,100,20,True,True,False,False,49.9,38.5,50.4,543.0,0.1426,,,,2026-03-10,17.583333333333332,PM
472,Threshold_50_15min,717195,2026-03-10 17:55:00,2026-03-10 19:05:00,75,15,True,True,False,False,49.0,37.8,51.2,534.0,0.1387,,,,2026-03-10,17.916666666666668,PM
473,Threshold_50_15min,716152,2026-03-11 07:30:00,2026-03-11 08:20:00,55,11,True,True,False,False,45.1,31.3,51.7,536.0,0.2053,,,,2026-03-11,7.5,AM
474,Threshold_50_15min,717185,2026-03-11 07:30:00,2026-03-11 08:15:00,50,10,True,True,False,False,46.0,25.7,57.9,508.0,0.1279,,,,2026-03-11,7.5,AM
475,Threshold_50_15min,717190,2026-03-11 07:30:00,2026-03-11 08:15:00,50,10,True,True,False,False,45.5,27.3,56.9,529.0,0.142,,,,2026-03-11,7.5,AM
476,Threshold_50_15min,717195,2026-03-11 07:35:00,2026-03-11 08:25:00,55,11,True,True,False,False,46.5,30.7,55.6,555.0,0.1471,,,,2026-03-11,7.583333333333333,AM
477,Threshold_50_15min,717198,2026-03-11 07:35:00,2026-03-11 08:30:00,60,12,True,True,False,False,45.5,36.2,53.6,533.0,0.1456,,,,2026-03-11,7.583333333333333,AM
478,Threshold_50_15min,716152,2026-03-11 08:35:00,2026-03-11 09:05:00,35,7,True,True,False,False,47.8,40.7,52.3,555.0,0.184,,,,2026-03-11,8.583333333333334,AM
479,Threshold_50_15min,717190,2026-03-11 08:35:00,2026-03-11 09:05:00,35,7,True,True,False,False,46.8,43.1,55.2,554.0,0.1539,,,,2026-03-11,8.583333333333334,AM
480,Threshold_50_15min,717185,2026-03-11 08:40:00,2026-03-11 09:05:00,30,6,True,True,False,False,42.8,40.0,50.6,497.0,0.1545,,,,2026-03-11,8.666666666666666,AM
481,Threshold_50_15min,717195,2026-03-11 08:45:00,2026-03-11 08:55:00,15,3,True,True,False,False,47.3,42.6,53.9,552.0,0.1357,,,,2026-03-11,8.75,AM
482,Threshold_50_15min,716152,2026-03-11 12:45:00,2026-03-11 13:35:00,55,11,True,True,False,False,48.0,29.8,51.9,551.0,0.217,,,,2026-03-11,12.75,Midday
483,Threshold_50_15min,717185,2026-03-11 12:45:00,2026-03-11 13:45:00,65,13,True,True,False,False,44.9,27.4,56.8,503.0,0.1268,,,,2026-03-11,12.75,Midday
484,Threshold_50_15min,717190,2026-03-11 12:45:00,2026-03-11 13:40:00,60,12,True,True,False,False,44.3,27.3,55.7,541.0,0.1412,,,,2026-03-11,12.75,Midday
485,Threshold_50_15min,717195,2026-03-11 12:55:00,2026-03-11 13:05:00,15,3,True,True,False,False,48.2,41.9,53.8,510.0,0.1297,,,,2026-03-11,12.916666666666666,Midday
486,Threshold_50_15min,716152,2026-03-11 14:20:00,2026-03-11 19:35:00,320,64,True,True,False,False,49.0,25.2,56.3,571.0,0.1785,,,,2026-03-11,14.333333333333334,Midday
487,Threshold_50_15min,717185,2026-03-11 14:25:00,2026-03-11 19:45:00,325,65,True,True,False,False,46.6,19.6,57.4,521.0,0.1339,,,,2026-03-11,14.416666666666666,Midday
488,Threshold_50_15min,717190,2026-03-11 14:25:00,2026-03-11 19:45:00,325,65,True,True,False,False,44.2,21.3,57.8,561.0,0.1409,,,,2026-03-11,14.416666666666666,Midday
489,Threshold_50_15min,717195,2026-03-11 14:35:00,2026-03-11 18:30:00,240,48,True,True,False,False,46.5,33.6,52.2,526.0,0.1405,,,,2026-03-11,14.583333333333334,Midday
490,Threshold_50_15min,717198,2026-03-11 14:35:00,2026-03-11 18:40:00,250,50,True,True,False,False,47.6,37.6,53.3,519.0,0.1266,,,,2026-03-11,14.583333333333334,Midday
491,Threshold_50_15min,717195,2026-03-11 19:00:00,2026-03-11 19:35:00,40,8,True,True,False,False,49.6,39.6,51.9,520.0,0.1376,,,,2026-03-11,19.0,PM
492,Threshold_50_15min,717198,2026-03-11 19:00:00,2026-03-11 19:40:00,45,9,True,True,False,False,49.1,38.1,50.5,504.0,0.1345,,,,2026-03-11,19.0,PM
493,Threshold_50_15min,716152,2026-03-12 07:25:00,2026-03-12 08:55:00,95,19,True,True,False,False,45.4,30.1,52.5,508.0,0.2006,,,,2026-03-12,7.416666666666667,AM
494,Threshold_50_15min,717185,2026-03-12 07:25:00,2026-03-12 08:55:00,95,19,True,True,False,False,48.5,24.6,50.2,456.0,0.1763,,,,2026-03-12,7.416666666666667,AM
495,Threshold_50_15min,717190,2026-03-12 07:25:00,2026-03-12 08:50:00,90,18,True,True,False,False,48.1,27.4,51.9,471.0,0.1618,,,,2026-03-12,7.416666666666667,AM
496,Threshold_50_15min,717195,2026-03-12 07:35:00,2026-03-12 08:35:00,65,13,True,True,False,False,49.0,33.1,58.7,509.0,0.1191,,,,2026-03-12,7.583333333333333,AM
497,Threshold_50_15min,717198,2026-03-12 07:35:00,2026-03-12 08:35:00,65,13,True,True,False,False,49.8,38.4,58.7,491.0,0.1146,,,,2026-03-12,7.583333333333333,AM
498,Threshold_50_15min,717190,2026-03-12 10:30:00,2026-03-12 10:55:00,30,6,True,True,False,False,48.9,48.2,51.0,538.0,0.1516,,,,2026-03-12,10.5,Midday
499,Threshold_50_15min,717195,2026-03-12 10:55:00,2026-03-12 11:05:00,15,3,True,True,False,False,47.9,43.0,50.1,566.0,0.1627,,,,2026-03-12,10.916666666666666,Midday
500,Threshold_50_15min,717198,2026-03-12 13:05:00,2026-03-12 19:15:00,375,75,True,True,False,False,49.8,33.0,56.1,556.0,0.1289,,,,2026-03-12,13.083333333333334,Midday
501,Threshold_50_15min,716152,2026-03-12 13:10:00,2026-03-12 19:35:00,390,78,True,True,False,False,42.8,27.9,54.4,575.0,0.1768,,,,2026-03-12,13.166666666666666,Midday
502,Threshold_50_15min,717185,2026-03-12 13:10:00,2026-03-12 19:35:00,390,78,True,True,False,False,49.6,19.8,56.0,548.0,0.1348,,,,2026-03-12,13.166666666666666,Midday
503,Threshold_50_15min,717190,2026-03-12 13:10:00,2026-03-12 19:35:00,390,78,True,True,False,False,45.4,21.1,55.2,567.0,0.1415,,,,2026-03-12,13.166666666666666,Midday
504,Threshold_50_15min,717195,2026-03-12 13:10:00,2026-03-12 18:10:00,305,61,True,True,False,False,39.0,31.9,50.3,549.0,0.1616,,,,2026-03-12,13.166666666666666,Midday
505,Threshold_50_15min,717195,2026-03-12 18:30:00,2026-03-12 19:10:00,45,9,True,True,False,False,47.9,36.0,50.8,504.0,0.131,,,,2026-03-12,18.5,PM
506,Threshold_50_15min,717195,2026-03-13 07:30:00,2026-03-13 08:40:00,75,15,True,True,False,False,41.9,29.6,53.0,513.0,0.1167,,,,2026-03-13,7.5,AM
507,Threshold_50_15min,717198,2026-03-13 07:30:00,2026-03-13 08:40:00,75,15,True,True,False,False,46.6,36.1,57.5,471.0,0.101,,,,2026-03-13,7.5,AM
508,Threshold_50_15min,716152,2026-03-13 07:35:00,2026-03-13 08:40:00,70,14,True,True,False,False,44.0,29.7,50.4,556.0,0.1775,,,,2026-03-13,7.583333333333333,AM
509,Threshold_50_15min,717185,2026-03-13 07:35:00,2026-03-13 08:40:00,70,14,True,True,False,False,49.0,25.2,57.0,506.0,0.1105,,,,2026-03-13,7.583333333333333,AM
510,Threshold_50_15min,717190,2026-03-13 07:40:00,2026-03-13 08:35:00,60,12,True,True,False,False,40.2,28.8,50.1,536.0,0.1796,,,,2026-03-13,7.666666666666667,AM
511,Threshold_50_15min,717195,2026-03-13 11:05:00,2026-03-13 11:15:00,15,3,True,True,False,False,47.9,47.9,52.3,495.0,0.1204,,,,2026-03-13,11.083333333333334,Midday
512,Threshold_50_15min,717185,2026-03-13 11:35:00,2026-03-13 18:40:00,430,86,True,True,False,False,47.8,15.3,53.1,469.0,0.1163,,,,2026-03-13,11.583333333333334,Midday
513,Threshold_50_15min,716152,2026-03-13 11:40:00,2026-03-13 18:50:00,435,87,True,True,False,False,44.5,16.3,52.1,442.0,0.1369,,,,2026-03-13,11.666666666666666,Midday
514,Threshold_50_15min,717190,2026-03-13 11:40:00,2026-03-13 18:35:00,420,84,True,True,False,False,40.7,15.7,50.0,415.0,0.1302,,,,2026-03-13,11.666666666666666,Midday
515,Threshold_50_15min,717195,2026-03-13 11:40:00,2026-03-13 18:40:00,425,85,True,True,False,False,41.0,13.8,52.1,418.0,0.0919,,,,2026-03-13,11.666666666666666,Midday
516,Threshold_50_15min,717198,2026-03-13 11:40:00,2026-03-13 18:30:00,415,83,True,True,False,False,47.0,16.8,57.5,394.0,0.0847,,,,2026-03-13,11.666666666666666,Midday
517,Threshold_50_15min,717195,2026-03-13 18:55:00,2026-03-13 19:30:00,40,8,True,True,False,False,49.5,41.7,50.0,508.0,0.1242,,,,2026-03-13,18.916666666666668,PM
518,Threshold_50_15min,716152,2026-03-13 19:00:00,2026-03-13 19:20:00,25,5,True,True,False,False,48.3,41.5,50.0,531.0,0.1634,,,,2026-03-13,19.0,PM
519,Threshold_50_15min,717198,2026-03-13 19:05:00,2026-03-13 19:25:00,25,5,True,True,False,False,48.9,47.0,51.4,494.0,0.1187,,,,2026-03-13,19.083333333333332,PM
520,Threshold_50_15min,717185,2026-03-13 19:10:00,2026-03-13 19:30:00,25,5,True,True,False,False,39.2,39.2,50.1,505.0,0.1271,,,,2026-03-13,19.166666666666668,PM
521,Threshold_50_15min,716152,2026-03-13 19:40:00,2026-03-13 19:55:00,20,4,True,False,False,True,48.1,41.7,52.2,551.0,0.1618,,,,2026-03-13,19.666666666666668,PM
522,Threshold_50_15min,717185,2026-03-13 19:40:00,2026-03-13 19:55:00,20,4,True,False,False,True,46.9,37.9,50.7,512.0,0.1192,,,,2026-03-13,19.666666666666668,PM
523,Threshold_50_15min,717190,2026-03-13 19:45:00,2026-03-13 19:55:00,15,3,True,False,False,True,46.9,42.0,51.4,525.0,0.1479,,,,2026-03-13,19.75,PM
524,Threshold_50_15min,717195,2026-03-13 19:45:00,2026-03-13 19:55:00,15,3,True,False,False,True,48.1,43.7,50.5,414.0,0.3341,,,,2026-03-13,19.75,PM
525,Threshold_50_15min,717185,2026-03-14 13:55:00,2026-03-14 14:40:00,50,10,True,True,False,False,46.6,27.3,56.8,529.0,0.1277,,,,2026-03-14,13.916666666666666,Midday
526,Threshold_50_15min,717190,2026-03-14 13:55:00,2026-03-14 14:40:00,50,10,True,True,False,False,44.6,28.6,54.5,555.0,0.1497,,,,2026-03-14,13.916666666666666,Midday
527,Threshold_50_15min,717185,2026-03-14 15:35:00,2026-03-14 18:30:00,180,36,True,True,False,False,40.9,12.1,50.6,459.0,0.1548,,,,2026-03-14,15.583333333333334,PM
528,Threshold_50_15min,717190,2026-03-14 15:35:00,2026-03-14 18:30:00,180,36,True,True,False,False,42.9,13.4,51.1,513.0,0.1795,,,,2026-03-14,15.583333333333334,PM
529,Threshold_50_15min,717198,2026-03-14 15:35:00,2026-03-14 18:10:00,160,32,True,True,False,False,47.1,32.5,58.0,516.0,0.1161,,,,2026-03-14,15.583333333333334,PM
530,Threshold_50_15min,717198,2026-03-14 18:25:00,2026-03-14 18:35:00,15,3,True,True,False,False,49.4,46.9,53.4,533.0,0.1196,,,,2026-03-14,18.416666666666668,PM
531,Threshold_50_15min,717185,2026-03-15 15:10:00,2026-03-15 15:30:00,25,5,True,True,False,False,41.0,34.8,51.9,509.0,0.1402,,,,2026-03-15,15.166666666666666,PM
532,Threshold_50_15min,717190,2026-03-15 15:10:00,2026-03-15 15:30:00,25,5,True,True,False,False,42.4,36.0,51.4,533.0,0.1489,,,,2026-03-15,15.166666666666666,PM
533,Threshold_50_15min,717195,2026-03-15 15:20:00,2026-03-15 15:30:00,15,3,True,True,False,False,49.8,44.9,50.8,550.0,0.1352,,,,2026-03-15,15.333333333333334,PM
534,Threshold_50_15min,717198,2026-03-15 15:20:00,2026-03-15 15:30:00,15,3,True,True,False,False,46.9,43.2,51.0,535.0,0.1332,,,,2026-03-15,15.333333333333334,PM
535,Threshold_50_15min,716152,2026-03-16 07:30:00,2026-03-16 08:25:00,60,12,True,True,False,False,43.7,35.1,53.9,535.0,0.193,,,,2026-03-16,7.5,AM
536,Threshold_50_15min,717185,2026-03-16 07:30:00,2026-03-16 08:25:00,60,12,True,True,False,False,41.2,31.8,56.4,534.0,0.1436,,,,2026-03-16,7.5,AM
537,Threshold_50_15min,717190,2026-03-16 07:30:00,2026-03-16 08:25:00,60,12,True,True,False,False,42.2,35.6,58.7,572.0,0.1416,,,,2026-03-16,7.5,AM
538,Threshold_50_15min,717195,2026-03-16 07:40:00,2026-03-16 08:30:00,55,11,True,True,False,False,42.0,36.8,51.9,509.0,0.1167,,,,2026-03-16,7.666666666666667,AM
539,Threshold_50_15min,717198,2026-03-16 07:40:00,2026-03-16 08:30:00,55,11,True,True,False,False,45.9,40.0,54.6,497.0,0.1137,,,,2026-03-16,7.666666666666667,AM
540,Threshold_50_15min,717185,2026-03-16 13:45:00,2026-03-16 13:55:00,15,3,True,True,False,False,47.5,45.2,55.6,512.0,0.1333,,,,2026-03-16,13.75,Midday
541,Threshold_50_15min,717190,2026-03-16 13:45:00,2026-03-16 19:10:00,330,66,True,True,False,False,48.4,23.1,55.4,522.0,0.1352,,,,2026-03-16,13.75,Midday
542,Threshold_50_15min,716152,2026-03-16 13:55:00,2026-03-16 19:10:00,320,64,True,True,False,False,49.8,28.6,50.7,559.0,0.1983,,,,2026-03-16,13.916666666666666,Midday
543,Threshold_50_15min,717195,2026-03-16 13:55:00,2026-03-16 19:15:00,325,65,True,True,False,False,48.8,32.1,50.6,534.0,0.1335,,,,2026-03-16,13.916666666666666,Midday
544,Threshold_50_15min,717198,2026-03-16 14:00:00,2026-03-16 17:35:00,220,44,True,True,False,False,43.9,35.9,53.3,527.0,0.1295,,,,2026-03-16,14.0,Midday
545,Threshold_50_15min,717185,2026-03-16 14:05:00,2026-03-16 19:10:00,310,62,True,True,False,False,42.0,22.1,50.8,457.0,0.1187,,,,2026-03-16,14.083333333333334,Midday
546,Threshold_50_15min,717198,2026-03-16 17:45:00,2026-03-16 19:05:00,85,17,True,True,False,False,47.0,37.9,50.4,511.0,0.118,,,,2026-03-16,17.75,PM
547,Threshold_50_15min,716152,2026-03-17 07:30:00,2026-03-17 08:45:00,80,16,True,True,False,False,47.5,34.3,51.4,546.0,0.2077,,,,2026-03-17,7.5,AM
548,Threshold_50_15min,717185,2026-03-17 07:35:00,2026-03-17 08:50:00,80,16,True,True,False,False,44.6,30.4,50.8,487.0,0.1587,,,,2026-03-17,7.583333333333333,AM
549,Threshold_50_15min,717190,2026-03-17 07:35:00,2026-03-17 08:50:00,80,16,True,True,False,False,43.8,32.0,50.7,526.0,0.171,,,,2026-03-17,7.583333333333333,AM
550,Threshold_50_15min,717195,2026-03-17 07:35:00,2026-03-17 08:30:00,60,12,True,True,False,False,47.3,40.2,59.1,550.0,0.1269,,,,2026-03-17,7.583333333333333,AM
551,Threshold_50_15min,717198,2026-03-17 07:35:00,2026-03-17 08:30:00,60,12,True,True,False,False,48.0,38.5,57.4,516.0,0.1194,,,,2026-03-17,7.583333333333333,AM
552,Threshold_50_15min,717195,2026-03-17 12:30:00,2026-03-17 13:00:00,35,7,True,True,False,False,46.9,20.1,55.9,546.0,0.137,,,,2026-03-17,12.5,Midday
553,Threshold_50_15min,717198,2026-03-17 12:30:00,2026-03-17 12:55:00,30,6,True,True,False,False,48.9,25.8,57.2,491.0,0.119,,,,2026-03-17,12.5,Midday
554,Threshold_50_15min,716152,2026-03-17 12:35:00,2026-03-17 13:00:00,30,6,True,True,False,False,41.0,23.6,54.6,550.0,0.1869,,,,2026-03-17,12.583333333333334,Midday
555,Threshold_50_15min,717185,2026-03-17 12:40:00,2026-03-17 13:05:00,30,6,True,True,False,False,40.8,25.6,56.6,498.0,0.1347,,,,2026-03-17,12.666666666666666,Midday
556,Threshold_50_15min,717190,2026-03-17 12:40:00,2026-03-17 13:00:00,25,5,True,True,False,False,39.8,22.6,53.4,497.0,0.1487,,,,2026-03-17,12.666666666666666,Midday
557,Threshold_50_15min,716152,2026-03-17 13:40:00,2026-03-17 19:35:00,360,72,True,True,False,False,49.5,17.0,56.3,540.0,0.1578,,,,2026-03-17,13.666666666666666,Midday
558,Threshold_50_15min,717190,2026-03-17 13:45:00,2026-03-17 19:30:00,350,70,True,True,False,False,47.8,18.1,58.6,520.0,0.127,,,,2026-03-17,13.75,Midday
559,Threshold_50_15min,717185,2026-03-17 13:50:00,2026-03-17 19:30:00,345,69,True,True,False,False,46.4,16.6,50.2,482.0,0.1695,,,,2026-03-17,13.833333333333334,Midday
560,Threshold_50_15min,717195,2026-03-17 13:55:00,2026-03-17 17:40:00,230,46,True,True,False,False,47.4,18.3,52.8,507.0,0.1341,,,,2026-03-17,13.916666666666666,Midday
561,Threshold_50_15min,717198,2026-03-17 13:55:00,2026-03-17 18:20:00,270,54,True,True,False,False,49.1,18.1,51.8,491.0,0.1282,,,,2026-03-17,13.916666666666666,Midday
562,Threshold_50_15min,717195,2026-03-17 17:50:00,2026-03-17 18:15:00,30,6,True,True,False,False,48.7,43.4,50.1,509.0,0.1274,,,,2026-03-17,17.833333333333332,PM
563,Threshold_50_15min,717195,2026-03-17 18:25:00,2026-03-17 19:40:00,80,16,True,True,False,False,49.6,44.0,50.6,516.0,0.1311,,,,2026-03-17,18.416666666666668,PM
564,Threshold_50_15min,717198,2026-03-17 18:30:00,2026-03-17 19:40:00,75,15,True,True,False,False,49.7,43.3,50.8,492.0,0.1254,,,,2026-03-17,18.5,PM
565,Threshold_50_15min,716152,2026-03-18 07:25:00,2026-03-18 08:50:00,90,18,True,True,False,False,48.4,34.0,52.2,522.0,0.2056,,,,2026-03-18,7.416666666666667,AM
566,Threshold_50_15min,717185,2026-03-18 07:25:00,2026-03-18 08:45:00,85,17,True,True,False,False,49.9,28.1,63.3,505.0,0.1144,,,,2026-03-18,7.416666666666667,AM
567,Threshold_50_15min,717190,2026-03-18 07:25:00,2026-03-18 08:45:00,85,17,True,True,False,False,48.3,30.5,59.2,512.0,0.1344,,,,2026-03-18,7.416666666666667,AM
568,Threshold_50_15min,717195,2026-03-18 07:40:00,2026-03-18 08:30:00,55,11,True,True,False,False,49.8,39.4,53.4,541.0,0.1425,,,,2026-03-18,7.666666666666667,AM
569,Threshold_50_15min,717198,2026-03-18 07:40:00,2026-03-18 08:30:00,55,11,True,True,False,False,49.7,39.4,55.4,540.0,0.1359,,,,2026-03-18,7.666666666666667,AM
570,Threshold_50_15min,716152,2026-03-18 12:30:00,2026-03-18 18:55:00,390,78,True,True,False,False,49.6,20.1,57.8,519.0,0.1741,,,,2026-03-18,12.5,Midday
571,Threshold_50_15min,717190,2026-03-18 12:30:00,2026-03-18 19:00:00,395,79,True,True,False,False,49.8,16.4,54.6,496.0,0.149,,,,2026-03-18,12.5,Midday
572,Threshold_50_15min,717185,2026-03-18 12:35:00,2026-03-18 18:35:00,365,73,True,True,False,False,42.3,15.8,51.7,514.0,0.1549,,,,2026-03-18,12.583333333333334,Midday
573,Threshold_50_15min,717195,2026-03-18 12:40:00,2026-03-18 17:00:00,265,53,True,True,False,False,48.2,20.9,50.4,509.0,0.1357,,,,2026-03-18,12.666666666666666,Midday
574,Threshold_50_15min,717198,2026-03-18 13:15:00,2026-03-18 14:35:00,85,17,True,True,False,False,45.2,22.5,51.7,509.0,0.1299,,,,2026-03-18,13.25,Midday
575,Threshold_50_15min,717198,2026-03-18 14:50:00,2026-03-18 16:10:00,85,17,True,True,False,False,49.0,37.2,50.2,503.0,0.1319,,,,2026-03-18,14.833333333333334,Midday
576,Threshold_50_15min,717198,2026-03-18 16:20:00,2026-03-18 17:00:00,45,9,True,True,False,False,49.5,38.2,50.2,491.0,0.1277,,,,2026-03-18,16.333333333333332,PM
577,Threshold_50_15min,717195,2026-03-18 17:15:00,2026-03-18 18:50:00,100,20,True,True,False,False,47.0,35.0,54.5,509.0,0.1232,,,,2026-03-18,17.25,PM
578,Threshold_50_15min,717198,2026-03-18 17:15:00,2026-03-18 18:50:00,100,20,True,True,False,False,46.8,36.3,53.4,487.0,0.1171,,,,2026-03-18,17.25,PM
579,Threshold_50_15min,717185,2026-03-18 18:45:00,2026-03-18 19:00:00,20,4,True,True,False,False,40.6,35.9,51.0,473.0,0.1235,,,,2026-03-18,18.75,PM
580,Threshold_50_15min,716152,2026-03-19 07:25:00,2026-03-19 08:40:00,80,16,True,True,False,False,45.8,34.1,53.0,566.0,0.1744,,,,2026-03-19,7.416666666666667,AM
581,Threshold_50_15min,717185,2026-03-19 07:30:00,2026-03-19 08:40:00,75,15,True,True,False,False,44.3,27.3,54.6,532.0,0.1216,,,,2026-03-19,7.5,AM
582,Threshold_50_15min,717190,2026-03-19 07:30:00,2026-03-19 08:40:00,75,15,True,True,False,False,46.4,27.5,53.1,551.0,0.1384,,,,2026-03-19,7.5,AM
583,Threshold_50_15min,717198,2026-03-19 07:40:00,2026-03-19 08:25:00,50,10,True,True,False,False,48.0,39.0,52.1,511.0,0.1312,,,,2026-03-19,7.666666666666667,AM
584,Threshold_50_15min,717195,2026-03-19 07:45:00,2026-03-19 08:25:00,45,9,True,True,False,False,44.9,35.2,51.5,563.0,0.1559,,,,2026-03-19,7.75,AM
585,Threshold_50_15min,717190,2026-03-19 09:25:00,2026-03-19 09:35:00,15,3,True,True,False,False,47.1,42.2,53.4,484.0,0.1536,,,,2026-03-19,9.416666666666666,AM
586,Threshold_50_15min,717195,2026-03-19 10:35:00,2026-03-19 11:25:00,55,11,True,True,False,False,34.8,10.8,52.9,454.0,0.1345,,,,2026-03-19,10.583333333333334,Midday
587,Threshold_50_15min,717198,2026-03-19 10:35:00,2026-03-19 11:25:00,55,11,True,True,False,False,40.0,12.4,57.0,401.0,0.104,,,,2026-03-19,10.583333333333334,Midday
589,Threshold_50_15min,716152,2026-03-19 10:40:00,2026-03-19 11:25:00,50,10,True,True,False,False,39.2,14.0,59.7,430.0,0.1239,,,,2026-03-19,10.666666666666666,Midday
590,Threshold_50_15min,717185,2026-03-19 10:45:00,2026-03-19 11:05:00,25,5,True,True,False,False,48.2,23.3,59.4,385.0,0.0939,,,,2026-03-19,10.75,Midday
591,Threshold_50_15min,717190,2026-03-19 10:45:00,2026-03-19 11:10:00,30,6,True,True,False,False,41.0,20.4,57.1,414.0,0.1109,,,,2026-03-19,10.75,Midday
592,Threshold_50_15min,716152,2026-03-19 12:10:00,2026-03-19 19:25:00,440,88,True,True,False,False,49.9,27.7,55.2,495.0,0.1642,,,,2026-03-19,12.166666666666666,Midday
593,Threshold_50_15min,717185,2026-03-19 12:10:00,2026-03-19 19:25:00,440,88,True,True,False,False,39.0,21.8,51.8,454.0,0.1457,,,,2026-03-19,12.166666666666666,Midday
594,Threshold_50_15min,717190,2026-03-19 12:10:00,2026-03-19 19:25:00,440,88,True,True,False,False,37.7,21.5,50.8,490.0,0.165,,,,2026-03-19,12.166666666666666,Midday
595,Threshold_50_15min,717195,2026-03-19 13:20:00,2026-03-19 19:20:00,365,73,True,True,False,False,48.8,30.5,51.0,523.0,0.1401,,,,2026-03-19,13.333333333333334,Midday
596,Threshold_50_15min,717198,2026-03-19 13:20:00,2026-03-19 19:25:00,370,74,True,True,False,False,49.5,31.2,51.0,529.0,0.1358,,,,2026-03-19,13.333333333333334,Midday
597,Threshold_50_15min,716152,2026-03-20 07:35:00,2026-03-20 08:45:00,75,15,True,True,False,False,49.5,35.4,55.8,569.0,0.1517,,,,2026-03-20,7.583333333333333,AM
598,Threshold_50_15min,717195,2026-03-20 07:35:00,2026-03-20 08:30:00,60,12,True,True,False,False,48.1,35.2,56.7,516.0,0.1033,,,,2026-03-20,7.583333333333333,AM
599,Threshold_50_15min,717185,2026-03-20 07:40:00,2026-03-20 08:40:00,65,13,True,True,False,False,42.9,30.6,56.8,561.0,0.1285,,,,2026-03-20,7.666666666666667,AM
600,Threshold_50_15min,717190,2026-03-20 07:40:00,2026-03-20 08:30:00,55,11,True,True,False,False,47.3,33.2,60.0,589.0,0.1355,,,,2026-03-20,7.666666666666667,AM
601,Threshold_50_15min,717198,2026-03-20 07:40:00,2026-03-20 08:20:00,45,9,True,True,False,False,43.8,38.8,53.2,527.0,0.1417,,,,2026-03-20,7.666666666666667,AM
602,Threshold_50_15min,716152,2026-03-20 12:10:00,2026-03-20 19:35:00,450,90,True,True,False,False,46.3,23.2,51.1,524.0,0.1694,,,,2026-03-20,12.166666666666666,Midday
603,Threshold_50_15min,717185,2026-03-20 12:10:00,2026-03-20 12:40:00,35,7,True,True,False,False,39.5,39.5,51.8,507.0,0.1394,,,,2026-03-20,12.166666666666666,Midday
604,Threshold_50_15min,717190,2026-03-20 12:10:00,2026-03-20 12:25:00,20,4,True,True,False,False,41.9,41.9,52.5,536.0,0.153,,,,2026-03-20,12.166666666666666,Midday
605,Threshold_50_15min,717195,2026-03-20 12:10:00,2026-03-20 19:30:00,445,89,True,True,False,False,49.6,25.7,52.6,528.0,0.122,,,,2026-03-20,12.166666666666666,Midday
606,Threshold_50_15min,717198,2026-03-20 12:30:00,2026-03-20 19:30:00,425,85,True,True,False,False,48.2,29.6,50.8,547.0,0.1426,,,,2026-03-20,12.5,Midday
607,Threshold_50_15min,717185,2026-03-20 13:00:00,2026-03-20 19:30:00,395,79,True,True,False,False,49.5,16.5,52.2,517.0,0.1219,,,,2026-03-20,13.0,Midday
608,Threshold_50_15min,717190,2026-03-20 13:05:00,2026-03-20 19:30:00,390,78,True,True,False,False,46.3,18.0,51.2,526.0,0.1537,,,,2026-03-20,13.083333333333334,Midday
609,Threshold_50_15min,716152,2026-03-21 10:25:00,2026-03-21 10:40:00,20,4,True,True,False,False,48.1,46.7,51.2,593.0,0.1999,,,,2026-03-21,10.416666666666666,Midday
610,Threshold_50_15min,717190,2026-03-21 10:25:00,2026-03-21 10:35:00,15,3,True,True,False,False,48.4,45.2,58.9,586.0,0.1313,,,,2026-03-21,10.416666666666666,Midday
611,Threshold_50_15min,716152,2026-03-21 12:50:00,2026-03-21 18:30:00,345,69,True,True,False,False,46.3,27.1,54.6,593.0,0.1746,,,,2026-03-21,12.833333333333334,Midday
612,Threshold_50_15min,717195,2026-03-21 12:50:00,2026-03-21 13:00:00,15,3,True,True,False,False,46.4,46.4,52.7,588.0,0.1285,,,,2026-03-21,12.833333333333334,Midday
613,Threshold_50_15min,717185,2026-03-21 12:55:00,2026-03-21 13:50:00,60,12,True,True,False,False,47.9,30.2,57.3,549.0,0.1254,,,,2026-03-21,12.916666666666666,Midday
614,Threshold_50_15min,717190,2026-03-21 12:55:00,2026-03-21 13:55:00,65,13,True,True,False,False,44.6,29.2,56.2,574.0,0.1403,,,,2026-03-21,12.916666666666666,Midday
615,Threshold_50_15min,717190,2026-03-21 14:05:00,2026-03-21 18:05:00,245,49,True,True,False,False,46.8,20.3,50.6,497.0,0.1216,,,,2026-03-21,14.083333333333334,Midday
616,Threshold_50_15min,717185,2026-03-21 14:10:00,2026-03-21 18:10:00,245,49,True,True,False,False,40.2,20.2,52.2,478.0,0.1209,,,,2026-03-21,14.166666666666666,Midday
617,Threshold_50_15min,717195,2026-03-21 14:35:00,2026-03-21 14:50:00,20,4,True,True,False,False,43.8,43.8,54.0,545.0,0.1253,,,,2026-03-21,14.583333333333334,Midday
618,Threshold_50_15min,717198,2026-03-21 14:35:00,2026-03-21 15:00:00,30,6,True,True,False,False,42.1,42.1,51.9,560.0,0.1346,,,,2026-03-21,14.583333333333334,Midday
619,Threshold_50_15min,717195,2026-03-21 15:15:00,2026-03-21 16:00:00,50,10,True,True,False,False,49.9,35.9,51.5,498.0,0.1168,,,,2026-03-21,15.25,PM
620,Threshold_50_15min,717198,2026-03-21 15:15:00,2026-03-21 16:00:00,50,10,True,True,False,False,49.7,39.0,50.8,515.0,0.1224,,,,2026-03-21,15.25,PM
621,Threshold_50_15min,717198,2026-03-21 16:20:00,2026-03-21 17:20:00,65,13,True,True,False,False,49.6,33.6,50.0,519.0,0.1302,,,,2026-03-21,16.333333333333332,PM
622,Threshold_50_15min,717195,2026-03-21 16:25:00,2026-03-21 16:50:00,30,6,True,True,False,False,42.8,35.4,50.7,550.0,0.1333,,,,2026-03-21,16.416666666666668,PM
623,Threshold_50_15min,717195,2026-03-21 17:10:00,2026-03-21 17:20:00,15,3,True,True,False,False,47.9,47.9,50.7,529.0,0.129,,,,2026-03-21,17.166666666666668,PM
624,Threshold_50_15min,717195,2026-03-21 18:05:00,2026-03-21 18:25:00,25,5,True,True,False,False,47.4,46.5,51.4,568.0,0.1406,,,,2026-03-21,18.083333333333332,PM
625,Threshold_50_15min,717198,2026-03-21 18:05:00,2026-03-21 18:25:00,25,5,True,True,False,False,47.3,46.1,50.5,556.0,0.1412,,,,2026-03-21,18.083333333333332,PM
626,Threshold_50_15min,717185,2026-03-22 11:55:00,2026-03-22 12:05:00,15,3,True,True,False,False,45.6,43.9,60.9,532.0,0.1056,,,,2026-03-22,11.916666666666666,Midday
627,Threshold_50_15min,717190,2026-03-22 11:55:00,2026-03-22 12:05:00,15,3,True,True,False,False,47.2,46.2,59.9,553.0,0.1146,,,,2026-03-22,11.916666666666666,Midday
628,Threshold_50_15min,717185,2026-03-22 12:45:00,2026-03-22 14:50:00,130,26,True,True,False,False,45.8,17.1,54.1,358.0,0.0791,,,,2026-03-22,12.75,Midday
629,Threshold_50_15min,717190,2026-03-22 12:45:00,2026-03-22 14:10:00,90,18,True,True,False,False,49.5,16.4,56.1,351.0,0.0752,,,,2026-03-22,12.75,Midday
630,Threshold_50_15min,716152,2026-03-22 12:55:00,2026-03-22 14:00:00,70,14,True,True,False,False,41.1,19.2,53.5,456.0,0.1366,,,,2026-03-22,12.916666666666666,Midday
631,Threshold_50_15min,717195,2026-03-22 13:00:00,2026-03-22 13:55:00,60,12,True,True,False,False,46.8,21.4,56.9,411.0,0.0902,,,,2026-03-22,13.0,Midday
632,Threshold_50_15min,717198,2026-03-22 13:00:00,2026-03-22 13:55:00,60,12,True,True,False,False,46.7,20.9,59.3,370.0,0.0811,,,,2026-03-22,13.0,Midday
633,Threshold_50_15min,716152,2026-03-23 07:40:00,2026-03-23 08:30:00,55,11,True,True,False,False,49.2,34.6,59.3,646.0,0.1898,,,,2026-03-23,7.666666666666667,AM
634,Threshold_50_15min,717195,2026-03-23 07:40:00,2026-03-23 08:35:00,60,12,True,True,False,False,41.2,33.2,54.6,587.0,0.1388,,,,2026-03-23,7.666666666666667,AM
635,Threshold_50_15min,717198,2026-03-23 07:40:00,2026-03-23 08:15:00,40,8,True,True,False,False,47.3,38.4,56.4,533.0,0.1275,,,,2026-03-23,7.666666666666667,AM
636,Threshold_50_15min,717185,2026-03-23 07:45:00,2026-03-23 08:25:00,45,9,True,True,False,False,41.4,34.3,57.2,554.0,0.1357,,,,2026-03-23,7.75,AM
637,Threshold_50_15min,717190,2026-03-23 07:45:00,2026-03-23 08:25:00,45,9,True,True,False,False,39.3,33.6,54.0,565.0,0.1549,,,,2026-03-23,7.75,AM
638,Threshold_50_15min,717195,2026-03-23 12:40:00,2026-03-23 12:55:00,20,4,True,True,False,False,47.6,46.7,50.7,476.0,0.12,,,,2026-03-23,12.666666666666666,Midday
639,Threshold_50_15min,717185,2026-03-23 13:30:00,2026-03-23 19:10:00,345,69,True,True,False,False,47.6,18.3,55.1,495.0,0.1359,,,,2026-03-23,13.5,Midday
640,Threshold_50_15min,717190,2026-03-23 13:30:00,2026-03-23 19:10:00,345,69,True,True,False,False,47.9,19.9,55.7,507.0,0.1363,,,,2026-03-23,13.5,Midday
641,Threshold_50_15min,717195,2026-03-23 13:30:00,2026-03-23 15:50:00,145,29,True,True,False,False,49.7,30.7,51.7,504.0,0.1281,,,,2026-03-23,13.5,Midday
642,Threshold_50_15min,716152,2026-03-23 13:35:00,2026-03-23 19:10:00,340,68,True,True,False,False,45.9,25.8,52.2,493.0,0.1655,,,,2026-03-23,13.583333333333334,Midday
643,Threshold_50_15min,717198,2026-03-23 13:50:00,2026-03-23 15:50:00,125,25,True,True,False,False,49.1,34.6,50.3,495.0,0.1266,,,,2026-03-23,13.833333333333334,Midday
644,Threshold_50_15min,717195,2026-03-23 16:00:00,2026-03-23 19:15:00,200,40,True,True,False,False,49.4,29.8,50.5,452.0,0.1004,,,,2026-03-23,16.0,PM
645,Threshold_50_15min,717198,2026-03-23 16:05:00,2026-03-23 18:50:00,170,34,True,True,False,False,48.9,35.9,52.4,468.0,0.1162,,,,2026-03-23,16.083333333333332,PM
646,Threshold_50_15min,717185,2026-03-24 07:40:00,2026-03-24 07:55:00,20,4,True,True,False,False,49.2,41.1,61.1,579.0,0.1354,,,,2026-03-24,7.666666666666667,AM
647,Threshold_50_15min,717190,2026-03-24 07:40:00,2026-03-24 07:55:00,20,4,True,True,False,False,49.4,43.4,59.3,592.0,0.1509,,,,2026-03-24,7.666666666666667,AM
648,Threshold_50_15min,716152,2026-03-24 08:20:00,2026-03-24 09:00:00,45,9,True,True,False,False,45.1,40.1,50.7,549.0,0.2066,,,,2026-03-24,8.333333333333334,AM
649,Threshold_50_15min,717185,2026-03-24 08:25:00,2026-03-24 09:00:00,40,8,True,True,False,False,43.1,35.7,51.7,574.0,0.1718,,,,2026-03-24,8.416666666666666,AM
650,Threshold_50_15min,717190,2026-03-24 08:25:00,2026-03-24 08:55:00,35,7,True,True,False,False,40.4,35.0,50.4,597.0,0.1817,,,,2026-03-24,8.416666666666666,AM
651,Threshold_50_15min,717195,2026-03-24 08:50:00,2026-03-24 09:00:00,15,3,True,True,False,False,49.1,40.7,54.0,537.0,0.1352,,,,2026-03-24,8.833333333333334,AM
652,Threshold_50_15min,717198,2026-03-24 08:50:00,2026-03-24 09:00:00,15,3,True,True,False,False,48.6,42.0,54.9,491.0,0.1177,,,,2026-03-24,8.833333333333334,AM
653,Threshold_50_15min,717185,2026-03-24 13:15:00,2026-03-24 19:40:00,390,78,True,True,False,False,47.5,22.8,58.3,559.0,0.1399,,,,2026-03-24,13.25,Midday
654,Threshold_50_15min,717190,2026-03-24 13:15:00,2026-03-24 19:40:00,390,78,True,True,False,False,44.3,22.1,56.2,563.0,0.1516,,,,2026-03-24,13.25,Midday
655,Threshold_50_15min,716152,2026-03-24 13:25:00,2026-03-24 19:35:00,375,75,True,True,False,False,48.5,28.6,50.2,540.0,0.1762,,,,2026-03-24,13.416666666666666,Midday
656,Threshold_50_15min,717195,2026-03-24 13:30:00,2026-03-24 19:25:00,360,72,True,True,False,False,48.9,35.6,52.6,518.0,0.1373,,,,2026-03-24,13.5,Midday
657,Threshold_50_15min,717198,2026-03-24 13:30:00,2026-03-24 19:30:00,365,73,True,True,False,False,49.1,35.9,53.8,503.0,0.1239,,,,2026-03-24,13.5,Midday
658,Threshold_50_15min,717185,2026-03-25 07:35:00,2026-03-25 08:05:00,35,7,True,True,False,False,48.0,37.3,66.0,587.0,0.1186,,,,2026-03-25,7.583333333333333,AM
659,Threshold_50_15min,717190,2026-03-25 07:35:00,2026-03-25 08:20:00,50,10,True,True,False,False,49.1,38.6,65.9,613.0,0.127,,,,2026-03-25,7.583333333333333,AM
660,Threshold_50_15min,716152,2026-03-25 07:40:00,2026-03-25 07:50:00,15,3,True,True,False,False,48.7,42.6,50.0,523.0,0.2317,,,,2026-03-25,7.666666666666667,AM
661,Threshold_50_15min,717195,2026-03-25 07:45:00,2026-03-25 08:05:00,25,5,True,True,False,False,41.7,41.7,52.0,576.0,0.1492,,,,2026-03-25,7.75,AM
662,Threshold_50_15min,717198,2026-03-25 07:45:00,2026-03-25 08:05:00,25,5,True,True,False,False,43.8,43.8,50.5,566.0,0.1487,,,,2026-03-25,7.75,AM
663,Threshold_50_15min,716152,2026-03-25 08:00:00,2026-03-25 08:15:00,20,4,True,True,False,False,41.4,38.7,51.2,590.0,0.1819,,,,2026-03-25,8.0,AM
664,Threshold_50_15min,717185,2026-03-25 08:30:00,2026-03-25 09:30:00,65,13,True,True,False,False,47.5,31.7,53.8,512.0,0.1194,,,,2026-03-25,8.5,AM
665,Threshold_50_15min,717190,2026-03-25 08:30:00,2026-03-25 09:30:00,65,13,True,True,False,False,48.5,34.7,52.6,543.0,0.1343,,,,2026-03-25,8.5,AM
666,Threshold_50_15min,716152,2026-03-25 08:35:00,2026-03-25 09:40:00,70,14,True,True,False,False,48.8,38.9,52.2,528.0,0.1634,,,,2026-03-25,8.583333333333334,AM
667,Threshold_50_15min,717195,2026-03-25 08:35:00,2026-03-25 08:45:00,15,3,True,True,False,False,49.2,42.2,51.4,560.0,0.1409,,,,2026-03-25,8.583333333333334,AM
668,Threshold_50_15min,717198,2026-03-25 08:35:00,2026-03-25 08:45:00,15,3,True,True,False,False,46.0,42.4,50.2,516.0,0.1308,,,,2026-03-25,8.583333333333334,AM
669,Threshold_50_15min,717195,2026-03-25 08:55:00,2026-03-25 09:05:00,15,3,True,True,False,False,46.8,45.7,50.3,512.0,0.1324,,,,2026-03-25,8.916666666666666,AM
670,Threshold_50_15min,717198,2026-03-25 08:55:00,2026-03-25 09:05:00,15,3,True,True,False,False,48.5,47.6,50.3,525.0,0.1273,,,,2026-03-25,8.916666666666666,AM
671,Threshold_50_15min,717195,2026-03-25 09:30:00,2026-03-25 09:40:00,15,3,True,True,False,False,44.4,41.3,52.3,539.0,0.131,,,,2026-03-25,9.5,AM
672,Threshold_50_15min,717198,2026-03-25 09:30:00,2026-03-25 09:40:00,15,3,True,True,False,False,46.4,44.9,52.5,471.0,0.1139,,,,2026-03-25,9.5,AM
673,Threshold_50_15min,716152,2026-03-25 13:55:00,2026-03-25 19:55:00,365,73,True,False,False,True,46.1,13.3,55.1,521.0,0.1729,,,,2026-03-25,13.916666666666666,Midday
674,Threshold_50_15min,717185,2026-03-25 13:55:00,2026-03-25 18:20:00,270,54,True,True,False,False,49.2,11.0,60.2,524.0,0.1244,,,,2026-03-25,13.916666666666666,Midday
675,Threshold_50_15min,717190,2026-03-25 13:55:00,2026-03-25 19:55:00,365,73,True,False,False,True,46.9,11.9,59.7,549.0,0.1347,,,,2026-03-25,13.916666666666666,Midday
676,Threshold_50_15min,717195,2026-03-25 14:05:00,2026-03-25 15:30:00,90,18,True,True,False,False,48.6,38.7,53.0,522.0,0.1368,,,,2026-03-25,14.083333333333334,Midday
677,Threshold_50_15min,717198,2026-03-25 14:05:00,2026-03-25 18:15:00,255,51,True,True,False,False,47.1,14.0,52.4,509.0,0.1298,,,,2026-03-25,14.083333333333334,Midday
678,Threshold_50_15min,717195,2026-03-25 15:40:00,2026-03-25 18:10:00,155,31,True,True,False,False,47.7,14.6,50.1,538.0,0.1295,,,,2026-03-25,15.666666666666666,PM
679,Threshold_50_15min,717195,2026-03-25 18:25:00,2026-03-25 19:00:00,40,8,True,True,False,False,48.0,40.9,50.8,497.0,0.1323,,,,2026-03-25,18.416666666666668,PM
680,Threshold_50_15min,717198,2026-03-25 18:25:00,2026-03-25 19:45:00,85,17,True,True,False,False,48.9,40.8,50.5,494.0,0.122,,,,2026-03-25,18.416666666666668,PM
681,Threshold_50_15min,717185,2026-03-25 18:30:00,2026-03-25 19:55:00,90,18,True,False,False,True,49.8,30.3,50.9,435.0,0.1076,,,,2026-03-25,18.5,PM
682,Threshold_50_15min,717195,2026-03-26 07:40:00,2026-03-26 07:50:00,15,3,True,True,False,False,47.8,45.6,59.9,593.0,0.1389,,,,2026-03-26,7.666666666666667,AM
683,Threshold_50_15min,717198,2026-03-26 07:40:00,2026-03-26 07:50:00,15,3,True,True,False,False,48.0,46.6,59.2,555.0,0.1265,,,,2026-03-26,7.666666666666667,AM
684,Threshold_50_15min,716152,2026-03-26 07:45:00,2026-03-26 08:40:00,60,12,True,True,False,False,42.6,36.3,50.9,576.0,0.2327,,,,2026-03-26,7.75,AM
685,Threshold_50_15min,717185,2026-03-26 07:45:00,2026-03-26 08:45:00,65,13,True,True,False,False,41.5,30.4,54.5,557.0,0.1355,,,,2026-03-26,7.75,AM
686,Threshold_50_15min,717190,2026-03-26 07:45:00,2026-03-26 08:45:00,65,13,True,True,False,False,41.3,31.9,56.1,558.0,0.1333,,,,2026-03-26,7.75,AM
687,Threshold_50_15min,717195,2026-03-26 08:05:00,2026-03-26 08:25:00,25,5,True,True,False,False,45.1,41.5,53.8,542.0,0.1284,,,,2026-03-26,8.083333333333334,AM
688,Threshold_50_15min,717198,2026-03-26 08:05:00,2026-03-26 08:25:00,25,5,True,True,False,False,45.0,41.7,52.7,522.0,0.1203,,,,2026-03-26,8.083333333333334,AM
689,Threshold_50_15min,717195,2026-03-26 08:45:00,2026-03-26 09:05:00,25,5,True,True,False,False,48.8,39.2,54.3,565.0,0.1381,,,,2026-03-26,8.75,AM
690,Threshold_50_15min,716152,2026-03-26 08:50:00,2026-03-26 09:10:00,25,5,True,True,False,False,44.7,39.9,50.8,569.0,0.1721,,,,2026-03-26,8.833333333333334,AM
691,Threshold_50_15min,717198,2026-03-26 08:50:00,2026-03-26 09:05:00,20,4,True,True,False,False,45.1,40.4,50.0,523.0,0.1457,,,,2026-03-26,8.833333333333334,AM
692,Threshold_50_15min,717185,2026-03-26 08:55:00,2026-03-26 09:10:00,20,4,True,True,False,False,47.9,35.7,54.4,520.0,0.1182,,,,2026-03-26,8.916666666666666,AM
693,Threshold_50_15min,717190,2026-03-26 08:55:00,2026-03-26 09:10:00,20,4,True,True,False,False,46.1,38.1,51.9,546.0,0.1414,,,,2026-03-26,8.916666666666666,AM
694,Threshold_50_15min,716152,2026-03-26 12:20:00,2026-03-26 12:40:00,25,5,True,True,False,False,46.3,39.6,53.7,529.0,0.194,,,,2026-03-26,12.333333333333334,Midday
695,Threshold_50_15min,717198,2026-03-26 12:35:00,2026-03-26 12:45:00,15,3,True,True,False,False,48.0,47.2,53.5,518.0,0.1263,,,,2026-03-26,12.583333333333334,Midday
696,Threshold_50_15min,716152,2026-03-26 13:05:00,2026-03-26 19:55:00,415,83,True,False,False,True,48.3,27.7,51.8,556.0,0.1971,,,,2026-03-26,13.083333333333334,Midday
697,Threshold_50_15min,717185,2026-03-26 13:05:00,2026-03-26 19:55:00,415,83,True,False,False,True,49.5,19.9,59.2,453.0,0.1069,,,,2026-03-26,13.083333333333334,Midday
698,Threshold_50_15min,717190,2026-03-26 13:05:00,2026-03-26 19:55:00,415,83,True,False,False,True,45.9,19.6,58.9,516.0,0.1214,,,,2026-03-26,13.083333333333334,Midday
699,Threshold_50_15min,717195,2026-03-26 13:40:00,2026-03-26 19:45:00,370,74,True,True,False,False,49.5,32.1,52.4,502.0,0.135,,,,2026-03-26,13.666666666666666,Midday
700,Threshold_50_15min,717198,2026-03-26 13:40:00,2026-03-26 19:50:00,375,75,True,True,False,False,49.7,31.7,52.7,516.0,0.1261,,,,2026-03-26,13.666666666666666,Midday
701,Threshold_50_15min,716152,2026-03-27 07:25:00,2026-03-27 08:55:00,95,19,True,True,False,False,47.3,29.7,54.5,514.0,0.1865,,,,2026-03-27,7.416666666666667,AM
702,Threshold_50_15min,717190,2026-03-27 07:35:00,2026-03-27 08:50:00,80,16,True,True,False,False,49.9,29.1,56.4,511.0,0.1422,,,,2026-03-27,7.583333333333333,AM
703,Threshold_50_15min,717185,2026-03-27 07:40:00,2026-03-27 08:50:00,75,15,True,True,False,False,45.7,32.0,55.5,518.0,0.148,,,,2026-03-27,7.666666666666667,AM
704,Threshold_50_15min,717195,2026-03-27 07:40:00,2026-03-27 08:40:00,65,13,True,True,False,False,39.1,34.7,50.0,519.0,0.1579,,,,2026-03-27,7.666666666666667,AM
705,Threshold_50_15min,717198,2026-03-27 07:40:00,2026-03-27 08:40:00,65,13,True,True,False,False,41.2,37.1,51.2,484.0,0.133,,,,2026-03-27,7.666666666666667,AM
706,Threshold_50_15min,717195,2026-03-27 09:30:00,2026-03-27 09:45:00,20,4,True,True,False,False,47.8,39.7,54.9,534.0,0.1491,,,,2026-03-27,9.5,AM
707,Threshold_50_15min,717198,2026-03-27 09:30:00,2026-03-27 09:40:00,15,3,True,True,False,False,49.9,44.0,56.2,500.0,0.1288,,,,2026-03-27,9.5,AM
708,Threshold_50_15min,716152,2026-03-27 09:35:00,2026-03-27 09:55:00,25,5,True,True,False,False,47.0,41.2,55.5,521.0,0.1615,,,,2026-03-27,9.583333333333334,AM
709,Threshold_50_15min,717185,2026-03-27 09:35:00,2026-03-27 09:50:00,20,4,True,True,False,False,46.2,37.9,55.7,500.0,0.133,,,,2026-03-27,9.583333333333334,AM
710,Threshold_50_15min,717190,2026-03-27 09:35:00,2026-03-27 09:50:00,20,4,True,True,False,False,46.0,37.7,55.5,511.0,0.1373,,,,2026-03-27,9.583333333333334,AM
711,Threshold_50_15min,716152,2026-03-27 12:10:00,2026-03-27 15:30:00,205,41,True,True,False,False,49.4,29.0,52.7,531.0,0.1745,,,,2026-03-27,12.166666666666666,Midday
712,Threshold_50_15min,717185,2026-03-27 12:10:00,2026-03-27 15:30:00,205,41,True,True,False,False,46.9,22.2,55.1,500.0,0.1357,,,,2026-03-27,12.166666666666666,Midday
713,Threshold_50_15min,717190,2026-03-27 12:10:00,2026-03-27 15:30:00,205,41,True,True,False,False,45.4,22.7,53.3,531.0,0.1534,,,,2026-03-27,12.166666666666666,Midday
714,Threshold_50_15min,717195,2026-03-27 12:45:00,2026-03-27 13:10:00,30,6,True,True,False,False,48.9,39.0,52.0,540.0,0.1505,,,,2026-03-27,12.75,Midday
715,Threshold_50_15min,717198,2026-03-27 12:45:00,2026-03-27 15:45:00,185,37,True,True,False,False,45.0,36.3,51.1,547.0,0.1415,,,,2026-03-27,12.75,Midday
716,Threshold_50_15min,717195,2026-03-27 13:20:00,2026-03-27 15:35:00,140,28,True,True,False,False,44.6,36.8,50.0,521.0,0.1404,,,,2026-03-27,13.333333333333334,Midday
717,Threshold_50_15min,717185,2026-03-27 15:45:00,2026-03-27 19:55:00,255,51,True,False,False,True,46.6,11.1,52.4,486.0,0.1397,,,,2026-03-27,15.75,PM
718,Threshold_50_15min,717190,2026-03-27 15:50:00,2026-03-27 19:55:00,250,50,True,False,False,True,47.3,11.9,50.8,518.0,0.15,,,,2026-03-27,15.833333333333334,PM
719,Threshold_50_15min,716152,2026-03-27 15:55:00,2026-03-27 19:55:00,245,49,True,False,False,True,49.5,30.2,51.9,520.0,0.1674,,,,2026-03-27,15.916666666666666,PM
720,Threshold_50_15min,717195,2026-03-27 15:55:00,2026-03-27 17:10:00,80,16,True,True,False,False,48.1,38.6,52.8,545.0,0.1407,,,,2026-03-27,15.916666666666666,PM
721,Threshold_50_15min,717198,2026-03-27 15:55:00,2026-03-27 17:10:00,80,16,True,True,False,False,47.5,40.7,50.6,562.0,0.1412,,,,2026-03-27,15.916666666666666,PM
722,Threshold_50_15min,717195,2026-03-27 18:20:00,2026-03-27 19:55:00,100,20,True,False,False,True,44.1,31.9,52.5,511.0,0.1522,,,,2026-03-27,18.333333333333332,PM
723,Threshold_50_15min,717198,2026-03-27 18:20:00,2026-03-27 19:55:00,100,20,True,False,False,True,44.1,30.4,50.8,524.0,0.1545,,,,2026-03-27,18.333333333333332,PM
724,Threshold_50_15min,716152,2026-03-28 12:45:00,2026-03-28 18:20:00,340,68,True,True,False,False,47.9,26.0,50.6,549.0,0.1766,,,,2026-03-28,12.75,Midday
725,Threshold_50_15min,717185,2026-03-28 12:50:00,2026-03-28 18:15:00,330,66,True,True,False,False,43.9,22.4,51.6,516.0,0.1457,,,,2026-03-28,12.833333333333334,Midday
726,Threshold_50_15min,717190,2026-03-28 12:50:00,2026-03-28 18:15:00,330,66,True,True,False,False,44.8,24.1,50.5,535.0,0.1507,,,,2026-03-28,12.833333333333334,Midday
727,Threshold_50_15min,717195,2026-03-28 15:45:00,2026-03-28 17:40:00,120,24,True,True,False,False,49.2,41.3,50.8,501.0,0.1232,,,,2026-03-28,15.75,PM
728,Threshold_50_15min,717198,2026-03-28 15:50:00,2026-03-28 17:40:00,115,23,True,True,False,False,44.8,38.3,50.2,532.0,0.1326,,,,2026-03-28,15.833333333333334,PM
729,Threshold_50_15min,717198,2026-03-28 17:50:00,2026-03-28 18:15:00,30,6,True,True,False,False,46.7,31.6,50.1,488.0,0.1141,,,,2026-03-28,17.833333333333332,PM
730,Threshold_50_15min,717195,2026-03-28 17:55:00,2026-03-28 18:10:00,20,4,True,True,False,False,38.2,34.2,50.2,531.0,0.1305,,,,2026-03-28,17.916666666666668,PM
731,Threshold_50_15min,716152,2026-03-28 18:45:00,2026-03-28 18:55:00,15,3,True,True,False,False,47.9,44.5,57.9,564.0,0.1551,,,,2026-03-28,18.75,PM
732,Threshold_50_15min,717195,2026-03-30 11:35:00,2026-03-30 11:45:00,15,3,True,True,False,False,47.0,43.8,60.3,524.0,0.1165,,,,2026-03-30,11.583333333333334,Midday
733,Threshold_50_15min,717195,2026-03-30 13:15:00,2026-03-30 13:40:00,30,6,True,True,False,False,49.6,44.8,54.3,562.0,0.1438,,,,2026-03-30,13.25,Midday
734,Threshold_50_15min,717198,2026-03-30 13:15:00,2026-03-30 13:30:00,20,4,True,True,False,False,49.5,46.9,55.4,522.0,0.131,,,,2026-03-30,13.25,Midday
735,Threshold_50_15min,717190,2026-03-30 13:30:00,2026-03-30 18:00:00,275,55,True,True,False,False,47.7,24.3,55.5,503.0,0.1274,,,,2026-03-30,13.5,Midday
736,Threshold_50_15min,717185,2026-03-30 13:35:00,2026-03-30 17:55:00,265,53,True,True,False,False,38.3,23.4,51.4,504.0,0.1484,,,,2026-03-30,13.583333333333334,Midday
737,Threshold_50_15min,717195,2026-03-30 13:50:00,2026-03-30 17:50:00,245,49,True,True,False,False,49.1,30.8,50.0,514.0,0.1321,,,,2026-03-30,13.833333333333334,Midday
738,Threshold_50_15min,717198,2026-03-30 13:55:00,2026-03-30 17:45:00,235,47,True,True,False,False,49.3,33.1,50.4,490.0,0.1216,,,,2026-03-30,13.916666666666666,Midday
740,Threshold_50_15min,717185,2026-03-31 14:30:00,2026-03-31 16:00:00,95,19,True,True,False,False,43.9,27.0,52.6,509.0,0.1425,,,,2026-03-31,14.5,Midday
741,Threshold_50_15min,717190,2026-03-31 14:30:00,2026-03-31 16:00:00,95,19,True,True,False,False,43.3,28.8,50.2,526.0,0.1618,,,,2026-03-31,14.5,Midday
742,Threshold_50_15min,717195,2026-03-31 14:45:00,2026-03-31 15:25:00,45,9,True,True,False,False,43.4,37.4,50.9,570.0,0.1669,,,,2026-03-31,14.75,Midday
743,Threshold_50_15min,717198,2026-03-31 14:45:00,2026-03-31 15:20:00,40,8,True,True,False,False,43.9,40.9,52.0,574.0,0.1507,,,,2026-03-31,14.75,Midday
744,Threshold_50_15min,717195,2026-03-31 16:20:00,2026-03-31 16:30:00,15,3,True,True,False,False,42.1,42.1,51.3,574.0,0.1608,,,,2026-03-31,16.333333333333332,PM
745,Threshold_50_15min,717198,2026-03-31 16:20:00,2026-03-31 16:30:00,15,3,True,True,False,False,44.4,44.2,50.7,565.0,0.1487,,,,2026-03-31,16.333333333333332,PM
746,Threshold_50_15min,717185,2026-03-31 16:25:00,2026-03-31 18:10:00,110,22,True,True,False,False,46.9,30.5,51.8,501.0,0.1388,,,,2026-03-31,16.416666666666668,PM
747,Threshold_50_15min,717190,2026-03-31 16:25:00,2026-03-31 18:15:00,115,23,True,True,False,False,44.4,33.6,50.0,533.0,0.1598,,,,2026-03-31,16.416666666666668,PM
748,Threshold_50_15min,717198,2026-03-31 16:55:00,2026-03-31 17:10:00,20,4,True,True,False,False,48.6,48.6,54.4,494.0,0.1164,,,,2026-03-31,16.916666666666668,PM
749,Threshold_50_15min,717198,2026-03-31 17:40:00,2026-03-31 18:05:00,30,6,True,True,False,False,48.7,42.6,52.0,550.0,0.1375,,,,2026-03-31,17.666666666666668,PM
750,Threshold_50_15min,716152,2026-04-01 07:40:00,2026-04-01 08:05:00,30,6,True,True,False,False,45.4,39.6,52.4,585.0,0.1837,,,,2026-04-01,7.666666666666667,AM
751,Threshold_50_15min,717185,2026-04-01 07:40:00,2026-04-01 08:05:00,30,6,True,True,False,False,48.3,35.3,56.1,521.0,0.1412,,,,2026-04-01,7.666666666666667,AM
752,Threshold_50_15min,717190,2026-04-01 07:40:00,2026-04-01 08:05:00,30,6,True,True,False,False,44.5,35.3,52.9,534.0,0.1624,,,,2026-04-01,7.666666666666667,AM
753,Threshold_50_15min,717190,2026-04-01 13:35:00,2026-04-01 18:35:00,305,61,True,True,False,False,48.3,25.9,59.2,556.0,0.1306,,,,2026-04-01,13.583333333333334,Midday
754,Threshold_50_15min,717185,2026-04-01 13:40:00,2026-04-01 13:50:00,15,3,True,True,False,False,40.3,40.3,51.1,522.0,0.1656,,,,2026-04-01,13.666666666666666,Midday
755,Threshold_50_15min,716152,2026-04-01 13:50:00,2026-04-01 14:05:00,20,4,True,True,False,False,48.0,44.1,53.3,535.0,0.1677,,,,2026-04-01,13.833333333333334,Midday
756,Threshold_50_15min,717185,2026-04-01 14:00:00,2026-04-01 18:35:00,280,56,True,True,False,False,45.9,26.4,50.1,522.0,0.1392,,,,2026-04-01,14.0,Midday
757,Threshold_50_15min,716152,2026-04-01 14:40:00,2026-04-01 19:45:00,310,62,True,True,False,False,42.8,31.9,51.8,531.0,0.1802,,,,2026-04-01,14.666666666666666,Midday
758,Threshold_50_15min,717195,2026-04-01 15:30:00,2026-04-01 16:05:00,40,8,True,True,False,False,46.4,34.1,50.3,492.0,0.1388,,,,2026-04-01,15.5,PM
759,Threshold_50_15min,717198,2026-04-01 15:30:00,2026-04-01 16:05:00,40,8,True,True,False,False,48.4,35.2,50.7,492.0,0.1255,,,,2026-04-01,15.5,PM
760,Threshold_50_15min,717195,2026-04-01 16:25:00,2026-04-01 16:50:00,30,6,True,True,False,False,49.6,39.5,53.3,522.0,0.1303,,,,2026-04-01,16.416666666666668,PM
761,Threshold_50_15min,717198,2026-04-01 16:25:00,2026-04-01 16:55:00,35,7,True,True,False,False,48.7,39.5,53.4,517.0,0.1238,,,,2026-04-01,16.416666666666668,PM
762,Threshold_50_15min,717195,2026-04-01 17:05:00,2026-04-01 17:15:00,15,3,True,True,False,False,49.9,47.2,51.3,522.0,0.1352,,,,2026-04-01,17.083333333333332,PM
763,Threshold_50_15min,717198,2026-04-01 17:05:00,2026-04-01 17:25:00,25,5,True,True,False,False,49.2,46.1,50.9,510.0,0.1269,,,,2026-04-01,17.083333333333332,PM
764,Threshold_50_15min,717198,2026-04-01 17:45:00,2026-04-01 18:00:00,20,4,True,True,False,False,49.3,48.8,50.1,534.0,0.1395,,,,2026-04-01,17.75,PM
765,Threshold_50_15min,717195,2026-04-01 18:10:00,2026-04-01 18:25:00,20,4,True,True,False,False,48.9,43.0,51.7,522.0,0.1324,,,,2026-04-01,18.166666666666668,PM
766,Threshold_50_15min,717198,2026-04-01 18:10:00,2026-04-01 19:00:00,55,11,True,True,False,False,47.9,38.6,50.4,501.0,0.129,,,,2026-04-01,18.166666666666668,PM
767,Threshold_50_15min,717195,2026-04-01 18:35:00,2026-04-01 18:55:00,25,5,True,True,False,False,43.4,37.9,50.0,542.0,0.1409,,,,2026-04-01,18.583333333333332,PM
768,Threshold_50_15min,717190,2026-04-01 18:45:00,2026-04-01 19:45:00,65,13,True,True,False,False,46.9,33.9,50.6,511.0,0.1347,,,,2026-04-01,18.75,PM
769,Threshold_50_15min,717185,2026-04-01 18:55:00,2026-04-01 19:45:00,55,11,True,True,False,False,42.2,31.0,51.0,523.0,0.1352,,,,2026-04-01,18.916666666666668,PM
770,Threshold_50_15min,717195,2026-04-02 12:10:00,2026-04-02 12:40:00,35,7,True,True,False,False,49.4,40.4,55.7,554.0,0.1436,,,,2026-04-02,12.166666666666666,Midday
771,Threshold_50_15min,716152,2026-04-02 12:15:00,2026-04-02 12:45:00,35,7,True,True,False,False,40.7,40.7,50.9,568.0,0.1982,,,,2026-04-02,12.25,Midday
772,Threshold_50_15min,717190,2026-04-02 12:15:00,2026-04-02 12:55:00,45,9,True,True,False,False,47.6,33.7,53.8,521.0,0.1346,,,,2026-04-02,12.25,Midday
773,Threshold_50_15min,717198,2026-04-02 12:15:00,2026-04-02 12:35:00,25,5,True,True,False,False,46.0,41.7,51.3,518.0,0.1625,,,,2026-04-02,12.25,Midday
774,Threshold_50_15min,717185,2026-04-02 12:20:00,2026-04-02 12:55:00,40,8,True,True,False,False,37.5,32.8,51.4,466.0,0.1386,,,,2026-04-02,12.333333333333334,Midday
775,Threshold_50_15min,716152,2026-04-02 13:40:00,2026-04-02 16:30:00,175,35,True,True,False,False,47.4,31.5,50.7,531.0,0.2188,,,,2026-04-02,13.666666666666666,Midday
776,Threshold_50_15min,717185,2026-04-02 13:40:00,2026-04-02 16:30:00,175,35,True,True,False,False,48.9,24.9,59.3,511.0,0.1201,,,,2026-04-02,13.666666666666666,Midday
777,Threshold_50_15min,717190,2026-04-02 13:40:00,2026-04-02 16:30:00,175,35,True,True,False,False,49.0,27.1,58.7,526.0,0.1274,,,,2026-04-02,13.666666666666666,Midday
778,Threshold_50_15min,717195,2026-04-02 13:55:00,2026-04-02 14:45:00,55,11,True,True,False,False,46.0,36.9,50.6,515.0,0.1507,,,,2026-04-02,13.916666666666666,Midday
779,Threshold_50_15min,717198,2026-04-02 13:55:00,2026-04-02 14:45:00,55,11,True,True,False,False,46.2,39.2,51.0,530.0,0.1406,,,,2026-04-02,13.916666666666666,Midday
780,Threshold_50_15min,717195,2026-04-02 15:10:00,2026-04-02 16:05:00,60,12,True,True,False,False,45.2,39.6,51.9,566.0,0.1456,,,,2026-04-02,15.166666666666666,PM
781,Threshold_50_15min,717198,2026-04-02 15:10:00,2026-04-02 16:10:00,65,13,True,True,False,False,44.9,40.7,50.0,588.0,0.1497,,,,2026-04-02,15.166666666666666,PM
782,Threshold_50_15min,717195,2026-04-02 16:45:00,2026-04-02 17:00:00,20,4,True,True,False,False,45.1,44.8,55.8,585.0,0.139,,,,2026-04-02,16.75,PM
783,Threshold_50_15min,717198,2026-04-02 16:45:00,2026-04-02 17:00:00,20,4,True,True,False,False,43.3,43.3,53.9,555.0,0.1321,,,,2026-04-02,16.75,PM
784,Threshold_50_15min,716152,2026-04-02 16:50:00,2026-04-02 18:55:00,130,26,True,True,False,False,43.1,31.5,57.0,589.0,0.1663,,,,2026-04-02,16.833333333333332,PM
785,Threshold_50_15min,717185,2026-04-02 16:55:00,2026-04-02 18:55:00,125,25,True,True,False,False,47.1,26.8,52.8,440.0,0.1278,,,,2026-04-02,16.916666666666668,PM
786,Threshold_50_15min,717190,2026-04-02 16:55:00,2026-04-02 18:55:00,125,25,True,True,False,False,45.7,28.5,50.1,456.0,0.1529,,,,2026-04-02,16.916666666666668,PM
787,Threshold_50_15min,717195,2026-04-02 17:10:00,2026-04-02 18:05:00,60,12,True,True,False,False,48.6,40.8,50.0,574.0,0.1515,,,,2026-04-02,17.166666666666668,PM
788,Threshold_50_15min,717198,2026-04-02 17:10:00,2026-04-02 18:05:00,60,12,True,True,False,False,48.2,41.5,50.1,569.0,0.1414,,,,2026-04-02,17.166666666666668,PM
789,Threshold_50_15min,717195,2026-04-02 18:20:00,2026-04-02 18:55:00,40,8,True,True,False,False,49.3,36.0,51.0,497.0,0.1336,,,,2026-04-02,18.333333333333332,PM
790,Threshold_50_15min,717198,2026-04-02 18:20:00,2026-04-02 18:55:00,40,8,True,True,False,False,49.1,37.4,50.1,493.0,0.127,,,,2026-04-02,18.333333333333332,PM
791,Threshold_50_15min,716152,2026-04-03 07:45:00,2026-04-03 07:55:00,15,3,True,True,False,False,46.4,46.4,52.0,518.0,0.2125,,,,2026-04-03,7.75,AM
792,Threshold_50_15min,717198,2026-04-03 07:50:00,2026-04-03 08:00:00,15,3,True,True,False,False,46.4,42.3,55.7,479.0,0.1098,,,,2026-04-03,7.833333333333333,AM
793,Threshold_50_15min,716152,2026-04-03 12:20:00,2026-04-03 15:35:00,200,40,True,True,False,False,49.0,33.0,55.6,583.0,0.1795,,,,2026-04-03,12.333333333333334,Midday
794,Threshold_50_15min,717195,2026-04-03 12:25:00,2026-04-03 12:40:00,20,4,True,True,False,False,45.3,39.6,55.5,558.0,0.1418,,,,2026-04-03,12.416666666666666,Midday
795,Threshold_50_15min,717198,2026-04-03 12:25:00,2026-04-03 12:35:00,15,3,True,True,False,False,44.9,40.3,55.7,537.0,0.1246,,,,2026-04-03,12.416666666666666,Midday
796,Threshold_50_15min,717185,2026-04-03 12:30:00,2026-04-03 15:40:00,195,39,True,True,False,False,41.6,25.8,56.7,501.0,0.1206,,,,2026-04-03,12.5,Midday
797,Threshold_50_15min,717190,2026-04-03 12:30:00,2026-04-03 15:40:00,195,39,True,True,False,False,39.5,27.9,52.3,533.0,0.1452,,,,2026-04-03,12.5,Midday
798,Threshold_50_15min,717198,2026-04-03 12:50:00,2026-04-03 13:05:00,20,4,True,True,False,False,47.5,47.5,50.2,556.0,0.1445,,,,2026-04-03,12.833333333333334,Midday
799,Threshold_50_15min,717195,2026-04-03 13:45:00,2026-04-03 14:55:00,75,15,True,True,False,False,45.6,41.7,52.0,532.0,0.1378,,,,2026-04-03,13.75,Midday
800,Threshold_50_15min,717198,2026-04-03 13:45:00,2026-04-03 14:55:00,75,15,True,True,False,False,44.9,40.2,52.1,531.0,0.1292,,,,2026-04-03,13.75,Midday
801,Threshold_50_15min,717198,2026-04-03 16:15:00,2026-04-03 16:25:00,15,3,True,True,False,False,47.5,47.3,55.2,557.0,0.1331,,,,2026-04-03,16.25,PM
802,Threshold_50_15min,716152,2026-04-03 16:20:00,2026-04-03 18:15:00,120,24,True,True,False,False,44.9,34.8,53.2,547.0,0.1958,,,,2026-04-03,16.333333333333332,PM
803,Threshold_50_15min,717185,2026-04-03 16:20:00,2026-04-03 18:05:00,110,22,True,True,False,False,45.2,28.5,58.1,489.0,0.1175,,,,2026-04-03,16.333333333333332,PM
804,Threshold_50_15min,717190,2026-04-03 16:20:00,2026-04-03 18:05:00,110,22,True,True,False,False,42.4,29.7,57.1,524.0,0.1365,,,,2026-04-03,16.333333333333332,PM
805,Threshold_50_15min,717195,2026-04-03 16:40:00,2026-04-03 17:15:00,40,8,True,True,False,False,48.9,43.7,51.5,547.0,0.1459,,,,2026-04-03,16.666666666666668,PM
806,Threshold_50_15min,717198,2026-04-03 16:40:00,2026-04-03 17:30:00,55,11,True,True,False,False,47.9,44.4,50.4,531.0,0.138,,,,2026-04-03,16.666666666666668,PM
807,Threshold_50_15min,717195,2026-04-03 17:45:00,2026-04-03 17:55:00,15,3,True,True,False,False,49.5,45.4,53.0,528.0,0.1333,,,,2026-04-03,17.75,PM
808,Threshold_50_15min,717198,2026-04-03 17:45:00,2026-04-03 17:55:00,15,3,True,True,False,False,48.5,46.5,51.6,531.0,0.1305,,,,2026-04-03,17.75,PM
809,Threshold_50_15min,716152,2026-04-04 14:10:00,2026-04-04 16:50:00,165,33,True,True,False,False,43.2,20.0,55.7,591.0,0.1621,,,,2026-04-04,14.166666666666666,Midday
810,Threshold_50_15min,717185,2026-04-04 14:15:00,2026-04-04 16:50:00,160,32,True,True,False,False,44.3,19.2,52.1,518.0,0.1296,,,,2026-04-04,14.25,Midday
811,Threshold_50_15min,717190,2026-04-04 14:15:00,2026-04-04 16:50:00,160,32,True,True,False,False,42.9,18.2,50.9,539.0,0.1491,,,,2026-04-04,14.25,Midday
812,Threshold_50_15min,717195,2026-04-04 15:05:00,2026-04-04 16:00:00,60,12,True,True,False,False,45.6,20.6,52.5,520.0,0.1255,,,,2026-04-04,15.083333333333334,PM
813,Threshold_50_15min,717198,2026-04-04 15:05:00,2026-04-04 16:00:00,60,12,True,True,False,False,43.4,18.1,51.7,544.0,0.1321,,,,2026-04-04,15.083333333333334,PM
814,Threshold_50_15min,717198,2026-04-04 16:10:00,2026-04-04 16:30:00,25,5,True,True,False,False,49.3,41.6,50.4,501.0,0.115,,,,2026-04-04,16.166666666666668,PM
815,Threshold_50_15min,717195,2026-04-04 16:15:00,2026-04-04 16:25:00,15,3,True,True,False,False,46.7,41.1,50.6,534.0,0.1295,,,,2026-04-04,16.25,PM
816,Threshold_50_15min,717195,2026-04-05 13:25:00,2026-04-05 13:35:00,15,3,True,True,False,False,48.0,47.2,55.6,545.0,0.1235,,,,2026-04-05,13.416666666666666,Midday
817,Threshold_50_15min,717198,2026-04-05 13:25:00,2026-04-05 13:35:00,15,3,True,True,False,False,45.1,45.1,53.2,536.0,0.1399,,,,2026-04-05,13.416666666666666,Midday
818,Threshold_50_15min,716152,2026-04-05 13:35:00,2026-04-05 14:25:00,55,11,True,True,False,False,49.6,38.6,51.3,528.0,0.1751,,,,2026-04-05,13.583333333333334,Midday
819,Threshold_50_15min,717190,2026-04-05 13:45:00,2026-04-05 14:20:00,40,8,True,True,False,False,49.6,35.9,50.0,546.0,0.136,,,,2026-04-05,13.75,Midday
820,Threshold_50_15min,717185,2026-04-05 13:50:00,2026-04-05 14:25:00,40,8,True,True,False,False,47.4,37.0,52.5,509.0,0.1116,,,,2026-04-05,13.833333333333334,Midday
821,Threshold_50_15min,717198,2026-04-05 15:10:00,2026-04-05 15:25:00,20,4,True,True,False,False,43.3,43.3,52.5,481.0,0.1258,,,,2026-04-05,15.166666666666666,PM
822,Threshold_50_15min,716152,2026-04-05 15:15:00,2026-04-05 15:25:00,15,3,True,True,False,False,42.7,42.7,51.9,518.0,0.1753,,,,2026-04-05,15.25,PM
823,Threshold_50_15min,717190,2026-04-05 15:15:00,2026-04-05 15:35:00,25,5,True,True,False,False,46.4,41.8,59.8,559.0,0.1168,,,,2026-04-05,15.25,PM
824,Threshold_50_15min,717185,2026-04-05 15:20:00,2026-04-05 15:35:00,20,4,True,True,False,False,39.6,39.6,51.0,497.0,0.1388,,,,2026-04-05,15.333333333333334,PM
825,Threshold_50_15min,716152,2026-04-06 07:50:00,2026-04-06 08:25:00,40,8,True,True,False,False,45.8,30.9,50.8,596.0,0.193,,,,2026-04-06,7.833333333333333,AM
826,Threshold_50_15min,717195,2026-04-06 07:50:00,2026-04-06 08:20:00,35,7,True,True,False,False,45.7,29.4,60.1,604.0,0.1292,,,,2026-04-06,7.833333333333333,AM
827,Threshold_50_15min,717198,2026-04-06 07:50:00,2026-04-06 08:15:00,30,6,True,True,False,False,44.6,32.8,59.4,561.0,0.1209,,,,2026-04-06,7.833333333333333,AM
828,Threshold_50_15min,716152,2026-04-06 13:00:00,2026-04-06 19:00:00,365,73,True,True,False,False,45.2,17.9,51.8,522.0,0.1634,,,,2026-04-06,13.0,Midday
829,Threshold_50_15min,717195,2026-04-06 13:00:00,2026-04-06 16:40:00,225,45,True,True,False,False,45.1,20.9,56.3,538.0,0.129,,,,2026-04-06,13.0,Midday
830,Threshold_50_15min,717198,2026-04-06 13:00:00,2026-04-06 16:40:00,225,45,True,True,False,False,44.5,21.9,55.9,501.0,0.1227,,,,2026-04-06,13.0,Midday
831,Threshold_50_15min,717185,2026-04-06 13:05:00,2026-04-06 19:00:00,360,72,True,True,False,False,45.7,15.0,56.0,481.0,0.1143,,,,2026-04-06,13.083333333333334,Midday
832,Threshold_50_15min,717190,2026-04-06 13:05:00,2026-04-06 19:00:00,360,72,True,True,False,False,43.8,15.5,54.4,505.0,0.1307,,,,2026-04-06,13.083333333333334,Midday
833,Threshold_50_15min,717195,2026-04-06 17:20:00,2026-04-06 18:40:00,85,17,True,True,False,False,42.5,32.4,50.5,533.0,0.1397,,,,2026-04-06,17.333333333333332,PM
834,Threshold_50_15min,717198,2026-04-06 17:20:00,2026-04-06 18:40:00,85,17,True,True,False,False,42.3,34.9,50.5,525.0,0.1313,,,,2026-04-06,17.333333333333332,PM
835,Threshold_50_15min,716152,2026-04-07 07:30:00,2026-04-07 08:20:00,55,11,True,True,False,False,46.5,31.4,50.6,515.0,0.2132,,,,2026-04-07,7.5,AM
836,Threshold_50_15min,717185,2026-04-07 07:30:00,2026-04-07 08:20:00,55,11,True,True,False,False,49.4,33.6,53.5,506.0,0.1592,,,,2026-04-07,7.5,AM
837,Threshold_50_15min,717190,2026-04-07 07:35:00,2026-04-07 08:20:00,50,10,True,True,False,False,43.2,33.7,51.0,563.0,0.1623,,,,2026-04-07,7.583333333333333,AM
838,Threshold_50_15min,717195,2026-04-07 07:40:00,2026-04-07 08:20:00,45,9,True,True,False,False,47.3,35.6,54.7,550.0,0.1414,,,,2026-04-07,7.666666666666667,AM
839,Threshold_50_15min,717198,2026-04-07 07:40:00,2026-04-07 08:20:00,45,9,True,True,False,False,48.4,37.6,56.0,514.0,0.1285,,,,2026-04-07,7.666666666666667,AM
840,Threshold_50_15min,716152,2026-04-07 12:40:00,2026-04-07 13:10:00,35,7,True,True,False,False,45.4,35.1,52.4,518.0,0.1837,,,,2026-04-07,12.666666666666666,Midday
841,Threshold_50_15min,717195,2026-04-07 12:40:00,2026-04-07 13:35:00,60,12,True,True,False,False,43.3,36.9,53.6,502.0,0.1341,,,,2026-04-07,12.666666666666666,Midday
842,Threshold_50_15min,717198,2026-04-07 12:40:00,2026-04-07 12:50:00,15,3,True,True,False,False,48.8,44.0,55.9,497.0,0.1319,,,,2026-04-07,12.666666666666666,Midday
843,Threshold_50_15min,717185,2026-04-07 12:45:00,2026-04-07 13:15:00,35,7,True,True,False,False,41.5,30.7,56.5,521.0,0.127,,,,2026-04-07,12.75,Midday
844,Threshold_50_15min,717190,2026-04-07 12:45:00,2026-04-07 13:15:00,35,7,True,True,False,False,39.7,32.4,54.7,544.0,0.1417,,,,2026-04-07,12.75,Midday
845,Threshold_50_15min,717198,2026-04-07 13:05:00,2026-04-07 13:30:00,30,6,True,True,False,False,44.3,43.3,50.1,532.0,0.1411,,,,2026-04-07,13.083333333333334,Midday
846,Threshold_50_15min,716152,2026-04-07 13:25:00,2026-04-07 13:45:00,25,5,True,True,False,False,40.2,40.2,53.4,559.0,0.1713,,,,2026-04-07,13.416666666666666,Midday
847,Threshold_50_15min,717185,2026-04-07 13:25:00,2026-04-07 13:35:00,15,3,True,True,False,False,40.7,38.0,51.8,506.0,0.1279,,,,2026-04-07,13.416666666666666,Midday
848,Threshold_50_15min,717190,2026-04-07 13:25:00,2026-04-07 13:45:00,25,5,True,True,False,False,39.7,39.2,51.6,505.0,0.1318,,,,2026-04-07,13.416666666666666,Midday
849,Threshold_50_15min,716152,2026-04-07 14:00:00,2026-04-07 17:55:00,240,48,True,True,False,False,43.1,28.2,53.2,539.0,0.1633,,,,2026-04-07,14.0,Midday
850,Threshold_50_15min,717190,2026-04-07 14:00:00,2026-04-07 17:55:00,240,48,True,True,False,False,48.1,24.8,54.4,525.0,0.1241,,,,2026-04-07,14.0,Midday
851,Threshold_50_15min,717185,2026-04-07 14:05:00,2026-04-07 17:55:00,235,47,True,True,False,False,41.4,22.4,51.9,458.0,0.1259,,,,2026-04-07,14.083333333333334,Midday
852,Threshold_50_15min,717195,2026-04-07 14:25:00,2026-04-07 14:35:00,15,3,True,True,False,False,49.0,46.7,51.0,515.0,0.1358,,,,2026-04-07,14.416666666666666,Midday
853,Threshold_50_15min,717195,2026-04-07 14:45:00,2026-04-07 17:55:00,195,39,True,True,False,False,48.6,33.7,50.3,517.0,0.129,,,,2026-04-07,14.75,Midday
854,Threshold_50_15min,717198,2026-04-07 14:50:00,2026-04-07 17:55:00,190,38,True,True,False,False,45.6,38.4,50.0,555.0,0.1446,,,,2026-04-07,14.833333333333334,Midday
855,Threshold_50_15min,716152,2026-04-07 18:10:00,2026-04-07 19:15:00,70,14,True,True,False,False,49.5,39.1,55.7,496.0,0.1368,,,,2026-04-07,18.166666666666668,PM
856,Threshold_50_15min,717185,2026-04-07 18:15:00,2026-04-07 19:15:00,65,13,True,True,False,False,48.7,31.9,53.4,532.0,0.1326,,,,2026-04-07,18.25,PM
857,Threshold_50_15min,717190,2026-04-07 18:15:00,2026-04-07 19:10:00,60,12,True,True,False,False,46.5,33.3,52.4,536.0,0.1425,,,,2026-04-07,18.25,PM
858,Threshold_50_15min,717195,2026-04-07 18:20:00,2026-04-07 18:30:00,15,3,True,True,False,False,45.8,45.8,50.2,521.0,0.1499,,,,2026-04-07,18.333333333333332,PM
859,Threshold_50_15min,717195,2026-04-07 18:55:00,2026-04-07 19:10:00,20,4,True,True,False,False,46.5,46.5,50.8,531.0,0.1488,,,,2026-04-07,18.916666666666668,PM
860,Threshold_50_15min,716152,2026-04-08 07:30:00,2026-04-08 08:35:00,70,14,True,True,False,False,49.7,38.1,59.8,522.0,0.1589,,,,2026-04-08,7.5,AM
861,Threshold_50_15min,717185,2026-04-08 07:30:00,2026-04-08 08:35:00,70,14,True,True,False,False,47.3,30.2,53.9,503.0,0.1575,,,,2026-04-08,7.5,AM
862,Threshold_50_15min,717190,2026-04-08 07:30:00,2026-04-08 08:35:00,70,14,True,True,False,False,47.9,32.4,54.1,518.0,0.1619,,,,2026-04-08,7.5,AM
863,Threshold_50_15min,717195,2026-04-08 08:15:00,2026-04-08 08:25:00,15,3,True,True,False,False,48.4,42.6,51.1,507.0,0.1348,,,,2026-04-08,8.25,AM
864,Threshold_50_15min,717195,2026-04-08 13:05:00,2026-04-08 13:15:00,15,3,True,True,False,False,49.7,48.5,56.8,551.0,0.1318,,,,2026-04-08,13.083333333333334,Midday
865,Threshold_50_15min,716152,2026-04-08 13:35:00,2026-04-08 19:00:00,330,66,True,True,False,False,47.5,29.7,50.7,561.0,0.1996,,,,2026-04-08,13.583333333333334,Midday
866,Threshold_50_15min,717185,2026-04-08 13:35:00,2026-04-08 19:00:00,330,66,True,True,False,False,46.5,22.3,56.1,522.0,0.122,,,,2026-04-08,13.583333333333334,Midday
867,Threshold_50_15min,717190,2026-04-08 13:35:00,2026-04-08 19:00:00,330,66,True,True,False,False,47.6,25.3,54.6,527.0,0.1318,,,,2026-04-08,13.583333333333334,Midday
868,Threshold_50_15min,717195,2026-04-08 13:35:00,2026-04-08 18:15:00,285,57,True,True,False,False,46.4,34.5,53.4,557.0,0.1388,,,,2026-04-08,13.583333333333334,Midday
869,Threshold_50_15min,717198,2026-04-08 13:35:00,2026-04-08 18:20:00,290,58,True,True,False,False,41.3,33.0,53.0,525.0,0.1292,,,,2026-04-08,13.583333333333334,Midday
870,Threshold_50_15min,717195,2026-04-08 18:30:00,2026-04-08 18:40:00,15,3,True,True,False,False,49.8,43.6,52.3,514.0,0.129,,,,2026-04-08,18.5,PM
871,Threshold_50_15min,717198,2026-04-08 18:30:00,2026-04-08 18:40:00,15,3,True,True,False,False,49.3,45.1,50.3,482.0,0.1209,,,,2026-04-08,18.5,PM
872,Threshold_50_15min,716152,2026-04-09 07:40:00,2026-04-09 08:30:00,55,11,True,True,False,False,47.5,36.8,52.8,576.0,0.1953,,,,2026-04-09,7.666666666666667,AM
873,Threshold_50_15min,717195,2026-04-09 07:40:00,2026-04-09 08:25:00,50,10,True,True,False,False,42.0,36.7,52.8,556.0,0.1446,,,,2026-04-09,7.666666666666667,AM
874,Threshold_50_15min,717185,2026-04-09 07:45:00,2026-04-09 08:30:00,50,10,True,True,False,False,40.2,31.2,50.9,531.0,0.1359,,,,2026-04-09,7.75,AM
875,Threshold_50_15min,717190,2026-04-09 07:45:00,2026-04-09 08:30:00,50,10,True,True,False,False,40.5,31.7,52.5,575.0,0.1417,,,,2026-04-09,7.75,AM
876,Threshold_50_15min,717198,2026-04-09 07:55:00,2026-04-09 08:20:00,30,6,True,True,False,False,49.2,42.8,52.6,537.0,0.1242,,,,2026-04-09,7.916666666666667,AM
877,Threshold_50_15min,717185,2026-04-09 13:20:00,2026-04-09 18:15:00,300,60,True,True,False,False,46.8,21.6,53.6,509.0,0.1331,,,,2026-04-09,13.333333333333334,Midday
878,Threshold_50_15min,717190,2026-04-09 13:20:00,2026-04-09 18:15:00,300,60,True,True,False,False,45.2,23.3,53.8,538.0,0.1411,,,,2026-04-09,13.333333333333334,Midday
879,Threshold_50_15min,716152,2026-04-09 13:30:00,2026-04-09 18:15:00,290,58,True,True,False,False,47.0,27.6,50.3,573.0,0.1903,,,,2026-04-09,13.5,Midday
880,Threshold_50_15min,717195,2026-04-09 13:30:00,2026-04-09 15:55:00,150,30,True,True,False,False,45.4,30.6,53.2,597.0,0.1472,,,,2026-04-09,13.5,Midday
881,Threshold_50_15min,717198,2026-04-09 13:30:00,2026-04-09 15:50:00,145,29,True,True,False,False,47.5,32.7,51.7,552.0,0.1365,,,,2026-04-09,13.5,Midday
882,Threshold_50_15min,717195,2026-04-09 16:05:00,2026-04-09 17:00:00,60,12,True,True,False,False,48.5,35.2,50.0,538.0,0.1399,,,,2026-04-09,16.083333333333332,PM
883,Threshold_50_15min,717198,2026-04-09 16:05:00,2026-04-09 18:00:00,120,24,True,True,False,False,49.3,31.5,50.1,536.0,0.1356,,,,2026-04-09,16.083333333333332,PM
884,Threshold_50_15min,717195,2026-04-09 17:20:00,2026-04-09 18:00:00,45,9,True,True,False,False,49.4,33.0,53.5,554.0,0.1294,,,,2026-04-09,17.333333333333332,PM
885,Threshold_50_15min,716152,2026-04-10 11:15:00,2026-04-10 16:25:00,315,63,True,True,False,False,48.6,27.7,50.2,531.0,0.197,,,,2026-04-10,11.25,Midday
886,Threshold_50_15min,717185,2026-04-10 11:25:00,2026-04-10 16:25:00,305,61,True,True,False,False,40.4,21.5,55.0,556.0,0.1382,,,,2026-04-10,11.416666666666666,Midday
887,Threshold_50_15min,717190,2026-04-10 11:25:00,2026-04-10 16:20:00,300,60,True,True,False,False,40.9,23.0,52.9,548.0,0.151,,,,2026-04-10,11.416666666666666,Midday
888,Threshold_50_15min,717195,2026-04-10 11:40:00,2026-04-10 14:05:00,150,30,True,True,False,False,48.9,35.8,52.1,454.0,0.124,,,,2026-04-10,11.666666666666666,Midday
889,Threshold_50_15min,717198,2026-04-10 12:00:00,2026-04-10 16:10:00,255,51,True,True,False,False,47.9,37.3,51.6,511.0,0.1251,,,,2026-04-10,12.0,Midday
890,Threshold_50_15min,717195,2026-04-10 14:15:00,2026-04-10 16:10:00,120,24,True,True,False,False,49.8,39.0,50.0,519.0,0.1378,,,,2026-04-10,14.25,Midday
891,Threshold_50_15min,716152,2026-04-10 17:15:00,2026-04-10 18:00:00,50,10,True,True,False,False,49.8,40.2,57.4,538.0,0.1561,,,,2026-04-10,17.25,PM
892,Threshold_50_15min,717185,2026-04-10 17:20:00,2026-04-10 17:30:00,15,3,True,True,False,False,49.9,42.6,56.7,518.0,0.1255,,,,2026-04-10,17.333333333333332,PM
893,Threshold_50_15min,717190,2026-04-10 17:20:00,2026-04-10 17:30:00,15,3,True,True,False,False,48.5,44.2,54.1,548.0,0.1503,,,,2026-04-10,17.333333333333332,PM
894,Threshold_50_15min,717198,2026-04-10 17:25:00,2026-04-10 18:00:00,40,8,True,True,False,False,49.4,40.9,51.0,501.0,0.1344,,,,2026-04-10,17.416666666666668,PM
895,Threshold_50_15min,717195,2026-04-10 17:30:00,2026-04-10 18:00:00,35,7,True,True,False,False,46.5,40.9,51.4,548.0,0.1461,,,,2026-04-10,17.5,PM
896,Threshold_50_15min,716152,2026-04-11 13:10:00,2026-04-11 17:00:00,235,47,True,True,False,False,46.6,20.2,58.7,630.0,0.1724,,,,2026-04-11,13.166666666666666,Midday
897,Threshold_50_15min,717185,2026-04-11 13:15:00,2026-04-11 17:00:00,230,46,True,True,False,False,43.5,17.7,54.8,542.0,0.1365,,,,2026-04-11,13.25,Midday
898,Threshold_50_15min,717190,2026-04-11 13:15:00,2026-04-11 17:00:00,230,46,True,True,False,False,42.9,19.8,51.9,552.0,0.1612,,,,2026-04-11,13.25,Midday
899,Threshold_50_15min,717195,2026-04-11 13:25:00,2026-04-11 15:50:00,150,30,True,True,False,False,39.4,33.2,53.5,553.0,0.12,,,,2026-04-11,13.416666666666666,Midday
900,Threshold_50_15min,717198,2026-04-11 13:25:00,2026-04-11 15:50:00,150,30,True,True,False,False,40.1,33.9,51.0,555.0,0.1326,,,,2026-04-11,13.416666666666666,Midday
901,Threshold_50_15min,717195,2026-04-11 16:10:00,2026-04-11 16:45:00,40,8,True,True,False,False,41.7,22.8,51.0,528.0,0.1277,,,,2026-04-11,16.166666666666668,PM
902,Threshold_50_15min,717198,2026-04-11 16:10:00,2026-04-11 16:45:00,40,8,True,True,False,False,43.7,24.7,51.1,523.0,0.1267,,,,2026-04-11,16.166666666666668,PM
903,Threshold_50_15min,716152,2026-04-13 14:00:00,2026-04-13 18:25:00,270,54,True,True,False,False,48.2,25.8,53.0,535.0,0.158,,,,2026-04-13,14.0,Midday
904,Threshold_50_15min,717185,2026-04-13 14:10:00,2026-04-13 18:25:00,260,52,True,True,False,False,40.6,23.6,56.0,544.0,0.1293,,,,2026-04-13,14.166666666666666,Midday
905,Threshold_50_15min,717190,2026-04-13 14:10:00,2026-04-13 18:25:00,260,52,True,True,False,False,42.3,25.4,56.4,538.0,0.1298,,,,2026-04-13,14.166666666666666,Midday
906,Threshold_50_15min,717195,2026-04-13 14:20:00,2026-04-13 14:35:00,20,4,True,True,False,False,43.4,42.6,52.7,521.0,0.1343,,,,2026-04-13,14.333333333333334,Midday
907,Threshold_50_15min,717198,2026-04-13 14:20:00,2026-04-13 14:35:00,20,4,True,True,False,False,45.7,44.8,51.8,517.0,0.1355,,,,2026-04-13,14.333333333333334,Midday
908,Threshold_50_15min,717195,2026-04-13 14:50:00,2026-04-13 17:10:00,145,29,True,True,False,False,48.4,32.6,50.5,581.0,0.1484,,,,2026-04-13,14.833333333333334,Midday
909,Threshold_50_15min,717198,2026-04-13 15:00:00,2026-04-13 17:40:00,165,33,True,True,False,False,49.2,37.8,51.0,525.0,0.1245,,,,2026-04-13,15.0,PM
910,Threshold_50_15min,717195,2026-04-13 17:20:00,2026-04-13 17:40:00,25,5,True,True,False,False,48.5,47.4,51.3,593.0,0.1454,,,,2026-04-13,17.333333333333332,PM
911,Threshold_50_15min,717195,2026-04-13 18:10:00,2026-04-13 18:30:00,25,5,True,True,False,False,39.9,39.9,51.2,515.0,0.1293,,,,2026-04-13,18.166666666666668,PM
912,Threshold_50_15min,717198,2026-04-13 18:10:00,2026-04-13 18:30:00,25,5,True,True,False,False,41.6,41.6,50.7,502.0,0.1205,,,,2026-04-13,18.166666666666668,PM
913,Threshold_50_15min,717195,2026-04-14 07:35:00,2026-04-14 08:00:00,30,6,True,True,False,False,44.2,34.8,62.7,600.0,0.1196,,,,2026-04-14,7.583333333333333,AM
914,Threshold_50_15min,717198,2026-04-14 07:35:00,2026-04-14 07:55:00,25,5,True,True,False,False,45.0,40.7,62.1,532.0,0.1099,,,,2026-04-14,7.583333333333333,AM
915,Threshold_50_15min,716152,2026-04-14 07:40:00,2026-04-14 08:40:00,65,13,True,True,False,False,38.1,33.7,53.9,573.0,0.1903,,,,2026-04-14,7.666666666666667,AM
916,Threshold_50_15min,717185,2026-04-14 07:40:00,2026-04-14 08:40:00,65,13,True,True,False,False,43.7,29.0,62.6,536.0,0.1162,,,,2026-04-14,7.666666666666667,AM
917,Threshold_50_15min,717190,2026-04-14 07:40:00,2026-04-14 08:40:00,65,13,True,True,False,False,45.8,33.1,62.5,589.0,0.1296,,,,2026-04-14,7.666666666666667,AM
918,Threshold_50_15min,717185,2026-04-14 12:20:00,2026-04-14 13:35:00,80,16,True,True,False,False,39.2,17.3,52.9,413.0,0.1411,,,,2026-04-14,12.333333333333334,Midday
919,Threshold_50_15min,717190,2026-04-14 12:20:00,2026-04-14 13:35:00,80,16,True,True,False,False,40.2,17.8,55.4,419.0,0.1114,,,,2026-04-14,12.333333333333334,Midday
920,Threshold_50_15min,716152,2026-04-14 12:25:00,2026-04-14 13:35:00,75,15,True,True,False,False,42.8,20.0,53.8,397.0,0.1236,,,,2026-04-14,12.416666666666666,Midday
921,Threshold_50_15min,717195,2026-04-14 12:35:00,2026-04-14 13:40:00,70,14,True,True,False,False,41.3,20.0,55.6,349.0,0.0943,,,,2026-04-14,12.583333333333334,Midday
922,Threshold_50_15min,717198,2026-04-14 12:35:00,2026-04-14 13:40:00,70,14,True,True,False,False,48.7,25.3,60.4,385.0,0.0852,,,,2026-04-14,12.583333333333334,Midday
923,Threshold_50_15min,716152,2026-04-14 14:10:00,2026-04-14 19:20:00,315,63,True,True,False,False,48.0,11.5,55.7,571.0,0.1698,,,,2026-04-14,14.166666666666666,Midday
924,Threshold_50_15min,717190,2026-04-14 14:10:00,2026-04-14 19:05:00,300,60,True,True,False,False,49.9,10.3,54.7,525.0,0.1366,,,,2026-04-14,14.166666666666666,Midday
925,Threshold_50_15min,717195,2026-04-14 14:10:00,2026-04-14 14:55:00,50,10,True,True,False,False,45.7,35.3,53.1,531.0,0.1425,,,,2026-04-14,14.166666666666666,Midday
926,Threshold_50_15min,717198,2026-04-14 14:10:00,2026-04-14 14:55:00,50,10,True,True,False,False,46.3,39.8,52.6,562.0,0.1479,,,,2026-04-14,14.166666666666666,Midday
927,Threshold_50_15min,717185,2026-04-14 14:15:00,2026-04-14 19:05:00,295,59,True,True,False,False,38.5,9.7,53.2,511.0,0.1368,,,,2026-04-14,14.25,Midday
928,Threshold_50_15min,717195,2026-04-14 15:05:00,2026-04-14 15:30:00,30,6,True,True,False,False,48.4,43.3,50.4,495.0,0.1186,,,,2026-04-14,15.083333333333334,PM
929,Threshold_50_15min,717198,2026-04-14 15:05:00,2026-04-14 15:35:00,35,7,True,True,False,False,46.5,44.7,50.3,490.0,0.1155,,,,2026-04-14,15.083333333333334,PM
930,Threshold_50_15min,717195,2026-04-14 15:50:00,2026-04-14 18:55:00,190,38,True,True,False,False,45.6,12.1,54.3,527.0,0.1296,,,,2026-04-14,15.833333333333334,PM
931,Threshold_50_15min,717198,2026-04-14 15:50:00,2026-04-14 19:15:00,210,42,True,True,False,False,44.6,12.9,52.4,506.0,0.1244,,,,2026-04-14,15.833333333333334,PM
932,Threshold_50_15min,717195,2026-04-14 19:05:00,2026-04-14 19:20:00,20,4,True,True,False,False,44.9,42.8,50.2,568.0,0.1396,,,,2026-04-14,19.083333333333332,PM
934,Threshold_50_15min,717198,2026-04-15 05:55:00,2026-04-15 06:35:00,45,9,True,True,False,False,43.0,7.0,51.8,161.0,0.0532,,,,2026-04-15,5.916666666666667,AM
935,Threshold_50_15min,717195,2026-04-15 06:00:00,2026-04-15 06:35:00,40,8,True,True,False,False,47.1,6.8,54.4,201.0,0.0526,,,,2026-04-15,6.0,AM
936,Threshold_50_15min,717185,2026-04-15 07:45:00,2026-04-15 08:35:00,55,11,True,True,False,False,47.4,27.1,59.9,548.0,0.1357,,,,2026-04-15,7.75,AM
937,Threshold_50_15min,717190,2026-04-15 07:45:00,2026-04-15 08:35:00,55,11,True,True,False,False,48.7,28.0,60.9,579.0,0.1413,,,,2026-04-15,7.75,AM
938,Threshold_50_15min,716152,2026-04-15 07:50:00,2026-04-15 08:35:00,50,10,True,True,False,False,40.1,33.3,50.9,535.0,0.2003,,,,2026-04-15,7.833333333333333,AM
939,Threshold_50_15min,717195,2026-04-15 08:00:00,2026-04-15 08:15:00,20,4,True,True,False,False,40.4,40.4,51.3,556.0,0.1387,,,,2026-04-15,8.0,AM
940,Threshold_50_15min,717198,2026-04-15 08:00:00,2026-04-15 08:15:00,20,4,True,True,False,False,41.1,41.1,51.7,542.0,0.1391,,,,2026-04-15,8.0,AM
941,Threshold_50_15min,716152,2026-04-15 13:50:00,2026-04-15 19:40:00,355,71,True,True,False,False,47.3,25.6,54.4,536.0,0.1663,,,,2026-04-15,13.833333333333334,Midday
942,Threshold_50_15min,717195,2026-04-15 13:50:00,2026-04-15 14:25:00,40,8,True,True,False,False,46.6,44.6,55.3,532.0,0.1343,,,,2026-04-15,13.833333333333334,Midday
943,Threshold_50_15min,717198,2026-04-15 13:50:00,2026-04-15 14:05:00,20,4,True,True,False,False,48.5,48.3,53.4,535.0,0.1439,,,,2026-04-15,13.833333333333334,Midday
944,Threshold_50_15min,717185,2026-04-15 13:55:00,2026-04-15 19:35:00,345,69,True,True,False,False,43.8,21.1,53.6,491.0,0.1267,,,,2026-04-15,13.916666666666666,Midday
945,Threshold_50_15min,717190,2026-04-15 13:55:00,2026-04-15 19:40:00,350,70,True,True,False,False,42.8,22.6,51.1,523.0,0.1545,,,,2026-04-15,13.916666666666666,Midday
946,Threshold_50_15min,717198,2026-04-15 14:15:00,2026-04-15 14:25:00,15,3,True,True,False,False,47.4,47.4,50.6,523.0,0.1312,,,,2026-04-15,14.25,Midday
947,Threshold_50_15min,717198,2026-04-15 14:35:00,2026-04-15 18:55:00,265,53,True,True,False,False,49.2,29.5,50.3,522.0,0.1308,,,,2026-04-15,14.583333333333334,Midday
948,Threshold_50_15min,717195,2026-04-15 14:45:00,2026-04-15 18:50:00,250,50,True,True,False,False,47.4,29.4,50.5,532.0,0.1453,,,,2026-04-15,14.75,Midday
949,Threshold_50_15min,716152,2026-04-16 07:35:00,2026-04-16 09:00:00,90,18,True,True,False,False,45.8,31.5,56.5,587.0,0.1709,,,,2026-04-16,7.583333333333333,AM
950,Threshold_50_15min,717195,2026-04-16 07:35:00,2026-04-16 08:35:00,65,13,True,True,False,False,44.3,36.7,61.1,530.0,0.1116,,,,2026-04-16,7.583333333333333,AM
951,Threshold_50_15min,717198,2026-04-16 07:35:00,2026-04-16 08:30:00,60,12,True,True,False,False,47.9,39.0,60.9,495.0,0.1075,,,,2026-04-16,7.583333333333333,AM
952,Threshold_50_15min,717185,2026-04-16 07:40:00,2026-04-16 09:00:00,85,17,True,True,False,False,38.5,27.6,55.6,542.0,0.1323,,,,2026-04-16,7.666666666666667,AM
953,Threshold_50_15min,717190,2026-04-16 07:40:00,2026-04-16 09:00:00,85,17,True,True,False,False,37.2,27.6,54.1,580.0,0.1513,,,,2026-04-16,7.666666666666667,AM
954,Threshold_50_15min,717185,2026-04-16 09:15:00,2026-04-16 09:40:00,30,6,True,True,False,False,49.2,47.0,50.3,452.0,0.1189,,,,2026-04-16,9.25,AM
955,Threshold_50_15min,716152,2026-04-16 09:25:00,2026-04-16 09:40:00,20,4,True,True,False,False,48.6,40.2,53.5,500.0,0.1593,,,,2026-04-16,9.416666666666666,AM
956,Threshold_50_15min,717190,2026-04-16 09:25:00,2026-04-16 09:45:00,25,5,True,True,False,False,48.9,42.3,50.5,466.0,0.1266,,,,2026-04-16,9.416666666666666,AM
957,Threshold_50_15min,716152,2026-04-16 10:50:00,2026-04-16 11:55:00,70,14,True,True,False,False,49.1,29.8,60.0,472.0,0.1256,,,,2026-04-16,10.833333333333334,Midday
958,Threshold_50_15min,717185,2026-04-16 10:55:00,2026-04-16 11:50:00,60,12,True,True,False,False,45.3,28.2,56.0,480.0,0.1138,,,,2026-04-16,10.916666666666666,Midday
959,Threshold_50_15min,717190,2026-04-16 10:55:00,2026-04-16 11:55:00,65,13,True,True,False,False,41.9,27.4,54.1,503.0,0.1316,,,,2026-04-16,10.916666666666666,Midday
960,Threshold_50_15min,717195,2026-04-16 11:00:00,2026-04-16 11:50:00,55,11,True,True,False,False,47.0,31.1,50.6,454.0,0.1396,,,,2026-04-16,11.0,Midday
961,Threshold_50_15min,717198,2026-04-16 11:05:00,2026-04-16 11:50:00,50,10,True,True,False,False,45.3,34.8,53.9,477.0,0.123,,,,2026-04-16,11.083333333333334,Midday
962,Threshold_50_15min,716152,2026-04-16 12:45:00,2026-04-16 13:35:00,55,11,True,True,False,False,42.8,30.7,55.1,595.0,0.1978,,,,2026-04-16,12.75,Midday
963,Threshold_50_15min,717185,2026-04-16 12:45:00,2026-04-16 13:35:00,55,11,True,True,False,False,44.3,26.1,57.9,562.0,0.1365,,,,2026-04-16,12.75,Midday
964,Threshold_50_15min,717190,2026-04-16 12:45:00,2026-04-16 13:35:00,55,11,True,True,False,False,47.3,28.6,57.0,575.0,0.1437,,,,2026-04-16,12.75,Midday
965,Threshold_50_15min,717195,2026-04-16 13:10:00,2026-04-16 13:35:00,30,6,True,True,False,False,49.0,35.6,50.9,502.0,0.1276,,,,2026-04-16,13.166666666666666,Midday
966,Threshold_50_15min,717198,2026-04-16 13:10:00,2026-04-16 13:30:00,25,5,True,True,False,False,49.8,36.3,51.7,520.0,0.1264,,,,2026-04-16,13.166666666666666,Midday
967,Threshold_50_15min,716152,2026-04-16 14:25:00,2026-04-16 18:55:00,275,55,True,True,False,False,43.6,25.7,50.8,579.0,0.2534,,,,2026-04-16,14.416666666666666,Midday
968,Threshold_50_15min,717185,2026-04-16 14:25:00,2026-04-16 18:55:00,275,55,True,True,False,False,42.1,19.0,54.9,519.0,0.1386,,,,2026-04-16,14.416666666666666,Midday
969,Threshold_50_15min,717190,2026-04-16 14:25:00,2026-04-16 18:55:00,275,55,True,True,False,False,40.8,20.2,51.1,550.0,0.1675,,,,2026-04-16,14.416666666666666,Midday
970,Threshold_50_15min,717195,2026-04-16 14:30:00,2026-04-16 14:45:00,20,4,True,True,False,False,43.5,43.5,52.1,522.0,0.148,,,,2026-04-16,14.5,Midday
971,Threshold_50_15min,717198,2026-04-16 14:30:00,2026-04-16 17:10:00,165,33,True,True,False,False,42.9,29.8,51.6,539.0,0.152,,,,2026-04-16,14.5,Midday
972,Threshold_50_15min,717195,2026-04-16 14:55:00,2026-04-16 17:10:00,140,28,True,True,False,False,38.2,29.2,50.3,509.0,0.1283,,,,2026-04-16,14.916666666666666,Midday
973,Threshold_50_15min,717195,2026-04-16 17:20:00,2026-04-16 17:30:00,15,3,True,True,False,False,47.9,47.2,51.4,532.0,0.129,,,,2026-04-16,17.333333333333332,PM
974,Threshold_50_15min,717198,2026-04-16 17:20:00,2026-04-16 17:35:00,20,4,True,True,False,False,47.5,46.7,50.3,539.0,0.1289,,,,2026-04-16,17.333333333333332,PM
975,Threshold_50_15min,717195,2026-04-16 18:10:00,2026-04-16 18:50:00,45,9,True,True,False,False,47.9,39.2,51.8,531.0,0.1348,,,,2026-04-16,18.166666666666668,PM
976,Threshold_50_15min,717198,2026-04-16 18:10:00,2026-04-16 18:50:00,45,9,True,True,False,False,45.0,41.1,50.5,512.0,0.1279,,,,2026-04-16,18.166666666666668,PM
977,Threshold_50_15min,716152,2026-04-16 19:40:00,2026-04-16 19:55:00,20,4,True,False,False,True,49.1,31.3,52.2,567.0,0.1886,,,,2026-04-16,19.666666666666668,PM
978,Threshold_50_15min,717195,2026-04-16 19:45:00,2026-04-16 19:55:00,15,3,True,False,False,True,44.2,34.1,51.5,540.0,0.1403,,,,2026-04-16,19.75,PM
979,Threshold_50_15min,717198,2026-04-16 19:45:00,2026-04-16 19:55:00,15,3,True,False,False,True,43.2,37.2,50.5,527.0,0.1342,,,,2026-04-16,19.75,PM
980,Threshold_50_15min,717190,2026-04-17 12:15:00,2026-04-17 12:25:00,15,3,True,True,False,False,47.9,42.9,52.0,484.0,0.1364,,,,2026-04-17,12.25,Midday
981,Threshold_50_15min,717185,2026-04-17 12:35:00,2026-04-17 19:20:00,410,82,True,True,False,False,49.3,22.1,52.3,415.0,0.1047,,,,2026-04-17,12.583333333333334,Midday
982,Threshold_50_15min,717190,2026-04-17 12:35:00,2026-04-17 19:30:00,420,84,True,True,False,False,49.6,23.3,52.2,444.0,0.1112,,,,2026-04-17,12.583333333333334,Midday
983,Threshold_50_15min,716152,2026-04-17 12:40:00,2026-04-17 19:30:00,415,83,True,True,False,False,45.9,29.3,50.3,498.0,0.1798,,,,2026-04-17,12.666666666666666,Midday
984,Threshold_50_15min,717195,2026-04-17 12:45:00,2026-04-17 18:45:00,365,73,True,True,False,False,47.1,34.5,50.4,521.0,0.1474,,,,2026-04-17,12.75,Midday
985,Threshold_50_15min,717198,2026-04-17 12:45:00,2026-04-17 18:50:00,370,74,True,True,False,False,47.5,33.7,51.7,527.0,0.1368,,,,2026-04-17,12.75,Midday
986,Threshold_50_15min,717195,2026-04-17 19:05:00,2026-04-17 19:30:00,30,6,True,True,False,False,47.9,39.5,52.3,556.0,0.1391,,,,2026-04-17,19.083333333333332,PM
987,Threshold_50_15min,717198,2026-04-17 19:05:00,2026-04-17 19:30:00,30,6,True,True,False,False,46.8,41.6,50.2,537.0,0.139,,,,2026-04-17,19.083333333333332,PM
988,Threshold_50_15min,716152,2026-04-18 13:25:00,2026-04-18 16:50:00,210,42,True,True,False,False,49.8,27.4,53.4,553.0,0.1823,,,,2026-04-18,13.416666666666666,Midday
989,Threshold_50_15min,717190,2026-04-18 13:25:00,2026-04-18 16:45:00,205,41,True,True,False,False,49.0,20.5,52.9,543.0,0.1469,,,,2026-04-18,13.416666666666666,Midday
990,Threshold_50_15min,717185,2026-04-18 13:30:00,2026-04-18 14:10:00,45,9,True,True,False,False,43.0,35.7,51.9,528.0,0.1346,,,,2026-04-18,13.5,Midday
991,Threshold_50_15min,717185,2026-04-18 14:20:00,2026-04-18 16:45:00,150,30,True,True,False,False,46.9,19.5,50.6,521.0,0.1143,,,,2026-04-18,14.333333333333334,Midday
992,Threshold_50_15min,717195,2026-04-18 14:30:00,2026-04-18 14:50:00,25,5,True,True,False,False,49.8,39.2,54.2,514.0,0.1206,,,,2026-04-18,14.5,Midday
993,Threshold_50_15min,717198,2026-04-18 14:30:00,2026-04-18 16:45:00,140,28,True,True,False,False,48.7,32.6,53.3,515.0,0.1227,,,,2026-04-18,14.5,Midday
994,Threshold_50_15min,717195,2026-04-18 15:10:00,2026-04-18 16:45:00,100,20,True,True,False,False,48.1,35.1,50.4,556.0,0.1354,,,,2026-04-18,15.166666666666666,PM
995,Threshold_50_15min,716152,2026-04-18 17:30:00,2026-04-18 18:55:00,90,18,True,True,False,False,45.6,30.6,54.6,593.0,0.1854,,,,2026-04-18,17.5,PM
996,Threshold_50_15min,717185,2026-04-18 17:30:00,2026-04-18 18:55:00,90,18,True,True,False,False,47.0,22.2,57.4,532.0,0.1178,,,,2026-04-18,17.5,PM
997,Threshold_50_15min,717190,2026-04-18 17:30:00,2026-04-18 18:55:00,90,18,True,True,False,False,48.7,24.2,59.1,576.0,0.1239,,,,2026-04-18,17.5,PM
998,Threshold_50_15min,717195,2026-04-18 17:30:00,2026-04-18 18:25:00,60,12,True,True,False,False,44.5,41.4,55.1,566.0,0.1431,,,,2026-04-18,17.5,PM
999,Threshold_50_15min,717198,2026-04-18 17:30:00,2026-04-18 18:25:00,60,12,True,True,False,False,47.2,41.3,55.8,577.0,0.1367,,,,2026-04-18,17.5,PM
1000,Threshold_50_15min,717195,2026-04-18 18:40:00,2026-04-18 18:50:00,15,3,True,True,False,False,48.6,48.0,50.7,522.0,0.124,,,,2026-04-18,18.666666666666668,PM
1001,Threshold_50_15min,716152,2026-04-20 07:30:00,2026-04-20 08:40:00,75,15,True,True,False,False,48.9,33.4,56.7,617.0,0.1746,,,,2026-04-20,7.5,AM
1002,Threshold_50_15min,717185,2026-04-20 07:40:00,2026-04-20 08:25:00,50,10,True,True,False,False,45.9,28.9,51.5,486.0,0.1572,,,,2026-04-20,7.666666666666667,AM
1003,Threshold_50_15min,717190,2026-04-20 07:40:00,2026-04-20 08:30:00,55,11,True,True,False,False,48.2,31.5,50.3,513.0,0.1815,,,,2026-04-20,7.666666666666667,AM
1004,Threshold_50_15min,717195,2026-04-20 07:40:00,2026-04-20 08:15:00,40,8,True,True,False,False,45.5,41.6,51.1,543.0,0.1343,,,,2026-04-20,7.666666666666667,AM
1005,Threshold_50_15min,717198,2026-04-20 07:40:00,2026-04-20 08:10:00,35,7,True,True,False,False,45.1,43.0,52.5,540.0,0.1351,,,,2026-04-20,7.666666666666667,AM
1006,Threshold_50_15min,716152,2026-04-20 12:25:00,2026-04-20 12:35:00,15,3,True,True,False,False,48.7,48.2,56.1,493.0,0.1395,,,,2026-04-20,12.416666666666666,Midday
1007,Threshold_50_15min,716152,2026-04-20 12:55:00,2026-04-20 18:50:00,360,72,True,True,False,False,49.2,28.0,51.5,537.0,0.1686,,,,2026-04-20,12.916666666666666,Midday
1008,Threshold_50_15min,717185,2026-04-20 13:15:00,2026-04-20 13:50:00,40,8,True,True,False,False,46.6,30.9,53.4,516.0,0.1288,,,,2026-04-20,13.25,Midday
1009,Threshold_50_15min,717190,2026-04-20 13:15:00,2026-04-20 13:50:00,40,8,True,True,False,False,46.9,31.4,52.1,522.0,0.1368,,,,2026-04-20,13.25,Midday
1010,Threshold_50_15min,717195,2026-04-20 13:15:00,2026-04-20 13:30:00,20,4,True,True,False,False,46.4,36.6,53.0,551.0,0.1385,,,,2026-04-20,13.25,Midday
1011,Threshold_50_15min,717198,2026-04-20 13:15:00,2026-04-20 13:25:00,15,3,True,True,False,False,47.0,40.6,54.7,520.0,0.1246,,,,2026-04-20,13.25,Midday
1012,Threshold_50_15min,717195,2026-04-20 14:05:00,2026-04-20 16:50:00,170,34,True,True,False,False,46.1,33.5,51.7,559.0,0.147,,,,2026-04-20,14.083333333333334,Midday
1013,Threshold_50_15min,717198,2026-04-20 14:05:00,2026-04-20 16:50:00,170,34,True,True,False,False,47.8,37.1,51.5,538.0,0.1396,,,,2026-04-20,14.083333333333334,Midday
1014,Threshold_50_15min,717185,2026-04-20 14:10:00,2026-04-20 18:50:00,285,57,True,True,False,False,44.7,22.7,55.8,528.0,0.127,,,,2026-04-20,14.166666666666666,Midday
1015,Threshold_50_15min,717190,2026-04-20 14:10:00,2026-04-20 18:50:00,285,57,True,True,False,False,43.6,24.9,53.8,543.0,0.1397,,,,2026-04-20,14.166666666666666,Midday
1016,Threshold_50_15min,717195,2026-04-20 17:05:00,2026-04-20 18:30:00,90,18,True,True,False,False,43.4,37.1,50.2,555.0,0.1463,,,,2026-04-20,17.083333333333332,PM
1017,Threshold_50_15min,717198,2026-04-20 17:05:00,2026-04-20 18:30:00,90,18,True,True,False,False,44.2,38.6,50.1,539.0,0.1366,,,,2026-04-20,17.083333333333332,PM
1018,Threshold_50_15min,716152,2026-04-21 07:35:00,2026-04-21 08:55:00,85,17,True,True,False,False,48.8,36.5,50.3,609.0,0.2119,,,,2026-04-21,7.583333333333333,AM
1019,Threshold_50_15min,717185,2026-04-21 07:35:00,2026-04-21 08:55:00,85,17,True,True,False,False,48.7,30.3,59.7,535.0,0.1205,,,,2026-04-21,7.583333333333333,AM
1020,Threshold_50_15min,717190,2026-04-21 07:35:00,2026-04-21 08:55:00,85,17,True,True,False,False,44.4,32.6,53.9,556.0,0.1471,,,,2026-04-21,7.583333333333333,AM
1021,Threshold_50_15min,717195,2026-04-21 08:15:00,2026-04-21 08:45:00,35,7,True,True,False,False,42.8,36.1,54.3,583.0,0.1433,,,,2026-04-21,8.25,AM
1022,Threshold_50_15min,717198,2026-04-21 08:15:00,2026-04-21 08:40:00,30,6,True,True,False,False,43.4,40.8,53.2,553.0,0.1427,,,,2026-04-21,8.25,AM
1023,Threshold_50_15min,716152,2026-04-21 12:20:00,2026-04-21 13:00:00,45,9,True,True,False,False,46.0,38.0,55.1,587.0,0.1925,,,,2026-04-21,12.333333333333334,Midday
1024,Threshold_50_15min,717195,2026-04-21 12:20:00,2026-04-21 12:30:00,15,3,True,True,False,False,41.5,41.5,55.4,548.0,0.1461,,,,2026-04-21,12.333333333333334,Midday
1025,Threshold_50_15min,717185,2026-04-21 12:25:00,2026-04-21 13:05:00,45,9,True,True,False,False,43.7,33.1,57.7,498.0,0.1156,,,,2026-04-21,12.416666666666666,Midday
1026,Threshold_50_15min,717190,2026-04-21 12:25:00,2026-04-21 13:10:00,50,10,True,True,False,False,41.4,32.7,56.2,499.0,0.1221,,,,2026-04-21,12.416666666666666,Midday
1027,Threshold_50_15min,716152,2026-04-21 13:10:00,2026-04-21 18:00:00,295,59,True,True,False,False,49.0,27.3,50.7,549.0,0.1799,,,,2026-04-21,13.166666666666666,Midday
1028,Threshold_50_15min,717185,2026-04-21 13:25:00,2026-04-21 13:35:00,15,3,True,True,False,False,44.4,43.4,54.7,522.0,0.1276,,,,2026-04-21,13.416666666666666,Midday
1029,Threshold_50_15min,717190,2026-04-21 13:25:00,2026-04-21 13:35:00,15,3,True,True,False,False,44.9,43.9,51.5,531.0,0.1406,,,,2026-04-21,13.416666666666666,Midday
1030,Threshold_50_15min,717185,2026-04-21 13:55:00,2026-04-21 18:00:00,250,50,True,True,False,False,45.2,24.6,54.2,548.0,0.138,,,,2026-04-21,13.916666666666666,Midday
1031,Threshold_50_15min,717190,2026-04-21 13:55:00,2026-04-21 18:00:00,250,50,True,True,False,False,42.7,25.0,50.5,564.0,0.1555,,,,2026-04-21,13.916666666666666,Midday
1032,Threshold_50_15min,717195,2026-04-21 14:10:00,2026-04-21 17:15:00,190,38,True,True,False,False,44.4,33.0,52.5,532.0,0.1408,,,,2026-04-21,14.166666666666666,Midday
1033,Threshold_50_15min,717198,2026-04-21 14:10:00,2026-04-21 17:10:00,185,37,True,True,False,False,46.8,34.2,51.1,529.0,0.1438,,,,2026-04-21,14.166666666666666,Midday
1034,Threshold_50_15min,717195,2026-04-21 17:45:00,2026-04-21 17:55:00,15,3,True,True,False,False,48.1,44.5,51.8,558.0,0.1469,,,,2026-04-21,17.75,PM
1035,Threshold_50_15min,717198,2026-04-21 17:45:00,2026-04-21 17:55:00,15,3,True,True,False,False,46.3,44.9,51.1,545.0,0.1395,,,,2026-04-21,17.75,PM
1036,Threshold_50_15min,716152,2026-04-22 07:35:00,2026-04-22 09:05:00,95,19,True,True,False,False,45.1,31.0,58.1,601.0,0.1855,,,,2026-04-22,7.583333333333333,AM
1037,Threshold_50_15min,717185,2026-04-22 07:35:00,2026-04-22 09:10:00,100,20,True,True,False,False,46.3,28.8,62.8,562.0,0.1247,,,,2026-04-22,7.583333333333333,AM
1038,Threshold_50_15min,717190,2026-04-22 07:35:00,2026-04-22 09:10:00,100,20,True,True,False,False,47.2,31.0,62.8,577.0,0.1288,,,,2026-04-22,7.583333333333333,AM
1039,Threshold_50_15min,717195,2026-04-22 07:35:00,2026-04-22 08:55:00,85,17,True,True,False,False,45.8,35.2,58.0,573.0,0.1495,,,,2026-04-22,7.583333333333333,AM
1040,Threshold_50_15min,717198,2026-04-22 07:40:00,2026-04-22 08:30:00,55,11,True,True,False,False,43.8,39.3,50.0,515.0,0.1877,,,,2026-04-22,7.666666666666667,AM
1041,Threshold_50_15min,717198,2026-04-22 08:40:00,2026-04-22 08:50:00,15,3,True,True,False,False,49.2,40.6,51.4,522.0,0.1272,,,,2026-04-22,8.666666666666666,AM
1042,Threshold_50_15min,717185,2026-04-22 09:25:00,2026-04-22 09:35:00,15,3,True,True,False,False,49.2,43.6,58.1,509.0,0.1152,,,,2026-04-22,9.416666666666666,AM
1043,Threshold_50_15min,717190,2026-04-22 09:25:00,2026-04-22 09:35:00,15,3,True,True,False,False,47.7,45.8,57.5,529.0,0.1207,,,,2026-04-22,9.416666666666666,AM
1044,Threshold_50_15min,716152,2026-04-22 09:35:00,2026-04-22 10:00:00,30,6,True,True,False,False,49.4,44.7,51.3,541.0,0.1833,,,,2026-04-22,9.583333333333334,AM
1045,Threshold_50_15min,717185,2026-04-22 09:45:00,2026-04-22 10:00:00,20,4,True,True,False,False,45.6,39.1,51.2,553.0,0.1406,,,,2026-04-22,9.75,AM
1046,Threshold_50_15min,717190,2026-04-22 09:45:00,2026-04-22 10:00:00,20,4,True,True,False,False,43.7,41.3,51.4,571.0,0.1457,,,,2026-04-22,9.75,AM
1047,Threshold_50_15min,716152,2026-04-22 13:20:00,2026-04-22 19:25:00,370,74,True,True,False,False,49.8,27.2,51.5,534.0,0.1948,,,,2026-04-22,13.333333333333334,Midday
1048,Threshold_50_15min,717195,2026-04-22 13:20:00,2026-04-22 13:55:00,40,8,True,True,False,False,45.9,40.4,52.3,531.0,0.1537,,,,2026-04-22,13.333333333333334,Midday
1049,Threshold_50_15min,717198,2026-04-22 13:20:00,2026-04-22 13:50:00,35,7,True,True,False,False,46.2,39.5,53.8,513.0,0.1344,,,,2026-04-22,13.333333333333334,Midday
1050,Threshold_50_15min,717185,2026-04-22 13:25:00,2026-04-22 19:00:00,340,68,True,True,False,False,44.8,19.9,53.2,550.0,0.1381,,,,2026-04-22,13.416666666666666,Midday
1051,Threshold_50_15min,717190,2026-04-22 13:25:00,2026-04-22 19:00:00,340,68,True,True,False,False,45.7,20.6,52.5,553.0,0.1467,,,,2026-04-22,13.416666666666666,Midday
1052,Threshold_50_15min,717195,2026-04-22 14:15:00,2026-04-22 15:10:00,60,12,True,True,False,False,42.3,34.5,50.0,512.0,0.1425,,,,2026-04-22,14.25,Midday
1053,Threshold_50_15min,717198,2026-04-22 14:15:00,2026-04-22 15:30:00,80,16,True,True,False,False,44.3,35.8,50.7,526.0,0.1369,,,,2026-04-22,14.25,Midday
1054,Threshold_50_15min,717195,2026-04-22 15:20:00,2026-04-22 15:30:00,15,3,True,True,False,False,46.1,44.5,51.3,512.0,0.1264,,,,2026-04-22,15.333333333333334,PM
1055,Threshold_50_15min,717195,2026-04-22 15:55:00,2026-04-22 17:55:00,125,25,True,True,False,False,45.6,32.6,50.9,519.0,0.1373,,,,2026-04-22,15.916666666666666,PM
1056,Threshold_50_15min,717198,2026-04-22 15:55:00,2026-04-22 16:55:00,65,13,True,True,False,False,44.9,36.7,50.8,522.0,0.1313,,,,2026-04-22,15.916666666666666,PM
1057,Threshold_50_15min,717198,2026-04-22 17:05:00,2026-04-22 18:00:00,60,12,True,True,False,False,49.3,34.3,50.2,538.0,0.1295,,,,2026-04-22,17.083333333333332,PM
1058,Threshold_50_15min,717195,2026-04-22 18:10:00,2026-04-22 18:35:00,30,6,True,True,False,False,49.5,40.7,52.4,517.0,0.1283,,,,2026-04-22,18.166666666666668,PM
1059,Threshold_50_15min,717198,2026-04-22 18:10:00,2026-04-22 18:35:00,30,6,True,True,False,False,45.7,42.4,50.8,491.0,0.1198,,,,2026-04-22,18.166666666666668,PM
1060,Threshold_50_15min,717185,2026-04-22 19:10:00,2026-04-22 19:20:00,15,3,True,True,False,False,43.0,43.0,53.3,506.0,0.1153,,,,2026-04-22,19.166666666666668,PM
1061,Threshold_50_15min,717190,2026-04-22 19:10:00,2026-04-22 19:20:00,15,3,True,True,False,False,44.4,41.2,53.3,520.0,0.121,,,,2026-04-22,19.166666666666668,PM
1062,Threshold_50_15min,717195,2026-04-23 07:35:00,2026-04-23 08:50:00,80,16,True,True,False,False,49.3,32.6,53.6,581.0,0.1669,,,,2026-04-23,7.583333333333333,AM
1063,Threshold_50_15min,716152,2026-04-23 07:40:00,2026-04-23 08:50:00,75,15,True,True,False,False,43.9,31.7,55.2,602.0,0.1829,,,,2026-04-23,7.666666666666667,AM
1064,Threshold_50_15min,717185,2026-04-23 07:40:00,2026-04-23 08:50:00,75,15,True,True,False,False,48.1,25.9,50.1,518.0,0.1582,,,,2026-04-23,7.666666666666667,AM
1065,Threshold_50_15min,717190,2026-04-23 07:40:00,2026-04-23 08:50:00,75,15,True,True,False,False,45.2,26.5,51.5,567.0,0.1605,,,,2026-04-23,7.666666666666667,AM
1066,Threshold_50_15min,717198,2026-04-23 07:40:00,2026-04-23 08:45:00,70,14,True,True,False,False,44.6,36.9,51.0,533.0,0.1591,,,,2026-04-23,7.666666666666667,AM
1067,Threshold_50_15min,717190,2026-04-23 13:00:00,2026-04-23 19:05:00,370,74,True,True,False,False,49.5,22.3,54.5,551.0,0.1429,,,,2026-04-23,13.0,Midday
1068,Threshold_50_15min,717195,2026-04-23 13:00:00,2026-04-23 13:15:00,20,4,True,True,False,False,47.9,45.1,55.7,528.0,0.1214,,,,2026-04-23,13.0,Midday
1069,Threshold_50_15min,717198,2026-04-23 13:00:00,2026-04-23 13:10:00,15,3,True,True,False,False,47.2,45.7,55.3,518.0,0.1177,,,,2026-04-23,13.0,Midday
1070,Threshold_50_15min,716152,2026-04-23 13:05:00,2026-04-23 19:10:00,370,74,True,True,False,False,40.6,25.4,50.4,536.0,0.1977,,,,2026-04-23,13.083333333333334,Midday
1071,Threshold_50_15min,717185,2026-04-23 13:05:00,2026-04-23 19:05:00,365,73,True,True,False,False,41.0,20.2,51.7,516.0,0.1407,,,,2026-04-23,13.083333333333334,Midday
1072,Threshold_50_15min,717195,2026-04-23 13:30:00,2026-04-23 14:05:00,40,8,True,True,False,False,49.1,41.7,51.6,534.0,0.131,,,,2026-04-23,13.5,Midday
1073,Threshold_50_15min,717198,2026-04-23 13:40:00,2026-04-23 14:05:00,30,6,True,True,False,False,48.6,42.8,51.6,494.0,0.1212,,,,2026-04-23,13.666666666666666,Midday
1074,Threshold_50_15min,717195,2026-04-23 14:20:00,2026-04-23 18:10:00,235,47,True,True,False,False,47.2,30.2,50.5,480.0,0.1233,,,,2026-04-23,14.333333333333334,Midday
1075,Threshold_50_15min,717198,2026-04-23 14:20:00,2026-04-23 18:10:00,235,47,True,True,False,False,45.7,33.2,50.6,489.0,0.1206,,,,2026-04-23,14.333333333333334,Midday
1076,Threshold_50_15min,717195,2026-04-23 18:25:00,2026-04-23 19:00:00,40,8,True,True,False,False,43.6,38.4,50.5,537.0,0.1411,,,,2026-04-23,18.416666666666668,PM
1077,Threshold_50_15min,717198,2026-04-23 18:25:00,2026-04-23 19:00:00,40,8,True,True,False,False,45.8,41.0,50.9,548.0,0.135,,,,2026-04-23,18.416666666666668,PM
1078,Threshold_50_15min,716152,2026-04-23 19:20:00,2026-04-23 19:35:00,20,4,True,True,False,False,48.4,47.0,51.6,524.0,0.1548,,,,2026-04-23,19.333333333333332,PM
1079,Threshold_50_15min,716152,2026-04-24 07:30:00,2026-04-24 08:45:00,80,16,True,True,False,False,46.8,32.0,55.8,552.0,0.1821,,,,2026-04-24,7.5,AM
1080,Threshold_50_15min,717185,2026-04-24 07:35:00,2026-04-24 08:45:00,75,15,True,True,False,False,45.4,25.8,51.1,505.0,0.1615,,,,2026-04-24,7.583333333333333,AM
1081,Threshold_50_15min,717190,2026-04-24 07:35:00,2026-04-24 08:45:00,75,15,True,True,False,False,45.5,27.0,52.5,532.0,0.1638,,,,2026-04-24,7.583333333333333,AM
1082,Threshold_50_15min,717195,2026-04-24 07:40:00,2026-04-24 08:40:00,65,13,True,True,False,False,44.3,34.9,52.7,529.0,0.1552,,,,2026-04-24,7.666666666666667,AM
1083,Threshold_50_15min,717198,2026-04-24 07:40:00,2026-04-24 08:35:00,60,12,True,True,False,False,45.8,40.0,51.6,489.0,0.1521,,,,2026-04-24,7.666666666666667,AM
1084,Threshold_50_15min,716152,2026-04-24 11:30:00,2026-04-24 19:25:00,480,96,True,True,False,False,47.1,26.7,51.2,535.0,0.1776,,,,2026-04-24,11.5,Midday
1085,Threshold_50_15min,717185,2026-04-24 11:30:00,2026-04-24 19:20:00,475,95,True,True,False,False,42.1,19.1,53.8,502.0,0.1275,,,,2026-04-24,11.5,Midday
1086,Threshold_50_15min,717190,2026-04-24 11:30:00,2026-04-24 19:20:00,475,95,True,True,False,False,43.2,20.4,52.4,525.0,0.1384,,,,2026-04-24,11.5,Midday
1087,Threshold_50_15min,717195,2026-04-24 11:40:00,2026-04-24 11:50:00,15,3,True,True,False,False,43.6,43.6,53.6,519.0,0.1331,,,,2026-04-24,11.666666666666666,Midday
1088,Threshold_50_15min,717198,2026-04-24 11:40:00,2026-04-24 11:50:00,15,3,True,True,False,False,46.9,45.0,54.6,510.0,0.1195,,,,2026-04-24,11.666666666666666,Midday
1089,Threshold_50_15min,717195,2026-04-24 12:05:00,2026-04-24 15:40:00,220,44,True,True,False,False,48.6,34.4,50.8,503.0,0.1326,,,,2026-04-24,12.083333333333334,Midday
1090,Threshold_50_15min,717198,2026-04-24 12:05:00,2026-04-24 19:00:00,420,84,True,True,False,False,49.7,35.2,50.8,508.0,0.1258,,,,2026-04-24,12.083333333333334,Midday
1091,Threshold_50_15min,717195,2026-04-24 15:55:00,2026-04-24 19:10:00,200,40,True,True,False,False,49.3,33.0,50.7,518.0,0.1341,,,,2026-04-24,15.916666666666666,PM
1092,Threshold_50_15min,716152,2026-04-25 15:35:00,2026-04-25 16:10:00,40,8,True,True,False,False,46.0,36.4,56.5,601.0,0.1674,,,,2026-04-25,15.583333333333334,PM
1093,Threshold_50_15min,717185,2026-04-25 15:40:00,2026-04-25 16:10:00,35,7,True,True,False,False,43.7,37.5,54.6,473.0,0.1131,,,,2026-04-25,15.666666666666666,PM
1094,Threshold_50_15min,717190,2026-04-25 15:40:00,2026-04-25 16:10:00,35,7,True,True,False,False,40.4,34.4,50.8,484.0,0.1381,,,,2026-04-25,15.666666666666666,PM
1095,Threshold_50_15min,717195,2026-04-25 16:30:00,2026-04-25 17:20:00,55,11,True,True,False,False,49.7,36.8,53.5,593.0,0.1391,,,,2026-04-25,16.5,PM
1096,Threshold_50_15min,717198,2026-04-25 16:30:00,2026-04-25 17:20:00,55,11,True,True,False,False,47.9,36.6,51.1,573.0,0.1475,,,,2026-04-25,16.5,PM
1097,Threshold_50_15min,716152,2026-04-25 16:40:00,2026-04-25 17:40:00,65,13,True,True,False,False,47.4,35.0,50.3,526.0,0.1728,,,,2026-04-25,16.666666666666668,PM
1098,Threshold_50_15min,717190,2026-04-25 16:40:00,2026-04-25 17:35:00,60,12,True,True,False,False,46.5,32.0,53.1,533.0,0.1294,,,,2026-04-25,16.666666666666668,PM
1099,Threshold_50_15min,717185,2026-04-25 16:45:00,2026-04-25 17:40:00,60,12,True,True,False,False,43.4,35.0,50.2,463.0,0.1197,,,,2026-04-25,16.75,PM
1100,Threshold_50_15min,716152,2026-04-25 18:45:00,2026-04-25 18:55:00,15,3,True,True,False,False,47.5,44.8,54.0,457.0,0.1441,,,,2026-04-25,18.75,PM
1101,Threshold_50_15min,717185,2026-04-27 07:35:00,2026-04-27 09:05:00,95,19,True,True,False,False,44.2,29.9,58.9,546.0,0.1299,,,,2026-04-27,7.583333333333333,AM
1102,Threshold_50_15min,717190,2026-04-27 07:35:00,2026-04-27 09:00:00,90,18,True,True,False,False,44.8,30.1,57.5,566.0,0.1422,,,,2026-04-27,7.583333333333333,AM
1103,Threshold_50_15min,716152,2026-04-27 07:40:00,2026-04-27 07:55:00,20,4,True,True,False,False,49.2,47.3,52.9,551.0,0.1863,,,,2026-04-27,7.666666666666667,AM
1104,Threshold_50_15min,717195,2026-04-27 07:55:00,2026-04-27 08:30:00,40,8,True,True,False,False,47.7,32.3,56.9,632.0,0.1489,,,,2026-04-27,7.916666666666667,AM
1105,Threshold_50_15min,717198,2026-04-27 08:00:00,2026-04-27 08:25:00,30,6,True,True,False,False,44.7,38.0,50.4,533.0,0.1682,,,,2026-04-27,8.0,AM
1106,Threshold_50_15min,716152,2026-04-27 08:05:00,2026-04-27 09:05:00,65,13,True,True,False,False,35.5,32.3,50.3,600.0,0.1884,,,,2026-04-27,8.083333333333334,AM
1107,Threshold_50_15min,717195,2026-04-27 08:50:00,2026-04-27 09:00:00,15,3,True,True,False,False,43.8,43.8,52.7,559.0,0.1331,,,,2026-04-27,8.833333333333334,AM
1108,Threshold_50_15min,717195,2026-04-27 14:05:00,2026-04-27 16:20:00,140,28,True,True,False,False,46.9,33.5,52.4,536.0,0.1378,,,,2026-04-27,14.083333333333334,Midday
1109,Threshold_50_15min,717198,2026-04-27 14:05:00,2026-04-27 18:25:00,265,53,True,True,False,False,47.1,33.5,54.1,531.0,0.13,,,,2026-04-27,14.083333333333334,Midday
1110,Threshold_50_15min,716152,2026-04-27 14:10:00,2026-04-27 19:00:00,295,59,True,True,False,False,43.1,26.4,52.8,579.0,0.1815,,,,2026-04-27,14.166666666666666,Midday
1111,Threshold_50_15min,717185,2026-04-27 14:15:00,2026-04-27 18:55:00,285,57,True,True,False,False,44.5,22.2,58.0,500.0,0.1144,,,,2026-04-27,14.25,Midday
1112,Threshold_50_15min,717190,2026-04-27 14:15:00,2026-04-27 18:55:00,285,57,True,True,False,False,43.3,22.6,56.2,522.0,0.129,,,,2026-04-27,14.25,Midday
1113,Threshold_50_15min,717195,2026-04-27 16:30:00,2026-04-27 18:25:00,120,24,True,True,False,False,45.8,35.5,50.3,546.0,0.1331,,,,2026-04-27,16.5,PM
1114,Threshold_50_15min,716152,2026-04-28 06:40:00,2026-04-28 06:55:00,20,4,True,True,False,False,49.2,33.9,62.5,463.0,0.1243,,,,2026-04-28,6.666666666666667,AM
1115,Threshold_50_15min,717195,2026-04-28 06:40:00,2026-04-28 06:50:00,15,3,True,True,False,False,41.5,33.2,62.9,469.0,0.1016,,,,2026-04-28,6.666666666666667,AM
1116,Threshold_50_15min,717198,2026-04-28 06:40:00,2026-04-28 06:50:00,15,3,True,True,False,False,43.2,38.6,63.0,412.0,0.0849,,,,2026-04-28,6.666666666666667,AM
1117,Threshold_50_15min,716152,2026-04-28 07:35:00,2026-04-28 09:00:00,90,18,True,True,False,False,43.2,32.1,53.8,581.0,0.2077,,,,2026-04-28,7.583333333333333,AM
1118,Threshold_50_15min,717185,2026-04-28 07:35:00,2026-04-28 08:55:00,85,17,True,True,False,False,47.1,28.6,63.5,584.0,0.123,,,,2026-04-28,7.583333333333333,AM
1119,Threshold_50_15min,717190,2026-04-28 07:35:00,2026-04-28 08:50:00,80,16,True,True,False,False,45.3,30.1,64.3,590.0,0.1244,,,,2026-04-28,7.583333333333333,AM
1120,Threshold_50_15min,717198,2026-04-28 07:45:00,2026-04-28 08:25:00,45,9,True,True,False,False,48.2,38.3,52.1,562.0,0.1379,,,,2026-04-28,7.75,AM
1121,Threshold_50_15min,717195,2026-04-28 07:50:00,2026-04-28 08:25:00,40,8,True,True,False,False,42.4,40.0,50.5,564.0,0.1503,,,,2026-04-28,7.833333333333333,AM
1122,Threshold_50_15min,717185,2026-04-28 12:20:00,2026-04-28 19:15:00,420,84,True,True,False,False,47.5,17.6,51.4,484.0,0.1323,,,,2026-04-28,12.333333333333334,Midday
1123,Threshold_50_15min,717190,2026-04-28 12:20:00,2026-04-28 19:20:00,425,85,True,True,False,False,48.7,18.4,51.3,503.0,0.1386,,,,2026-04-28,12.333333333333334,Midday
1124,Threshold_50_15min,717195,2026-04-28 12:45:00,2026-04-28 13:15:00,35,7,True,True,False,False,47.7,38.1,55.6,490.0,0.1169,,,,2026-04-28,12.75,Midday
1125,Threshold_50_15min,717198,2026-04-28 12:45:00,2026-04-28 13:15:00,35,7,True,True,False,False,48.5,40.4,56.5,488.0,0.1098,,,,2026-04-28,12.75,Midday
1126,Threshold_50_15min,716152,2026-04-28 12:50:00,2026-04-28 13:20:00,35,7,True,True,False,False,43.3,35.6,51.6,509.0,0.1709,,,,2026-04-28,12.833333333333334,Midday
1127,Threshold_50_15min,716152,2026-04-28 13:35:00,2026-04-28 19:25:00,355,71,True,True,False,False,49.3,21.5,50.9,501.0,0.1686,,,,2026-04-28,13.583333333333334,Midday
1128,Threshold_50_15min,717195,2026-04-28 13:35:00,2026-04-28 18:10:00,280,56,True,True,False,False,48.0,33.6,52.0,543.0,0.1397,,,,2026-04-28,13.583333333333334,Midday
1129,Threshold_50_15min,717198,2026-04-28 13:35:00,2026-04-28 18:10:00,280,56,True,True,False,False,47.9,34.3,52.8,530.0,0.1312,,,,2026-04-28,13.583333333333334,Midday
1130,Threshold_50_15min,717195,2026-04-28 18:20:00,2026-04-28 19:10:00,55,11,True,True,False,False,43.7,38.4,51.1,575.0,0.1406,,,,2026-04-28,18.333333333333332,PM
1131,Threshold_50_15min,717198,2026-04-28 18:20:00,2026-04-28 19:10:00,55,11,True,True,False,False,42.4,39.8,50.2,561.0,0.1354,,,,2026-04-28,18.333333333333332,PM
1132,Threshold_50_15min,717185,2026-04-29 07:25:00,2026-04-29 09:00:00,100,20,True,True,False,False,48.7,27.0,63.8,521.0,0.1181,,,,2026-04-29,7.416666666666667,AM
1133,Threshold_50_15min,716152,2026-04-29 07:30:00,2026-04-29 08:55:00,90,18,True,True,False,False,47.0,33.0,50.1,547.0,0.1995,,,,2026-04-29,7.5,AM
1134,Threshold_50_15min,717190,2026-04-29 07:30:00,2026-04-29 08:55:00,90,18,True,True,False,False,46.8,26.9,50.3,557.0,0.1928,,,,2026-04-29,7.5,AM
1135,Threshold_50_15min,717195,2026-04-29 07:35:00,2026-04-29 08:45:00,75,15,True,True,False,False,48.9,37.9,58.6,536.0,0.1251,,,,2026-04-29,7.583333333333333,AM
1136,Threshold_50_15min,717198,2026-04-29 07:35:00,2026-04-29 08:45:00,75,15,True,True,False,False,49.4,39.3,56.5,464.0,0.109,,,,2026-04-29,7.583333333333333,AM
1137,Threshold_50_15min,717185,2026-04-29 09:20:00,2026-04-29 09:45:00,30,6,True,True,False,False,45.8,35.9,51.2,450.0,0.1172,,,,2026-04-29,9.333333333333334,AM
1138,Threshold_50_15min,716152,2026-04-29 09:25:00,2026-04-29 09:40:00,20,4,True,True,False,False,49.7,45.3,54.7,498.0,0.1525,,,,2026-04-29,9.416666666666666,AM
1139,Threshold_50_15min,717190,2026-04-29 09:30:00,2026-04-29 09:45:00,20,4,True,True,False,False,41.7,38.3,50.4,514.0,0.1396,,,,2026-04-29,9.5,AM
1140,Threshold_50_15min,717185,2026-04-29 11:40:00,2026-04-29 12:00:00,25,5,True,True,False,False,42.5,38.3,53.2,479.0,0.1303,,,,2026-04-29,11.666666666666666,Midday
1141,Threshold_50_15min,717190,2026-04-29 11:40:00,2026-04-29 12:00:00,25,5,True,True,False,False,43.5,41.7,51.9,486.0,0.1409,,,,2026-04-29,11.666666666666666,Midday
1142,Threshold_50_15min,716152,2026-04-29 12:05:00,2026-04-29 12:30:00,30,6,True,True,False,False,49.5,43.4,50.3,518.0,0.1718,,,,2026-04-29,12.083333333333334,Midday
1143,Threshold_50_15min,717185,2026-04-29 12:10:00,2026-04-29 12:20:00,15,3,True,True,False,False,46.1,43.3,52.0,534.0,0.1316,,,,2026-04-29,12.166666666666666,Midday
1144,Threshold_50_15min,717190,2026-04-29 12:10:00,2026-04-29 12:20:00,15,3,True,True,False,False,47.0,43.6,52.2,555.0,0.1438,,,,2026-04-29,12.166666666666666,Midday
1145,Threshold_50_15min,717190,2026-04-29 13:20:00,2026-04-29 13:30:00,15,3,True,True,False,False,48.8,43.7,56.4,551.0,0.1363,,,,2026-04-29,13.333333333333334,Midday
1146,Threshold_50_15min,716152,2026-04-29 13:50:00,2026-04-29 19:55:00,370,74,True,False,False,True,49.2,26.6,52.3,545.0,0.1859,,,,2026-04-29,13.833333333333334,Midday
1147,Threshold_50_15min,717185,2026-04-29 13:50:00,2026-04-29 19:45:00,360,72,True,True,False,False,49.7,22.4,52.9,507.0,0.1347,,,,2026-04-29,13.833333333333334,Midday
1148,Threshold_50_15min,717190,2026-04-29 13:50:00,2026-04-29 19:45:00,360,72,True,True,False,False,48.6,23.3,53.1,528.0,0.142,,,,2026-04-29,13.833333333333334,Midday
1149,Threshold_50_15min,717195,2026-04-29 14:20:00,2026-04-29 16:35:00,140,28,True,True,False,False,44.6,35.1,51.0,500.0,0.1281,,,,2026-04-29,14.333333333333334,Midday
1150,Threshold_50_15min,717198,2026-04-29 14:20:00,2026-04-29 19:25:00,310,62,True,True,False,False,46.4,36.6,50.9,496.0,0.1198,,,,2026-04-29,14.333333333333334,Midday
1151,Threshold_50_15min,717195,2026-04-29 16:45:00,2026-04-29 19:40:00,180,36,True,True,False,False,46.3,35.3,50.3,548.0,0.1442,,,,2026-04-29,16.75,PM
1152,Threshold_50_15min,716152,2026-04-30 07:40:00,2026-04-30 08:45:00,70,14,True,True,False,False,41.8,37.1,50.5,591.0,0.2469,,,,2026-04-30,7.666666666666667,AM
1153,Threshold_50_15min,717185,2026-04-30 07:40:00,2026-04-30 08:40:00,65,13,True,True,False,False,43.3,30.6,56.2,545.0,0.1439,,,,2026-04-30,7.666666666666667,AM
1154,Threshold_50_15min,717190,2026-04-30 07:40:00,2026-04-30 08:40:00,65,13,True,True,False,False,43.7,30.9,53.9,581.0,0.1829,,,,2026-04-30,7.666666666666667,AM
1155,Threshold_50_15min,717198,2026-04-30 07:50:00,2026-04-30 08:25:00,40,8,True,True,False,False,49.9,37.6,52.5,523.0,0.1163,,,,2026-04-30,7.833333333333333,AM
1156,Threshold_50_15min,717195,2026-04-30 07:55:00,2026-04-30 08:25:00,35,7,True,True,False,False,46.6,36.9,52.0,582.0,0.1466,,,,2026-04-30,7.916666666666667,AM
1157,Threshold_50_15min,716152,2026-04-30 09:05:00,2026-04-30 09:35:00,35,7,True,True,False,False,47.2,42.6,54.7,518.0,0.1708,,,,2026-04-30,9.083333333333334,AM
1158,Threshold_50_15min,717195,2026-04-30 09:15:00,2026-04-30 09:25:00,15,3,True,True,False,False,44.4,44.4,54.1,525.0,0.1319,,,,2026-04-30,9.25,AM
1160,Threshold_50_15min,716152,2026-04-30 10:20:00,2026-04-30 10:35:00,20,4,True,True,False,False,35.5,27.9,60.6,465.0,0.1311,,,,2026-04-30,10.333333333333334,Midday
1161,Threshold_50_15min,717185,2026-04-30 10:20:00,2026-04-30 10:40:00,25,5,True,True,False,False,41.0,23.3,61.2,424.0,0.0925,,,,2026-04-30,10.333333333333334,Midday
1162,Threshold_50_15min,717190,2026-04-30 10:20:00,2026-04-30 10:35:00,20,4,True,True,False,False,40.1,23.2,61.8,444.0,0.1,,,,2026-04-30,10.333333333333334,Midday
1163,Threshold_50_15min,717195,2026-04-30 12:10:00,2026-04-30 16:15:00,250,50,True,True,False,False,45.8,34.1,56.3,532.0,0.1237,,,,2026-04-30,12.166666666666666,Midday
1164,Threshold_50_15min,717198,2026-04-30 12:10:00,2026-04-30 13:15:00,70,14,True,True,False,False,46.7,37.9,58.7,486.0,0.106,,,,2026-04-30,12.166666666666666,Midday
1165,Threshold_50_15min,716152,2026-04-30 12:15:00,2026-04-30 19:05:00,415,83,True,True,False,False,42.1,27.2,51.0,527.0,0.1942,,,,2026-04-30,12.25,Midday
1166,Threshold_50_15min,717185,2026-04-30 12:15:00,2026-04-30 19:15:00,425,85,True,True,False,False,42.3,15.2,56.1,494.0,0.1139,,,,2026-04-30,12.25,Midday
1167,Threshold_50_15min,717190,2026-04-30 12:15:00,2026-04-30 19:15:00,425,85,True,True,False,False,43.4,15.5,56.0,541.0,0.1279,,,,2026-04-30,12.25,Midday
1168,Threshold_50_15min,717198,2026-04-30 13:30:00,2026-04-30 16:15:00,170,34,True,True,False,False,42.7,32.7,51.7,504.0,0.1235,,,,2026-04-30,13.5,Midday
1169,Threshold_50_15min,717195,2026-04-30 17:50:00,2026-04-30 18:45:00,60,12,True,True,False,False,47.3,38.0,51.3,508.0,0.1378,,,,2026-04-30,17.833333333333332,PM
1170,Threshold_50_15min,717198,2026-04-30 17:50:00,2026-04-30 18:55:00,70,14,True,True,False,False,45.5,37.7,51.1,510.0,0.1299,,,,2026-04-30,17.833333333333332,PM
1171,Threshold_50_15min,716152,2026-05-01 07:30:00,2026-05-01 07:50:00,25,5,True,True,False,False,48.0,40.7,57.9,580.0,0.1841,,,,2026-05-01,7.5,AM
1172,Threshold_50_15min,717185,2026-05-01 07:30:00,2026-05-01 07:40:00,15,3,True,True,False,False,48.7,40.5,52.6,555.0,0.1544,,,,2026-05-01,7.5,AM
1173,Threshold_50_15min,717190,2026-05-01 07:30:00,2026-05-01 07:40:00,15,3,True,True,False,False,48.5,40.8,54.7,565.0,0.1526,,,,2026-05-01,7.5,AM
1174,Threshold_50_15min,717195,2026-05-01 12:10:00,2026-05-01 12:50:00,45,9,True,True,False,False,48.5,36.9,55.5,539.0,0.1364,,,,2026-05-01,12.166666666666666,Midday
1175,Threshold_50_15min,717198,2026-05-01 12:10:00,2026-05-01 12:50:00,45,9,True,True,False,False,48.3,39.1,56.7,539.0,0.1275,,,,2026-05-01,12.166666666666666,Midday
1176,Threshold_50_15min,716152,2026-05-01 12:15:00,2026-05-01 19:00:00,410,82,True,True,False,False,41.5,29.3,52.5,530.0,0.1658,,,,2026-05-01,12.25,Midday
1177,Threshold_50_15min,717185,2026-05-01 12:15:00,2026-05-01 18:55:00,405,81,True,True,False,False,49.3,18.1,52.9,487.0,0.1245,,,,2026-05-01,12.25,Midday
1178,Threshold_50_15min,717190,2026-05-01 12:15:00,2026-05-01 18:55:00,405,81,True,True,False,False,46.1,21.3,53.5,508.0,0.1267,,,,2026-05-01,12.25,Midday
1179,Threshold_50_15min,717195,2026-05-01 13:15:00,2026-05-01 13:50:00,40,8,True,True,False,False,48.7,37.3,53.1,493.0,0.1198,,,,2026-05-01,13.25,Midday
1180,Threshold_50_15min,717198,2026-05-01 13:15:00,2026-05-01 13:50:00,40,8,True,True,False,False,49.3,41.6,53.9,511.0,0.1176,,,,2026-05-01,13.25,Midday
1181,Threshold_50_15min,717195,2026-05-01 14:10:00,2026-05-01 17:40:00,215,43,True,True,False,False,49.1,34.4,52.4,547.0,0.1415,,,,2026-05-01,14.166666666666666,Midday
1182,Threshold_50_15min,717198,2026-05-01 14:10:00,2026-05-01 17:40:00,215,43,True,True,False,False,48.3,36.4,51.3,542.0,0.1372,,,,2026-05-01,14.166666666666666,Midday
1183,Threshold_50_15min,717195,2026-05-02 13:40:00,2026-05-02 13:50:00,15,3,True,True,False,False,46.2,46.2,55.6,562.0,0.1278,,,,2026-05-02,13.666666666666666,Midday
1184,Threshold_50_15min,717198,2026-05-02 13:40:00,2026-05-02 13:55:00,20,4,True,True,False,False,44.3,44.3,54.8,535.0,0.1263,,,,2026-05-02,13.666666666666666,Midday
1185,Threshold_50_15min,716152,2026-05-02 13:45:00,2026-05-02 14:35:00,55,11,True,True,False,False,42.8,35.8,54.0,561.0,0.1728,,,,2026-05-02,13.75,Midday
1186,Threshold_50_15min,717185,2026-05-02 13:45:00,2026-05-02 14:35:00,55,11,True,True,False,False,49.1,28.0,59.7,522.0,0.1063,,,,2026-05-02,13.75,Midday
1187,Threshold_50_15min,717190,2026-05-02 13:45:00,2026-05-02 14:35:00,55,11,True,True,False,False,46.6,29.4,59.9,564.0,0.116,,,,2026-05-02,13.75,Midday
1188,Threshold_50_15min,717198,2026-05-02 14:05:00,2026-05-02 14:15:00,15,3,True,True,False,False,49.6,47.8,50.7,536.0,0.1255,,,,2026-05-02,14.083333333333334,Midday
1189,Threshold_50_15min,717195,2026-05-02 15:15:00,2026-05-02 15:35:00,25,5,True,True,False,False,49.2,44.3,60.6,519.0,0.1031,,,,2026-05-02,15.25,PM
1190,Threshold_50_15min,717198,2026-05-02 15:15:00,2026-05-02 15:35:00,25,5,True,True,False,False,45.9,42.3,56.3,494.0,0.1111,,,,2026-05-02,15.25,PM
1191,Threshold_50_15min,716152,2026-05-02 15:20:00,2026-05-02 15:45:00,30,6,True,True,False,False,43.0,40.1,57.1,531.0,0.152,,,,2026-05-02,15.333333333333334,PM
1192,Threshold_50_15min,717185,2026-05-02 15:25:00,2026-05-02 15:45:00,25,5,True,True,False,False,40.2,32.9,56.1,472.0,0.1101,,,,2026-05-02,15.416666666666666,PM
1193,Threshold_50_15min,717190,2026-05-02 15:25:00,2026-05-02 15:45:00,25,5,True,True,False,False,38.0,32.8,51.5,483.0,0.1395,,,,2026-05-02,15.416666666666666,PM
1194,Threshold_50_15min,717190,2026-05-02 16:10:00,2026-05-02 16:20:00,15,3,True,True,False,False,48.7,46.4,54.7,551.0,0.1355,,,,2026-05-02,16.166666666666668,PM
1195,Threshold_50_15min,717185,2026-05-02 16:15:00,2026-05-02 16:30:00,20,4,True,True,False,False,44.5,44.5,50.3,497.0,0.1276,,,,2026-05-02,16.25,PM
1196,Threshold_50_15min,717195,2026-05-02 16:40:00,2026-05-02 18:10:00,95,19,True,True,False,False,49.1,37.7,54.3,554.0,0.1234,,,,2026-05-02,16.666666666666668,PM
1197,Threshold_50_15min,717198,2026-05-02 16:40:00,2026-05-02 18:05:00,90,18,True,True,False,False,44.9,36.8,51.1,537.0,0.1266,,,,2026-05-02,16.666666666666668,PM
1198,Threshold_50_15min,716152,2026-05-02 16:45:00,2026-05-02 18:15:00,95,19,True,True,False,False,44.6,31.2,55.3,558.0,0.1501,,,,2026-05-02,16.75,PM
1199,Threshold_50_15min,717185,2026-05-02 16:50:00,2026-05-02 18:10:00,85,17,True,True,False,False,41.2,25.7,52.9,468.0,0.102,,,,2026-05-02,16.833333333333332,PM
1200,Threshold_50_15min,717190,2026-05-02 16:50:00,2026-05-02 18:10:00,85,17,True,True,False,False,42.0,26.7,54.2,485.0,0.106,,,,2026-05-02,16.833333333333332,PM
1201,Threshold_50_15min,716152,2026-05-04 07:45:00,2026-05-04 08:10:00,30,6,True,True,False,False,46.5,39.8,53.7,586.0,0.1845,,,,2026-05-04,7.75,AM
1202,Threshold_50_15min,717185,2026-05-04 07:45:00,2026-05-04 08:15:00,35,7,True,True,False,False,43.8,35.2,51.1,532.0,0.1369,,,,2026-05-04,7.75,AM
1203,Threshold_50_15min,717190,2026-05-04 07:55:00,2026-05-04 08:15:00,25,5,True,True,False,False,49.4,38.3,50.7,586.0,0.1479,,,,2026-05-04,7.916666666666667,AM
1204,Threshold_50_15min,716152,2026-05-04 14:20:00,2026-05-04 16:50:00,155,31,True,True,False,False,48.6,29.3,53.1,547.0,0.1857,,,,2026-05-04,14.333333333333334,Midday
1205,Threshold_50_15min,717185,2026-05-04 14:25:00,2026-05-04 18:35:00,255,51,True,True,False,False,46.5,24.6,55.8,472.0,0.1151,,,,2026-05-04,14.416666666666666,Midday
1206,Threshold_50_15min,717190,2026-05-04 14:40:00,2026-05-04 18:35:00,240,48,True,True,False,False,43.7,24.8,50.0,540.0,0.1323,,,,2026-05-04,14.666666666666666,Midday
1207,Threshold_50_15min,717195,2026-05-04 14:40:00,2026-05-04 15:05:00,30,6,True,True,False,False,43.8,36.4,51.7,554.0,0.1397,,,,2026-05-04,14.666666666666666,Midday
1208,Threshold_50_15min,717198,2026-05-04 14:40:00,2026-05-04 15:00:00,25,5,True,True,False,False,44.1,39.5,52.9,560.0,0.1372,,,,2026-05-04,14.666666666666666,Midday
1209,Threshold_50_15min,717195,2026-05-04 15:35:00,2026-05-04 16:40:00,70,14,True,True,False,False,48.5,38.0,52.8,539.0,0.1391,,,,2026-05-04,15.583333333333334,PM
1210,Threshold_50_15min,717198,2026-05-04 15:35:00,2026-05-04 16:15:00,45,9,True,True,False,False,48.8,38.8,52.8,543.0,0.1388,,,,2026-05-04,15.583333333333334,PM
1211,Threshold_50_15min,717198,2026-05-04 16:25:00,2026-05-04 16:40:00,20,4,True,True,False,False,49.9,47.9,50.3,516.0,0.1238,,,,2026-05-04,16.416666666666668,PM
1212,Threshold_50_15min,716152,2026-05-04 17:05:00,2026-05-04 18:35:00,95,19,True,True,False,False,48.9,33.1,50.8,538.0,0.1769,,,,2026-05-04,17.083333333333332,PM
1213,Threshold_50_15min,717195,2026-05-04 17:15:00,2026-05-04 18:30:00,80,16,True,True,False,False,47.6,36.1,54.1,567.0,0.1323,,,,2026-05-04,17.25,PM
1214,Threshold_50_15min,717198,2026-05-04 17:15:00,2026-05-04 18:30:00,80,16,True,True,False,False,46.9,39.0,53.5,553.0,0.1305,,,,2026-05-04,17.25,PM
1215,Threshold_50_15min,717195,2026-05-05 07:40:00,2026-05-05 07:50:00,15,3,True,True,False,False,49.6,43.7,57.8,582.0,0.1416,,,,2026-05-05,7.666666666666667,AM
1216,Threshold_50_15min,717185,2026-05-05 07:45:00,2026-05-05 08:30:00,50,10,True,True,False,False,44.5,33.3,54.8,561.0,0.1597,,,,2026-05-05,7.75,AM
1217,Threshold_50_15min,717190,2026-05-05 07:45:00,2026-05-05 08:30:00,50,10,True,True,False,False,43.8,33.7,53.9,591.0,0.1778,,,,2026-05-05,7.75,AM
1218,Threshold_50_15min,716152,2026-05-05 08:05:00,2026-05-05 08:30:00,30,6,True,True,False,False,44.1,37.6,50.2,580.0,0.2062,,,,2026-05-05,8.083333333333334,AM
1219,Threshold_50_15min,717190,2026-05-05 13:25:00,2026-05-05 19:10:00,350,70,True,True,False,False,49.3,24.2,58.6,546.0,0.1316,,,,2026-05-05,13.416666666666666,Midday
1220,Threshold_50_15min,716152,2026-05-05 13:30:00,2026-05-05 19:10:00,345,69,True,True,False,False,42.8,30.1,51.3,543.0,0.2066,,,,2026-05-05,13.5,Midday
1221,Threshold_50_15min,717185,2026-05-05 13:30:00,2026-05-05 19:10:00,345,69,True,True,False,False,42.1,23.6,52.1,520.0,0.1538,,,,2026-05-05,13.5,Midday
1222,Threshold_50_15min,717195,2026-05-05 13:30:00,2026-05-05 14:45:00,80,16,True,True,False,False,46.8,41.2,51.7,546.0,0.1565,,,,2026-05-05,13.5,Midday
1223,Threshold_50_15min,717198,2026-05-05 13:55:00,2026-05-05 14:50:00,60,12,True,True,False,False,44.5,41.5,50.1,538.0,0.1365,,,,2026-05-05,13.916666666666666,Midday
1224,Threshold_50_15min,717198,2026-05-05 15:10:00,2026-05-05 18:45:00,220,44,True,True,False,False,48.3,34.6,51.2,488.0,0.123,,,,2026-05-05,15.166666666666666,PM
1225,Threshold_50_15min,717195,2026-05-05 15:15:00,2026-05-05 15:25:00,15,3,True,True,False,False,49.2,40.7,50.5,533.0,0.1414,,,,2026-05-05,15.25,PM
1226,Threshold_50_15min,717195,2026-05-05 15:35:00,2026-05-05 18:45:00,195,39,True,True,False,False,38.1,33.6,50.3,541.0,0.1277,,,,2026-05-05,15.583333333333334,PM
1227,Threshold_50_15min,716152,2026-05-06 07:35:00,2026-05-06 08:45:00,75,15,True,True,False,False,46.4,34.2,50.7,524.0,0.2227,,,,2026-05-06,7.583333333333333,AM
1228,Threshold_50_15min,717185,2026-05-06 07:35:00,2026-05-06 08:45:00,75,15,True,True,False,False,49.6,29.3,53.4,542.0,0.1631,,,,2026-05-06,7.583333333333333,AM
1229,Threshold_50_15min,717190,2026-05-06 07:40:00,2026-05-06 08:45:00,70,14,True,True,False,False,46.0,31.3,51.4,575.0,0.1594,,,,2026-05-06,7.666666666666667,AM
1230,Threshold_50_15min,717195,2026-05-06 07:45:00,2026-05-06 07:55:00,15,3,True,True,False,False,44.4,44.4,53.7,591.0,0.1616,,,,2026-05-06,7.75,AM
1231,Threshold_50_15min,717198,2026-05-06 07:45:00,2026-05-06 07:55:00,15,3,True,True,False,False,43.1,43.1,53.7,565.0,0.1461,,,,2026-05-06,7.75,AM
1232,Threshold_50_15min,717195,2026-05-06 08:15:00,2026-05-06 08:45:00,35,7,True,True,False,False,42.2,39.9,52.2,548.0,0.1474,,,,2026-05-06,8.25,AM
1233,Threshold_50_15min,717198,2026-05-06 08:15:00,2026-05-06 08:45:00,35,7,True,True,False,False,41.9,41.9,52.4,504.0,0.1275,,,,2026-05-06,8.25,AM
1234,Threshold_50_15min,716152,2026-05-06 13:10:00,2026-05-06 18:05:00,300,60,True,True,False,False,48.5,27.8,53.6,528.0,0.1725,,,,2026-05-06,13.166666666666666,Midday
1235,Threshold_50_15min,717185,2026-05-06 13:10:00,2026-05-06 18:15:00,310,62,True,True,False,False,45.9,22.0,53.0,490.0,0.1303,,,,2026-05-06,13.166666666666666,Midday
1236,Threshold_50_15min,717190,2026-05-06 13:10:00,2026-05-06 18:10:00,305,61,True,True,False,False,45.4,22.5,51.7,511.0,0.1392,,,,2026-05-06,13.166666666666666,Midday
1237,Threshold_50_15min,717195,2026-05-06 13:20:00,2026-05-06 14:10:00,55,11,True,True,False,False,42.9,33.2,51.6,553.0,0.1519,,,,2026-05-06,13.333333333333334,Midday
1238,Threshold_50_15min,717198,2026-05-06 13:20:00,2026-05-06 14:25:00,70,14,True,True,False,False,46.8,35.6,53.5,539.0,0.1334,,,,2026-05-06,13.333333333333334,Midday
1239,Threshold_50_15min,717195,2026-05-06 14:45:00,2026-05-06 18:00:00,200,40,True,True,False,False,45.6,33.9,52.2,549.0,0.141,,,,2026-05-06,14.75,Midday
1240,Threshold_50_15min,717198,2026-05-06 14:45:00,2026-05-06 18:00:00,200,40,True,True,False,False,43.6,35.1,50.8,547.0,0.1395,,,,2026-05-06,14.75,Midday
1241,Threshold_50_15min,717195,2026-05-06 18:55:00,2026-05-06 19:45:00,55,11,True,True,False,False,42.5,15.2,55.0,561.0,0.1382,,,,2026-05-06,18.916666666666668,PM
1242,Threshold_50_15min,717198,2026-05-06 18:55:00,2026-05-06 19:45:00,55,11,True,True,False,False,40.1,14.1,52.3,520.0,0.1297,,,,2026-05-06,18.916666666666668,PM
1243,Threshold_50_15min,716152,2026-05-06 19:00:00,2026-05-06 19:45:00,50,10,True,True,False,False,35.3,16.2,53.2,526.0,0.1759,,,,2026-05-06,19.0,PM
1244,Threshold_50_15min,717185,2026-05-06 19:00:00,2026-05-06 19:45:00,50,10,True,True,False,False,44.6,16.3,53.3,491.0,0.1175,,,,2026-05-06,19.0,PM
1245,Threshold_50_15min,717190,2026-05-06 19:00:00,2026-05-06 19:45:00,50,10,True,True,False,False,43.0,15.7,55.2,529.0,0.1273,,,,2026-05-06,19.0,PM
1246,Threshold_50_15min,716152,2026-05-07 07:30:00,2026-05-07 09:05:00,100,20,True,True,False,False,46.2,35.9,52.8,574.0,0.1853,,,,2026-05-07,7.5,AM
1247,Threshold_50_15min,717185,2026-05-07 07:30:00,2026-05-07 09:05:00,100,20,True,True,False,False,48.4,29.2,57.9,501.0,0.1227,,,,2026-05-07,7.5,AM
1248,Threshold_50_15min,717190,2026-05-07 07:30:00,2026-05-07 09:05:00,100,20,True,True,False,False,47.3,33.0,52.6,533.0,0.1544,,,,2026-05-07,7.5,AM
1249,Threshold_50_15min,717195,2026-05-07 07:50:00,2026-05-07 08:55:00,70,14,True,True,False,False,46.4,36.4,54.1,553.0,0.143,,,,2026-05-07,7.833333333333333,AM
1250,Threshold_50_15min,717198,2026-05-07 07:50:00,2026-05-07 08:25:00,40,8,True,True,False,False,47.4,37.8,54.1,580.0,0.1426,,,,2026-05-07,7.833333333333333,AM
1251,Threshold_50_15min,717198,2026-05-07 08:45:00,2026-05-07 08:55:00,15,3,True,True,False,False,47.2,47.2,50.8,512.0,0.1298,,,,2026-05-07,8.75,AM
1252,Threshold_50_15min,717195,2026-05-07 12:45:00,2026-05-07 13:25:00,45,9,True,True,False,False,42.8,40.7,51.8,552.0,0.1548,,,,2026-05-07,12.75,Midday
1253,Threshold_50_15min,717198,2026-05-07 12:45:00,2026-05-07 13:10:00,30,6,True,True,False,False,44.6,41.7,53.3,529.0,0.141,,,,2026-05-07,12.75,Midday
1254,Threshold_50_15min,716152,2026-05-07 12:50:00,2026-05-07 19:55:00,430,86,True,False,False,True,38.9,26.6,50.8,542.0,0.1838,,,,2026-05-07,12.833333333333334,Midday
1255,Threshold_50_15min,717185,2026-05-07 12:50:00,2026-05-07 19:55:00,430,86,True,False,False,True,46.2,22.7,55.8,512.0,0.1229,,,,2026-05-07,12.833333333333334,Midday
1256,Threshold_50_15min,717190,2026-05-07 12:50:00,2026-05-07 19:55:00,430,86,True,False,False,True,45.8,23.4,55.6,535.0,0.1325,,,,2026-05-07,12.833333333333334,Midday
1257,Threshold_50_15min,717195,2026-05-07 13:40:00,2026-05-07 18:00:00,265,53,True,True,False,False,49.6,32.9,51.8,509.0,0.1261,,,,2026-05-07,13.666666666666666,Midday
1258,Threshold_50_15min,717198,2026-05-07 13:55:00,2026-05-07 18:05:00,255,51,True,True,False,False,48.6,35.6,50.4,507.0,0.1271,,,,2026-05-07,13.916666666666666,Midday
1259,Threshold_50_15min,717198,2026-05-07 18:25:00,2026-05-07 19:55:00,95,19,True,False,False,True,49.2,40.2,51.3,508.0,0.1244,,,,2026-05-07,18.416666666666668,PM
1260,Threshold_50_15min,717195,2026-05-07 18:30:00,2026-05-07 19:55:00,90,18,True,False,False,True,48.4,37.6,50.2,516.0,0.1415,,,,2026-05-07,18.5,PM
1261,Threshold_50_15min,717185,2026-05-08 07:40:00,2026-05-08 08:05:00,30,6,True,True,False,False,44.1,36.9,57.8,569.0,0.1325,,,,2026-05-08,7.666666666666667,AM
1262,Threshold_50_15min,717190,2026-05-08 07:40:00,2026-05-08 08:05:00,30,6,True,True,False,False,45.7,37.6,58.0,596.0,0.142,,,,2026-05-08,7.666666666666667,AM
1263,Threshold_50_15min,716152,2026-05-08 08:10:00,2026-05-08 08:20:00,15,3,True,True,False,False,47.7,44.6,52.1,604.0,0.1855,,,,2026-05-08,8.166666666666666,AM
1264,Threshold_50_15min,716152,2026-05-08 12:25:00,2026-05-08 17:25:00,305,61,True,True,False,False,42.6,27.7,53.3,572.0,0.1974,,,,2026-05-08,12.416666666666666,Midday
1265,Threshold_50_15min,717190,2026-05-08 12:25:00,2026-05-08 19:55:00,455,91,True,False,False,True,48.7,22.0,55.3,572.0,0.1502,,,,2026-05-08,12.416666666666666,Midday
1266,Threshold_50_15min,717185,2026-05-08 12:30:00,2026-05-08 19:55:00,450,90,True,False,False,True,41.1,20.9,51.1,486.0,0.1421,,,,2026-05-08,12.5,Midday
1267,Threshold_50_15min,717198,2026-05-08 12:45:00,2026-05-08 13:55:00,75,15,True,True,False,False,49.9,41.7,53.0,530.0,0.1261,,,,2026-05-08,12.75,Midday
1268,Threshold_50_15min,717195,2026-05-08 12:50:00,2026-05-08 13:50:00,65,13,True,True,False,False,43.8,39.9,51.3,544.0,0.1406,,,,2026-05-08,12.833333333333334,Midday
1269,Threshold_50_15min,717195,2026-05-08 14:05:00,2026-05-08 16:55:00,175,35,True,True,False,False,48.5,32.6,51.5,514.0,0.1294,,,,2026-05-08,14.083333333333334,Midday
1270,Threshold_50_15min,717198,2026-05-08 14:05:00,2026-05-08 16:55:00,175,35,True,True,False,False,49.5,33.7,51.1,524.0,0.1268,,,,2026-05-08,14.083333333333334,Midday
1271,Threshold_50_15min,717195,2026-05-08 17:10:00,2026-05-08 19:55:00,170,34,True,False,False,True,48.7,36.8,52.3,516.0,0.1322,,,,2026-05-08,17.166666666666668,PM
1272,Threshold_50_15min,717198,2026-05-08 17:10:00,2026-05-08 19:50:00,165,33,True,True,False,False,48.4,37.4,51.1,513.0,0.1289,,,,2026-05-08,17.166666666666668,PM
1273,Threshold_50_15min,716152,2026-05-08 17:40:00,2026-05-08 19:55:00,140,28,True,False,False,True,44.3,30.0,51.1,505.0,0.1631,,,,2026-05-08,17.666666666666668,PM
1274,Threshold_50_15min,716152,2026-05-09 12:15:00,2026-05-09 19:40:00,450,90,True,True,False,False,49.8,26.0,53.8,557.0,0.1593,,,,2026-05-09,12.25,Midday
1275,Threshold_50_15min,717195,2026-05-09 12:15:00,2026-05-09 13:25:00,75,15,True,True,False,False,47.1,39.9,50.9,544.0,0.1321,,,,2026-05-09,12.25,Midday
1276,Threshold_50_15min,717198,2026-05-09 12:15:00,2026-05-09 13:30:00,80,16,True,True,False,False,45.0,39.1,51.8,533.0,0.1293,,,,2026-05-09,12.25,Midday
1277,Threshold_50_15min,717190,2026-05-09 12:25:00,2026-05-09 19:40:00,440,88,True,True,False,False,49.4,18.3,58.0,539.0,0.1147,,,,2026-05-09,12.416666666666666,Midday
1278,Threshold_50_15min,717185,2026-05-09 12:30:00,2026-05-09 19:40:00,435,87,True,True,False,False,39.6,17.8,50.4,488.0,0.1407,,,,2026-05-09,12.5,Midday
1279,Threshold_50_15min,717195,2026-05-09 13:45:00,2026-05-09 18:35:00,295,59,True,True,False,False,46.3,30.1,54.7,516.0,0.1108,,,,2026-05-09,13.75,Midday
1280,Threshold_50_15min,717198,2026-05-09 13:45:00,2026-05-09 18:35:00,295,59,True,True,False,False,44.9,29.5,53.0,498.0,0.1105,,,,2026-05-09,13.75,Midday
1281,Threshold_50_15min,717195,2026-05-09 18:50:00,2026-05-09 19:10:00,25,5,True,True,False,False,49.2,42.3,50.8,542.0,0.1254,,,,2026-05-09,18.833333333333332,PM
1282,Threshold_50_15min,717198,2026-05-09 18:50:00,2026-05-09 19:05:00,20,4,True,True,False,False,49.8,45.3,50.3,546.0,0.1305,,,,2026-05-09,18.833333333333332,PM
1283,Threshold_50_15min,717195,2026-05-09 19:25:00,2026-05-09 19:40:00,20,4,True,True,False,False,48.5,40.7,50.1,526.0,0.1275,,,,2026-05-09,19.416666666666668,PM
1284,Threshold_50_15min,717198,2026-05-09 19:30:00,2026-05-09 19:40:00,15,3,True,True,False,False,45.7,44.1,50.8,492.0,0.1195,,,,2026-05-09,19.5,PM
1285,Threshold_50_15min,716152,2026-05-11 07:35:00,2026-05-11 08:30:00,60,12,True,True,False,False,42.5,39.3,58.7,561.0,0.1785,,,,2026-05-11,7.583333333333333,AM
1286,Threshold_50_15min,717185,2026-05-11 07:40:00,2026-05-11 08:20:00,45,9,True,True,False,False,41.2,36.0,51.7,529.0,0.1729,,,,2026-05-11,7.666666666666667,AM
1287,Threshold_50_15min,717190,2026-05-11 07:40:00,2026-05-11 08:15:00,40,8,True,True,False,False,42.1,37.0,54.4,541.0,0.1652,,,,2026-05-11,7.666666666666667,AM
1288,Threshold_50_15min,717195,2026-05-11 07:40:00,2026-05-11 08:05:00,30,6,True,True,False,False,48.8,40.0,52.6,456.0,0.1386,,,,2026-05-11,7.666666666666667,AM
1289,Threshold_50_15min,717198,2026-05-11 07:55:00,2026-05-11 08:05:00,15,3,True,True,False,False,47.8,43.6,52.3,511.0,0.1338,,,,2026-05-11,7.916666666666667,AM
1290,Threshold_50_15min,717195,2026-05-11 08:15:00,2026-05-11 08:25:00,15,3,True,True,False,False,47.6,39.6,50.2,528.0,0.1191,,,,2026-05-11,8.25,AM
1291,Threshold_50_15min,717198,2026-05-11 08:15:00,2026-05-11 08:25:00,15,3,True,True,False,False,47.9,42.2,51.9,474.0,0.1053,,,,2026-05-11,8.25,AM
1292,Threshold_50_15min,716152,2026-05-11 14:15:00,2026-05-11 18:30:00,260,52,True,True,False,False,44.3,25.3,52.4,525.0,0.1797,,,,2026-05-11,14.25,Midday
1293,Threshold_50_15min,717195,2026-05-11 14:15:00,2026-05-11 16:55:00,165,33,True,True,False,False,49.0,29.7,51.5,490.0,0.1269,,,,2026-05-11,14.25,Midday
1294,Threshold_50_15min,717198,2026-05-11 14:15:00,2026-05-11 16:55:00,165,33,True,True,False,False,49.7,30.9,52.7,478.0,0.121,,,,2026-05-11,14.25,Midday
1295,Threshold_50_15min,717185,2026-05-11 14:20:00,2026-05-11 18:25:00,250,50,True,True,False,False,45.5,20.4,51.0,519.0,0.1602,,,,2026-05-11,14.333333333333334,Midday
1296,Threshold_50_15min,717190,2026-05-11 14:20:00,2026-05-11 18:25:00,250,50,True,True,False,False,46.4,22.2,51.2,518.0,0.1639,,,,2026-05-11,14.333333333333334,Midday
1297,Threshold_50_15min,717195,2026-05-11 17:05:00,2026-05-11 17:25:00,25,5,True,True,False,False,46.5,40.4,51.8,550.0,0.1292,,,,2026-05-11,17.083333333333332,PM
1298,Threshold_50_15min,717198,2026-05-11 17:05:00,2026-05-11 17:30:00,30,6,True,True,False,False,43.0,39.4,51.4,540.0,0.1273,,,,2026-05-11,17.083333333333332,PM
1299,Threshold_50_15min,717195,2026-05-11 17:55:00,2026-05-11 18:35:00,45,9,True,True,False,False,48.4,35.1,51.5,506.0,0.1255,,,,2026-05-11,17.916666666666668,PM
1300,Threshold_50_15min,717198,2026-05-11 17:55:00,2026-05-11 18:35:00,45,9,True,True,False,False,49.3,36.6,51.8,491.0,0.1195,,,,2026-05-11,17.916666666666668,PM
1301,Threshold_50_15min,716152,2026-05-12 07:45:00,2026-05-12 08:05:00,25,5,True,True,False,False,49.9,40.1,50.2,587.0,0.2241,,,,2026-05-12,7.75,AM
1302,Threshold_50_15min,717195,2026-05-12 07:55:00,2026-05-12 08:05:00,15,3,True,True,False,False,44.5,44.5,54.8,575.0,0.1468,,,,2026-05-12,7.916666666666667,AM
1303,Threshold_50_15min,717198,2026-05-12 07:55:00,2026-05-12 08:10:00,20,4,True,True,False,False,43.7,43.7,53.3,565.0,0.146,,,,2026-05-12,7.916666666666667,AM
1304,Threshold_50_15min,717198,2026-05-12 13:20:00,2026-05-12 13:30:00,15,3,True,True,False,False,48.7,39.4,57.6,492.0,0.1046,,,,2026-05-12,13.333333333333334,Midday
1305,Threshold_50_15min,716152,2026-05-12 13:25:00,2026-05-12 13:35:00,15,3,True,True,False,False,43.4,43.4,59.8,586.0,0.1648,,,,2026-05-12,13.416666666666666,Midday
1306,Threshold_50_15min,717185,2026-05-12 13:25:00,2026-05-12 13:35:00,15,3,True,True,False,False,47.0,38.7,60.2,533.0,0.1187,,,,2026-05-12,13.416666666666666,Midday
1307,Threshold_50_15min,717190,2026-05-12 13:25:00,2026-05-12 13:35:00,15,3,True,True,False,False,44.2,40.9,60.3,561.0,0.1254,,,,2026-05-12,13.416666666666666,Midday
1308,Threshold_50_15min,717198,2026-05-12 14:10:00,2026-05-12 14:20:00,15,3,True,True,False,False,49.4,44.1,54.4,526.0,0.1224,,,,2026-05-12,14.166666666666666,Midday
1309,Threshold_50_15min,716152,2026-05-12 14:15:00,2026-05-12 18:55:00,285,57,True,True,False,False,45.9,25.6,55.2,532.0,0.1526,,,,2026-05-12,14.25,Midday
1310,Threshold_50_15min,717195,2026-05-12 14:15:00,2026-05-12 14:25:00,15,3,True,True,False,False,42.1,42.1,50.3,508.0,0.1441,,,,2026-05-12,14.25,Midday
1311,Threshold_50_15min,717185,2026-05-12 14:20:00,2026-05-12 19:00:00,285,57,True,True,False,False,37.0,21.2,52.5,525.0,0.1511,,,,2026-05-12,14.333333333333334,Midday
1312,Threshold_50_15min,717190,2026-05-12 14:20:00,2026-05-12 19:00:00,285,57,True,True,False,False,37.0,23.7,50.5,548.0,0.1746,,,,2026-05-12,14.333333333333334,Midday
1313,Threshold_50_15min,717195,2026-05-12 15:10:00,2026-05-12 17:30:00,145,29,True,True,False,False,48.9,35.5,52.2,539.0,0.1338,,,,2026-05-12,15.166666666666666,PM
1314,Threshold_50_15min,717198,2026-05-12 15:10:00,2026-05-12 17:35:00,150,30,True,True,False,False,49.8,35.7,51.1,534.0,0.1317,,,,2026-05-12,15.166666666666666,PM
1315,Threshold_50_15min,717198,2026-05-12 17:45:00,2026-05-12 18:30:00,50,10,True,True,False,False,49.7,39.4,51.1,539.0,0.1263,,,,2026-05-12,17.75,PM
1316,Threshold_50_15min,717195,2026-05-12 17:55:00,2026-05-12 18:30:00,40,8,True,True,False,False,46.1,38.9,50.7,516.0,0.1374,,,,2026-05-12,17.916666666666668,PM
1317,Threshold_50_15min,717190,2026-05-13 07:40:00,2026-05-13 07:55:00,20,4,True,True,False,False,48.4,41.9,50.0,576.0,0.1839,,,,2026-05-13,7.666666666666667,AM
1318,Threshold_50_15min,717185,2026-05-13 07:45:00,2026-05-13 07:55:00,15,3,True,True,False,False,48.8,41.5,50.3,550.0,0.1506,,,,2026-05-13,7.75,AM
1319,Threshold_50_15min,716152,2026-05-13 13:05:00,2026-05-13 18:45:00,345,69,True,True,False,False,48.6,24.7,53.2,541.0,0.1874,,,,2026-05-13,13.083333333333334,Midday
1320,Threshold_50_15min,717190,2026-05-13 13:05:00,2026-05-13 18:35:00,335,67,True,True,False,False,48.8,22.2,54.1,542.0,0.1463,,,,2026-05-13,13.083333333333334,Midday
1321,Threshold_50_15min,717185,2026-05-13 13:10:00,2026-05-13 18:40:00,335,67,True,True,False,False,46.5,21.5,52.5,519.0,0.1472,,,,2026-05-13,13.166666666666666,Midday
1322,Threshold_50_15min,717195,2026-05-13 13:40:00,2026-05-13 16:15:00,160,32,True,True,False,False,46.2,28.2,50.5,552.0,0.1425,,,,2026-05-13,13.666666666666666,Midday
1323,Threshold_50_15min,717198,2026-05-13 13:40:00,2026-05-13 16:15:00,160,32,True,True,False,False,46.1,27.4,50.7,511.0,0.1274,,,,2026-05-13,13.666666666666666,Midday
1324,Threshold_50_15min,717198,2026-05-13 16:25:00,2026-05-13 18:10:00,110,22,True,True,False,False,49.1,39.0,50.7,540.0,0.13,,,,2026-05-13,16.416666666666668,PM
1325,Threshold_50_15min,717195,2026-05-13 16:30:00,2026-05-13 16:50:00,25,5,True,True,False,False,48.5,42.4,50.0,517.0,0.1406,,,,2026-05-13,16.5,PM
1326,Threshold_50_15min,717195,2026-05-13 17:00:00,2026-05-13 18:10:00,75,15,True,True,False,False,42.0,39.0,50.2,535.0,0.1351,,,,2026-05-13,17.0,PM
1327,Threshold_50_15min,717185,2026-05-14 07:40:00,2026-05-14 08:55:00,80,16,True,True,False,False,47.1,32.6,60.7,562.0,0.1297,,,,2026-05-14,7.666666666666667,AM
1328,Threshold_50_15min,717190,2026-05-14 07:40:00,2026-05-14 08:50:00,75,15,True,True,False,False,47.3,32.7,58.9,569.0,0.1426,,,,2026-05-14,7.666666666666667,AM
1329,Threshold_50_15min,717195,2026-05-14 07:50:00,2026-05-14 08:10:00,25,5,True,True,False,False,48.7,41.5,52.7,605.0,0.1704,,,,2026-05-14,7.833333333333333,AM
1330,Threshold_50_15min,716152,2026-05-14 07:55:00,2026-05-14 08:50:00,60,12,True,True,False,False,40.8,30.2,52.5,632.0,0.1973,,,,2026-05-14,7.916666666666667,AM
1331,Threshold_50_15min,717198,2026-05-14 07:55:00,2026-05-14 08:05:00,15,3,True,True,False,False,47.1,45.8,52.8,562.0,0.1368,,,,2026-05-14,7.916666666666667,AM
1332,Threshold_50_15min,717195,2026-05-14 08:20:00,2026-05-14 08:40:00,25,5,True,True,False,False,45.0,40.2,51.5,564.0,0.1348,,,,2026-05-14,8.333333333333334,AM
1333,Threshold_50_15min,717198,2026-05-14 08:20:00,2026-05-14 08:40:00,25,5,True,True,False,False,46.7,45.0,52.6,534.0,0.1236,,,,2026-05-14,8.333333333333334,AM
1334,Threshold_50_15min,717195,2026-05-14 12:50:00,2026-05-14 13:10:00,25,5,True,True,False,False,48.2,45.5,55.3,525.0,0.1329,,,,2026-05-14,12.833333333333334,Midday
1335,Threshold_50_15min,717198,2026-05-14 12:50:00,2026-05-14 13:10:00,25,5,True,True,False,False,49.3,47.6,56.1,524.0,0.1246,,,,2026-05-14,12.833333333333334,Midday
1336,Threshold_50_15min,716152,2026-05-14 12:55:00,2026-05-14 19:25:00,395,79,True,True,False,False,42.5,27.3,53.8,580.0,0.1829,,,,2026-05-14,12.916666666666666,Midday
1337,Threshold_50_15min,717185,2026-05-14 13:00:00,2026-05-14 19:10:00,375,75,True,True,False,False,43.0,21.7,55.1,486.0,0.1258,,,,2026-05-14,13.0,Midday
1338,Threshold_50_15min,717190,2026-05-14 13:00:00,2026-05-14 19:10:00,375,75,True,True,False,False,42.1,24.0,50.5,508.0,0.1609,,,,2026-05-14,13.0,Midday
1339,Threshold_50_15min,717195,2026-05-14 13:20:00,2026-05-14 16:30:00,195,39,True,True,False,False,48.5,33.8,50.1,526.0,0.1351,,,,2026-05-14,13.333333333333334,Midday
1340,Threshold_50_15min,717198,2026-05-14 13:20:00,2026-05-14 16:30:00,195,39,True,True,False,False,49.4,34.6,50.5,540.0,0.1359,,,,2026-05-14,13.333333333333334,Midday
1341,Threshold_50_15min,717195,2026-05-14 16:40:00,2026-05-14 18:55:00,140,28,True,True,False,False,45.3,31.2,50.2,494.0,0.1261,,,,2026-05-14,16.666666666666668,PM
1342,Threshold_50_15min,717198,2026-05-14 16:40:00,2026-05-14 18:55:00,140,28,True,True,False,False,43.4,32.5,50.5,511.0,0.1261,,,,2026-05-14,16.666666666666668,PM
1343,Threshold_50_15min,717195,2026-05-14 19:10:00,2026-05-14 19:20:00,15,3,True,True,False,False,48.9,47.0,51.7,537.0,0.1353,,,,2026-05-14,19.166666666666668,PM
1344,Threshold_50_15min,716152,2026-05-15 07:45:00,2026-05-15 08:05:00,25,5,True,True,False,False,46.0,38.3,50.5,628.0,0.21,,,,2026-05-15,7.75,AM
1345,Threshold_50_15min,717190,2026-05-15 07:45:00,2026-05-15 08:05:00,25,5,True,True,False,False,48.7,41.3,50.7,583.0,0.1564,,,,2026-05-15,7.75,AM
1346,Threshold_50_15min,717185,2026-05-15 07:50:00,2026-05-15 08:05:00,20,4,True,True,False,False,49.2,38.9,52.3,565.0,0.1376,,,,2026-05-15,7.833333333333333,AM
1347,Threshold_50_15min,716152,2026-05-15 12:55:00,2026-05-15 19:40:00,410,82,True,True,False,False,44.4,22.0,53.1,571.0,0.19,,,,2026-05-15,12.916666666666666,Midday
1348,Threshold_50_15min,717195,2026-05-15 12:55:00,2026-05-15 14:15:00,85,17,True,True,False,False,43.4,36.6,56.4,548.0,0.1298,,,,2026-05-15,12.916666666666666,Midday
1349,Threshold_50_15min,717198,2026-05-15 12:55:00,2026-05-15 14:45:00,115,23,True,True,False,False,45.8,39.7,56.0,531.0,0.12,,,,2026-05-15,12.916666666666666,Midday
1350,Threshold_50_15min,717185,2026-05-15 13:00:00,2026-05-15 19:35:00,400,80,True,True,False,False,46.2,19.0,53.8,532.0,0.1325,,,,2026-05-15,13.0,Midday
1351,Threshold_50_15min,717190,2026-05-15 13:00:00,2026-05-15 19:35:00,400,80,True,True,False,False,43.8,20.3,54.8,566.0,0.1424,,,,2026-05-15,13.0,Midday
1352,Threshold_50_15min,717195,2026-05-15 14:25:00,2026-05-15 14:45:00,25,5,True,True,False,False,47.5,41.3,50.4,538.0,0.1358,,,,2026-05-15,14.416666666666666,Midday
1353,Threshold_50_15min,717195,2026-05-15 15:00:00,2026-05-15 19:05:00,250,50,True,True,False,False,44.6,31.9,50.3,563.0,0.1511,,,,2026-05-15,15.0,PM
1354,Threshold_50_15min,717198,2026-05-15 15:00:00,2026-05-15 19:05:00,250,50,True,True,False,False,45.5,29.7,50.5,570.0,0.1439,,,,2026-05-15,15.0,PM
1355,Threshold_50_15min,717195,2026-05-15 19:40:00,2026-05-15 19:55:00,20,4,True,False,False,True,44.5,42.1,50.4,540.0,0.1499,,,,2026-05-15,19.666666666666668,PM
1356,Threshold_50_15min,717198,2026-05-15 19:40:00,2026-05-15 19:55:00,20,4,True,False,False,True,44.6,40.4,51.5,546.0,0.1375,,,,2026-05-15,19.666666666666668,PM
1357,Threshold_50_15min,717195,2026-05-16 14:35:00,2026-05-16 15:35:00,65,13,True,True,False,False,47.2,31.7,57.8,593.0,0.1236,,,,2026-05-16,14.583333333333334,Midday
1358,Threshold_50_15min,717198,2026-05-16 14:35:00,2026-05-16 15:35:00,65,13,True,True,False,False,44.8,32.1,56.4,600.0,0.1295,,,,2026-05-16,14.583333333333334,Midday
1359,Threshold_50_15min,716152,2026-05-16 14:40:00,2026-05-16 15:30:00,55,11,True,True,False,False,43.9,30.1,52.2,569.0,0.1813,,,,2026-05-16,14.666666666666666,Midday
1360,Threshold_50_15min,717185,2026-05-16 14:40:00,2026-05-16 15:30:00,55,11,True,True,False,False,40.8,25.5,52.3,529.0,0.142,,,,2026-05-16,14.666666666666666,Midday
1361,Threshold_50_15min,717190,2026-05-16 14:40:00,2026-05-16 15:30:00,55,11,True,True,False,False,39.8,27.0,52.7,568.0,0.1498,,,,2026-05-16,14.666666666666666,Midday
1362,Threshold_50_15min,716152,2026-05-16 16:20:00,2026-05-16 18:35:00,140,28,True,True,False,False,42.0,30.5,50.8,590.0,0.2065,,,,2026-05-16,16.333333333333332,PM
1363,Threshold_50_15min,717185,2026-05-16 16:20:00,2026-05-16 18:35:00,140,28,True,True,False,False,45.2,24.7,56.8,549.0,0.1209,,,,2026-05-16,16.333333333333332,PM
1364,Threshold_50_15min,717190,2026-05-16 16:20:00,2026-05-16 18:35:00,140,28,True,True,False,False,42.8,24.4,56.1,554.0,0.1276,,,,2026-05-16,16.333333333333332,PM
1365,Threshold_50_15min,717198,2026-05-16 16:25:00,2026-05-16 17:25:00,65,13,True,True,False,False,48.4,39.6,51.2,536.0,0.1238,,,,2026-05-16,16.416666666666668,PM
1366,Threshold_50_15min,717195,2026-05-16 16:35:00,2026-05-16 17:25:00,55,11,True,True,False,False,49.5,39.8,50.0,538.0,0.1273,,,,2026-05-16,16.583333333333332,PM
1367,Threshold_50_15min,717195,2026-05-16 17:50:00,2026-05-16 18:35:00,50,10,True,True,False,False,49.3,28.1,53.2,530.0,0.117,,,,2026-05-16,17.833333333333332,PM
1368,Threshold_50_15min,717198,2026-05-16 17:50:00,2026-05-16 18:35:00,50,10,True,True,False,False,49.2,27.9,52.2,551.0,0.1237,,,,2026-05-16,17.833333333333332,PM
1369,Threshold_50_15min,717185,2026-05-18 07:40:00,2026-05-18 08:05:00,30,6,True,True,False,False,49.5,36.1,59.4,579.0,0.1318,,,,2026-05-18,7.666666666666667,AM
1370,Threshold_50_15min,717190,2026-05-18 07:40:00,2026-05-18 08:10:00,35,7,True,True,False,False,47.3,37.4,57.1,595.0,0.1536,,,,2026-05-18,7.666666666666667,AM
1371,Threshold_50_15min,717195,2026-05-18 07:40:00,2026-05-18 08:15:00,40,8,True,True,False,False,48.2,39.5,54.2,568.0,0.1614,,,,2026-05-18,7.666666666666667,AM
1372,Threshold_50_15min,716152,2026-05-18 07:45:00,2026-05-18 08:10:00,30,6,True,True,False,False,49.1,39.7,51.6,581.0,0.214,,,,2026-05-18,7.75,AM
1373,Threshold_50_15min,717198,2026-05-18 07:45:00,2026-05-18 07:55:00,15,3,True,True,False,False,46.1,46.1,51.7,546.0,0.1472,,,,2026-05-18,7.75,AM
1374,Threshold_50_15min,717198,2026-05-18 08:05:00,2026-05-18 08:15:00,15,3,True,True,False,False,49.8,42.4,50.5,527.0,0.1285,,,,2026-05-18,8.083333333333334,AM
1375,Threshold_50_15min,717195,2026-05-18 09:45:00,2026-05-18 10:00:00,20,4,True,True,False,False,48.3,31.6,57.8,426.0,0.095,,,,2026-05-18,9.75,AM
1376,Threshold_50_15min,717198,2026-05-18 09:45:00,2026-05-18 09:55:00,15,3,True,True,False,False,46.5,34.7,57.4,364.0,0.0861,,,,2026-05-18,9.75,AM
1377,Threshold_50_15min,717195,2026-05-18 12:00:00,2026-05-18 12:15:00,20,4,True,True,False,False,47.7,35.2,55.0,463.0,0.1165,,,,2026-05-18,12.0,Midday
1378,Threshold_50_15min,717198,2026-05-18 12:00:00,2026-05-18 12:10:00,15,3,True,True,False,False,49.7,41.8,59.6,405.0,0.0933,,,,2026-05-18,12.0,Midday
1379,Threshold_50_15min,716152,2026-05-18 12:05:00,2026-05-18 12:15:00,15,3,True,True,False,False,38.3,38.3,51.5,465.0,0.1706,,,,2026-05-18,12.083333333333334,Midday
1380,Threshold_50_15min,717185,2026-05-18 12:05:00,2026-05-18 12:20:00,20,4,True,True,False,False,47.7,35.6,57.2,405.0,0.0925,,,,2026-05-18,12.083333333333334,Midday
1381,Threshold_50_15min,717190,2026-05-18 12:05:00,2026-05-18 12:20:00,20,4,True,True,False,False,47.3,36.4,55.8,418.0,0.1026,,,,2026-05-18,12.083333333333334,Midday
1382,Threshold_50_15min,717185,2026-05-18 12:55:00,2026-05-18 13:10:00,20,4,True,True,False,False,48.2,39.7,56.4,502.0,0.1181,,,,2026-05-18,12.916666666666666,Midday
1383,Threshold_50_15min,717190,2026-05-18 12:55:00,2026-05-18 13:10:00,20,4,True,True,False,False,49.1,39.7,56.6,504.0,0.1214,,,,2026-05-18,12.916666666666666,Midday
1384,Threshold_50_15min,716152,2026-05-18 13:40:00,2026-05-18 19:15:00,340,68,True,True,False,False,44.6,13.1,56.4,516.0,0.1597,,,,2026-05-18,13.666666666666666,Midday
1385,Threshold_50_15min,717185,2026-05-18 13:40:00,2026-05-18 19:15:00,340,68,True,True,False,False,46.5,13.6,52.0,490.0,0.1373,,,,2026-05-18,13.666666666666666,Midday
1386,Threshold_50_15min,717190,2026-05-18 13:40:00,2026-05-18 19:15:00,340,68,True,True,False,False,44.7,16.3,53.6,523.0,0.1434,,,,2026-05-18,13.666666666666666,Midday
1387,Threshold_50_15min,717198,2026-05-18 14:15:00,2026-05-18 14:35:00,25,5,True,True,False,False,49.9,44.2,53.2,491.0,0.1189,,,,2026-05-18,14.25,Midday
1388,Threshold_50_15min,717195,2026-05-18 14:20:00,2026-05-18 19:15:00,300,60,True,True,False,False,44.0,16.1,50.9,548.0,0.1449,,,,2026-05-18,14.333333333333334,Midday
1389,Threshold_50_15min,717198,2026-05-18 14:45:00,2026-05-18 19:10:00,270,54,True,True,False,False,48.1,15.2,50.0,491.0,0.1198,,,,2026-05-18,14.75,Midday
1390,Threshold_50_15min,717185,2026-05-19 13:45:00,2026-05-19 16:05:00,145,29,True,True,False,False,47.4,22.7,58.4,528.0,0.1235,,,,2026-05-19,13.75,Midday
1391,Threshold_50_15min,716152,2026-05-19 13:55:00,2026-05-19 16:05:00,135,27,True,True,False,False,48.6,29.5,53.6,534.0,0.1634,,,,2026-05-19,13.916666666666666,Midday
1392,Threshold_50_15min,717190,2026-05-19 13:55:00,2026-05-19 16:05:00,135,27,True,True,False,False,44.1,24.8,50.3,519.0,0.1336,,,,2026-05-19,13.916666666666666,Midday
1393,Threshold_50_15min,717198,2026-05-19 14:25:00,2026-05-19 16:05:00,105,21,True,True,False,False,49.5,33.5,52.7,511.0,0.1175,,,,2026-05-19,14.416666666666666,Midday
1394,Threshold_50_15min,717195,2026-05-19 14:30:00,2026-05-19 16:05:00,100,20,True,True,False,False,43.9,33.5,50.7,541.0,0.1417,,,,2026-05-19,14.5,Midday
1395,Threshold_50_15min,716152,2026-05-19 17:00:00,2026-05-19 18:45:00,110,22,True,True,False,False,48.2,30.2,57.5,569.0,0.1767,,,,2026-05-19,17.0,PM
1396,Threshold_50_15min,717190,2026-05-19 17:05:00,2026-05-19 18:45:00,105,21,True,True,False,False,47.0,28.1,56.9,504.0,0.1268,,,,2026-05-19,17.083333333333332,PM
1397,Threshold_50_15min,717185,2026-05-19 17:10:00,2026-05-19 18:45:00,100,20,True,True,False,False,43.1,26.7,51.7,512.0,0.1558,,,,2026-05-19,17.166666666666668,PM
1398,Threshold_50_15min,717198,2026-05-19 17:20:00,2026-05-19 18:40:00,85,17,True,True,False,False,49.3,36.9,51.4,525.0,0.135,,,,2026-05-19,17.333333333333332,PM
1399,Threshold_50_15min,717195,2026-05-19 17:25:00,2026-05-19 18:40:00,80,16,True,True,False,False,43.3,35.4,50.9,534.0,0.1384,,,,2026-05-19,17.416666666666668,PM
1400,Threshold_50_15min,716152,2026-05-20 07:40:00,2026-05-20 08:25:00,50,10,True,True,False,False,43.5,34.8,52.4,603.0,0.18,,,,2026-05-20,7.666666666666667,AM
1401,Threshold_50_15min,717185,2026-05-20 07:40:00,2026-05-20 08:20:00,45,9,True,True,False,False,46.2,29.2,54.1,569.0,0.1375,,,,2026-05-20,7.666666666666667,AM
1402,Threshold_50_15min,717190,2026-05-20 07:40:00,2026-05-20 08:25:00,50,10,True,True,False,False,43.5,33.4,52.6,584.0,0.1459,,,,2026-05-20,7.666666666666667,AM
1403,Threshold_50_15min,717195,2026-05-20 07:40:00,2026-05-20 08:15:00,40,8,True,True,False,False,42.3,40.1,52.9,570.0,0.1551,,,,2026-05-20,7.666666666666667,AM
1404,Threshold_50_15min,717198,2026-05-20 07:40:00,2026-05-20 08:10:00,35,7,True,True,False,False,43.9,41.2,52.4,521.0,0.1533,,,,2026-05-20,7.666666666666667,AM
1405,Threshold_50_15min,717185,2026-05-20 12:55:00,2026-05-20 13:55:00,65,13,True,True,False,False,41.1,15.3,52.9,399.0,0.1031,,,,2026-05-20,12.916666666666666,Midday
1406,Threshold_50_15min,717190,2026-05-20 12:55:00,2026-05-20 13:55:00,65,13,True,True,False,False,42.9,15.9,54.2,431.0,0.1091,,,,2026-05-20,12.916666666666666,Midday
1407,Threshold_50_15min,716152,2026-05-20 13:05:00,2026-05-20 14:00:00,60,12,True,True,False,False,35.5,17.5,51.8,361.0,0.1348,,,,2026-05-20,13.083333333333334,Midday
1408,Threshold_50_15min,717195,2026-05-20 13:10:00,2026-05-20 14:05:00,60,12,True,True,False,False,44.1,18.2,59.4,340.0,0.0743,,,,2026-05-20,13.166666666666666,Midday
1409,Threshold_50_15min,717198,2026-05-20 13:10:00,2026-05-20 14:05:00,60,12,True,True,False,False,48.8,20.9,59.2,368.0,0.0778,,,,2026-05-20,13.166666666666666,Midday
1410,Threshold_50_15min,716152,2026-05-20 15:05:00,2026-05-20 18:55:00,235,47,True,True,False,False,43.9,29.8,55.1,538.0,0.2006,,,,2026-05-20,15.083333333333334,PM
1411,Threshold_50_15min,717190,2026-05-20 15:05:00,2026-05-20 19:00:00,240,48,True,True,False,False,47.6,22.1,55.9,540.0,0.1449,,,,2026-05-20,15.083333333333334,PM
1412,Threshold_50_15min,717195,2026-05-20 15:05:00,2026-05-20 17:20:00,140,28,True,True,False,False,48.8,36.7,58.6,542.0,0.1377,,,,2026-05-20,15.083333333333334,PM
1413,Threshold_50_15min,717198,2026-05-20 15:05:00,2026-05-20 18:55:00,235,47,True,True,False,False,46.7,37.4,57.0,554.0,0.132,,,,2026-05-20,15.083333333333334,PM
1414,Threshold_50_15min,717185,2026-05-20 15:10:00,2026-05-20 19:30:00,265,53,True,True,False,False,37.0,21.1,50.0,490.0,0.1477,,,,2026-05-20,15.166666666666666,PM
1415,Threshold_50_15min,717195,2026-05-20 17:30:00,2026-05-20 18:40:00,75,15,True,True,False,False,45.8,38.1,50.4,518.0,0.1261,,,,2026-05-20,17.5,PM
1416,Threshold_50_15min,717190,2026-05-20 19:10:00,2026-05-20 19:30:00,25,5,True,True,False,False,49.8,44.5,50.0,481.0,0.1212,,,,2026-05-20,19.166666666666668,PM
1417,Threshold_50_15min,716152,2026-05-21 07:35:00,2026-05-21 08:00:00,30,6,True,True,False,False,43.6,42.5,51.8,570.0,0.1761,,,,2026-05-21,7.583333333333333,AM
1418,Threshold_50_15min,717185,2026-05-21 07:40:00,2026-05-21 08:00:00,25,5,True,True,False,False,43.3,42.4,52.9,541.0,0.1555,,,,2026-05-21,7.666666666666667,AM
1419,Threshold_50_15min,717190,2026-05-21 07:40:00,2026-05-21 08:00:00,25,5,True,True,False,False,42.5,42.5,52.0,552.0,0.1678,,,,2026-05-21,7.666666666666667,AM
1420,Threshold_50_15min,717185,2026-05-21 12:10:00,2026-05-21 12:25:00,20,4,True,True,False,False,49.3,39.1,59.6,408.0,0.0935,,,,2026-05-21,12.166666666666666,Midday
1421,Threshold_50_15min,717190,2026-05-21 12:10:00,2026-05-21 12:25:00,20,4,True,True,False,False,48.3,39.8,59.4,440.0,0.1052,,,,2026-05-21,12.166666666666666,Midday
1422,Threshold_50_15min,716152,2026-05-21 13:10:00,2026-05-21 19:30:00,385,77,True,True,False,False,48.8,22.5,54.9,595.0,0.1833,,,,2026-05-21,13.166666666666666,Midday
1423,Threshold_50_15min,717195,2026-05-21 13:10:00,2026-05-21 14:25:00,80,16,True,True,False,False,43.5,40.4,56.0,569.0,0.1372,,,,2026-05-21,13.166666666666666,Midday
1424,Threshold_50_15min,717198,2026-05-21 13:10:00,2026-05-21 14:40:00,95,19,True,True,False,False,44.1,40.0,55.2,543.0,0.1312,,,,2026-05-21,13.166666666666666,Midday
1425,Threshold_50_15min,717185,2026-05-21 13:15:00,2026-05-21 19:35:00,385,77,True,True,False,False,43.1,17.0,58.5,490.0,0.1136,,,,2026-05-21,13.25,Midday
1426,Threshold_50_15min,717190,2026-05-21 13:15:00,2026-05-21 19:35:00,385,77,True,True,False,False,41.5,19.4,58.1,507.0,0.1197,,,,2026-05-21,13.25,Midday
1427,Threshold_50_15min,717195,2026-05-21 15:05:00,2026-05-21 16:25:00,85,17,True,True,False,False,48.9,36.2,52.1,500.0,0.1329,,,,2026-05-21,15.083333333333334,PM
1428,Threshold_50_15min,717198,2026-05-21 15:05:00,2026-05-21 18:55:00,235,47,True,True,False,False,48.9,26.5,51.9,508.0,0.128,,,,2026-05-21,15.083333333333334,PM
1429,Threshold_50_15min,717195,2026-05-21 16:35:00,2026-05-21 17:40:00,70,14,True,True,False,False,46.9,26.0,50.2,526.0,0.1313,,,,2026-05-21,16.583333333333332,PM
1430,Threshold_50_15min,717195,2026-05-21 17:50:00,2026-05-21 18:55:00,70,14,True,True,False,False,49.5,37.3,50.7,523.0,0.1323,,,,2026-05-21,17.833333333333332,PM
1431,Threshold_50_15min,716152,2026-05-22 09:30:00,2026-05-22 09:45:00,20,4,True,True,False,False,49.0,38.9,56.3,509.0,0.152,,,,2026-05-22,9.5,AM
1432,Threshold_50_15min,717195,2026-05-22 09:35:00,2026-05-22 09:55:00,25,5,True,True,False,False,44.3,38.6,50.4,445.0,0.1515,,,,2026-05-22,9.583333333333334,AM
1433,Threshold_50_15min,717198,2026-05-22 09:35:00,2026-05-22 09:55:00,25,5,True,True,False,False,48.7,40.9,55.6,429.0,0.1139,,,,2026-05-22,9.583333333333334,AM
1434,Threshold_50_15min,717185,2026-05-22 10:55:00,2026-05-22 19:40:00,530,106,True,True,False,False,47.1,20.0,52.2,485.0,0.1319,,,,2026-05-22,10.916666666666666,Midday
1435,Threshold_50_15min,717190,2026-05-22 10:55:00,2026-05-22 19:45:00,535,107,True,True,False,False,48.3,21.5,53.8,500.0,0.1335,,,,2026-05-22,10.916666666666666,Midday
1436,Threshold_50_15min,716152,2026-05-22 11:05:00,2026-05-22 19:50:00,530,106,True,True,False,False,47.3,27.4,50.6,507.0,0.1801,,,,2026-05-22,11.083333333333334,Midday
1437,Threshold_50_15min,717195,2026-05-22 11:20:00,2026-05-22 12:00:00,45,9,True,True,False,False,43.5,33.4,51.5,533.0,0.1369,,,,2026-05-22,11.333333333333334,Midday
1438,Threshold_50_15min,717198,2026-05-22 11:20:00,2026-05-22 11:50:00,35,7,True,True,False,False,45.0,37.1,53.0,528.0,0.1367,,,,2026-05-22,11.333333333333334,Midday
1439,Threshold_50_15min,717195,2026-05-22 12:10:00,2026-05-22 17:40:00,335,67,True,True,False,False,47.6,34.2,51.0,529.0,0.1331,,,,2026-05-22,12.166666666666666,Midday
1440,Threshold_50_15min,717198,2026-05-22 12:10:00,2026-05-22 19:35:00,450,90,True,True,False,False,49.2,33.4,51.6,521.0,0.1269,,,,2026-05-22,12.166666666666666,Midday
1441,Threshold_50_15min,717195,2026-05-22 17:55:00,2026-05-22 19:40:00,110,22,True,True,False,False,48.2,36.4,50.5,500.0,0.1298,,,,2026-05-22,17.916666666666668,PM
1442,Threshold_50_15min,717185,2026-05-23 12:25:00,2026-05-23 19:10:00,410,82,True,True,False,False,47.7,20.9,54.7,518.0,0.125,,,,2026-05-23,12.416666666666666,Midday
1443,Threshold_50_15min,717190,2026-05-23 12:25:00,2026-05-23 19:05:00,405,81,True,True,False,False,46.5,20.8,53.9,545.0,0.1389,,,,2026-05-23,12.416666666666666,Midday
1444,Threshold_50_15min,717195,2026-05-23 12:25:00,2026-05-23 13:10:00,50,10,True,True,False,False,49.8,40.3,54.1,541.0,0.1295,,,,2026-05-23,12.416666666666666,Midday
1445,Threshold_50_15min,717198,2026-05-23 12:30:00,2026-05-23 13:10:00,45,9,True,True,False,False,43.6,41.1,51.0,552.0,0.1359,,,,2026-05-23,12.5,Midday
1446,Threshold_50_15min,717195,2026-05-23 14:00:00,2026-05-23 18:50:00,295,59,True,True,False,False,49.9,31.8,51.6,556.0,0.1262,,,,2026-05-23,14.0,Midday
1447,Threshold_50_15min,717198,2026-05-23 14:00:00,2026-05-23 18:20:00,265,53,True,True,False,False,49.2,31.3,51.7,550.0,0.1249,,,,2026-05-23,14.0,Midday
1450,Threshold_50_15min,717198,2026-05-23 18:30:00,2026-05-23 18:45:00,20,4,True,True,False,False,45.6,39.8,50.6,535.0,0.122,,,,2026-05-23,18.5,PM
1451,Threshold_50_15min,717198,2026-05-24 14:55:00,2026-05-24 15:10:00,20,4,True,True,False,False,48.8,46.4,55.3,508.0,0.12,,,,2026-05-24,14.916666666666666,Midday
1452,Threshold_50_15min,717195,2026-05-24 15:00:00,2026-05-24 15:10:00,15,3,True,True,False,False,45.7,45.6,51.3,554.0,0.1427,,,,2026-05-24,15.0,PM
1453,Threshold_50_15min,716152,2026-05-29 08:00:00,2026-05-29 08:45:00,50,10,True,True,False,False,40.9,32.0,50.5,519.0,0.207,,,,2026-05-29,8.0,AM
1454,Threshold_50_15min,717198,2026-05-29 08:00:00,2026-05-29 08:25:00,30,6,True,True,False,False,48.0,45.3,50.9,413.0,0.1235,,,,2026-05-29,8.0,AM
1455,Threshold_50_15min,717185,2026-05-29 08:05:00,2026-05-29 08:30:00,30,6,True,True,False,False,44.9,34.0,51.0,468.0,0.1704,,,,2026-05-29,8.083333333333334,AM
1456,Threshold_50_15min,717190,2026-05-29 08:05:00,2026-05-29 08:30:00,30,6,True,True,False,False,45.9,35.5,52.6,489.0,0.1654,,,,2026-05-29,8.083333333333334,AM
1457,Threshold_50_15min,717190,2026-05-29 12:25:00,2026-05-29 19:05:00,405,81,True,True,False,False,49.7,25.3,58.1,551.0,0.1328,,,,2026-05-29,12.416666666666666,Midday
1458,Threshold_50_15min,716152,2026-05-29 12:30:00,2026-05-29 19:05:00,400,80,True,True,False,False,47.2,30.2,50.1,530.0,0.1996,,,,2026-05-29,12.5,Midday
1459,Threshold_50_15min,717185,2026-05-29 12:30:00,2026-05-29 19:05:00,400,80,True,True,False,False,49.4,23.8,50.9,515.0,0.1647,,,,2026-05-29,12.5,Midday
1460,Threshold_50_15min,717198,2026-05-29 12:55:00,2026-05-29 13:40:00,50,10,True,True,False,False,49.0,41.9,53.7,537.0,0.1288,,,,2026-05-29,12.916666666666666,Midday
1461,Threshold_50_15min,717198,2026-05-29 13:55:00,2026-05-29 14:50:00,60,12,True,True,False,False,48.1,37.3,51.7,542.0,0.1312,,,,2026-05-29,13.916666666666666,Midday
1462,Threshold_50_15min,717198,2026-05-29 15:05:00,2026-05-29 18:50:00,230,46,True,True,False,False,48.0,35.1,51.0,536.0,0.1341,,,,2026-05-29,15.083333333333334,PM
1463,Threshold_50_15min,716152,2026-05-30 13:50:00,2026-05-30 19:00:00,315,63,True,True,False,False,48.0,25.7,56.7,564.0,0.1538,,,,2026-05-30,13.833333333333334,Midday
1464,Threshold_50_15min,717185,2026-05-30 14:05:00,2026-05-30 18:55:00,295,59,True,True,False,False,43.3,20.3,53.1,546.0,0.1288,,,,2026-05-30,14.083333333333334,Midday
1465,Threshold_50_15min,717190,2026-05-30 14:05:00,2026-05-30 18:55:00,295,59,True,True,False,False,40.6,21.4,50.2,564.0,0.146,,,,2026-05-30,14.083333333333334,Midday
1466,Threshold_50_15min,717195,2026-05-30 14:30:00,2026-05-30 18:10:00,225,45,True,True,False,False,45.1,31.0,53.6,542.0,0.1256,,,,2026-05-30,14.5,Midday
1467,Threshold_50_15min,717198,2026-05-30 14:30:00,2026-05-30 18:10:00,225,45,True,True,False,False,43.6,30.1,52.8,548.0,0.1263,,,,2026-05-30,14.5,Midday
1468,Threshold_50_15min,717195,2026-05-30 18:20:00,2026-05-30 18:35:00,20,4,True,True,False,False,47.1,41.8,51.6,525.0,0.1111,,,,2026-05-30,18.333333333333332,PM
1469,Threshold_50_15min,717198,2026-05-30 18:20:00,2026-05-30 18:35:00,20,4,True,True,False,False,44.9,42.6,50.9,533.0,0.1158,,,,2026-05-30,18.333333333333332,PM
1470,Threshold_50_15min,716152,2026-05-31 14:05:00,2026-05-31 15:30:00,90,18,True,True,False,False,36.2,20.7,50.9,432.0,0.1565,,,,2026-05-31,14.083333333333334,Midday
1471,Threshold_50_15min,717190,2026-05-31 14:05:00,2026-05-31 15:30:00,90,18,True,True,False,False,47.4,19.0,62.3,477.0,0.0893,,,,2026-05-31,14.083333333333334,Midday
1473,Threshold_50_15min,717185,2026-05-31 14:10:00,2026-05-31 14:35:00,30,6,True,True,False,False,29.9,19.7,51.0,452.0,0.1314,,,,2026-05-31,14.166666666666666,Midday
1474,Threshold_50_15min,717185,2026-05-31 15:00:00,2026-05-31 15:30:00,35,7,True,True,False,False,43.7,20.7,55.8,432.0,0.0867,,,,2026-05-31,15.0,PM
