station_id,Fwy,Dir,District,County,City,State_PM,Abs_PM,Latitude,Longitude,Length,Type,Lanes,Name,User_ID_1,User_ID_2,User_ID_3,User_ID_4,valid_geography,is_candidate,physical_route_order,physical_route_station_count,previous_ml_station_id,next_ml_station_id,previous_ml_abs_pm,next_ml_abs_pm,distance_from_previous_ml_miles,distance_to_next_ml_miles,previous_ml_is_candidate,next_ml_is_candidate,upstream_ml_station_id,downstream_ml_station_id,upstream_ml_is_candidate,downstream_ml_is_candidate,candidate_run_start,candidate_run_number,corridor_id,rows,zero_rows,positive_rows,invalid_coverage_rows,essential_rows,duplicate_copies,invalid_time_rows,ge0_rows,ge5_rows,ge20_rows,ge40_rows,ge60_rows,ge80_rows,ge100_rows,days_present,days_absent_from_requested_window,days_with_positive_coverage,route_labels,positive_pct_all_rows,positive_speed_valid_rows,positive_longest_run_minutes,positive_days_run_ge120min,ge0_speed_valid_rows,ge0_longest_run_minutes,ge0_days_run_ge120min,ge0_pct_all_rows,ge5_speed_valid_rows,ge5_longest_run_minutes,ge5_days_run_ge120min,ge5_pct_all_rows,ge20_speed_valid_rows,ge20_longest_run_minutes,ge20_days_run_ge120min,ge20_pct_all_rows,ge40_speed_valid_rows,ge40_longest_run_minutes,ge40_days_run_ge120min,ge40_pct_all_rows,ge60_speed_valid_rows,ge60_longest_run_minutes,ge60_days_run_ge120min,ge60_pct_all_rows,ge80_speed_valid_rows,ge80_longest_run_minutes,ge80_days_run_ge120min,ge80_pct_all_rows,ge100_speed_valid_rows,ge100_longest_run_minutes,ge100_days_run_ge120min,ge100_pct_all_rows,shared_zero_dates_with_station_all_zero,candidate_pool_any_positive,metadata_route_label,batch1_route_contains_metadata_route
767541,2,E,7,37,44000.0,16.4,8.962,34.11606,-118.238384,0.45,ML,4,34TH AVE,2479,,,,True,True,4,14,767523,767554,8.662,9.562,0.29999999999999893,0.5999999999999996,False,True,767523,767554,False,True,True,1,Fwy_2_E_physical_run_1,34548,2084,32464,0,34548,0,0,34548,32464,32464,32464,32464,9969,9969,120,0,114,2.0/E,93.967812897997,32464,1440,114,34548,1440,120,100.0,32464,1440,114,93.967812897997,32464,1440,114,93.967812897997,32464,1440,114,93.967812897997,32464,1440,114,93.967812897997,9969,1440,35,28.855505383813824,9969,1440,35,28.855505383813824,2026-02-28|2026-05-27,True,2/E,False
767554,2,E,7,37,44000.0,,9.562,34.121074,-118.229892,0.55,ML,4,EAGLE ROCK BLVD,4459,,,,True,True,5,14,767541,767572,8.962,10.062,0.5999999999999996,0.5,True,False,767541,767572,True,False,False,1,Fwy_2_E_physical_run_1,34548,3236,31312,0,34548,0,0,34548,31312,31312,31312,31312,31312,31312,120,0,110,2.0/E,90.63332175523908,31312,1440,110,34548,1440,120,100.0,31312,1440,110,90.63332175523908,31312,1440,110,90.63332175523908,31312,1440,110,90.63332175523908,31312,1440,110,90.63332175523908,31312,1440,110,90.63332175523908,31312,1440,110,90.63332175523908,2026-02-28|2026-05-27,True,2/E,False
767470,2,E,7,37,44000.0,,12.032,34.155998,-118.224185,0.65,ML,6,N/O CHEVY CHASE DR,2703,,,,True,True,10,14,768202,767585,11.462,12.762,0.5700000000000003,0.7300000000000004,False,False,768202,767585,False,False,True,2,Fwy_2_E_physical_run_2,34548,29703,4845,0,34548,0,0,34548,4845,4845,4845,4845,4845,0,120,0,18,2.0/E,14.023966655088572,4845,1440,18,34548,1440,120,100.0,4845,1440,18,14.023966655088572,4845,1440,18,14.023966655088572,4845,1440,18,14.023966655088572,4845,1440,18,14.023966655088572,4845,1440,18,14.023966655088572,0,0,0,0.0,2026-02-28|2026-05-27,True,2/E,False
767609,2,E,7,37,30000.0,,14.062,34.184463,-118.217522,0.913,ML,5,FERN LANE,2473,,,,True,True,13,14,767597,768238,13.362,15.188,0.6999999999999993,1.1260000000000012,False,False,767597,768238,False,False,True,3,Fwy_2_E_physical_run_3,34548,33108,1440,0,34548,0,0,34548,1440,1440,1440,1440,1440,1152,120,0,5,2.0/E,4.168113928447378,1440,1440,5,34548,1440,120,100.0,1440,1440,5,4.168113928447378,1440,1440,5,4.168113928447378,1440,1440,5,4.168113928447378,1440,1440,5,4.168113928447378,1440,1440,5,4.168113928447378,1152,1440,4,3.3344911427579023,2026-02-28|2026-05-27,True,2/E,False
767542,2,W,7,37,44000.0,16.4,8.962,34.116219,-118.238557,0.561,ML,4,34TH AVE,2479,,,,True,True,3,14,718064,718066,8.487,9.61,0.47499999999999964,0.6479999999999997,False,True,718066,718064,True,False,True,1,Fwy_2_W_physical_run_1,34548,2084,32464,0,34548,0,0,34548,32464,32464,32464,32225,11102,11102,120,0,114,2.0/W,93.967812897997,32464,1440,114,34548,1440,120,100.0,32464,1440,114,93.967812897997,32464,1440,114,93.967812897997,32464,1440,114,93.967812897997,32225,1440,114,93.27602176681718,11102,1440,41,32.13500057890471,11102,1440,41,32.13500057890471,2026-02-28|2026-05-27,True,2/W,False
718066,2,W,7,37,44000.0,,9.61,34.121743,-118.229567,0.55,ML,4,VERDUGO RD,4466,,,,True,True,4,14,767542,767573,8.962,10.062,0.6479999999999997,0.45199999999999996,True,False,767573,767542,False,True,False,1,Fwy_2_W_physical_run_1,34548,1796,32752,0,34548,0,0,34548,32752,32752,32752,32752,32752,32752,120,0,115,2.0/W,94.80143568368646,32752,1440,115,34548,1440,120,100.0,32752,1440,115,94.80143568368646,32752,1440,115,94.80143568368646,32752,1440,115,94.80143568368646,32752,1440,115,94.80143568368646,32752,1440,115,94.80143568368646,32752,1440,115,94.80143568368646,2026-02-28|2026-05-27,True,2/W,False
762329,2,W,7,37,44000.0,,10.799,34.138775,-118.228707,0.4,ML,4,COLORADO BLVD,4467,,,,True,True,7,14,767621,767454,10.562,11.362,0.2370000000000001,0.5630000000000006,False,False,767454,767621,False,False,True,2,Fwy_2_W_physical_run_2,34548,1796,32752,0,34548,0,0,34548,32752,32752,32752,32752,32752,32752,120,0,115,2.0/W,94.80143568368646,32752,1440,115,34548,1440,120,100.0,32752,1440,115,94.80143568368646,32752,1440,115,94.80143568368646,32752,1440,115,94.80143568368646,32752,1440,115,94.80143568368646,32752,1440,115,94.80143568368646,32752,1440,115,94.80143568368646,2026-02-28|2026-05-27,True,2/W,False
718072,2,W,7,37,44000.0,,11.478,34.148241,-118.225967,0.335,ML,4,HOLLY DR,4470,,,,True,True,9,14,767454,767471,11.362,12.032,0.11599999999999966,0.5540000000000003,False,True,767471,767454,True,False,True,3,Fwy_2_W_physical_run_3,34548,1796,32752,0,34548,0,0,34548,32752,32752,32752,32752,32752,32752,120,0,115,2.0/W,94.80143568368646,32752,1440,115,34548,1440,120,100.0,32752,1440,115,94.80143568368646,32752,1440,115,94.80143568368646,32752,1440,115,94.80143568368646,32752,1440,115,94.80143568368646,32752,1440,115,94.80143568368646,32752,1440,115,94.80143568368646,2026-02-28|2026-05-27,True,2/W,False
767471,2,W,7,37,44000.0,,12.032,34.156037,-118.22443,0.458,ML,6,N/O CHEVY CHASE DR,2703,,,,True,True,10,14,718072,718076,11.478,12.393,0.5540000000000003,0.36100000000000065,True,True,718076,718072,True,True,False,3,Fwy_2_W_physical_run_3,34548,29703,4845,0,34548,0,0,34548,4845,4845,4845,4845,4845,4845,120,0,18,2.0/W,14.023966655088572,4845,1440,18,34548,1440,120,100.0,4845,1440,18,14.023966655088572,4845,1440,18,14.023966655088572,4845,1440,18,14.023966655088572,4845,1440,18,14.023966655088572,4845,1440,18,14.023966655088572,4845,1440,18,14.023966655088572,2026-02-28|2026-05-27,True,2/W,False
718076,2,W,7,37,30000.0,,12.393,34.161165,-118.225695,0.665,ML,4,MOUNTAIN ST,4471,,,,True,True,11,14,767471,767598,12.032,13.362,0.36100000000000065,0.9689999999999994,True,False,767598,767471,False,True,False,3,Fwy_2_W_physical_run_3,34548,1796,32752,0,34548,0,0,34548,32752,32752,32752,32752,22214,22214,120,0,115,2.0/W,94.80143568368646,32752,1440,115,34548,1440,120,100.0,32752,1440,115,94.80143568368646,32752,1440,115,94.80143568368646,32752,1440,115,94.80143568368646,32752,1440,115,94.80143568368646,22214,1440,79,64.29894639342365,22214,1440,79,64.29894639342365,2026-02-28|2026-05-27,True,2/W,False
767610,2,W,7,37,30000.0,,14.062,34.184465,-118.21782,0.913,ML,4,FERN LANE,2473,,,,True,True,13,14,767598,768230,13.362,15.188,0.6999999999999993,1.1260000000000012,False,False,768230,767598,False,False,True,4,Fwy_2_W_physical_run_4,34548,33108,1440,0,34548,0,0,34548,1440,1440,1440,1440,1440,1440,120,0,5,2.0/W,4.168113928447378,1440,1440,5,34548,1440,120,100.0,1440,1440,5,4.168113928447378,1440,1440,5,4.168113928447378,1440,1440,5,4.168113928447378,1440,1440,5,4.168113928447378,1440,1440,5,4.168113928447378,1440,1440,5,4.168113928447378,2026-02-28|2026-05-27,True,2/W,False
718081,5,N,7,37,52526.0,3.72,120.353,33.905186,-118.065055,0.335,ML,3,BLOOMFIELD,3271,,,,True,True,9,92,769625,718360,119.913,120.583,0.4399999999999977,0.23000000000000398,False,False,769625,718360,False,False,True,1,Fwy_5_N_physical_run_1,34548,1937,32611,0,34548,0,0,34548,32611,32611,32610,32610,32608,32608,120,0,114,5.0/N,94.393307861526,32611,1440,114,34548,1440,120,100.0,32611,1440,114,94.393307861526,32611,1440,114,94.393307861526,32610,1440,114,94.39041333796456,32610,1440,114,94.39041333796456,32608,1440,114,94.38462429084171,32608,1440,114,94.38462429084171,2026-02-28|2026-05-27,True,5/N,False
715938,5,N,7,37,14974.0,12.18,128.813,34.002541,-118.150997,0.545,ML,4,GASPAR,2021,,,,True,True,26,92,716925,716929,128.173,129.263,0.6399999999999864,0.45000000000001705,False,True,716925,716929,False,True,True,2,Fwy_5_N_physical_run_2,34548,31420,3128,0,34548,0,0,34548,3128,3128,3128,3128,3128,3128,120,0,12,5.0/N,9.05406970012736,3128,1440,12,34548,1440,120,100.0,3128,1440,12,9.05406970012736,3128,1440,12,9.05406970012736,3128,1440,12,9.05406970012736,3128,1440,12,9.05406970012736,3128,1440,12,9.05406970012736,3128,1440,12,9.05406970012736,2026-02-28|2026-05-27,True,5/N,False
716929,5,N,7,37,14974.0,12.63,129.263,34.007196,-118.156466,0.421,ML,4,ATLANTIC,3647,,,,True,True,27,92,715938,764435,128.813,129.656,0.45000000000001705,0.3930000000000007,True,False,715938,764435,True,False,False,2,Fwy_5_N_physical_run_2,34548,30556,3992,0,34548,0,0,34548,3992,3992,3992,3992,3992,3992,120,0,15,5.0/N,11.554938057195786,3992,1440,15,34548,1440,120,100.0,3992,1440,15,11.554938057195786,3992,1440,15,11.554938057195786,3992,1440,15,11.554938057195786,3992,1440,15,11.554938057195786,3992,1440,15,11.554938057195786,3992,1440,15,11.554938057195786,2026-02-28|2026-05-27,True,5/N,False
715944,5,N,7,37,14974.0,13.35,129.983,34.013676,-118.166091,0.323,ML,4,FERRIS,2537,,,,True,True,29,92,764435,718086,129.656,130.303,0.3269999999999982,0.3199999999999932,False,False,764435,718086,False,False,True,3,Fwy_5_N_physical_run_3,34548,30556,3992,0,34548,0,0,34548,3992,3992,3992,3992,0,0,120,0,15,5.0/N,11.554938057195786,3992,1440,15,34548,1440,120,100.0,3992,1440,15,11.554938057195786,3992,1440,15,11.554938057195786,3992,1440,15,11.554938057195786,3992,1440,15,11.554938057195786,0,0,0,0.0,0,0,0,0.0,2026-02-28|2026-05-27,True,5/N,False
716933,5,N,7,37,,14.35,130.983,34.020076,-118.181702,0.565,ML,5,DOWNEY,3153,,,,True,True,31,92,718086,759566,130.303,131.433,0.6800000000000068,0.44999999999998863,False,True,718086,759566,False,True,True,4,Fwy_5_N_physical_run_4,34548,30556,3992,0,34548,0,0,34548,3992,3992,0,0,0,0,120,0,15,5.0/N,11.554938057195786,3992,1440,15,34548,1440,120,100.0,3992,1440,15,11.554938057195786,3992,1440,15,11.554938057195786,0,0,0,0.0,0,0,0,0.0,0,0,0,0.0,0,0,0,0.0,2026-02-28|2026-05-27,True,5/N,False
759566,5,N,7,37,,14.8,131.433,34.020251,-118.189669,0.395,ML,5,DITMAN,3593,,,,True,True,32,92,716933,759576,130.983,131.773,0.44999999999998863,0.3400000000000034,True,False,716933,759576,True,False,False,4,Fwy_5_N_physical_run_4,34548,31132,3416,0,34548,0,0,34548,3416,3416,3416,3416,3416,3416,120,0,13,5.0/N,9.887692485816835,3416,1440,13,34548,1440,120,100.0,3416,1440,13,9.887692485816835,3416,1440,13,9.887692485816835,3416,1440,13,9.887692485816835,3416,1440,13,9.887692485816835,3416,1440,13,9.887692485816835,3416,1440,13,9.887692485816835,2026-02-28|2026-05-27,True,5/N,False
718371,5,N,7,37,44000.0,21.47,138.103,34.090311,-118.238626,0.35,ML,5,DORRIS,2083,,,,True,True,39,92,716951,716953,137.733,138.433,0.37000000000000455,0.3299999999999841,False,False,716951,716953,False,False,True,5,Fwy_5_N_physical_run_5,34548,6404,28144,0,34548,0,0,34548,28144,28144,28144,28144,28143,0,120,0,99,5.0/N,81.46347111265486,28144,1440,99,34548,1440,120,100.0,28144,1440,99,81.46347111265486,28144,1440,99,81.46347111265486,28144,1440,99,81.46347111265486,28144,1440,99,81.46347111265486,28143,1440,99,81.46057658909344,0,0,0,0.0,2026-02-28|2026-05-27,True,5/N,False
763674,5,N,7,37,44000.0,22.4,139.033,34.100954,-118.248419,0.48,ML,4,S OF 2,2287,,,,True,True,41,92,716953,763669,138.433,139.393,0.5999999999999943,0.36000000000001364,False,True,716953,763669,False,True,True,6,Fwy_5_N_physical_run_6,34548,2372,32176,0,34548,0,0,34548,32176,32176,32176,32176,0,0,120,0,113,5.0/N,93.13419011230752,32176,1440,113,34548,1440,120,100.0,32176,1440,113,93.13419011230752,32176,1440,113,93.13419011230752,32176,1440,113,93.13419011230752,32176,1440,113,93.13419011230752,0,0,0,0.0,0,0,0,0.0,2026-02-28|2026-05-27,True,5/N,False
763669,5,N,7,37,44000.0,22.76,139.393,34.104688,-118.252741,0.4,ML,4,N OF 2,2279,,,,True,True,42,92,763674,716956,139.033,139.833,0.36000000000001364,0.4399999999999977,True,False,763674,716956,True,False,False,6,Fwy_5_N_physical_run_6,34548,11548,23000,0,34548,0,0,34548,23000,23000,23000,23000,23000,23000,120,0,80,5.0/N,66.57404191270118,23000,1440,80,34548,1440,120,100.0,23000,1440,80,66.57404191270118,23000,1440,80,66.57404191270118,23000,1440,80,66.57404191270118,23000,1440,80,66.57404191270118,23000,1440,80,66.57404191270118,23000,1440,80,66.57404191270118,2026-02-28|2026-05-27,True,5/N,False
716974,5,N,7,37,8954.0,29.27,145.903,34.179879,-118.312407,0.615,ML,4,OLIVE,3223,,,,True,True,54,92,716973,777796,145.083,146.313,0.8199999999999932,0.4099999999999966,False,True,716973,777796,False,True,True,7,Fwy_5_N_physical_run_7,34548,10724,23824,0,34548,0,0,34548,23824,23824,23824,8926,0,0,120,0,84,5.0/N,68.95912932731272,23824,1440,84,34548,1440,120,100.0,23824,1440,84,68.95912932731272,23824,1440,84,68.95912932731272,23824,1440,84,68.95912932731272,8926,1440,33,25.836517309250898,0,0,0,0.0,0,0,0,0.0,2026-02-28|2026-05-27,True,5/N,False
777796,5,N,7,37,8954.0,29.68,146.313,34.184656,-118.316541,0.35,ML,5,BURBANK 1,3243,,,,True,True,55,92,716974,716978,145.903,146.603,0.4099999999999966,0.29000000000002046,True,True,716974,716978,True,True,False,7,Fwy_5_N_physical_run_7,34548,21157,13391,0,34548,0,0,34548,13391,13391,3433,1152,845,282,120,0,48,5.0/N,38.76056501099919,13391,1440,48,34548,1440,120,100.0,13391,1440,48,38.76056501099919,13391,1440,48,38.76056501099919,3433,1440,12,9.936899386361006,1152,1440,4,3.3344911427579023,845,1440,3,2.4458724094014124,282,965,1,0.8162556443209448,2026-02-28|2026-05-27,True,5/N,False
716978,5,N,7,37,8954.0,29.97,146.603,34.187037,-118.320656,0.505,ML,5,BURBANK 2,3224,,,,True,True,56,92,777796,716981,146.313,147.323,0.29000000000002046,0.7199999999999989,True,True,777796,716981,True,True,False,7,Fwy_5_N_physical_run_7,34548,25074,9474,0,34548,0,0,34548,9474,9474,5152,2592,1439,1151,120,0,33,5.0/N,27.42271622091004,9474,1440,33,34548,1440,120,100.0,9474,1440,33,27.42271622091004,9474,1440,33,27.42271622091004,5152,1440,18,14.912585388445065,2592,1440,9,7.50260507120528,1439,1440,5,4.165219404885955,1151,1440,4,3.33159661919648,2026-02-28|2026-05-27,True,5/N,False
716981,5,N,7,37,8954.0,30.69,147.323,34.193931,-118.330086,0.36,ML,4,LINCOLN,3225,,,,True,True,57,92,716978,777781,146.603,147.323,0.7199999999999989,0.0,True,True,716978,777781,True,True,False,7,Fwy_5_N_physical_run_7,34548,23068,11480,0,34548,0,0,34548,11480,11480,3168,575,0,0,120,0,40,5.0/N,33.22913048512215,11480,1440,40,34548,1440,120,100.0,11480,1440,40,33.22913048512215,11480,1440,40,33.22913048512215,3168,1440,11,9.169850642584231,575,1440,2,1.6643510478175292,0,0,0,0.0,0,0,0,0.0,2026-02-28|2026-05-27,True,5/N,False
777781,5,N,7,37,8954.0,30.69,147.323,34.193931,-118.330086,0.36,ML,5,LINCOLN,3241,,,,True,True,58,92,716981,716985,147.323,148.043,0.0,0.7199999999999989,True,True,716981,716985,True,True,False,7,Fwy_5_N_physical_run_7,34548,29406,5142,0,34548,0,0,34548,5142,5142,576,288,288,284,120,0,19,5.0/N,14.883640152830845,5142,1440,19,34548,1440,120,100.0,5142,1440,19,14.883640152830845,5142,1440,19,14.883640152830845,576,1440,2,1.6672455713789511,288,1440,1,0.8336227856894756,288,1440,1,0.8336227856894756,284,1255,1,0.8220446914437883,2026-02-28|2026-05-27,True,5/N,False
716985,5,N,7,37,8954.0,31.41,148.043,34.200877,-118.339185,0.86,ML,4,BUENA VISTA,3226,,,,True,True,59,92,777781,716988,147.323,149.043,0.7199999999999989,1.0,True,False,777781,716988,True,False,False,7,Fwy_5_N_physical_run_7,34548,11827,22721,0,34548,0,0,34548,22721,22721,0,0,0,0,120,0,79,5.0/N,65.76646983906448,22721,1440,79,34548,1440,120,100.0,22721,1440,79,65.76646983906448,22721,1440,79,65.76646983906448,0,0,0,0.0,0,0,0,0.0,0,0,0,0.0,0,0,0,0.0,2026-02-28|2026-05-27,True,5/N,False
775535,5,N,7,37,44000.0,,161.41,34.326025,-118.503782,0.64,ML,5,N/B 5 - S/B 14,2699,,,,True,True,80,92,718404,763641,160.73,162.01,0.6800000000000068,0.5999999999999943,False,False,718404,763641,False,False,True,8,Fwy_5_N_physical_run_8,34548,19934,14614,0,34548,0,0,34548,14614,14614,14049,14047,0,0,120,0,51,5.0/N,42.30056732661804,14614,1440,51,34548,1440,120,100.0,14614,1440,51,42.30056732661804,14614,1440,51,42.30056732661804,14049,1440,49,40.66516151441473,14047,1440,49,40.65937246729188,0,0,0,0.0,0,0,0,0.0,2026-02-28|2026-05-27,True,5/N,False
718364,5,S,7,37,14974.0,12.18,128.75,34.002455,-118.151164,0.57,ML,4,GASPAR,2021,,,,True,True,26,97,716924,716928,128.11,129.25,0.6399999999999864,0.5,False,True,716928,716924,True,False,True,1,Fwy_5_S_physical_run_1,34548,31420,3128,0,34548,0,0,34548,3128,3128,3128,3128,3128,3128,120,0,12,5.0/S,9.05406970012736,3128,1440,12,34548,1440,120,100.0,3128,1440,12,9.05406970012736,3128,1440,12,9.05406970012736,3128,1440,12,9.05406970012736,3128,1440,12,9.05406970012736,3128,1440,12,9.05406970012736,3128,1440,12,9.05406970012736,2026-02-28|2026-05-27,True,5/S,False
716928,5,S,7,37,14974.0,12.68,129.25,34.007592,-118.157266,0.421,ML,4,ATLANTIC,3647,,,,True,True,27,97,718364,718085,128.75,129.593,0.5,0.3429999999999893,True,False,718085,718364,False,True,False,1,Fwy_5_S_physical_run_1,34548,33685,863,0,34548,0,0,34548,863,863,0,0,0,0,120,0,3,5.0/S,2.4979738335070047,863,1440,3,34548,1440,120,100.0,863,1440,3,2.4979738335070047,863,1440,3,2.4979738335070047,0,0,0,0.0,0,0,0,0.0,0,0,0,0.0,0,0,0,0.0,2026-02-28|2026-05-27,True,5/S,False
716930,5,S,7,37,14974.0,13.35,129.92,34.013529,-118.166192,0.323,ML,4,FERRIS,2537,,,,True,True,29,97,718085,715947,129.593,130.24,0.3269999999999982,0.3200000000000216,False,False,715947,718085,False,False,True,2,Fwy_5_S_physical_run_2,34548,30556,3992,0,34548,0,0,34548,3992,3992,3992,3990,3990,3990,120,0,15,5.0/S,11.554938057195786,3992,1440,15,34548,1440,120,100.0,3992,1440,15,11.554938057195786,3992,1440,15,11.554938057195786,3992,1440,15,11.554938057195786,3990,1440,15,11.54914901007294,3990,1440,15,11.54914901007294,3990,1440,15,11.54914901007294,2026-02-28|2026-05-27,True,5/S,False
716934,5,S,7,37,,14.34,130.91,34.019879,-118.181588,0.546,ML,5,DOWNEY,3153,,,,True,True,31,97,715947,716936,130.24,131.333,0.6699999999999875,0.4230000000000018,False,False,716936,715947,False,False,True,3,Fwy_5_S_physical_run_3,34548,30556,3992,0,34548,0,0,34548,3992,3992,3992,3992,3992,3992,120,0,15,5.0/S,11.554938057195786,3992,1440,15,34548,1440,120,100.0,3992,1440,15,11.554938057195786,3992,1440,15,11.554938057195786,3992,1440,15,11.554938057195786,3992,1440,15,11.554938057195786,3992,1440,15,11.554938057195786,3992,1440,15,11.554938057195786,2026-02-28|2026-05-27,True,5/S,False
718370,5,S,7,37,44000.0,21.47,138.04,34.09021,-118.238774,0.615,ML,5,DORRIS,2083,,,,True,True,43,97,716949,716955,137.27,138.5,0.7699999999999818,0.46000000000000796,False,True,716955,716949,True,False,True,4,Fwy_5_S_physical_run_4,34548,6404,28144,0,34548,0,0,34548,28144,28144,28144,7293,0,0,120,0,99,5.0/S,81.46347111265486,28144,1440,99,34548,1440,120,100.0,28144,1440,99,81.46347111265486,28144,1440,99,81.46347111265486,28144,1440,99,81.46347111265486,7293,1440,27,21.109760333449113,0,0,0,0.0,0,0,0,0.0,2026-02-28|2026-05-27,True,5/S,False
716955,5,S,7,37,44000.0,21.93,138.5,34.095413,-118.243957,0.465,ML,5,STADIUM,3095,,,,True,True,44,97,718370,718375,138.04,138.97,0.46000000000000796,0.46999999999999886,True,True,718375,718370,True,True,False,4,Fwy_5_S_physical_run_4,34548,33917,631,0,34548,0,0,34548,631,631,193,176,0,0,120,0,3,5.0/S,1.8264443672571495,631,915,3,34548,1440,120,100.0,631,915,3,1.8264443672571495,631,915,3,1.8264443672571495,193,845,1,0.5586430473544055,176,775,1,0.5094361468102351,0,0,0,0.0,0,0,0,0.0,2026-02-28|2026-05-27,True,5/S,False
718375,5,S,7,37,44000.0,22.4,138.97,34.100828,-118.248623,0.415,ML,4,S OF 2,2287,,,,True,True,45,97,716955,718376,138.5,139.33,0.46999999999999886,0.36000000000001364,True,True,718376,716955,True,True,False,4,Fwy_5_S_physical_run_4,34548,2372,32176,0,34548,0,0,34548,32176,32176,32176,32176,32176,32176,120,0,113,5.0/S,93.13419011230752,32176,1440,113,34548,1440,120,100.0,32176,1440,113,93.13419011230752,32176,1440,113,93.13419011230752,32176,1440,113,93.13419011230752,32176,1440,113,93.13419011230752,32176,1440,113,93.13419011230752,32176,1440,113,93.13419011230752,2026-02-28|2026-05-27,True,5/S,False
718376,5,S,7,37,44000.0,22.76,139.33,34.104544,-118.252924,0.59,ML,4,N OF 2,2279,,,,True,True,46,97,718375,716958,138.97,140.15,0.36000000000001364,0.8199999999999932,True,False,716958,718375,False,True,False,4,Fwy_5_S_physical_run_4,34548,11548,23000,0,34548,0,0,34548,23000,23000,23000,22999,22999,22999,120,0,80,5.0/S,66.57404191270118,23000,1440,80,34548,1440,120,100.0,23000,1440,80,66.57404191270118,23000,1440,80,66.57404191270118,23000,1440,80,66.57404191270118,22999,1440,80,66.57114738913975,22999,1440,80,66.57114738913975,22999,1440,80,66.57114738913975,2026-02-28|2026-05-27,True,5/S,False
759762,5,S,7,37,30000.0,28.2,144.77,34.167992,-118.301293,0.3,ML,4,ALAMEDA 1,3103,,,,True,True,55,97,716965,759772,144.27,144.87,0.5,0.09999999999999432,False,True,759772,716965,True,False,True,5,Fwy_5_S_physical_run_5,34548,13316,21232,0,34548,0,0,34548,21232,21232,21232,21231,21231,21231,120,0,75,5.0/S,61.45652425610744,21232,1440,75,34548,1440,120,100.0,21232,1440,75,61.45652425610744,21232,1440,75,61.45652425610744,21232,1440,75,61.45652425610744,21231,1440,75,61.45362973254602,21231,1440,75,61.45362973254602,21231,1440,75,61.45362973254602,2026-02-28|2026-05-27,True,5/S,False
759772,5,S,7,37,8954.0,28.3,144.87,34.168963,-118.302648,0.35,ML,4,ALAMEDA 2,3104,,,,True,True,56,97,759762,759783,144.77,145.47,0.09999999999999432,0.5999999999999943,True,True,759783,759762,True,True,False,5,Fwy_5_S_physical_run_5,34548,13316,21232,0,34548,0,0,34548,21232,21232,21232,21230,12384,12384,120,0,75,5.0/S,61.45652425610744,21232,1440,75,34548,1440,120,100.0,21232,1440,75,61.45652425610744,21232,1440,75,61.45652425610744,21232,1440,75,61.45652425610744,21230,1440,75,61.45073520898461,12384,1440,45,35.84577978464745,12384,1440,45,35.84577978464745,2026-02-28|2026-05-27,True,5/S,False
759783,5,S,7,37,8954.0,28.9,145.47,34.176309,-118.30783,0.69,ML,4,VERDUGO,3105,,,,True,True,57,97,759772,716977,144.87,146.25,0.5999999999999943,0.7800000000000011,True,True,716977,759772,True,True,False,5,Fwy_5_S_physical_run_5,34548,13316,21232,0,34548,0,0,34548,21232,21232,21232,21232,21232,21232,120,0,75,5.0/S,61.45652425610744,21232,1440,75,34548,1440,120,100.0,21232,1440,75,61.45652425610744,21232,1440,75,61.45652425610744,21232,1440,75,61.45652425610744,21232,1440,75,61.45652425610744,21232,1440,75,61.45652425610744,21232,1440,75,61.45652425610744,2026-02-28|2026-05-27,True,5/S,False
716977,5,S,7,37,8954.0,29.68,146.25,34.184491,-118.316733,0.535,ML,4,BURBANK 1,3243,,,,True,True,58,97,759783,777733,145.47,146.54,0.7800000000000011,0.28999999999999204,True,True,777733,759783,True,True,False,5,Fwy_5_S_physical_run_5,34548,33684,864,0,34548,0,0,34548,864,864,859,830,527,527,120,0,3,5.0/S,2.5008683570684265,864,1440,3,34548,1440,120,100.0,864,1440,3,2.5008683570684265,864,1440,3,2.5008683570684265,859,1440,3,2.4863957392613174,830,1135,3,2.4024545559800856,527,1075,2,1.5254139168692833,527,1075,2,1.5254139168692833,2026-02-28|2026-05-27,True,5/S,False
777733,5,S,7,37,8954.0,29.97,146.54,34.186899,-118.320813,0.505,ML,5,BURBANK 2,3224,,,,True,True,59,97,716977,716979,146.25,147.26,0.28999999999999204,0.7199999999999989,True,True,716979,716977,True,True,False,5,Fwy_5_S_physical_run_5,34548,10724,23824,0,34548,0,0,34548,23824,23824,17785,5419,863,0,120,0,84,5.0/S,68.95912932731272,23824,1440,84,34548,1440,120,100.0,23824,1440,84,68.95912932731272,23824,1440,84,68.95912932731272,17785,1440,63,51.479101539886535,5419,1440,19,15.68542317934468,863,1440,3,2.4979738335070047,0,0,0,0.0,2026-02-28|2026-05-27,True,5/S,False
716979,5,S,7,37,8954.0,30.69,147.26,34.19381,-118.330292,0.36,ML,5,LINCOLN,3241,,,,True,True,60,97,777733,777767,146.54,147.26,0.7199999999999989,0.0,True,True,777767,777733,True,True,False,5,Fwy_5_S_physical_run_5,34548,29116,5432,0,34548,0,0,34548,5432,5432,0,0,0,0,120,0,20,5.0/S,15.723051985643163,5432,1440,20,34548,1440,120,100.0,5432,1440,20,15.723051985643163,5432,1440,20,15.723051985643163,0,0,0,0.0,0,0,0,0.0,0,0,0,0.0,0,0,0,0.0,2026-02-28|2026-05-27,True,5/S,False
777767,5,S,7,37,8954.0,30.69,147.26,34.19381,-118.330292,0.365,ML,5,LINCOLN,3225,,,,True,True,61,97,716979,716983,147.26,147.99,0.0,0.7300000000000182,True,True,716983,716979,True,True,False,5,Fwy_5_S_physical_run_5,34548,22493,12055,0,34548,0,0,34548,12055,12055,6909,2016,864,862,120,0,43,5.0/S,34.89348153293968,12055,1440,43,34548,1440,120,100.0,12055,1440,43,34.89348153293968,12055,1440,43,34.89348153293968,6909,1440,24,19.998263285863143,2016,1440,7,5.835359499826328,864,1440,3,2.5008683570684265,862,1440,3,2.495079309945583,2026-02-28|2026-05-27,True,5/S,False
716983,5,S,7,37,8954.0,31.42,147.99,34.200916,-118.339473,0.795,ML,4,BUENA VISTA,3240,,,,True,True,62,97,777767,716986,147.26,148.85,0.7300000000000182,0.8599999999999852,True,True,716986,777767,True,True,False,5,Fwy_5_S_physical_run_5,34548,19654,14894,0,34548,0,0,34548,14894,14894,14894,14616,12305,12305,120,0,53,5.0/S,43.11103392381614,14894,1440,53,34548,1440,120,100.0,14894,1440,53,43.11103392381614,14894,1440,53,43.11103392381614,14894,1440,53,43.11103392381614,14616,1440,52,42.30635637374088,12305,1440,44,35.617112423295126,12305,1440,44,35.617112423295126,2026-02-28|2026-05-27,True,5/S,False
716986,5,S,7,37,44000.0,32.28,148.85,34.211259,-118.347597,0.905,ML,4,HOLLYWOOD WAY,3239,,,,True,True,63,97,716983,716989,147.99,149.8,0.8599999999999852,0.950000000000017,True,False,716989,716983,False,True,False,5,Fwy_5_S_physical_run_5,34548,10724,23824,0,34548,0,0,34548,23824,23824,23824,23824,23824,23824,120,0,84,5.0/S,68.95912932731272,23824,1440,84,34548,1440,120,100.0,23824,1440,84,68.95912932731272,23824,1440,84,68.95912932731272,23824,1440,84,68.95912932731272,23824,1440,84,68.95912932731272,23824,1440,84,68.95912932731272,23824,1440,84,68.95912932731272,2026-02-28|2026-05-27,True,5/S,False
775536,5,S,7,37,44000.0,,161.347,34.325864,-118.503984,0.7,ML,4,N/B 5 - S/B 14,2699,,,,True,True,86,97,774344,768701,160.547,161.947,0.8000000000000114,0.5999999999999943,False,False,768701,774344,False,False,True,6,Fwy_5_S_physical_run_6,34548,19934,14614,0,34548,0,0,34548,14614,14614,14050,13762,10275,10275,120,0,51,5.0/S,42.30056732661804,14614,1440,51,34548,1440,120,100.0,14614,1440,51,42.30056732661804,14614,1440,51,42.30056732661804,14050,1440,49,40.66805603797615,13762,1440,48,39.83443325228667,10275,1440,36,29.741229593608892,10275,1440,36,29.741229593608892,2026-02-28|2026-05-27,True,5/S,False
759933,5,S,7,37,,,175.847,34.495729,-118.623863,4.015,ML,4,LAKE HUGHES,4629,,,,True,True,96,97,759927,759942,172.817,182.047,3.030000000000001,6.199999999999989,False,False,759942,759927,False,False,True,7,Fwy_5_S_physical_run_7,34548,15871,18677,0,34548,0,0,34548,18677,18677,0,0,0,0,120,0,66,5.0/S,54.06101655667477,18677,1440,66,34548,1440,120,100.0,18677,1440,66,54.06101655667477,18677,1440,66,54.06101655667477,0,0,0,0.0,0,0,0,0.0,0,0,0,0.0,0,0,0,0.0,2026-02-28|2026-05-27,True,5/S,False
716081,10,E,7,37,,20.79,19.29,34.059959,-118.174416,0.19,ML,4,EASTERN,2478,,,,True,True,59,121,765098,737344,19.16,19.54,0.129999999999999,0.25,False,False,765098,737344,False,False,True,1,Fwy_10_E_physical_run_1,34548,5771,28777,0,34548,0,0,34548,28777,28777,28777,28777,28777,28777,120,0,100,10.0/E,83.29570452703484,28777,1440,100,34548,1440,120,100.0,28777,1440,100,83.29570452703484,28777,1440,100,83.29570452703484,28777,1440,100,83.29570452703484,28777,1440,100,83.29570452703484,28777,1440,100,83.29570452703484,28777,1440,100,83.29570452703484,2026-02-28|2026-05-27,True,10/E,False
716085,10,E,7,37,48914.0,21.54,20.04,34.061918,-118.162504,0.38,ML,4,E OF 710,2542,,,,True,True,62,121,717070,716087,19.75,20.51,0.28999999999999915,0.4700000000000024,False,True,717070,716087,False,True,True,2,Fwy_10_E_physical_run_2,34548,4083,30465,0,34548,0,0,34548,30465,30465,30464,30463,30463,30463,120,0,107,10.0/E,88.18166029871483,30465,1440,107,34548,1440,120,100.0,30465,1440,107,88.18166029871483,30465,1440,107,88.18166029871483,30464,1440,107,88.17876577515341,30463,1440,107,88.17587125159199,30463,1440,107,88.17587125159199,30463,1440,107,88.17587125159199,2026-02-28|2026-05-27,True,10/E,False
716087,10,E,7,37,884.0,22.01,20.51,34.065882,-118.155495,0.428,ML,5,WARWICK,2094,,,,True,True,63,121,716085,765451,20.04,20.897,0.4700000000000024,0.3869999999999969,True,False,716085,765451,True,False,False,2,Fwy_10_E_physical_run_2,34548,28799,5749,0,34548,0,0,34548,5749,5749,5461,5461,5461,5461,120,0,20,10.0/E,16.64061595461387,5749,1440,20,34548,1440,120,100.0,5749,1440,20,16.64061595461387,5749,1440,20,16.64061595461387,5461,1440,19,15.806993168924397,5461,1440,19,15.806993168924397,5461,1440,19,15.806993168924397,5461,1440,19,15.806993168924397,2026-02-28|2026-05-27,True,10/E,False
717077,10,E,7,37,884.0,23.29,21.79,34.071335,-118.135155,0.235,ML,4,ATLANTIC 1,3726,,,,True,True,66,121,716092,717075,21.41,21.88,0.379999999999999,0.08999999999999986,False,True,716092,717075,False,True,True,3,Fwy_10_E_physical_run_3,34548,4371,30177,0,34548,0,0,34548,30177,30177,30177,30176,30176,30176,120,0,106,10.0/E,87.34803751302536,30177,1440,106,34548,1440,120,100.0,30177,1440,106,87.34803751302536,30177,1440,106,87.34803751302536,30177,1440,106,87.34803751302536,30176,1440,106,87.34514298946394,30176,1440,106,87.34514298946394,30176,1440,106,87.34514298946394,2026-02-28|2026-05-27,True,10/E,False
717075,10,E,7,37,884.0,23.38,21.88,34.071342,-118.133569,0.32,ML,4,ATLANTIC 2,3727,,,,True,True,67,121,717077,717089,21.79,22.43,0.08999999999999986,0.5500000000000007,True,True,717077,717089,True,True,False,3,Fwy_10_E_physical_run_3,34548,4371,30177,0,34548,0,0,34548,30177,30177,30177,30176,30176,30176,120,0,106,10.0/E,87.34803751302536,30177,1440,106,34548,1440,120,100.0,30177,1440,106,87.34803751302536,30177,1440,106,87.34803751302536,30177,1440,106,87.34803751302536,30176,1440,106,87.34514298946394,30176,1440,106,87.34514298946394,30176,1440,106,87.34514298946394,2026-02-28|2026-05-27,True,10/E,False
717089,10,E,7,37,884.0,23.93,22.43,34.071438,-118.123947,0.325,ML,4,GARFIELD 1,3728,,,,True,True,68,121,717075,717083,21.88,22.529,0.5500000000000007,0.0990000000000002,True,True,717075,717083,True,True,False,3,Fwy_10_E_physical_run_3,34548,4371,30177,0,34548,0,0,34548,30177,30177,30176,30176,30175,30175,120,0,106,10.0/E,87.34803751302536,30177,1440,106,34548,1440,120,100.0,30177,1440,106,87.34803751302536,30177,1440,106,87.34803751302536,30176,1440,106,87.34514298946394,30176,1440,106,87.34514298946394,30175,1440,106,87.34224846590251,30175,1440,106,87.34224846590251,2026-02-28|2026-05-27,True,10/E,False
717083,10,E,7,37,884.0,24.029,22.529,34.07146,-118.12223,0.195,ML,4,GARFIELD 2,3729,,,,True,True,69,121,717089,717084,22.43,22.82,0.0990000000000002,0.29100000000000037,True,True,717089,717084,True,True,False,3,Fwy_10_E_physical_run_3,34548,4372,30176,0,34548,0,0,34548,30176,30176,30175,30170,2840,2840,120,0,106,10.0/E,87.34514298946394,30176,1440,106,34548,1440,120,100.0,30176,1440,106,87.34514298946394,30176,1440,106,87.34514298946394,30175,1440,106,87.34224846590251,30170,1440,106,87.3277758480954,2840,1440,11,8.220446914437883,2840,1440,11,8.220446914437883,2026-02-28|2026-05-27,True,10/E,False
717084,10,E,7,37,884.0,24.32,22.82,34.071574,-118.11718,0.37,ML,4,ALMANSOR,2096,,,,True,True,70,121,717083,717093,22.529,23.27,0.29100000000000037,0.4499999999999993,True,True,717083,717093,True,True,False,3,Fwy_10_E_physical_run_3,34548,5237,29311,0,34548,0,0,34548,29311,29311,29308,29018,0,0,120,0,103,10.0/E,84.84138010883409,29311,1440,103,34548,1440,120,100.0,29311,1440,103,84.84138010883409,29311,1440,103,84.84138010883409,29308,1440,103,84.83269653814982,29018,1440,102,83.9932847053375,0,0,0,0.0,0,0,0,0.0,2026-02-28|2026-05-27,True,10/E,False
717093,10,E,7,37,884.0,24.77,23.27,34.071665,-118.10937,0.275,ML,4,NEW 1,3730,,,,True,True,71,121,717084,717097,22.82,23.37,0.4499999999999993,0.10000000000000142,True,True,717084,717097,True,True,False,3,Fwy_10_E_physical_run_3,34548,4083,30465,0,34548,0,0,34548,30465,30465,30465,30465,30465,30465,120,0,107,10.0/E,88.18166029871483,30465,1440,107,34548,1440,120,100.0,30465,1440,107,88.18166029871483,30465,1440,107,88.18166029871483,30465,1440,107,88.18166029871483,30465,1440,107,88.18166029871483,30465,1440,107,88.18166029871483,30465,1440,107,88.18166029871483,2026-02-28|2026-05-27,True,10/E,False
717097,10,E,7,37,48914.0,24.87,23.37,34.07168,-118.107635,0.245,ML,4,NEW 2,3731,,,,True,True,72,121,717093,717105,23.27,23.76,0.10000000000000142,0.39000000000000057,True,False,717093,717105,True,False,False,3,Fwy_10_E_physical_run_3,34548,4083,30465,0,34548,0,0,34548,30465,30465,30465,30465,29854,29854,120,0,107,10.0/E,88.18166029871483,30465,1440,107,34548,1440,120,100.0,30465,1440,107,88.18166029871483,30465,1440,107,88.18166029871483,30465,1440,107,88.18166029871483,30465,1440,107,88.18166029871483,29854,1440,105,86.41310640268611,29854,1440,105,86.41310640268611,2026-02-28|2026-05-27,True,10/E,False
775552,10,E,7,37,3666.0,32.0,30.5,34.066974,-117.985481,0.505,ML,5,S/B 605 TO E/B 10,3434,,,,True,True,89,121,768173,717165,29.8,30.81,0.6999999999999993,0.3099999999999987,False,True,768173,717165,False,True,True,4,Fwy_10_E_physical_run_4,34548,2372,32176,0,34548,0,0,34548,32176,32176,32176,32176,32176,32176,120,0,113,10.0/E,93.13419011230752,32176,1440,113,34548,1440,120,100.0,32176,1440,113,93.13419011230752,32176,1440,113,93.13419011230752,32176,1440,113,93.13419011230752,32176,1440,113,93.13419011230752,32176,1440,113,93.13419011230752,32176,1440,113,93.13419011230752,2026-02-28|2026-05-27,True,10/E,False
717165,10,E,7,37,3666.0,32.31,30.81,34.06769,-117.980138,0.25,ML,5,BALDWIN PARK 2,3747,,,,True,True,90,121,775552,775030,30.5,31.0,0.3099999999999987,0.19000000000000128,True,False,775552,775030,True,False,False,4,Fwy_10_E_physical_run_4,34548,932,33616,0,34548,0,0,34548,33616,33616,33616,33616,22249,1421,120,0,118,10.0/E,97.30230404075488,33616,1440,118,34548,1440,120,100.0,33616,1440,118,97.30230404075488,33616,1440,118,97.30230404075488,33616,1440,118,97.30230404075488,33616,1440,118,97.30230404075488,22249,1440,79,64.4002547180734,1421,1440,5,4.1131179807803635,2026-02-28|2026-05-27,True,10/E,False
717174,10,E,7,37,3666.0,33.46,31.96,34.070282,-117.960307,0.75,ML,4,PUENTE,3748,,,,True,True,92,121,775030,764222,31.0,32.5,0.9600000000000009,0.5399999999999991,False,True,775030,764222,False,True,True,5,Fwy_10_E_physical_run_5,34548,932,33616,0,34548,0,0,34548,33616,33616,33616,33616,33614,33614,120,0,118,10.0/E,97.30230404075488,33616,1440,118,34548,1440,120,100.0,33616,1440,118,97.30230404075488,33616,1440,118,97.30230404075488,33616,1440,118,97.30230404075488,33616,1440,118,97.30230404075488,33614,1440,118,97.29651499363204,33614,1440,118,97.29651499363204,2026-02-28|2026-05-27,True,10/E,False
764222,10,E,7,37,84200.0,34.0,32.5,34.071267,-117.950956,0.49,ML,4,MEEKER,2099,,,,True,True,93,121,717174,717179,31.96,32.94,0.5399999999999991,0.4399999999999977,True,True,717174,717179,True,True,False,5,Fwy_10_E_physical_run_5,34548,932,33616,0,34548,0,0,34548,33616,33616,33616,33616,33615,33615,120,0,118,10.0/E,97.30230404075488,33616,1440,118,34548,1440,120,100.0,33616,1440,118,97.30230404075488,33616,1440,118,97.30230404075488,33616,1440,118,97.30230404075488,33616,1440,118,97.30230404075488,33615,1440,118,97.29940951719348,33615,1440,118,97.29940951719348,2026-02-28|2026-05-27,True,10/E,False
717179,10,E,7,37,84200.0,34.44,32.94,34.072075,-117.943345,0.45,ML,4,WEST COVINA PKWY,3749,,,,True,True,94,121,764222,763695,32.5,33.4,0.4399999999999977,0.46000000000000085,True,False,764222,763695,True,False,False,5,Fwy_10_E_physical_run_5,34548,932,33616,0,34548,0,0,34548,33616,33616,33323,288,288,288,120,0,118,10.0/E,97.30230404075488,33616,1440,118,34548,1440,120,100.0,33616,1440,118,97.30230404075488,33616,1440,118,97.30230404075488,33323,1440,117,96.4542086372583,288,1440,1,0.8336227856894756,288,1440,1,0.8336227856894756,288,1440,1,0.8336227856894756,2026-02-28|2026-05-27,True,10/E,False
717185,10,E,7,37,84200.0,35.36,33.86,34.0723,-117.927358,0.3,ML,4,VINCENT 1,3750,,,,True,True,96,121,763695,717190,33.4,34.0,0.46000000000000085,0.14000000000000057,False,True,763695,717190,False,True,True,6,Fwy_10_E_physical_run_6,34548,932,33616,0,34548,0,0,34548,33616,33616,33616,33616,33616,33616,120,0,118,10.0/E,97.30230404075488,33616,1440,118,34548,1440,120,100.0,33616,1440,118,97.30230404075488,33616,1440,118,97.30230404075488,33616,1440,118,97.30230404075488,33616,1440,118,97.30230404075488,33616,1440,118,97.30230404075488,33616,1440,118,97.30230404075488,2026-02-28|2026-05-27,True,10/E,False
717190,10,E,7,37,84200.0,35.5,34.0,34.072274,-117.924923,0.27,ML,4,VINCENT 2,3751,,,,True,True,97,121,717185,716152,33.86,34.4,0.14000000000000057,0.3999999999999986,True,True,717185,716152,True,True,False,6,Fwy_10_E_physical_run_6,34548,932,33616,0,34548,0,0,34548,33616,33616,33616,33616,33615,33615,120,0,118,10.0/E,97.30230404075488,33616,1440,118,34548,1440,120,100.0,33616,1440,118,97.30230404075488,33616,1440,118,97.30230404075488,33616,1440,118,97.30230404075488,33616,1440,118,97.30230404075488,33615,1440,118,97.29940951719348,33615,1440,118,97.29940951719348,2026-02-28|2026-05-27,True,10/E,False
716152,10,E,7,37,84200.0,35.9,34.4,34.072202,-117.917964,0.48,ML,4,LARK ELLEN,2100,,,,True,True,98,121,717190,717195,34.0,34.96,0.3999999999999986,0.5600000000000023,True,True,717190,717195,True,True,False,6,Fwy_10_E_physical_run_6,34548,2084,32464,0,34548,0,0,34548,32464,32464,32176,32176,32174,32174,120,0,114,10.0/E,93.967812897997,32464,1440,114,34548,1440,120,100.0,32464,1440,114,93.967812897997,32464,1440,114,93.967812897997,32176,1440,113,93.13419011230752,32176,1440,113,93.13419011230752,32174,1440,113,93.12840106518468,32174,1440,113,93.12840106518468,2026-02-28|2026-05-27,True,10/E,False
717195,10,E,7,37,84200.0,36.46,34.96,34.072101,-117.908205,0.332,ML,4,AZUSA 1,3752,,,,True,True,99,121,716152,717198,34.4,35.064,0.5600000000000023,0.1039999999999992,True,True,716152,717198,True,True,False,6,Fwy_10_E_physical_run_6,34548,932,33616,0,34548,0,0,34548,33616,33616,33616,33328,31636,31636,120,0,118,10.0/E,97.30230404075488,33616,1440,118,34548,1440,120,100.0,33616,1440,118,97.30230404075488,33616,1440,118,97.30230404075488,33616,1440,118,97.30230404075488,33328,1440,117,96.46868125506542,31636,1440,110,91.57114738913975,31636,1440,110,91.57114738913975,2026-02-28|2026-05-27,True,10/E,False
717198,10,E,7,37,84200.0,36.564,35.064,34.072082,-117.906392,0.27,ML,4,AZUSA 2,3753,,,,True,True,100,121,717195,764217,34.96,35.5,0.1039999999999992,0.43599999999999994,True,False,717195,764217,True,False,False,6,Fwy_10_E_physical_run_6,34548,932,33616,0,34548,0,0,34548,33616,33616,33616,33616,33616,33616,120,0,118,10.0/E,97.30230404075488,33616,1440,118,34548,1440,120,100.0,33616,1440,118,97.30230404075488,33616,1440,118,97.30230404075488,33616,1440,118,97.30230404075488,33616,1440,118,97.30230404075488,33616,1440,118,97.30230404075488,33616,1440,118,97.30230404075488,2026-02-28|2026-05-27,True,10/E,False
717205,10,E,7,37,84200.0,37.59,36.09,34.071847,-117.888507,0.545,ML,4,CITRUS 2,3754,,,,True,True,102,121,764217,718118,35.5,36.59,0.5900000000000034,0.5,False,True,764217,718118,False,True,True,7,Fwy_10_E_physical_run_7,34548,32843,1705,0,34548,0,0,34548,1705,1705,288,283,0,0,120,0,6,10.0/E,4.935162672224152,1705,1440,6,34548,1440,120,100.0,1705,1440,6,4.935162672224152,1705,1440,6,4.935162672224152,288,1440,1,0.8336227856894756,283,995,1,0.8191501678823666,0,0,0,0.0,0,0,0,0.0,2026-02-28|2026-05-27,True,10/E,False
718118,10,E,7,37,84200.0,38.09,36.59,34.071814,-117.87979,0.445,ML,4,BARRANCA 2,3755,,,,True,True,103,121,717205,717214,36.09,36.98,0.5,0.38999999999999346,True,True,717205,717214,True,True,False,7,Fwy_10_E_physical_run_7,34548,32543,2005,0,34548,0,0,34548,2005,2005,576,570,277,277,120,0,7,10.0/E,5.803519740650689,2005,1440,7,34548,1440,120,100.0,2005,1440,7,5.803519740650689,2005,1440,7,5.803519740650689,576,1440,2,1.6672455713789511,570,1440,2,1.6498784300104203,277,535,1,0.8017830265138358,277,535,1,0.8017830265138358,2026-02-28|2026-05-27,True,10/E,False
717214,10,E,7,37,84200.0,38.48,36.98,34.07172,-117.872992,0.43,ML,5,GRAND,3756,,,,True,True,104,121,718118,717219,36.59,37.45,0.38999999999999346,0.47000000000000597,True,True,718118,717219,True,True,False,7,Fwy_10_E_physical_run_7,34548,30646,3902,0,34548,0,0,34548,3902,3902,1091,541,288,288,120,0,14,10.0/E,11.294430936667824,3902,1440,14,34548,1440,120,100.0,3902,1440,14,11.294430936667824,3902,1440,14,11.294430936667824,1091,1440,4,3.157925205511173,541,1440,2,1.5659372467291883,288,1440,1,0.8336227856894756,288,1440,1,0.8336227856894756,2026-02-28|2026-05-27,True,10/E,False
717219,10,E,7,37,84200.0,38.95,37.45,34.070451,-117.86513,0.33,ML,5,HOLT 1,3757,,,,True,True,105,121,717214,718119,36.98,37.64,0.47000000000000597,0.18999999999999773,True,True,717214,718119,True,True,False,7,Fwy_10_E_physical_run_7,34548,1220,33328,0,34548,0,0,34548,33328,33328,33328,33328,33328,33327,120,0,117,10.0/E,96.46868125506542,33328,1440,117,34548,1440,120,100.0,33328,1440,117,96.46868125506542,33328,1440,117,96.46868125506542,33328,1440,117,96.46868125506542,33328,1440,117,96.46868125506542,33328,1440,117,96.46868125506542,33327,1440,117,96.465786731504,2026-02-28|2026-05-27,True,10/E,False
718119,10,E,7,37,84200.0,39.14,37.64,34.069047,-117.862283,0.82,ML,5,HOLT 2,3758,,,,True,True,106,121,717219,763479,37.45,39.09,0.18999999999999773,1.4500000000000028,True,True,717219,763479,True,True,False,7,Fwy_10_E_physical_run_7,34548,33110,1438,0,34548,0,0,34548,1438,1438,864,575,286,236,120,0,5,10.0/E,4.162324881324534,1438,1440,5,34548,1440,120,100.0,1438,1440,5,4.162324881324534,1438,1440,5,4.162324881324534,864,1440,3,2.5008683570684265,575,1440,2,1.6643510478175292,286,1100,1,0.8278337385666319,236,715,1,0.6831075604955424,2026-02-28|2026-05-27,True,10/E,False
763479,10,E,7,37,,40.59,39.09,34.068106,-117.83743,0.78,ML,5,VIA VERDE,3759,,,,True,True,107,121,718119,716172,37.64,39.2,1.4500000000000028,0.10999999999999943,True,False,718119,716172,True,False,False,7,Fwy_10_E_physical_run_7,34548,1220,33328,0,34548,0,0,34548,33328,33328,33328,33326,33326,33326,120,0,117,10.0/E,96.46868125506542,33328,1440,117,34548,1440,120,100.0,33328,1440,117,96.46868125506542,33328,1440,117,96.46868125506542,33328,1440,117,96.46868125506542,33326,1440,117,96.46289220794256,33326,1440,117,96.46289220794256,33326,1440,117,96.46289220794256,2026-02-28|2026-05-27,True,10/E,False
717241,10,E,7,37,58072.0,43.76,42.26,34.072803,-117.785705,0.685,ML,4,FAIRPLEX,3762,,,,True,True,111,121,716181,717243,41.26,42.63,1.0,0.37000000000000455,False,False,716181,717243,False,False,True,8,Fwy_10_E_physical_run_8,34548,932,33616,0,34548,0,0,34548,33616,33616,33616,33616,33616,33616,120,0,118,10.0/E,97.30230404075488,33616,1440,118,34548,1440,120,100.0,33616,1440,118,97.30230404075488,33616,1440,118,97.30230404075488,33616,1440,118,97.30230404075488,33616,1440,118,97.30230404075488,33616,1440,118,97.30230404075488,33616,1440,118,97.30230404075488,2026-02-28|2026-05-27,True,10/E,False
716187,10,E,7,37,58072.0,44.68,43.18,34.071766,-117.769758,0.515,ML,4,CLEVELAND,2107,,,,True,True,113,121,717243,717247,42.63,43.66,0.5499999999999972,0.4799999999999969,False,True,717243,717247,False,True,True,9,Fwy_10_E_physical_run_9,34548,933,33615,0,34548,0,0,34548,33615,33615,0,0,0,0,120,0,118,10.0/E,97.29940951719348,33615,1440,118,34548,1440,120,100.0,33615,1440,118,97.29940951719348,33615,1440,118,97.29940951719348,0,0,0,0.0,0,0,0,0.0,0,0,0,0.0,0,0,0,0.0,2026-02-28|2026-05-27,True,10/E,False
717247,10,E,7,37,58072.0,45.16,43.66,34.070843,-117.76148,0.471,ML,4,WHITE,3770,,,,True,True,114,121,716187,768328,43.18,44.123,0.4799999999999969,0.46300000000000097,True,True,716187,768328,True,True,False,9,Fwy_10_E_physical_run_9,34548,932,33616,0,34548,0,0,34548,33616,33616,33616,33616,33616,33616,120,0,118,10.0/E,97.30230404075488,33616,1440,118,34548,1440,120,100.0,33616,1440,118,97.30230404075488,33616,1440,118,97.30230404075488,33616,1440,118,97.30230404075488,33616,1440,118,97.30230404075488,33616,1440,118,97.30230404075488,33616,1440,118,97.30230404075488,2026-02-28|2026-05-27,True,10/E,False
768328,10,E,7,37,58072.0,45.623,44.123,34.07311,-117.753926,0.424,ML,4,GAREY,3769,,,,True,True,115,121,717247,717251,43.66,44.51,0.46300000000000097,0.38700000000000045,True,True,717247,717251,True,True,False,9,Fwy_10_E_physical_run_9,34548,1220,33328,0,34548,0,0,34548,33328,33328,33328,33328,33322,33322,120,0,117,10.0/E,96.46868125506542,33328,1440,117,34548,1440,120,100.0,33328,1440,117,96.46868125506542,33328,1440,117,96.46868125506542,33328,1440,117,96.46868125506542,33328,1440,117,96.46868125506542,33322,1440,117,96.45131411369688,33322,1440,117,96.45131411369688,2026-02-28|2026-05-27,True,10/E,False
717251,10,E,7,37,58072.0,46.01,44.51,34.075604,-117.74786,0.468,ML,4,ORANGE GROVE,3764,,,,True,True,116,121,768328,717254,44.123,45.06,0.38700000000000045,0.5500000000000043,True,True,768328,717254,True,True,False,9,Fwy_10_E_physical_run_9,34548,1220,33328,0,34548,0,0,34548,33328,33328,33328,33326,33326,33326,120,0,117,10.0/E,96.46868125506542,33328,1440,117,34548,1440,120,100.0,33328,1440,117,96.46868125506542,33328,1440,117,96.46868125506542,33328,1440,117,96.46868125506542,33326,1440,117,96.46289220794256,33326,1440,117,96.46289220794256,33326,1440,117,96.46289220794256,2026-02-28|2026-05-27,True,10/E,False
717254,10,E,7,37,58072.0,46.56,45.06,34.079138,-117.739234,0.595,ML,4,TOWNE,3765,,,,True,True,117,121,717251,774729,44.51,45.7,0.5500000000000043,0.6400000000000006,True,True,717251,774729,True,True,False,9,Fwy_10_E_physical_run_9,34548,932,33616,0,34548,0,0,34548,33616,33616,33616,33616,33615,33615,120,0,118,10.0/E,97.30230404075488,33616,1440,118,34548,1440,120,100.0,33616,1440,118,97.30230404075488,33616,1440,118,97.30230404075488,33616,1440,118,97.30230404075488,33616,1440,118,97.30230404075488,33615,1440,118,97.29940951719348,33615,1440,118,97.29940951719348,2026-02-28|2026-05-27,True,10/E,False
774729,10,E,7,37,58072.0,47.2,45.7,34.081536,-117.728631,0.34,ML,4,E/O SAN ANTONIO,2129,,,,True,True,118,121,717254,717257,45.06,45.74,0.6400000000000006,0.03999999999999915,True,False,717254,717257,True,False,False,9,Fwy_10_E_physical_run_9,34548,1221,33327,0,34548,0,0,34548,33327,33327,33327,33327,33327,33327,120,0,117,10.0/E,96.465786731504,33327,1440,117,34548,1440,120,100.0,33327,1440,117,96.465786731504,33327,1440,117,96.465786731504,33327,1440,117,96.465786731504,33327,1440,117,96.465786731504,33327,1440,117,96.465786731504,33327,1440,117,96.465786731504,2026-02-28|2026-05-27,True,10/E,False
717065,10,W,7,37,,20.79,19.29,34.060186,-118.174504,0.19,ML,4,EASTERN,2478,,,,True,True,47,118,718332,737345,19.16,19.54,0.129999999999999,0.25,False,False,737345,718332,False,False,True,1,Fwy_10_W_physical_run_1,34548,5771,28777,0,34548,0,0,34548,28777,28777,28777,0,0,0,120,0,100,10.0/W,83.29570452703484,28777,1440,100,34548,1440,120,100.0,28777,1440,100,83.29570452703484,28777,1440,100,83.29570452703484,28777,1440,100,83.29570452703484,0,0,0,0.0,0,0,0,0.0,0,0,0,0.0,2026-02-28|2026-05-27,True,10/W,False
716088,10,W,7,37,884.0,22.03,20.53,34.066326,-118.155441,0.29,ML,4,WARWICK,2534,,,,True,True,51,118,717071,717073,20.22,20.8,0.3100000000000023,0.2699999999999996,False,False,717073,717071,False,False,True,2,Fwy_10_W_physical_run_2,34548,4085,30463,0,34548,0,0,34548,30463,30463,30462,30460,30459,30459,120,0,107,10.0/W,88.17587125159199,30463,1440,107,34548,1440,120,100.0,30463,1440,107,88.17587125159199,30463,1440,107,88.17587125159199,30462,1440,107,88.17297672803056,30460,1440,107,88.16718768090772,30459,1440,107,88.16429315734631,30459,1440,107,88.16429315734631,2026-02-28|2026-05-27,True,10/W,False
716091,10,W,7,37,884.0,22.82,21.32,34.071793,-118.143409,0.495,ML,4,MARENGO,2095,,,,True,True,53,118,717073,717079,20.8,21.79,0.5199999999999996,0.46999999999999886,False,False,717079,717073,False,False,True,3,Fwy_10_W_physical_run_3,34548,4371,30177,0,34548,0,0,34548,30177,30177,30176,30175,29897,29897,120,0,106,10.0/W,87.34803751302536,30177,1440,106,34548,1440,120,100.0,30177,1440,106,87.34803751302536,30177,1440,106,87.34803751302536,30176,1440,106,87.34514298946394,30175,1440,106,87.34224846590251,29897,1440,105,86.53757091582726,29897,1440,105,86.53757091582726,2026-02-28|2026-05-27,True,10/W,False
717087,10,W,7,37,884.0,23.95,22.45,34.071803,-118.123604,0.33,ML,4,GARFIELD 1,3808,,,,True,True,56,118,717081,717091,21.88,22.54,0.5700000000000003,0.08999999999999986,False,True,717091,717081,True,False,True,4,Fwy_10_W_physical_run_4,34548,4083,30465,0,34548,0,0,34548,30465,30465,30465,30464,30464,30464,120,0,107,10.0/W,88.18166029871483,30465,1440,107,34548,1440,120,100.0,30465,1440,107,88.18166029871483,30465,1440,107,88.18166029871483,30465,1440,107,88.18166029871483,30464,1440,107,88.17876577515341,30464,1440,107,88.17876577515341,30464,1440,107,88.17876577515341,2026-02-28|2026-05-27,True,10/W,False
717091,10,W,7,37,884.0,24.04,22.54,34.071819,-118.12204,0.18,ML,4,GARFIELD 2,3807,,,,True,True,57,118,717087,716101,22.45,22.81,0.08999999999999986,0.2699999999999996,True,True,716101,717087,True,True,False,4,Fwy_10_W_physical_run_4,34548,4083,30465,0,34548,0,0,34548,30465,30465,30464,30463,30463,30463,120,0,107,10.0/W,88.18166029871483,30465,1440,107,34548,1440,120,100.0,30465,1440,107,88.18166029871483,30465,1440,107,88.18166029871483,30464,1440,107,88.17876577515341,30463,1440,107,88.17587125159199,30463,1440,107,88.17587125159199,30463,1440,107,88.17587125159199,2026-02-28|2026-05-27,True,10/W,False
716101,10,W,7,37,884.0,24.31,22.81,34.071889,-118.117349,0.38,ML,4,ALMANSOR,2096,,,,True,True,58,118,717091,717095,22.54,23.3,0.2699999999999996,0.490000000000002,True,True,717095,717091,True,True,False,4,Fwy_10_W_physical_run_4,34548,5235,29313,0,34548,0,0,34548,29313,29313,29313,29313,0,0,120,0,103,10.0/W,84.84716915595693,29313,1440,103,34548,1440,120,100.0,29313,1440,103,84.84716915595693,29313,1440,103,84.84716915595693,29313,1440,103,84.84716915595693,29313,1440,103,84.84716915595693,0,0,0,0.0,0,0,0,0.0,2026-02-28|2026-05-27,True,10/W,False
717095,10,W,7,37,884.0,24.8,23.3,34.072021,-118.108838,0.29,ML,4,NEW 1,3806,,,,True,True,59,118,716101,717101,22.81,23.39,0.490000000000002,0.08999999999999986,True,True,717101,716101,True,True,False,4,Fwy_10_W_physical_run_4,34548,4371,30177,0,34548,0,0,34548,30177,30177,30177,30177,0,0,120,0,106,10.0/W,87.34803751302536,30177,1440,106,34548,1440,120,100.0,30177,1440,106,87.34803751302536,30177,1440,106,87.34803751302536,30177,1440,106,87.34803751302536,30177,1440,106,87.34803751302536,0,0,0,0.0,0,0,0,0.0,2026-02-28|2026-05-27,True,10/W,False
717101,10,W,7,37,48914.0,24.89,23.39,34.072053,-118.107276,0.235,ML,4,NEW 2,3805,,,,True,True,60,118,717095,717108,23.3,23.77,0.08999999999999986,0.379999999999999,True,True,717108,717095,True,True,False,4,Fwy_10_W_physical_run_4,34548,4371,30177,0,34548,0,0,34548,30177,30177,30177,30176,30176,30176,120,0,106,10.0/W,87.34803751302536,30177,1440,106,34548,1440,120,100.0,30177,1440,106,87.34803751302536,30177,1440,106,87.34803751302536,30177,1440,106,87.34803751302536,30176,1440,106,87.34514298946394,30176,1440,106,87.34514298946394,30176,1440,106,87.34514298946394,2026-02-28|2026-05-27,True,10/W,False
717108,10,W,7,37,67042.0,25.27,23.77,34.072192,-118.100669,0.25,ML,4,DEL MAR 1,3804,,,,True,True,61,118,717101,717112,23.39,23.89,0.379999999999999,0.120000000000001,True,True,717112,717101,True,True,False,4,Fwy_10_W_physical_run_4,34548,10407,24141,0,34548,0,0,34548,24141,24141,24141,24141,24140,24140,120,0,85,10.0/W,69.87669329628343,24141,1440,85,34548,1440,120,100.0,24141,1440,85,69.87669329628343,24141,1440,85,69.87669329628343,24141,1440,85,69.87669329628343,24141,1440,85,69.87669329628343,24140,1440,85,69.87379877272201,24140,1440,85,69.87379877272201,2026-02-28|2026-05-27,True,10/W,False
717112,10,W,7,37,62896.0,25.39,23.89,34.072118,-118.09858,0.265,ML,4,DEL MAR 2,3803,,,,True,True,62,118,717108,717116,23.77,24.3,0.120000000000001,0.41000000000000014,True,True,717116,717108,True,True,False,4,Fwy_10_W_physical_run_4,34548,10407,24141,0,34548,0,0,34548,24141,24141,24141,24141,24141,24141,120,0,85,10.0/W,69.87669329628343,24141,1440,85,34548,1440,120,100.0,24141,1440,85,69.87669329628343,24141,1440,85,69.87669329628343,24141,1440,85,69.87669329628343,24141,1440,85,69.87669329628343,24141,1440,85,69.87669329628343,24141,1440,85,69.87669329628343,2026-02-28|2026-05-27,True,10/W,False
717116,10,W,7,37,62896.0,25.8,24.3,34.072221,-118.091434,0.255,ML,4,SAN GABRIEL 1,3802,,,,True,True,63,118,717112,717119,23.89,24.4,0.41000000000000014,0.09999999999999787,True,False,717119,717112,False,True,False,4,Fwy_10_W_physical_run_4,34548,33119,1429,0,34548,0,0,34548,1429,1429,1429,1429,1429,1429,120,0,5,10.0/W,4.136274169271738,1429,1440,5,34548,1440,120,100.0,1429,1440,5,4.136274169271738,1429,1440,5,4.136274169271738,1429,1440,5,4.136274169271738,1429,1440,5,4.136274169271738,1429,1440,5,4.136274169271738,1429,1440,5,4.136274169271738,2026-02-28|2026-05-27,True,10/W,False
717142,10,W,7,37,22230.0,28.56,27.06,34.069271,-118.044184,0.505,ML,4,SANTA ANITA,3796,,,,True,True,71,118,717139,774441,26.59,27.6,0.46999999999999886,0.5400000000000027,False,False,774441,717139,False,False,True,5,Fwy_10_W_physical_run_5,34548,932,33616,0,34548,0,0,34548,33616,33616,33616,33616,33613,33613,120,0,118,10.0/W,97.30230404075488,33616,1440,118,34548,1440,120,100.0,33616,1440,118,97.30230404075488,33616,1440,118,97.30230404075488,33616,1440,118,97.30230404075488,33616,1440,118,97.30230404075488,33613,1440,118,97.29362047007062,33613,1440,118,97.29362047007062,2026-02-28|2026-05-27,True,10/W,False
717150,10,W,7,37,22230.0,29.34,27.84,34.068078,-118.030663,0.256,ML,5,PECK,3795,,,,True,True,73,118,774441,717154,27.6,28.111,0.23999999999999844,0.2710000000000008,False,True,717154,774441,True,False,True,6,Fwy_10_W_physical_run_6,34548,932,33616,0,34548,0,0,34548,33616,33616,33616,33615,33326,32982,120,0,118,10.0/W,97.30230404075488,33616,1440,118,34548,1440,120,100.0,33616,1440,118,97.30230404075488,33616,1440,118,97.30230404075488,33616,1440,118,97.30230404075488,33615,1440,118,97.29940951719348,33326,1440,117,96.46289220794256,32982,1440,116,95.46717610281348,2026-02-28|2026-05-27,True,10/W,False
717154,10,W,7,37,22230.0,29.611,28.111,34.068199,-118.025926,0.32,ML,5,VALLEY,3794,,,,True,True,74,118,717150,767329,27.84,28.48,0.2710000000000008,0.3689999999999998,True,False,767329,717150,False,True,False,6,Fwy_10_W_physical_run_6,34548,932,33616,0,34548,0,0,34548,33616,33616,33616,33616,33615,33327,120,0,118,10.0/W,97.30230404075488,33616,1440,118,34548,1440,120,100.0,33616,1440,118,97.30230404075488,33616,1440,118,97.30230404075488,33616,1440,118,97.30230404075488,33616,1440,118,97.30230404075488,33615,1440,118,97.29940951719348,33327,1440,117,96.465786731504,2026-02-28|2026-05-27,True,10/W,False
717160,10,W,7,37,3666.0,31.72,30.22,34.066554,-117.990356,0.455,ML,4,FRAZIER,3791,,,,True,True,78,118,768174,717162,29.8,30.71,0.41999999999999815,0.490000000000002,False,True,717162,768174,True,False,True,7,Fwy_10_W_physical_run_7,34548,932,33616,0,34548,0,0,34548,33616,33616,33616,33616,33614,33614,120,0,118,10.0/W,97.30230404075488,33616,1440,118,34548,1440,120,100.0,33616,1440,118,97.30230404075488,33616,1440,118,97.30230404075488,33616,1440,118,97.30230404075488,33616,1440,118,97.30230404075488,33614,1440,118,97.29651499363204,33614,1440,118,97.29651499363204,2026-02-28|2026-05-27,True,10/W,False
717162,10,W,7,37,3666.0,32.21,30.71,34.067663,-117.981905,0.305,ML,5,BALDWIN PARK 1,3790,,,,True,True,79,118,717160,717167,30.22,30.83,0.490000000000002,0.11999999999999744,True,True,717167,717160,True,True,False,7,Fwy_10_W_physical_run_7,34548,932,33616,0,34548,0,0,34548,33616,33616,33616,33155,32579,14330,120,0,118,10.0/W,97.30230404075488,33616,1440,118,34548,1440,120,100.0,33616,1440,118,97.30230404075488,33616,1440,118,97.30230404075488,33616,1440,118,97.30230404075488,33155,1440,118,95.96792867893944,32579,1440,118,94.3006831075605,14330,1160,53,41.47852263517425,2026-02-28|2026-05-27,True,10/W,False
717167,10,W,7,37,3666.0,32.33,30.83,34.067905,-117.979831,0.145,ML,5,BALDWIN PARK 2,3789,,,,True,True,80,118,717162,775029,30.71,31.0,0.11999999999999744,0.1700000000000017,True,True,775029,717162,True,True,False,7,Fwy_10_W_physical_run_7,34548,932,33616,0,34548,0,0,34548,33616,33616,33616,33582,22937,8162,120,0,118,10.0/W,97.30230404075488,33616,1440,118,34548,1440,120,100.0,33616,1440,118,97.30230404075488,33616,1440,118,97.30230404075488,33616,1440,118,97.30230404075488,33582,1440,118,97.20389023966656,22937,1440,82,66.3916869283316,8162,1440,29,23.62510130832465,2026-02-28|2026-05-27,True,10/W,False
775029,10,W,7,37,3666.0,32.5,31.0,34.06828,-117.976897,0.24,ML,4,E/O FRANCISQUITO AVE,2126,,,,True,True,81,118,717167,717169,30.83,31.31,0.1700000000000017,0.3099999999999987,True,False,717169,717167,False,True,False,7,Fwy_10_W_physical_run_7,34548,6393,28155,0,34548,0,0,34548,28155,28155,28155,28154,27572,27572,120,0,99,10.0/W,81.4953108718305,28155,1440,99,34548,1440,120,100.0,28155,1440,99,81.4953108718305,28155,1440,99,81.4953108718305,28155,1440,99,81.4953108718305,28154,1440,99,81.49241634826907,27572,1440,97,79.8078036355216,27572,1440,97,79.8078036355216,2026-02-28|2026-05-27,True,10/W,False
764227,10,W,7,37,84200.0,34.0,32.5,34.071436,-117.950986,0.44,ML,4,MEEKER,2099,,,,True,True,84,118,717171,717176,31.98,32.86,0.5199999999999996,0.35999999999999943,False,True,717176,717171,True,False,True,8,Fwy_10_W_physical_run_8,34548,932,33616,0,34548,0,0,34548,33616,33616,33614,29555,19390,19390,120,0,118,10.0/W,97.30230404075488,33616,1440,118,34548,1440,120,100.0,33616,1440,118,97.30230404075488,33616,1440,118,97.30230404075488,33614,1440,118,97.29651499363204,29555,1440,104,85.547643857821,19390,1440,69,56.12481185596851,19390,1440,69,56.12481185596851,2026-02-28|2026-05-27,True,10/W,False
717176,10,W,7,37,84200.0,34.36,32.86,34.072082,-117.94475,0.45,ML,4,WEST COVINA,3786,,,,True,True,85,118,764227,716146,32.5,33.4,0.35999999999999943,0.5399999999999991,True,False,716146,764227,False,True,False,8,Fwy_10_W_physical_run_8,34548,932,33616,0,34548,0,0,34548,33616,33616,33616,33615,33318,33318,120,0,118,10.0/W,97.30230404075488,33616,1440,118,34548,1440,120,100.0,33616,1440,118,97.30230404075488,33616,1440,118,97.30230404075488,33616,1440,118,97.30230404075488,33615,1440,118,97.29940951719348,33318,1440,117,96.4397360194512,33318,1440,117,96.4397360194512,2026-02-28|2026-05-27,True,10/W,False
717187,10,W,7,37,84200.0,35.36,33.86,34.072468,-117.92737,0.275,ML,4,VINCENT 1,3785,,,,True,True,87,118,716146,717192,33.4,33.95,0.46000000000000085,0.09000000000000341,False,True,717192,716146,True,False,True,9,Fwy_10_W_physical_run_9,34548,1796,32752,0,34548,0,0,34548,32752,32752,32752,32751,32435,32435,120,0,115,10.0/W,94.80143568368646,32752,1440,115,34548,1440,120,100.0,32752,1440,115,94.80143568368646,32752,1440,115,94.80143568368646,32752,1440,115,94.80143568368646,32751,1440,115,94.79854116012504,32435,1440,114,93.88387171471577,32435,1440,114,93.88387171471577,2026-02-28|2026-05-27,True,10/W,False
717192,10,W,7,37,84200.0,35.45,33.95,34.072452,-117.925803,0.27,ML,4,VINCENT 2,3784,,,,True,True,88,118,717187,716153,33.86,34.4,0.09000000000000341,0.44999999999999574,True,True,716153,717187,True,True,False,9,Fwy_10_W_physical_run_9,34548,1796,32752,0,34548,0,0,34548,32752,32752,32752,32752,32751,32751,120,0,115,10.0/W,94.80143568368646,32752,1440,115,34548,1440,120,100.0,32752,1440,115,94.80143568368646,32752,1440,115,94.80143568368646,32752,1440,115,94.80143568368646,32752,1440,115,94.80143568368646,32751,1440,115,94.79854116012504,32751,1440,115,94.79854116012504,2026-02-28|2026-05-27,True,10/W,False
716153,10,W,7,37,84200.0,35.9,34.4,34.072356,-117.917965,0.48,ML,5,LARK ELLEN,2100,,,,True,True,89,118,717192,717196,33.95,34.91,0.44999999999999574,0.509999999999998,True,True,717196,717192,True,True,False,9,Fwy_10_W_physical_run_9,34548,2084,32464,0,34548,0,0,34548,32464,32464,32464,32455,0,0,120,0,114,10.0/W,93.967812897997,32464,1440,114,34548,1440,120,100.0,32464,1440,114,93.967812897997,32464,1440,114,93.967812897997,32464,1440,114,93.967812897997,32455,1440,114,93.9417621859442,0,0,0,0.0,0,0,0,0.0,2026-02-28|2026-05-27,True,10/W,False
717196,10,W,7,37,84200.0,36.41,34.91,34.072264,-117.909076,0.314,ML,4,AZUSA 1,3783,,,,True,True,90,118,716153,717200,34.4,35.028,0.509999999999998,0.1180000000000021,True,True,717200,716153,True,True,False,9,Fwy_10_W_physical_run_9,34548,932,33616,0,34548,0,0,34548,33616,33616,33616,11442,8575,8575,120,0,118,10.0/W,97.30230404075488,33616,1440,118,34548,1440,120,100.0,33616,1440,118,97.30230404075488,33616,1440,118,97.30230404075488,33616,1440,118,97.30230404075488,11442,1440,41,33.11913858978812,8575,1440,31,24.82053953919185,8575,1440,31,24.82053953919185,2026-02-28|2026-05-27,True,10/W,False
717200,10,W,7,37,84200.0,36.528,35.028,34.072247,-117.90702,0.295,ML,4,AZUSA 2,3782,,,,True,True,91,118,717196,763731,34.91,35.5,0.1180000000000021,0.4720000000000013,True,False,763731,717196,False,True,False,9,Fwy_10_W_physical_run_9,34548,932,33616,0,34548,0,0,34548,33616,33616,33616,33616,32461,32461,120,0,118,10.0/W,97.30230404075488,33616,1440,118,34548,1440,120,100.0,33616,1440,118,97.30230404075488,33616,1440,118,97.30230404075488,33616,1440,118,97.30230404075488,33616,1440,118,97.30230404075488,32461,1440,114,93.95912932731272,32461,1440,114,93.95912932731272,2026-02-28|2026-05-27,True,10/W,False
717202,10,W,7,37,84200.0,37.43,35.93,34.072105,-117.891295,0.26,ML,4,CITRUS 1,3781,,,,True,True,93,118,763731,717207,35.5,36.02,0.4299999999999997,0.09000000000000341,False,True,717207,763731,True,False,True,10,Fwy_10_W_physical_run_10,34548,33121,1427,0,34548,0,0,34548,1427,1427,863,556,0,0,120,0,5,10.0/W,4.130485122148894,1427,1440,5,34548,1440,120,100.0,1427,1440,5,4.130485122148894,1427,1440,5,4.130485122148894,863,1440,3,2.4979738335070047,556,1125,2,1.6093551001505153,0,0,0,0.0,0,0,0,0.0,2026-02-28|2026-05-27,True,10/W,False
717207,10,W,7,37,84200.0,37.52,36.02,34.072087,-117.889726,0.245,ML,4,CITRUS 2,3780,,,,True,True,94,118,717202,717209,35.93,36.42,0.09000000000000341,0.3999999999999986,True,True,717209,717202,True,True,False,10,Fwy_10_W_physical_run_10,34548,3801,30747,0,34548,0,0,34548,30747,30747,30747,30747,30747,30747,120,0,108,10.0/W,88.99791594303578,30747,1440,108,34548,1440,120,100.0,30747,1440,108,88.99791594303578,30747,1440,108,88.99791594303578,30747,1440,108,88.99791594303578,30747,1440,108,88.99791594303578,30747,1440,108,88.99791594303578,30747,1440,108,88.99791594303578,2026-02-28|2026-05-27,True,10/W,False
717209,10,W,7,37,84200.0,37.92,36.42,34.072029,-117.882752,0.275,ML,4,BARRANCA 1,3779,,,,True,True,95,118,717207,717211,36.02,36.57,0.3999999999999986,0.14999999999999858,True,True,717211,717207,True,True,False,10,Fwy_10_W_physical_run_10,34548,33108,1440,0,34548,0,0,34548,1440,1440,863,842,277,277,120,0,5,10.0/W,4.168113928447378,1440,1440,5,34548,1440,120,100.0,1440,1440,5,4.168113928447378,1440,1440,5,4.168113928447378,863,1440,3,2.4979738335070047,842,1045,3,2.437188838717147,277,790,1,0.8017830265138358,277,790,1,0.8017830265138358,2026-02-28|2026-05-27,True,10/W,False
717211,10,W,7,37,84200.0,38.07,36.57,34.072002,-117.880137,0.235,ML,4,BARRANCA 2,3778,,,,True,True,96,118,717209,717216,36.42,36.89,0.14999999999999858,0.3200000000000003,True,True,717216,717209,True,True,False,10,Fwy_10_W_physical_run_10,34548,31382,3166,0,34548,0,0,34548,3166,3166,1723,288,283,283,120,0,11,10.0/W,9.164061595461389,3166,1440,11,34548,1440,120,100.0,3166,1440,11,9.164061595461389,3166,1440,11,9.164061595461389,1723,1440,6,4.987264096329744,288,1440,1,0.8336227856894756,283,1085,1,0.8191501678823666,283,1085,1,0.8191501678823666,2026-02-28|2026-05-27,True,10/W,False
717216,10,W,7,37,84200.0,38.39,36.89,34.071952,-117.87456,0.41,ML,4,GRAND,3777,,,,True,True,97,118,717211,717220,36.57,37.39,0.3200000000000003,0.5,True,True,717220,717211,True,True,False,10,Fwy_10_W_physical_run_10,34548,32244,2304,0,34548,0,0,34548,2304,2304,1727,1440,862,862,120,0,8,10.0/W,6.6689822855158045,2304,1440,8,34548,1440,120,100.0,2304,1440,8,6.6689822855158045,2304,1440,8,6.6689822855158045,1727,1440,6,4.998842190575432,1440,1440,5,4.168113928447378,862,1440,3,2.495079309945583,862,1440,3,2.495079309945583,2026-02-28|2026-05-27,True,10/W,False
717220,10,W,7,37,84200.0,38.89,37.39,34.071035,-117.865957,0.33,ML,4,HOLT 1,3776,,,,True,True,98,118,717216,717224,36.89,37.55,0.5,0.1599999999999966,True,True,717224,717216,True,True,False,10,Fwy_10_W_physical_run_10,34548,31956,2592,0,34548,0,0,34548,2592,2592,576,288,288,288,120,0,9,10.0/W,7.50260507120528,2592,1440,9,34548,1440,120,100.0,2592,1440,9,7.50260507120528,2592,1440,9,7.50260507120528,576,1440,2,1.6672455713789511,288,1440,1,0.8336227856894756,288,1440,1,0.8336227856894756,288,1440,1,0.8336227856894756,2026-02-28|2026-05-27,True,10/W,False
717224,10,W,7,37,84200.0,39.05,37.55,34.069889,-117.863523,0.255,ML,4,HOLT 2,3775,,,,True,True,99,118,717220,764201,37.39,37.9,0.1599999999999966,0.3500000000000014,True,False,764201,717220,False,True,False,10,Fwy_10_W_physical_run_10,34548,33396,1152,0,34548,0,0,34548,1152,1152,863,529,288,288,120,0,4,10.0/W,3.3344911427579023,1152,1440,4,34548,1440,120,100.0,1152,1440,4,3.3344911427579023,1152,1440,4,3.3344911427579023,863,1440,3,2.4979738335070047,529,1440,2,1.531202963992127,288,1440,1,0.8336227856894756,288,1440,1,0.8336227856894756,2026-02-28|2026-05-27,True,10/W,False
717226,10,W,7,37,,40.35,38.85,34.069037,-117.841455,0.65,ML,4,VIA VERDE 1,3774,,,,True,True,102,118,764206,716174,38.4,39.7,0.45000000000000284,0.8500000000000014,False,False,716174,764206,False,False,True,11,Fwy_10_W_physical_run_11,34548,33684,864,0,34548,0,0,34548,864,864,575,284,261,261,120,0,3,10.0/W,2.5008683570684265,864,1440,3,34548,1440,120,100.0,864,1440,3,2.5008683570684265,864,1440,3,2.5008683570684265,575,1440,2,1.6643510478175292,284,1060,1,0.8220446914437883,261,1050,1,0.7554706495310872,261,1050,1,0.7554706495310872,2026-02-28|2026-05-27,True,10/W,False
717240,10,W,7,37,58072.0,43.52,42.02,34.072518,-117.789858,0.545,ML,4,FAIRPLEX,3772,,,,True,True,107,118,717238,763485,41.26,42.35,0.7600000000000051,0.3299999999999983,False,False,763485,717238,False,False,True,12,Fwy_10_W_physical_run_12,34548,932,33616,0,34548,0,0,34548,33616,33616,33616,33315,33021,33021,120,0,118,10.0/W,97.30230404075488,33616,1440,118,34548,1440,120,100.0,33616,1440,118,97.30230404075488,33616,1440,118,97.30230404075488,33616,1440,118,97.30230404075488,33315,1440,117,96.43105244876692,33021,1440,116,95.58006252170892,33021,1440,116,95.58006252170892,2026-02-28|2026-05-27,True,10/W,False
717245,10,W,7,37,58072.0,44.68,43.18,34.071938,-117.769749,0.655,ML,4,CLEVELAND,2107,,,,True,True,109,118,763485,717246,42.35,43.66,0.8299999999999983,0.4799999999999969,False,True,717246,763485,True,False,True,13,Fwy_10_W_physical_run_13,34548,932,33616,0,34548,0,0,34548,33616,33616,33616,33616,0,0,120,0,118,10.0/W,97.30230404075488,33616,1440,118,34548,1440,120,100.0,33616,1440,118,97.30230404075488,33616,1440,118,97.30230404075488,33616,1440,118,97.30230404075488,33616,1440,118,97.30230404075488,0,0,0,0.0,0,0,0,0.0,2026-02-28|2026-05-27,True,10/W,False
717246,10,W,7,37,58072.0,45.16,43.66,34.071029,-117.761475,0.47,ML,4,WHITE,3770,,,,True,True,110,118,717245,717249,43.18,44.12,0.4799999999999969,0.46000000000000085,True,True,717249,717245,True,True,False,13,Fwy_10_W_physical_run_13,34548,932,33616,0,34548,0,0,34548,33616,33616,33613,33613,33610,33610,120,0,118,10.0/W,97.30230404075488,33616,1440,118,34548,1440,120,100.0,33616,1440,118,97.30230404075488,33616,1440,118,97.30230404075488,33613,1440,118,97.29362047007062,33613,1440,118,97.29362047007062,33610,1440,118,97.28493689938637,33610,1440,118,97.28493689938637,2026-02-28|2026-05-27,True,10/W,False
717249,10,W,7,37,58072.0,45.62,44.12,34.073286,-117.753978,0.427,ML,4,GAREY,3769,,,,True,True,111,118,717246,768339,43.66,44.514,0.46000000000000085,0.39400000000000546,True,True,768339,717246,True,True,False,13,Fwy_10_W_physical_run_13,34548,1220,33328,0,34548,0,0,34548,33328,33328,33328,33328,33036,33036,120,0,117,10.0/W,96.46868125506542,33328,1440,117,34548,1440,120,100.0,33328,1440,117,96.46868125506542,33328,1440,117,96.46868125506542,33328,1440,117,96.46868125506542,33328,1440,117,96.46868125506542,33036,1440,116,95.62348037513026,33036,1440,116,95.62348037513026,2026-02-28|2026-05-27,True,10/W,False
768339,10,W,7,37,58072.0,46.014,44.514,34.075833,-117.747809,0.3,ML,4,ORANGE GROVE,3764,,,,True,True,112,118,717249,717252,44.12,44.72,0.39400000000000546,0.20599999999999596,True,True,717252,717249,True,True,False,13,Fwy_10_W_physical_run_13,34548,1221,33327,0,34548,0,0,34548,33327,33327,33326,33033,2840,2840,120,0,117,10.0/W,96.465786731504,33327,1440,117,34548,1440,120,100.0,33327,1440,117,96.465786731504,33327,1440,117,96.465786731504,33326,1440,117,96.46289220794256,33033,1440,116,95.614796804446,2840,1440,11,8.220446914437883,2840,1440,11,8.220446914437883,2026-02-28|2026-05-27,True,10/W,False
717252,10,W,7,37,58072.0,46.22,44.72,34.077146,-117.744573,0.278,ML,4,TOWNE,3768,,,,True,True,113,118,768339,768349,44.514,45.069,0.20599999999999596,0.34900000000000375,True,True,768349,768339,True,True,False,13,Fwy_10_W_physical_run_13,34548,1220,33328,0,34548,0,0,34548,33328,33328,33328,33328,33327,33327,120,0,117,10.0/W,96.46868125506542,33328,1440,117,34548,1440,120,100.0,33328,1440,117,96.46868125506542,33328,1440,117,96.46868125506542,33328,1440,117,96.46868125506542,33328,1440,117,96.46868125506542,33327,1440,117,96.465786731504,33327,1440,117,96.465786731504,2026-02-28|2026-05-27,True,10/W,False
768349,10,W,7,37,58072.0,46.569,45.069,34.079381,-117.739096,0.49,ML,4,TOWNE,3765,,,,True,True,114,118,717252,774728,44.72,45.7,0.34900000000000375,0.6310000000000002,True,True,774728,717252,True,True,False,13,Fwy_10_W_physical_run_13,34548,16709,17839,0,34548,0,0,34548,17839,17839,17839,17839,17838,17838,120,0,63,10.0/W,51.63540581220331,17839,1440,62,34548,1440,120,100.0,17839,1440,62,51.63540581220331,17839,1440,62,51.63540581220331,17839,1440,62,51.63540581220331,17839,1440,62,51.63540581220331,17838,1440,62,51.632511288641886,17838,1440,62,51.632511288641886,2026-02-28|2026-05-27,True,10/W,False
774728,10,W,7,37,58072.0,47.2,45.7,34.08172,-117.728629,0.335,ML,4,E/O SAN ANTONIO,2129,,,,True,True,115,118,768349,716193,45.069,45.74,0.6310000000000002,0.03999999999999915,True,False,716193,768349,False,True,False,13,Fwy_10_W_physical_run_13,34548,1220,33328,0,34548,0,0,34548,33328,33328,33328,33328,33328,33328,120,0,117,10.0/W,96.46868125506542,33328,1440,117,34548,1440,120,100.0,33328,1440,117,96.46868125506542,33328,1440,117,96.46868125506542,33328,1440,117,96.46868125506542,33328,1440,117,96.46868125506542,33328,1440,117,96.46868125506542,33328,1440,117,96.46868125506542,2026-02-28|2026-05-27,True,10/W,False
717258,10,W,7,37,58072.0,47.6,46.1,34.081821,-117.721638,0.48,ML,4,INDIAN HILL,3767,,,,True,True,117,118,716193,774743,45.74,46.7,0.35999999999999943,0.6000000000000014,False,False,774743,716193,False,False,True,14,Fwy_10_W_physical_run_14,34548,1796,32752,0,34548,0,0,34548,32752,32752,32751,32751,32750,32750,120,0,115,10.0/W,94.80143568368646,32752,1440,115,34548,1440,120,100.0,32752,1440,115,94.80143568368646,32752,1440,115,94.80143568368646,32751,1440,115,94.79854116012504,32751,1440,115,94.79854116012504,32750,1440,115,94.79564663656362,32750,1440,115,94.79564663656362,2026-02-28|2026-05-27,True,10/W,False
764276,14,N,7,37,44000.0,,3.262,34.377099,-118.494004,0.71,ML,3,PLACERITA 1,4674,,,,True,True,2,10,764262,764269,2.062,3.482,1.2000000000000002,0.2200000000000002,False,False,764262,764269,False,False,True,1,Fwy_14_N_physical_run_1,34548,932,33616,0,34548,0,0,34548,33616,33616,33616,33616,33616,33616,120,0,118,14.0/N,97.30230404075488,33616,1440,118,34548,1440,120,100.0,33616,1440,118,97.30230404075488,33616,1440,118,97.30230404075488,33616,1440,118,97.30230404075488,33616,1440,118,97.30230404075488,33616,1440,118,97.30230404075488,33616,1440,118,97.30230404075488,2026-02-28|2026-05-27,True,14/N,False
764304,14,N,7,37,44000.0,,5.192,34.394808,-118.468198,1.42,ML,3,GOLDEN VALLEY,4678,,,,True,True,4,10,764269,764318,3.482,6.322,1.71,1.13,False,False,764269,764318,False,False,True,2,Fwy_14_N_physical_run_2,34548,4337,30211,0,34548,0,0,34548,30211,30211,30211,30211,30211,30211,120,0,105,14.0/N,87.4464513141137,30211,1440,105,34548,1440,120,100.0,30211,1440,105,87.4464513141137,30211,1440,105,87.4464513141137,30211,1440,105,87.4464513141137,30211,1440,105,87.4464513141137,30211,1440,105,87.4464513141137,30211,1440,105,87.4464513141137,2026-02-28|2026-05-27,True,14/N,False
766694,14,N,7,37,44000.0,33.5,8.663,34.425605,-118.422402,2.42,ML,2,SAND CANYON,4683,,,,True,True,6,10,764318,766721,6.322,11.163,2.341,2.5,False,True,764318,766721,False,True,True,3,Fwy_14_N_physical_run_3,34548,932,33616,0,34548,0,0,34548,33616,33616,33616,0,0,0,120,0,118,14.0/N,97.30230404075488,33616,1440,118,34548,1440,120,100.0,33616,1440,118,97.30230404075488,33616,1440,118,97.30230404075488,33616,1440,118,97.30230404075488,0,0,0,0.0,0,0,0,0.0,0,0,0,0.0,2026-02-28|2026-05-27,True,14/N,False
766721,14,N,7,37,44000.0,36.0,11.163,34.434709,-118.380974,3.25,ML,2,SOLEDAD CANYON RD,4685,,,,True,True,7,10,766694,766740,8.663,15.163,2.5,4.0,True,False,766694,766740,True,False,False,3,Fwy_14_N_physical_run_3,34548,933,33615,0,34548,0,0,34548,33615,33615,33615,32446,32446,32446,120,0,118,14.0/N,97.29940951719348,33615,1440,118,34548,1440,120,100.0,33615,1440,118,97.29940951719348,33615,1440,118,97.29940951719348,33615,1440,118,97.29940951719348,32446,1440,114,93.9157114738914,32446,1440,114,93.9157114738914,32446,1440,114,93.9157114738914,2026-02-28|2026-05-27,True,14/N,False
767791,14,N,7,37,,,33.163,34.555273,-118.132044,5.0,ML,2,AVE S,4701,,,,True,True,10,10,766758,,18.663,,14.499999999999996,,False,False,766758,,False,False,True,4,Fwy_14_N_physical_run_4,34548,21330,13218,0,34548,0,0,34548,13218,13218,13218,13218,13218,13218,120,0,46,14.0/N,38.25981243487322,13218,1440,46,34548,1440,120,100.0,13218,1440,46,38.25981243487322,13218,1440,46,38.25981243487322,13218,1440,46,38.25981243487322,13218,1440,46,38.25981243487322,13218,1440,46,38.25981243487322,13218,1440,46,38.25981243487322,2026-02-28|2026-05-27,True,14/N,False
775511,14,S,7,37,44000.0,,0.012,34.334177,-118.508382,1.552,ML,3,S/B 14 OFF TO BALBOA,2698,,,,True,True,1,11,,764283,,3.092,,3.08,False,False,764283,,False,False,True,1,Fwy_14_S_physical_run_1,34548,18473,16075,0,34548,0,0,34548,16075,16075,15787,15787,15787,15787,120,0,56,14.0/S,46.529466249855275,16075,1440,56,34548,1440,120,100.0,16075,1440,56,46.529466249855275,16075,1440,56,46.529466249855275,15787,1440,55,45.6958434641658,15787,1440,55,45.6958434641658,15787,1440,55,45.6958434641658,15787,1440,55,45.6958434641658,2026-02-28|2026-05-27,True,14/S,False
764297,14,S,7,37,44000.0,,4.752,34.391522,-118.474877,1.3,ML,3,GOLDEN VALLEY,4677,,,,True,True,4,11,764290,764311,3.332,5.932,1.42,1.1800000000000006,False,True,764311,764290,True,False,True,2,Fwy_14_S_physical_run_2,34548,4625,29923,0,34548,0,0,34548,29923,29923,29923,29923,0,0,120,0,104,14.0/S,86.61282852842422,29923,1440,104,34548,1440,120,100.0,29923,1440,104,86.61282852842422,29923,1440,104,86.61282852842422,29923,1440,104,86.61282852842422,29923,1440,104,86.61282852842422,0,0,0,0.0,0,0,0,0.0,2026-02-28|2026-05-27,True,14/S,False
764311,14,S,7,37,44000.0,,5.932,34.401271,-118.457631,0.785,ML,3,VIA PRINCESSA 1,4680,,,,True,True,5,11,764297,764322,4.752,6.322,1.1800000000000006,0.3899999999999997,True,False,764322,764297,False,True,False,2,Fwy_14_S_physical_run_2,34548,5203,29345,0,34548,0,0,34548,29345,29345,29345,29345,29345,29345,120,0,102,14.0/S,84.93979390992243,29345,1440,102,34548,1440,120,100.0,29345,1440,102,84.93979390992243,29345,1440,102,84.93979390992243,29345,1440,102,84.93979390992243,29345,1440,102,84.93979390992243,29345,1440,102,84.93979390992243,29345,1440,102,84.93979390992243,2026-02-28|2026-05-27,True,14/S,False
766703,14,S,7,37,44000.0,33.3,8.463,34.424397,-118.425567,2.17,ML,2,SAND CANYON,4682,,,,True,True,7,11,764322,766712,6.322,10.663,2.140999999999999,2.200000000000001,False,True,766712,764322,True,False,True,3,Fwy_14_S_physical_run_3,34548,7833,26715,0,34548,0,0,34548,26715,26715,26715,26133,26133,26133,120,0,94,14.0/S,77.32719694338311,26715,1440,94,34548,1440,120,100.0,26715,1440,94,77.32719694338311,26715,1440,94,77.32719694338311,26715,1440,94,77.32719694338311,26133,1440,92,75.64258423063563,26133,1440,92,75.64258423063563,26133,1440,92,75.64258423063563,2026-02-28|2026-05-27,True,14/S,False
766712,14,S,7,37,44000.0,35.5,10.663,34.433995,-118.38947,3.15,ML,3,SOLEDAD CANYON RD,4684,,,,True,True,8,11,766703,766730,8.463,14.763,2.200000000000001,4.1,True,False,766730,766703,False,True,False,3,Fwy_14_S_physical_run_3,34548,12400,22148,0,34548,0,0,34548,22148,22148,22148,22148,22148,22148,120,0,77,14.0/S,64.1079078383698,22148,1440,77,34548,1440,120,100.0,22148,1440,77,64.1079078383698,22148,1440,77,64.1079078383698,22148,1440,77,64.1079078383698,22148,1440,77,64.1079078383698,22148,1440,77,64.1079078383698,22148,1440,77,64.1079078383698,2026-02-28|2026-05-27,True,14/S,False
767790,14,S,7,37,,,33.163,34.555214,-118.132256,5.0,ML,3,AVE S,4701,,,,True,True,11,11,766749,,18.163,,14.999999999999996,,False,False,,766749,False,False,True,4,Fwy_14_S_physical_run_4,34548,21330,13218,0,34548,0,0,34548,13218,13218,13218,13218,13218,13218,120,0,46,14.0/S,38.25981243487322,13218,1440,46,34548,1440,120,100.0,13218,1440,46,38.25981243487322,13218,1440,46,38.25981243487322,13218,1440,46,38.25981243487322,13218,1440,46,38.25981243487322,13218,1440,46,38.25981243487322,13218,1440,46,38.25981243487322,2026-02-28|2026-05-27,True,14/S,False
771578,23,N,7,111,78582.0,,12.823,34.184067,-118.860802,0.565,ML,4,PAIGE,2740,,,,True,True,2,18,771253,771268,12.523,13.653,0.3000000000000007,0.8300000000000001,False,True,771253,771268,False,True,True,1,Fwy_23_N_physical_run_1,34548,32255,2293,0,34548,0,0,34548,2293,2293,2293,2292,0,0,120,0,8,23.0/N,6.637142526340164,2293,1440,8,34548,1440,120,100.0,2293,1440,8,6.637142526340164,2293,1440,8,6.637142526340164,2293,1440,8,6.637142526340164,2292,1440,8,6.634248002778743,0,0,0,0.0,0,0,0,0.0,2026-02-28|2026-05-27,True,23/N,False
771268,23,N,7,111,78582.0,,13.653,34.196191,-118.859225,0.515,ML,3,JANSS 1,4745,,,,True,True,3,18,771578,771285,12.823,13.853,0.8300000000000001,0.1999999999999993,True,True,771578,771285,True,True,False,1,Fwy_23_N_physical_run_1,34548,30815,3733,0,34548,0,0,34548,3733,3733,1148,1148,0,0,120,0,13,23.0/N,10.805256454787544,3733,1440,13,34548,1440,120,100.0,3733,1440,13,10.805256454787544,3733,1440,13,10.805256454787544,1148,1440,4,3.322913048512215,1148,1440,4,3.322913048512215,0,0,0,0.0,0,0,0,0.0,2026-02-28|2026-05-27,True,23/N,False
771285,23,N,7,111,78582.0,,13.853,34.198898,-118.857485,0.28,ML,3,JANSS 2,4747,,,,True,True,4,18,771268,771294,13.653,14.213,0.1999999999999993,0.35999999999999943,True,True,771268,771294,True,True,False,1,Fwy_23_N_physical_run_1,34548,30815,3733,0,34548,0,0,34548,3733,3733,3733,3733,3733,3733,120,0,13,23.0/N,10.805256454787544,3733,1440,13,34548,1440,120,100.0,3733,1440,13,10.805256454787544,3733,1440,13,10.805256454787544,3733,1440,13,10.805256454787544,3733,1440,13,10.805256454787544,3733,1440,13,10.805256454787544,3733,1440,13,10.805256454787544,2026-02-28|2026-05-27,True,23/N,False
771294,23,N,7,111,78582.0,,14.213,34.203343,-118.85368,0.385,ML,3,LAS FLORES,2741,,,,True,True,5,18,771285,771306,13.853,14.623,0.35999999999999943,0.41000000000000014,True,True,771285,771306,True,True,False,1,Fwy_23_N_physical_run_1,34548,30815,3733,0,34548,0,0,34548,3733,3733,3733,3733,3733,3733,120,0,13,23.0/N,10.805256454787544,3733,1440,13,34548,1440,120,100.0,3733,1440,13,10.805256454787544,3733,1440,13,10.805256454787544,3733,1440,13,10.805256454787544,3733,1440,13,10.805256454787544,3733,1440,13,10.805256454787544,3733,1440,13,10.805256454787544,2026-02-28|2026-05-27,True,23/N,False
771306,23,N,7,111,78582.0,,14.623,34.208327,-118.849291,0.305,ML,3,LOS ARBOLES 1,4749,,,,True,True,6,18,771294,771318,14.213,14.823,0.41000000000000014,0.20000000000000107,True,True,771294,771318,True,True,False,1,Fwy_23_N_physical_run_1,34548,30815,3733,0,34548,0,0,34548,3733,3733,3733,3733,3733,3733,120,0,13,23.0/N,10.805256454787544,3733,1440,13,34548,1440,120,100.0,3733,1440,13,10.805256454787544,3733,1440,13,10.805256454787544,3733,1440,13,10.805256454787544,3733,1440,13,10.805256454787544,3733,1440,13,10.805256454787544,3733,1440,13,10.805256454787544,2026-02-28|2026-05-27,True,23/N,False
771318,23,N,7,111,78582.0,,14.823,34.211348,-118.84886,0.225,ML,3,LOS ARBOLES 2,4751,,,,True,True,7,18,771306,771349,14.623,15.073,0.20000000000000107,0.25,True,False,771306,771349,True,False,False,1,Fwy_23_N_physical_run_1,34548,31103,3445,0,34548,0,0,34548,3445,3445,3445,3445,3445,3445,120,0,12,23.0/N,9.971633669098066,3445,1440,12,34548,1440,120,100.0,3445,1440,12,9.971633669098066,3445,1440,12,9.971633669098066,3445,1440,12,9.971633669098066,3445,1440,12,9.971633669098066,3445,1440,12,9.971633669098066,3445,1440,12,9.971633669098066,2026-02-28|2026-05-27,True,23/N,False
771329,23,N,7,111,78582.0,,15.733,34.225045,-118.847994,0.45,ML,3,SUNSET HILLS 1,4753,,,,True,True,9,18,771349,771340,15.073,15.973,0.6600000000000001,0.2400000000000002,False,True,771349,771340,False,True,True,2,Fwy_23_N_physical_run_2,34548,31103,3445,0,34548,0,0,34548,3445,3445,3445,3445,3445,3445,120,0,12,23.0/N,9.971633669098066,3445,1440,12,34548,1440,120,100.0,3445,1440,12,9.971633669098066,3445,1440,12,9.971633669098066,3445,1440,12,9.971633669098066,3445,1440,12,9.971633669098066,3445,1440,12,9.971633669098066,3445,1440,12,9.971633669098066,2026-02-28|2026-05-27,True,23/N,False
771340,23,N,7,111,78582.0,,15.973,34.228473,-118.846374,0.585,ML,3,SUNSET HILLS 2,4755,,,,True,True,10,18,771329,771360,15.733,16.903,0.2400000000000002,0.9299999999999979,True,True,771329,771360,True,True,False,2,Fwy_23_N_physical_run_2,34548,31103,3445,0,34548,0,0,34548,3445,3445,3445,3445,3444,3444,120,0,12,23.0/N,9.971633669098066,3445,1440,12,34548,1440,120,100.0,3445,1440,12,9.971633669098066,3445,1440,12,9.971633669098066,3445,1440,12,9.971633669098066,3445,1440,12,9.971633669098066,3444,1440,12,9.968739145536643,3444,1440,12,9.968739145536643,2026-02-28|2026-05-27,True,23/N,False
771360,23,N,7,111,78582.0,,16.903,34.241576,-118.839735,0.57,ML,3,OLSEN 1,4757,,,,True,True,11,18,771340,771371,15.973,17.113,0.9299999999999979,0.21000000000000085,True,True,771340,771371,True,True,False,2,Fwy_23_N_physical_run_2,34548,32244,2304,0,34548,0,0,34548,2304,2304,2304,2304,2304,2304,120,0,8,23.0/N,6.6689822855158045,2304,1440,8,34548,1440,120,100.0,2304,1440,8,6.6689822855158045,2304,1440,8,6.6689822855158045,2304,1440,8,6.6689822855158045,2304,1440,8,6.6689822855158045,2304,1440,8,6.6689822855158045,2304,1440,8,6.6689822855158045,2026-02-28|2026-05-27,True,23/N,False
771371,23,N,7,111,78582.0,,17.113,34.244752,-118.839479,0.35,ML,3,OLSEN 2,4759,,,,True,True,12,18,771360,771386,16.903,17.603,0.21000000000000085,0.490000000000002,True,True,771360,771386,True,True,False,2,Fwy_23_N_physical_run_2,34548,30815,3733,0,34548,0,0,34548,3733,3733,3733,3733,3733,3733,120,0,13,23.0/N,10.805256454787544,3733,1440,13,34548,1440,120,100.0,3733,1440,13,10.805256454787544,3733,1440,13,10.805256454787544,3733,1440,13,10.805256454787544,3733,1440,13,10.805256454787544,3733,1440,13,10.805256454787544,3733,1440,13,10.805256454787544,2026-02-28|2026-05-27,True,23/N,False
771386,23,N,7,111,78582.0,,17.603,34.252263,-118.839889,0.495,ML,3,N OF OLSEN,2743,,,,True,True,13,18,771371,771396,17.113,18.103,0.490000000000002,0.5,True,True,771371,771396,True,True,False,2,Fwy_23_N_physical_run_2,34548,30815,3733,0,34548,0,0,34548,3733,3733,3733,3733,3733,3733,120,0,13,23.0/N,10.805256454787544,3733,1440,13,34548,1440,120,100.0,3733,1440,13,10.805256454787544,3733,1440,13,10.805256454787544,3733,1440,13,10.805256454787544,3733,1440,13,10.805256454787544,3733,1440,13,10.805256454787544,3733,1440,13,10.805256454787544,2026-02-28|2026-05-27,True,23/N,False
771396,23,N,7,111,78582.0,,18.103,34.259271,-118.842944,0.56,ML,3,S OF TIERRA REJADA,2744,,,,True,True,14,18,771386,771410,17.603,18.723,0.5,0.6199999999999974,True,True,771386,771410,True,True,False,2,Fwy_23_N_physical_run_2,34548,31103,3445,0,34548,0,0,34548,3445,3445,3445,3445,3444,3444,120,0,12,23.0/N,9.971633669098066,3445,1440,12,34548,1440,120,100.0,3445,1440,12,9.971633669098066,3445,1440,12,9.971633669098066,3445,1440,12,9.971633669098066,3445,1440,12,9.971633669098066,3444,1440,12,9.968739145536643,3444,1440,12,9.968739145536643,2026-02-28|2026-05-27,True,23/N,False
771410,23,N,7,111,78582.0,,18.723,34.266273,-118.850611,0.33,ML,3,TIERRA REJADA 1,4762,,,,True,True,15,18,771396,771421,18.103,18.763,0.6199999999999974,0.0400000000000027,True,True,771396,771421,True,True,False,2,Fwy_23_N_physical_run_2,34548,30815,3733,0,34548,0,0,34548,3733,3733,3733,3733,3733,3733,120,0,13,23.0/N,10.805256454787544,3733,1440,13,34548,1440,120,100.0,3733,1440,13,10.805256454787544,3733,1440,13,10.805256454787544,3733,1440,13,10.805256454787544,3733,1440,13,10.805256454787544,3733,1440,13,10.805256454787544,3733,1440,13,10.805256454787544,2026-02-28|2026-05-27,True,23/N,False
771421,23,N,7,111,78582.0,,18.763,34.266777,-118.851005,0.34,ML,3,TIERRA REJADA 2,4764,,,,True,True,16,18,771410,771431,18.723,19.403,0.0400000000000027,0.639999999999997,True,False,771410,771431,True,False,False,2,Fwy_23_N_physical_run_2,34548,30815,3733,0,34548,0,0,34548,3733,3733,3733,3733,3733,3733,120,0,13,23.0/N,10.805256454787544,3733,1440,13,34548,1440,120,100.0,3733,1440,13,10.805256454787544,3733,1440,13,10.805256454787544,3733,1440,13,10.805256454787544,3733,1440,13,10.805256454787544,3733,1440,13,10.805256454787544,3733,1440,13,10.805256454787544,2026-02-28|2026-05-27,True,23/N,False
771441,23,N,7,111,49138.0,,20.013,34.281715,-118.862785,2.805,ML,2,NEW LOS ANGELES,4573,,,,True,True,18,18,771431,,19.403,,0.610000000000003,,False,False,771431,,False,False,True,3,Fwy_23_N_physical_run_3,34548,30815,3733,0,34548,0,0,34548,3733,3733,3733,3733,3733,3733,120,0,13,23.0/N,10.805256454787544,3733,1440,13,34548,1440,120,100.0,3733,1440,13,10.805256454787544,3733,1440,13,10.805256454787544,3733,1440,13,10.805256454787544,3733,1440,13,10.805256454787544,3733,1440,13,10.805256454787544,3733,1440,13,10.805256454787544,2026-02-28|2026-05-27,True,23/N,False
771577,23,S,7,111,78582.0,,12.823,34.182962,-118.860859,0.485,ML,4,PAIGE,2740,,,,True,True,2,18,771254,771565,12.523,13.493,0.3000000000000007,0.6699999999999999,False,False,771565,771254,False,False,True,1,Fwy_23_S_physical_run_1,34548,32255,2293,0,34548,0,0,34548,2293,2293,2293,2293,0,0,120,0,8,23.0/S,6.637142526340164,2293,1440,8,34548,1440,120,100.0,2293,1440,8,6.637142526340164,2293,1440,8,6.637142526340164,2293,1440,8,6.637142526340164,2293,1440,8,6.637142526340164,0,0,0,0.0,0,0,0,0.0,2026-02-28|2026-05-27,True,23/S,False
771553,23,S,7,111,78582.0,,13.693,34.195845,-118.85983,0.36,ML,3,JANSS 2,4746,,,,True,True,4,18,771565,771295,13.493,14.213,0.1999999999999993,0.5199999999999996,False,True,771295,771565,True,False,True,2,Fwy_23_S_physical_run_2,34548,32543,2005,0,34548,0,0,34548,2005,2005,2005,2005,0,0,120,0,7,23.0/S,5.803519740650689,2005,1440,7,34548,1440,120,100.0,2005,1440,7,5.803519740650689,2005,1440,7,5.803519740650689,2005,1440,7,5.803519740650689,2005,1440,7,5.803519740650689,0,0,0,0.0,0,0,0,0.0,2026-02-28|2026-05-27,True,23/S,False
771295,23,S,7,111,78582.0,,14.213,34.202778,-118.85498,0.39,ML,3,LAS FLORES,2741,,,,True,True,5,18,771553,771542,13.693,14.473,0.5199999999999996,0.26000000000000156,True,True,771542,771553,True,True,False,2,Fwy_23_S_physical_run_2,34548,30815,3733,0,34548,0,0,34548,3733,3733,3733,3733,3733,3733,120,0,13,23.0/S,10.805256454787544,3733,1440,13,34548,1440,120,100.0,3733,1440,13,10.805256454787544,3733,1440,13,10.805256454787544,3733,1440,13,10.805256454787544,3733,1440,13,10.805256454787544,3733,1440,13,10.805256454787544,3733,1440,13,10.805256454787544,2026-02-28|2026-05-27,True,23/S,False
771542,23,S,7,111,78582.0,,14.473,34.205523,-118.851449,0.22,ML,3,LOS ARBOLES 1,4748,,,,True,True,6,18,771295,771531,14.213,14.653,0.26000000000000156,0.17999999999999972,True,True,771531,771295,True,True,False,2,Fwy_23_S_physical_run_2,34548,31103,3445,0,34548,0,0,34548,3445,3445,3445,3445,3445,3445,120,0,12,23.0/S,9.971633669098066,3445,1440,12,34548,1440,120,100.0,3445,1440,12,9.971633669098066,3445,1440,12,9.971633669098066,3445,1440,12,9.971633669098066,3445,1440,12,9.971633669098066,3445,1440,12,9.971633669098066,3445,1440,12,9.971633669098066,2026-02-28|2026-05-27,True,23/S,False
771531,23,S,7,111,78582.0,,14.653,34.207941,-118.849838,0.3,ML,3,LOS ARBOLES 2,4750,,,,True,True,7,18,771542,771350,14.473,15.073,0.17999999999999972,0.41999999999999993,True,False,771350,771542,False,True,False,2,Fwy_23_S_physical_run_2,34548,31103,3445,0,34548,0,0,34548,3445,3445,3445,3445,3445,3445,120,0,12,23.0/S,9.971633669098066,3445,1440,12,34548,1440,120,100.0,3445,1440,12,9.971633669098066,3445,1440,12,9.971633669098066,3445,1440,12,9.971633669098066,3445,1440,12,9.971633669098066,3445,1440,12,9.971633669098066,3445,1440,12,9.971633669098066,2026-02-28|2026-05-27,True,23/S,False
771521,23,S,7,111,78582.0,,15.613,34.222667,-118.849481,0.36,ML,3,SUNSET HILLS 1,4752,,,,True,True,9,18,771350,771509,15.073,15.793,0.5399999999999991,0.17999999999999972,False,True,771509,771350,True,False,True,3,Fwy_23_S_physical_run_3,34548,31103,3445,0,34548,0,0,34548,3445,3445,3445,3445,3445,3445,120,0,12,23.0/S,9.971633669098066,3445,1440,12,34548,1440,120,100.0,3445,1440,12,9.971633669098066,3445,1440,12,9.971633669098066,3445,1440,12,9.971633669098066,3445,1440,12,9.971633669098066,3445,1440,12,9.971633669098066,3445,1440,12,9.971633669098066,2026-02-28|2026-05-27,True,23/S,False
771509,23,S,7,111,78582.0,,15.793,34.225282,-118.848315,0.445,ML,3,SUNSET HILLS 2,4754,,,,True,True,10,18,771521,771499,15.613,16.503,0.17999999999999972,0.7100000000000009,True,False,771499,771521,False,True,False,3,Fwy_23_S_physical_run_3,34548,31103,3445,0,34548,0,0,34548,3445,3445,3445,3445,3445,3445,120,0,12,23.0/S,9.971633669098066,3445,1440,12,34548,1440,120,100.0,3445,1440,12,9.971633669098066,3445,1440,12,9.971633669098066,3445,1440,12,9.971633669098066,3445,1440,12,9.971633669098066,3445,1440,12,9.971633669098066,3445,1440,12,9.971633669098066,2026-02-28|2026-05-27,True,23/S,False
771488,23,S,7,111,78582.0,,16.813,34.239756,-118.840813,0.55,ML,3,OLSEN 2,4758,,,,True,True,12,18,771499,771385,16.503,17.603,0.3099999999999987,0.7900000000000027,False,True,771385,771499,True,False,True,4,Fwy_23_S_physical_run_4,34548,30815,3733,0,34548,0,0,34548,3733,3733,3733,3733,3733,3733,120,0,13,23.0/S,10.805256454787544,3733,1440,13,34548,1440,120,100.0,3733,1440,13,10.805256454787544,3733,1440,13,10.805256454787544,3733,1440,13,10.805256454787544,3733,1440,13,10.805256454787544,3733,1440,13,10.805256454787544,3733,1440,13,10.805256454787544,2026-02-28|2026-05-27,True,23/S,False
771385,23,S,7,111,78582.0,,17.603,34.251851,-118.840288,0.645,ML,3,N OF OLSEN,2743,,,,True,True,13,18,771488,771400,16.813,18.103,0.7900000000000027,0.5,True,True,771400,771488,True,True,False,4,Fwy_23_S_physical_run_4,34548,30815,3733,0,34548,0,0,34548,3733,3733,3733,3733,3733,3733,120,0,13,23.0/S,10.805256454787544,3733,1440,13,34548,1440,120,100.0,3733,1440,13,10.805256454787544,3733,1440,13,10.805256454787544,3733,1440,13,10.805256454787544,3733,1440,13,10.805256454787544,3733,1440,13,10.805256454787544,3733,1440,13,10.805256454787544,2026-02-28|2026-05-27,True,23/S,False
771400,23,S,7,111,78582.0,,18.103,34.258973,-118.843185,0.46,ML,3,S OF TIERRA REJADA,2744,,,,True,True,14,18,771385,771475,17.603,18.523,0.5,0.41999999999999815,True,False,771475,771385,False,True,False,4,Fwy_23_S_physical_run_4,34548,31103,3445,0,34548,0,0,34548,3445,3445,3445,3445,3445,3445,120,0,12,23.0/S,9.971633669098066,3445,1440,12,34548,1440,120,100.0,3445,1440,12,9.971633669098066,3445,1440,12,9.971633669098066,3445,1440,12,9.971633669098066,3445,1440,12,9.971633669098066,3445,1440,12,9.971633669098066,3445,1440,12,9.971633669098066,2026-02-28|2026-05-27,True,23/S,False
777316,47,N,7,37,44000.0,3.7,2.447,33.760141,-118.238738,1.117,ML,2,NEW DOCK ST,4566,,,,True,True,2,2,772420,,1.942,,0.5050000000000001,,False,False,772420,,False,False,True,1,Fwy_47_N_physical_run_1,34548,9219,25329,0,34548,0,0,34548,25329,25329,25329,22457,22457,22457,120,0,88,47.0/N,73.31538728725252,25329,1440,88,34548,1440,120,100.0,25329,1440,88,73.31538728725252,25329,1440,88,73.31538728725252,25329,1440,88,73.31538728725252,22457,1440,78,65.00231561884914,22457,1440,78,65.00231561884914,22457,1440,78,65.00231561884914,2026-02-28|2026-05-27,True,47/N,False
763558,57,N,7,37,58072.0,5.27,17.087,34.032569,-117.808962,0.405,ML,4,SUNSET CROSSING,3977,,,,True,True,8,20,774866,774877,16.617,17.427,0.46999999999999886,0.33999999999999986,False,True,774866,774877,False,True,True,1,Fwy_57_N_physical_run_1,34548,1508,33040,0,34548,0,0,34548,33040,33040,33040,33040,32747,32747,120,0,116,57.0/N,95.63505846937592,33040,1440,116,34548,1440,120,100.0,33040,1440,116,95.63505846937592,33040,1440,116,95.63505846937592,33040,1440,116,95.63505846937592,33040,1440,116,95.63505846937592,32747,1440,115,94.78696306587936,32747,1440,115,94.78696306587936,2026-02-28|2026-05-27,True,57/N,False
774877,57,N,7,37,58072.0,5.61,17.427,34.036774,-117.805975,0.445,ML,4,STATE ST,2519,,,,True,True,9,20,763558,763563,17.087,17.977,0.33999999999999986,0.5500000000000007,True,True,763558,763563,True,True,False,1,Fwy_57_N_physical_run_1,34548,1508,33040,0,34548,0,0,34548,33040,33040,33040,32737,27396,27396,120,0,116,57.0/N,95.63505846937592,33040,1440,116,34548,1440,120,100.0,33040,1440,116,95.63505846937592,33040,1440,116,95.63505846937592,33040,1440,116,95.63505846937592,32737,1440,115,94.75801783026512,27396,1440,97,79.29836748871136,27396,1440,97,79.29836748871136,2026-02-28|2026-05-27,True,57/N,False
763563,57,N,7,37,58072.0,6.16,17.977,34.04332,-117.800771,0.37,ML,4,TEMPLE 1,3978,,,,True,True,10,20,774877,763568,17.427,18.167,0.5500000000000007,0.19000000000000128,True,False,774877,763568,True,False,False,1,Fwy_57_N_physical_run_1,34548,932,33616,0,34548,0,0,34548,33616,33616,33616,33614,33614,33614,120,0,118,57.0/N,97.30230404075488,33616,1440,118,34548,1440,120,100.0,33616,1440,118,97.30230404075488,33616,1440,118,97.30230404075488,33616,1440,118,97.30230404075488,33614,1440,118,97.29651499363204,33614,1440,118,97.29651499363204,33614,1440,118,97.29651499363204,2026-02-28|2026-05-27,True,57/N,False
774841,57,N,7,37,58072.0,,18.617,34.052554,-117.802449,0.475,ML,5,N/O POMONA,2513,,,,True,True,12,20,763568,716203,18.167,19.117,0.4499999999999993,0.5,False,False,763568,716203,False,False,True,2,Fwy_57_N_physical_run_2,34548,5336,29212,0,34548,0,0,34548,29212,29212,17412,8164,541,0,120,0,103,57.0/N,84.55482227625333,29212,1440,103,34548,1440,120,100.0,29212,1440,103,84.55482227625333,29212,1440,103,84.55482227625333,17412,1440,62,50.39944425147621,8164,1440,30,23.630890355447494,541,405,2,1.5659372467291883,0,0,0,0.0,2026-02-28|2026-05-27,True,57/N,False
764096,57,N,7,37,66070.0,,20.517,34.077854,-117.813757,0.9,ML,5,VIA VERDE,4280,,,,True,True,15,20,774902,718356,19.737,21.537,0.7800000000000011,1.0199999999999996,False,True,774902,718356,False,True,True,3,Fwy_57_N_physical_run_3,34548,932,33616,0,34548,0,0,34548,33616,33616,33616,33616,33614,33614,120,0,118,57.0/N,97.30230404075488,33616,1440,118,34548,1440,120,100.0,33616,1440,118,97.30230404075488,33616,1440,118,97.30230404075488,33616,1440,118,97.30230404075488,33616,1440,118,97.30230404075488,33614,1440,118,97.29651499363204,33614,1440,118,97.29651499363204,2026-02-28|2026-05-27,True,57/N,False
718356,57,N,7,37,66070.0,,21.537,34.091335,-117.819352,0.72,ML,4,LOMA VISTA,2136,,,,True,True,16,20,764096,718053,20.517,21.957,1.0199999999999996,0.4200000000000017,True,False,764096,718053,True,False,False,3,Fwy_57_N_physical_run_3,34548,932,33616,0,34548,0,0,34548,33616,33616,33616,33616,33604,33604,120,0,118,57.0/N,97.30230404075488,33616,1440,118,34548,1440,120,100.0,33616,1440,118,97.30230404075488,33616,1440,118,97.30230404075488,33616,1440,118,97.30230404075488,33616,1440,118,97.30230404075488,33604,1440,118,97.26756975801784,33604,1440,118,97.26756975801784,2026-02-28|2026-05-27,True,57/N,False
774799,57,N,7,37,66070.0,,22.317,34.102685,-117.819622,0.24,ML,5,E/O CIENEGA AVE,2515,,,,True,True,18,20,718053,718051,21.957,22.437,0.35999999999999943,0.120000000000001,False,False,718053,718051,False,False,True,4,Fwy_57_N_physical_run_4,34548,2087,32461,0,34548,0,0,34548,32461,32461,32461,32461,32461,0,120,0,114,57.0/N,93.95912932731272,32461,1440,114,34548,1440,120,100.0,32461,1440,114,93.95912932731272,32461,1440,114,93.95912932731272,32461,1440,114,93.95912932731272,32461,1440,114,93.95912932731272,32461,1440,114,93.95912932731272,0,0,0,0.0,2026-02-28|2026-05-27,True,57/N,False
763583,57,S,7,37,19192.0,5.04,16.942,34.029739,-117.811086,0.405,ML,3,SUNSET CROSSING,3983,,,,True,True,7,22,774865,774878,16.702,17.512,0.23999999999999844,0.5700000000000003,False,True,774878,774865,True,False,True,1,Fwy_57_S_physical_run_1,34548,5540,29008,0,34548,0,0,34548,29008,29008,29008,29008,29008,29008,120,0,102,57.0/S,83.96433946972328,29008,1440,102,34548,1440,120,100.0,29008,1440,102,83.96433946972328,29008,1440,102,83.96433946972328,29008,1440,102,83.96433946972328,29008,1440,102,83.96433946972328,29008,1440,102,83.96433946972328,29008,1440,102,83.96433946972328,2026-02-28|2026-05-27,True,57/S,False
774878,57,S,7,37,58072.0,5.61,17.512,34.036865,-117.806244,0.466,ML,4,STATE ST,2519,,,,True,True,8,22,763583,763578,16.942,17.874,0.5700000000000003,0.3619999999999983,True,True,763578,763583,True,True,False,1,Fwy_57_S_physical_run_1,34548,1508,33040,0,34548,0,0,34548,33040,33040,33040,33036,32449,32449,120,0,116,57.0/S,95.63505846937592,33040,1440,116,34548,1440,120,100.0,33040,1440,116,95.63505846937592,33040,1440,116,95.63505846937592,33040,1440,116,95.63505846937592,33036,1440,116,95.62348037513026,32449,1440,114,93.92439504457566,32449,1440,114,93.92439504457566,2026-02-28|2026-05-27,True,57/S,False
763578,57,S,7,37,58072.0,5.972,17.874,34.040947,-117.802381,0.333,ML,4,TEMPLE 1,3982,,,,True,True,9,22,774878,763573,17.512,18.178,0.3619999999999983,0.30400000000000205,True,True,763573,774878,True,True,False,1,Fwy_57_S_physical_run_1,34548,1508,33040,0,34548,0,0,34548,33040,33040,33040,33039,33039,33039,120,0,116,57.0/S,95.63505846937592,33040,1440,116,34548,1440,120,100.0,33040,1440,116,95.63505846937592,33040,1440,116,95.63505846937592,33040,1440,116,95.63505846937592,33039,1440,116,95.63216394581453,33039,1440,116,95.63216394581453,33039,1440,116,95.63216394581453,2026-02-28|2026-05-27,True,57/S,False
763573,57,S,7,37,58072.0,6.276,18.178,34.045058,-117.800792,0.414,ML,4,TEMPLE 2,3981,,,,True,True,10,22,763578,774842,17.874,18.702,0.30400000000000205,0.5240000000000009,True,False,774842,763578,False,True,False,1,Fwy_57_S_physical_run_1,34548,4142,30406,0,34548,0,0,34548,30406,30406,29830,29823,14936,14936,120,0,107,57.0/S,88.01088340859094,30406,1440,107,34548,1440,120,100.0,30406,1440,107,88.01088340859094,30406,1440,107,88.01088340859094,29830,1440,105,86.343637837212,29823,1440,105,86.32337617228204,14936,1440,53,43.232603913395856,14936,1440,53,43.232603913395856,2026-02-28|2026-05-27,True,57/S,False
763649,57,S,7,37,66070.0,,21.622,34.091304,-117.819676,0.6,ML,4,LOMA VISTA,2136,,,,True,True,15,22,718054,718052,20.662,21.862,0.9600000000000009,0.23999999999999844,False,False,718052,718054,False,False,True,2,Fwy_57_S_physical_run_2,34548,932,33616,0,34548,0,0,34548,33616,33616,33616,33616,33616,33616,120,0,118,57.0/S,97.30230404075488,33616,1440,118,34548,1440,120,100.0,33616,1440,118,97.30230404075488,33616,1440,118,97.30230404075488,33616,1440,118,97.30230404075488,33616,1440,118,97.30230404075488,33616,1440,118,97.30230404075488,33616,1440,118,97.30230404075488,2026-02-28|2026-05-27,True,57/S,False
774800,57,S,7,37,66070.0,,22.402,34.10267,-117.819835,0.32,ML,5,E/O CIENEGA AVE,2515,,,,True,True,17,22,718052,768779,21.862,22.502,0.5400000000000027,0.09999999999999787,False,True,768779,718052,True,False,True,3,Fwy_57_S_physical_run_3,34548,2084,32464,0,34548,0,0,34548,32464,32464,32461,32461,32461,0,120,0,114,57.0/S,93.967812897997,32464,1440,114,34548,1440,120,100.0,32464,1440,114,93.967812897997,32464,1440,114,93.967812897997,32461,1440,114,93.95912932731272,32461,1440,114,93.95912932731272,32461,1440,114,93.95912932731272,0,0,0,0.0,2026-02-28|2026-05-27,True,57/S,False
768779,57,S,7,37,66070.0,,22.502,34.104041,-117.82037,0.16,ML,4,ARROW HWY 1,4275,,,,True,True,18,22,774800,718050,22.402,22.722,0.09999999999999787,0.22000000000000242,True,False,718050,774800,False,True,False,3,Fwy_57_S_physical_run_3,34548,932,33616,0,34548,0,0,34548,33616,33616,33616,33616,33616,33616,120,0,118,57.0/S,97.30230404075488,33616,1440,118,34548,1440,120,100.0,33616,1440,118,97.30230404075488,33616,1440,118,97.30230404075488,33616,1440,118,97.30230404075488,33616,1440,118,97.30230404075488,33616,1440,118,97.30230404075488,33616,1440,118,97.30230404075488,2026-02-28|2026-05-27,True,57/S,False
774475,60,E,7,37,58072.0,,27.941,34.025037,-117.774955,1.42,ML,4,PHILLIPS RANCH RD,4036,,,,True,True,64,70,766661,766569,25.841,28.681,2.099999999999998,0.740000000000002,False,False,766661,766569,False,False,True,1,Fwy_60_E_physical_run_1,34548,2356,32192,0,34548,0,0,34548,32192,32192,31903,28457,17238,17238,120,0,113,60.0/E,93.18050248929026,32192,1440,113,34548,1440,120,100.0,32192,1440,113,93.18050248929026,32192,1440,113,93.18050248929026,31903,1440,112,92.34398518003935,28457,1440,100,82.36945698737988,17238,1440,61,49.89579715178881,17238,1440,61,49.89579715178881,2026-02-28|2026-05-27,True,60/E,False
766600,60,E,7,37,58072.0,,29.111,34.024058,-117.755124,0.305,ML,4,E/B 60 W/O 71,2655,,,,True,True,66,70,766569,766644,28.681,29.291,0.4299999999999997,0.17999999999999972,False,False,766569,766644,False,False,True,2,Fwy_60_E_physical_run_2,34548,4377,30171,0,34548,0,0,34548,30171,30171,29881,20373,8863,8863,120,0,106,60.0/E,87.33067037165682,30171,1440,106,34548,1440,120,100.0,30171,1440,106,87.33067037165682,30171,1440,106,87.33067037165682,29881,1440,105,86.4912585388445,20373,1440,72,58.97012851684613,8863,1440,32,25.654162324881323,8863,1440,32,25.654162324881323,2026-02-28|2026-05-27,True,60/E,False
766620,60,E,7,37,58072.0,,29.651,34.023534,-117.745774,0.29,ML,4,RTE 71 / GAREY AVE 2,4037,,,,True,True,68,70,766644,766585,29.291,29.871,0.35999999999999943,0.21999999999999886,False,True,766644,766585,False,True,True,3,Fwy_60_E_physical_run_3,34548,4952,29596,0,34548,0,0,34548,29596,29596,29308,29308,28155,28155,120,0,104,60.0/E,85.66631932383929,29596,1440,104,34548,1440,120,100.0,29596,1440,104,85.66631932383929,29596,1440,104,85.66631932383929,29308,1440,103,84.83269653814982,29308,1440,103,84.83269653814982,28155,1440,99,81.4953108718305,28155,1440,99,81.4953108718305,2026-02-28|2026-05-27,True,60/E,False
766585,60,E,7,37,58072.0,,29.871,34.024073,-117.742058,0.43,ML,4,W/O TOWNE AVE,2656,,,,True,True,69,70,766620,766843,29.651,30.512,0.21999999999999886,0.6410000000000018,True,True,766620,766843,True,True,False,3,Fwy_60_E_physical_run_3,34548,3473,31075,0,34548,0,0,34548,31075,31075,31075,31075,20128,20128,120,0,108,60.0/E,89.94731967118213,31075,1440,108,34548,1440,120,100.0,31075,1440,108,89.94731967118213,31075,1440,108,89.94731967118213,31075,1440,108,89.94731967118213,31075,1440,108,89.94731967118213,20128,1440,70,58.26097024429779,20128,1440,70,58.26097024429779,2026-02-28|2026-05-27,True,60/E,False
766843,60,E,7,37,58072.0,,30.512,34.024861,-117.730929,0.408,ML,4,RESERVOIR,4814,,,,True,True,70,70,766585,,29.871,,0.6410000000000018,,True,False,766585,,True,False,False,3,Fwy_60_E_physical_run_3,34548,6354,28194,0,34548,0,0,34548,28194,28194,27906,27906,27905,27905,120,0,98,60.0/E,81.60819729072594,28194,1440,98,34548,1440,120,100.0,28194,1440,98,81.60819729072594,28194,1440,98,81.60819729072594,27906,1440,97,80.77457450503647,27906,1440,97,80.77457450503647,27905,1440,97,80.77167998147505,27905,1440,97,80.77167998147505,2026-02-28|2026-05-27,True,60/E,False
766788,60,W,7,37,19192.0,,25.851,34.024472,-117.809793,1.433,ML,4,DIAMOND BAR,4042,,,,True,True,62,70,774926,765456,25.141,28.007,0.7100000000000009,2.1560000000000024,False,True,765456,774926,True,False,True,1,Fwy_60_W_physical_run_1,34548,4680,29868,0,34548,0,0,34548,29868,29868,29868,29867,28978,28978,120,0,105,60.0/W,86.45362973254602,29868,1440,105,34548,1440,120,100.0,29868,1440,105,86.45362973254602,29868,1440,105,86.45362973254602,29868,1440,105,86.45362973254602,29867,1440,105,86.4507352089846,28978,1440,102,83.87750376288064,28978,1440,102,83.87750376288064,2026-02-28|2026-05-27,True,60/W,False
765456,60,W,7,37,58072.0,,28.007,34.024942,-117.773813,1.145,ML,4,PHILLIPS RANCH,4041,,,,True,True,63,70,766788,774491,25.851,28.141,2.1560000000000024,0.1339999999999968,True,True,774491,766788,True,True,False,1,Fwy_60_W_physical_run_1,34548,4100,30448,0,34548,0,0,34548,30448,30448,30448,30445,30445,30445,120,0,107,60.0/W,88.13245339817067,30448,1440,107,34548,1440,120,100.0,30448,1440,107,88.13245339817067,30448,1440,107,88.13245339817067,30448,1440,107,88.13245339817067,30445,1440,107,88.1237698274864,30445,1440,107,88.1237698274864,30445,1440,107,88.1237698274864,2026-02-28|2026-05-27,True,60/W,False
774491,60,W,7,37,58072.0,,28.141,34.024242,-117.771627,0.337,ML,4,PHILLIPS RANCH W/B,4040,,,,True,True,64,70,765456,766571,28.007,28.681,0.1339999999999968,0.5400000000000027,True,False,766571,765456,False,True,False,1,Fwy_60_W_physical_run_1,34548,932,33616,0,34548,0,0,34548,33616,33616,33615,33612,32476,32476,120,0,118,60.0/W,97.30230404075488,33616,1440,118,34548,1440,120,100.0,33616,1440,118,97.30230404075488,33616,1440,118,97.30230404075488,33615,1440,118,97.29940951719348,33612,1440,118,97.2907259465092,32476,1440,114,94.00254718073406,32476,1440,114,94.00254718073406,2026-02-28|2026-05-27,True,60/W,False
766602,60,W,7,37,58072.0,,29.111,34.024322,-117.755055,0.305,ML,4,W/B 60 W/O 71,2655,,,,True,True,66,70,766571,766642,28.681,29.291,0.4299999999999997,0.17999999999999972,False,True,766642,766571,True,False,True,2,Fwy_60_W_physical_run_2,34548,4089,30459,0,34548,0,0,34548,30459,30459,30170,24309,12755,12755,120,0,107,60.0/W,88.16429315734631,30459,1440,107,34548,1440,120,100.0,30459,1440,107,88.16429315734631,30459,1440,107,88.16429315734631,30170,1440,106,87.3277758480954,24309,1440,86,70.3629732546023,12755,1440,47,36.91964802593493,12755,1440,47,36.91964802593493,2026-02-28|2026-05-27,True,60/W,False
766642,60,W,7,37,58072.0,,29.291,34.02362,-117.75203,0.27,ML,4,RTE 71 / GAREY AVE 1,4039,,,,True,True,67,70,766602,766622,29.111,29.651,0.17999999999999972,0.35999999999999943,True,True,766622,766602,True,True,False,2,Fwy_60_W_physical_run_2,34548,2937,31611,0,34548,0,0,34548,31611,31611,31610,31322,31029,31029,120,0,111,60.0/W,91.4987843001042,31611,1440,111,34548,1440,120,100.0,31611,1440,111,91.4987843001042,31611,1440,111,91.4987843001042,31610,1440,111,91.49588977654278,31322,1440,110,90.66226699085333,31029,1440,109,89.81417158735673,31029,1440,109,89.81417158735673,2026-02-28|2026-05-27,True,60/W,False
766622,60,W,7,37,58072.0,,29.651,34.023776,-117.745822,0.29,ML,4,RTE 71 / GAREY AVE 2,4037,,,,True,True,68,70,766642,766587,29.291,29.871,0.35999999999999943,0.21999999999999886,True,True,766587,766642,True,True,False,2,Fwy_60_W_physical_run_2,34548,15568,18980,0,34548,0,0,34548,18980,18980,18692,0,0,0,120,0,66,60.0/W,54.938057195785575,18980,1440,66,34548,1440,120,100.0,18980,1440,66,54.938057195785575,18980,1440,66,54.938057195785575,18692,1440,65,54.1044344100961,0,0,0,0.0,0,0,0,0.0,0,0,0,0.0,2026-02-28|2026-05-27,True,60/W,False
766587,60,W,7,37,58072.0,,29.871,34.024354,-117.742097,0.342,ML,4,W/O TOWNE AVE,2656,,,,True,True,69,70,766622,765461,29.651,30.335,0.21999999999999886,0.4640000000000022,True,True,765461,766622,True,True,False,2,Fwy_60_W_physical_run_2,34548,3473,31075,0,34548,0,0,34548,31075,31075,30780,8761,826,826,120,0,108,60.0/W,89.94731967118213,31075,1440,108,34548,1440,120,100.0,31075,1440,108,89.94731967118213,31075,1440,108,89.94731967118213,30780,1440,107,89.0934352205627,8761,1440,32,25.358920921616303,826,730,3,2.3908764617343987,826,730,3,2.3908764617343987,2026-02-28|2026-05-27,True,60/W,False
765461,60,W,7,37,58072.0,,30.335,34.025041,-117.73416,0.497,ML,4,RESERVOIR,4038,,,,True,True,70,70,766587,,29.871,,0.4640000000000022,,True,False,,766587,False,True,False,2,Fwy_60_W_physical_run_2,34548,7545,27003,0,34548,0,0,34548,27003,27003,27003,27003,26139,26139,120,0,95,60.0/W,78.1608197290726,27003,1440,95,34548,1440,120,100.0,27003,1440,95,78.1608197290726,27003,1440,95,78.1608197290726,27003,1440,95,78.1608197290726,27003,1440,95,78.1608197290726,26139,1440,92,75.65995137200417,26139,1440,92,75.65995137200417,2026-02-28|2026-05-27,True,60/W,False
774279,90,E,7,37,44000.0,2.42,2.466,33.988048,-118.402906,1.822,ML,3,W/O RTE 405,2928,,,,True,True,6,6,774302,,0.689,,1.7770000000000001,,False,False,774302,,False,False,True,1,Fwy_90_E_physical_run_1,34548,2660,31888,0,34548,0,0,34548,31888,31888,29624,29624,0,0,120,0,112,90.0/E,92.30056732661804,31888,1440,112,34548,1440,120,100.0,31888,1440,112,92.30056732661804,31888,1440,112,92.30056732661804,29624,1440,103,85.7473659835591,29624,1440,103,85.7473659835591,0,0,0,0.0,0,0,0,0.0,2026-02-28|2026-05-27,True,90/E,False
774278,90,W,7,37,44000.0,2.42,2.466,33.988276,-118.40316,1.822,ML,3,W/O RTE 405,2928,,,,True,True,6,6,774301,,0.689,,1.7770000000000001,,False,False,,774301,False,False,True,1,Fwy_90_W_physical_run_1,34548,2660,31888,0,34548,0,0,34548,31888,31888,31825,31825,0,0,120,0,112,90.0/W,92.30056732661804,31888,1440,112,34548,1440,120,100.0,31888,1440,112,92.30056732661804,31888,1440,112,92.30056732661804,31825,1440,112,92.11821234224848,31825,1440,112,92.11821234224848,0,0,0,0.0,0,0,0,0.0,2026-02-28|2026-05-27,True,90/W,False
717367,91,E,7,37,11530.0,,1.158,33.872471,-118.27074,0.495,ML,5,MAIN,4513,,,,True,True,3,35,716273,717369,0.558,1.548,0.5999999999999999,0.3900000000000001,False,True,716273,717369,False,True,True,1,Fwy_91_E_physical_run_1,34548,16437,18111,0,34548,0,0,34548,18111,18111,17556,17556,15830,14018,120,0,63,91.0/E,52.42271622091004,18111,1440,63,34548,1440,120,100.0,18111,1440,63,52.42271622091004,18111,1440,63,52.42271622091004,17556,1440,61,50.81625564432095,17556,1440,61,50.81625564432095,15830,1440,55,45.82030797730693,14018,1440,49,40.575431284010655,2026-02-28|2026-05-27,True,91/E,False
717369,91,E,7,37,11530.0,,1.548,33.873324,-118.264042,0.325,ML,4,AVALON 1,4139,,,,True,True,4,35,717367,718130,1.158,1.808,0.3900000000000001,0.26,True,True,717367,718130,True,True,False,1,Fwy_91_E_physical_run_1,34548,13550,20998,0,34548,0,0,34548,20998,20998,20994,20994,20706,20706,120,0,73,91.0/E,60.779205742734746,20998,1440,73,34548,1440,120,100.0,20998,1440,73,60.779205742734746,20998,1440,73,60.779205742734746,20994,1440,73,60.76762764848906,20994,1440,73,60.76762764848906,20706,1440,72,59.93400486279958,20706,1440,72,59.93400486279958,2026-02-28|2026-05-27,True,91/E,False
718130,91,E,7,37,11530.0,,1.808,33.873486,-118.259531,0.36,ML,4,AVALON 2,4076,,,,True,True,5,35,717369,717376,1.548,2.268,0.26,0.45999999999999974,True,False,717369,717376,True,False,False,1,Fwy_91_E_physical_run_1,34548,31420,3128,0,34548,0,0,34548,3128,3128,3128,3128,3128,3128,120,0,12,91.0/E,9.05406970012736,3128,1440,12,34548,1440,120,100.0,3128,1440,12,9.05406970012736,3128,1440,12,9.05406970012736,3128,1440,12,9.05406970012736,3128,1440,12,9.05406970012736,3128,1440,12,9.05406970012736,3128,1440,12,9.05406970012736,2026-02-28|2026-05-27,True,91/E,False
717373,91,E,7,37,11530.0,,2.578,33.873339,-118.246168,0.42,ML,4,CENTRAL 2,4077,,,,True,True,7,35,717376,717379,2.268,3.108,0.31000000000000005,0.5300000000000002,False,False,717376,717379,False,False,True,2,Fwy_91_E_physical_run_2,34548,2647,31901,0,34548,0,0,34548,31901,31901,31901,31901,31901,31901,120,0,112,91.0/E,92.33819613291652,31901,1440,112,34548,1440,120,100.0,31901,1440,112,92.33819613291652,31901,1440,112,92.33819613291652,31901,1440,112,92.33819613291652,31901,1440,112,92.33819613291652,31901,1440,112,92.33819613291652,31901,1440,112,92.33819613291652,2026-02-28|2026-05-27,True,91/E,False
717387,91,E,7,37,15044.0,,4.478,33.873361,-118.213213,0.45,ML,4,SANTA FE,4080,,,,True,True,11,35,717383,717390,4.128,5.028,0.34999999999999964,0.5499999999999998,False,True,717383,717390,False,True,True,3,Fwy_91_E_physical_run_3,34548,32820,1728,0,34548,0,0,34548,1728,1728,1728,1728,1728,1728,120,0,6,91.0/E,5.001736714136853,1728,1440,6,34548,1440,120,100.0,1728,1440,6,5.001736714136853,1728,1440,6,5.001736714136853,1728,1440,6,5.001736714136853,1728,1440,6,5.001736714136853,1728,1440,6,5.001736714136853,1728,1440,6,5.001736714136853,2026-02-28|2026-05-27,True,91/E,False
717390,91,E,7,37,15044.0,,5.028,33.872655,-118.203751,0.65,ML,5,LONG BEACH 1,4081,,,,True,True,12,35,717387,717393,4.478,5.778,0.5499999999999998,0.75,True,False,717387,717393,True,False,False,3,Fwy_91_E_physical_run_3,34548,32532,2016,0,34548,0,0,34548,2016,2016,2016,2016,2016,2016,120,0,7,91.0/E,5.835359499826328,2016,1440,7,34548,1440,120,100.0,2016,1440,7,5.835359499826328,2016,1440,7,5.835359499826328,2016,1440,7,5.835359499826328,2016,1440,7,5.835359499826328,2016,1440,7,5.835359499826328,2016,1440,7,5.835359499826328,2026-02-28|2026-05-27,True,91/E,False
717396,91,E,7,37,43000.0,,6.198,33.876737,-118.184403,0.395,ML,5,ATLANTIC 2,3292,,,,True,True,14,35,717393,716296,5.778,6.568,0.4200000000000008,0.3699999999999992,False,True,717393,716296,False,True,True,4,Fwy_91_E_physical_run_4,34548,9517,25031,0,34548,0,0,34548,25031,25031,25031,25031,25031,25030,120,0,87,91.0/E,72.45281926594882,25031,1440,87,34548,1440,120,100.0,25031,1440,87,72.45281926594882,25031,1440,87,72.45281926594882,25031,1440,87,72.45281926594882,25031,1440,87,72.45281926594882,25031,1440,87,72.45281926594882,25030,1440,87,72.44992474238741,2026-02-28|2026-05-27,True,91/E,False
716296,91,E,7,37,43000.0,,6.568,33.876767,-118.177981,0.53,ML,5,ORANGE,2168,,,,True,True,15,35,717396,717402,6.198,7.258,0.3699999999999992,0.6900000000000004,True,False,717396,717402,True,False,False,4,Fwy_91_E_physical_run_4,34548,29940,4608,0,34548,0,0,34548,4608,4608,4608,4473,0,0,120,0,16,91.0/E,13.337964571031607,4608,1440,16,34548,1440,120,100.0,4608,1440,16,13.337964571031607,4608,1440,16,13.337964571031607,4608,1440,16,13.337964571031607,4473,1440,16,12.947203890239669,0,0,0,0.0,0,0,0,0.0,2026-02-28|2026-05-27,True,91/E,False
717406,91,E,7,37,43000.0,,7.688,33.876265,-118.158652,0.475,ML,4,PARAMOUNT,3294,,,,True,True,17,35,717402,765467,7.258,8.208,0.4299999999999997,0.5200000000000005,False,False,717402,765467,False,False,True,5,Fwy_91_E_physical_run_5,34548,22188,12360,0,34548,0,0,34548,12360,12360,12359,12359,12359,12359,120,0,43,91.0/E,35.77631121917332,12360,1440,43,34548,1440,120,100.0,12360,1440,43,35.77631121917332,12360,1440,43,35.77631121917332,12359,1440,43,35.7734166956119,12359,1440,43,35.7734166956119,12359,1440,43,35.7734166956119,12359,1440,43,35.7734166956119,2026-02-28|2026-05-27,True,91/E,False
717418,91,E,7,37,4982.0,,8.798,33.877024,-118.139428,0.315,ML,4,LAKEWOOD 2,3296,,,,True,True,20,35,718326,717420,8.588,9.218,0.21000000000000085,0.41999999999999993,False,False,718326,717420,False,False,True,6,Fwy_91_E_physical_run_6,34548,24785,9763,0,34548,0,0,34548,9763,9763,9763,9474,1440,1440,120,0,34,91.0/E,28.259233530160937,9763,1440,34,34548,1440,120,100.0,9763,1440,34,28.259233530160937,9763,1440,34,28.259233530160937,9763,1440,34,28.259233530160937,9474,1440,33,27.42271622091004,1440,1440,5,4.168113928447378,1440,1440,5,4.168113928447378,2026-02-28|2026-05-27,True,91/E,False
768898,91,E,7,37,4982.0,,9.538,33.876002,-118.126736,0.27,ML,5,BELLFLOWER 1,3323,,,,True,True,22,35,717420,717426,9.218,9.758,0.3200000000000003,0.21999999999999886,False,True,717420,717426,False,True,True,7,Fwy_91_E_physical_run_7,34548,32244,2304,0,34548,0,0,34548,2304,2304,2304,2304,2304,2304,120,0,8,91.0/E,6.6689822855158045,2304,1440,8,34548,1440,120,100.0,2304,1440,8,6.6689822855158045,2304,1440,8,6.6689822855158045,2304,1440,8,6.6689822855158045,2304,1440,8,6.6689822855158045,2304,1440,8,6.6689822855158045,2304,1440,8,6.6689822855158045,2026-02-28|2026-05-27,True,91/E,False
717426,91,E,7,37,4982.0,,9.758,33.87605,-118.122915,0.34,ML,5,BELLFLOWER 2,3298,,,,True,True,23,35,768898,716312,9.538,10.218,0.21999999999999886,0.46000000000000085,True,False,768898,716312,True,False,False,7,Fwy_91_E_physical_run_7,34548,18156,16392,0,34548,0,0,34548,16392,16392,16104,15816,15816,14080,120,0,57,91.0/E,47.44703021882598,16392,1440,57,34548,1440,120,100.0,16392,1440,57,47.44703021882598,16392,1440,57,47.44703021882598,16104,1440,56,46.61340743313651,15816,1440,55,45.77978464744703,15816,1440,55,45.77978464744703,14080,1440,49,40.7548917448188,2026-02-28|2026-05-27,True,91/E,False
717431,91,E,7,37,2896.0,,11.958,33.876317,-118.084773,0.42,ML,4,PIONEER 1,3300,,,,True,True,27,35,766209,717434,11.368,12.208,0.5899999999999999,0.25,False,True,766209,717434,False,True,True,8,Fwy_91_E_physical_run_8,34548,5610,28938,0,34548,0,0,34548,28938,28938,28938,26635,17256,17256,120,0,101,91.0/E,83.76172282042376,28938,1440,101,34548,1440,120,100.0,28938,1440,101,83.76172282042376,28938,1440,101,83.76172282042376,28938,1440,101,83.76172282042376,26635,1440,93,77.09563505846937,17256,1440,60,49.947898575894406,17256,1440,60,49.947898575894406,2026-02-28|2026-05-27,True,91/E,False
717434,91,E,7,37,2896.0,,12.208,33.876324,-118.080425,0.29,ML,4,PIONEER 2,3301,,,,True,True,28,35,717431,717436,11.958,12.538,0.25,0.33000000000000007,True,True,717431,717436,True,True,False,8,Fwy_91_E_physical_run_8,34548,1207,33341,0,34548,0,0,34548,33341,33341,33341,33341,33340,33340,120,0,117,91.0/E,96.5063100613639,33341,1440,117,34548,1440,120,100.0,33341,1440,117,96.5063100613639,33341,1440,117,96.5063100613639,33341,1440,117,96.5063100613639,33341,1440,117,96.5063100613639,33340,1440,117,96.50341553780248,33340,1440,117,96.50341553780248,2026-02-28|2026-05-27,True,91/E,False
717436,91,E,7,37,12552.0,,12.538,33.876358,-118.074686,0.28,ML,4,NORWALK 1,3302,,,,True,True,29,35,717434,717439,12.208,12.768,0.33000000000000007,0.23000000000000043,True,True,717434,717439,True,True,False,8,Fwy_91_E_physical_run_8,34548,1207,33341,0,34548,0,0,34548,33341,33341,33341,33339,33045,33045,120,0,117,91.0/E,96.5063100613639,33341,1440,117,34548,1440,120,100.0,33341,1440,117,96.5063100613639,33341,1440,117,96.5063100613639,33341,1440,117,96.5063100613639,33339,1440,117,96.50052101424106,33045,1440,116,95.64953108718304,33045,1440,116,95.64953108718304,2026-02-28|2026-05-27,True,91/E,False
717439,91,E,7,37,12552.0,,12.768,33.876366,-118.070702,0.285,ML,4,NORWALK 2,3303,,,,True,True,30,35,717436,717441,12.538,13.108,0.23000000000000043,0.33999999999999986,True,True,717436,717441,True,True,False,8,Fwy_91_E_physical_run_8,34548,13015,21533,0,34548,0,0,34548,21533,21533,21531,20905,768,768,120,0,76,91.0/E,62.327775848095406,21533,1440,76,34548,1440,120,100.0,21533,1440,76,62.327775848095406,21533,1440,76,62.327775848095406,21531,1440,76,62.32198680097256,20905,1440,74,60.51001505152252,768,1055,3,2.2229940951719347,768,1055,3,2.2229940951719347,2026-02-28|2026-05-27,True,91/E,False
717441,91,E,7,37,12552.0,,13.108,33.875647,-118.064958,0.32,ML,4,BLOOMFIELD,3318,,,,True,True,31,35,717439,759980,12.768,13.408,0.33999999999999986,0.29999999999999893,True,True,717439,759980,True,True,False,8,Fwy_91_E_physical_run_8,34548,1207,33341,0,34548,0,0,34548,33341,33341,33341,33341,33341,33341,120,0,117,91.0/E,96.5063100613639,33341,1440,117,34548,1440,120,100.0,33341,1440,117,96.5063100613639,33341,1440,117,96.5063100613639,33341,1440,117,96.5063100613639,33341,1440,117,96.5063100613639,33341,1440,117,96.5063100613639,33341,1440,117,96.5063100613639,2026-02-28|2026-05-27,True,91/E,False
759980,91,E,7,37,12552.0,,13.408,33.873306,-118.060607,0.195,ML,4,SHOEMAKER,3304,,,,True,True,32,35,717441,768223,13.108,13.498,0.29999999999999893,0.08999999999999986,True,False,717441,768223,True,False,False,8,Fwy_91_E_physical_run_8,34548,1207,33341,0,34548,0,0,34548,33341,33341,31613,17811,2591,2591,120,0,117,91.0/E,96.5063100613639,33341,1440,117,34548,1440,120,100.0,33341,1440,117,96.5063100613639,33341,1440,117,96.5063100613639,31613,1440,111,91.50457334722704,17811,1440,63,51.5543591524835,2591,1440,9,7.499710547643858,2591,1440,9,7.499710547643858,2026-02-28|2026-05-27,True,91/E,False
717443,91,E,7,37,12552.0,,14.208,33.86603,-118.049777,0.6,ML,4,183RD,3316,,,,True,True,34,35,768223,773363,13.498,14.698,0.7100000000000009,0.4900000000000002,False,False,768223,773363,False,False,True,9,Fwy_91_E_physical_run_9,34548,25045,9503,0,34548,0,0,34548,9503,9503,9503,9503,8639,8639,120,0,33,91.0/E,27.50665740419127,9503,1440,33,34548,1440,120,100.0,9503,1440,33,27.50665740419127,9503,1440,33,27.50665740419127,9503,1440,33,27.50665740419127,9503,1440,33,27.50665740419127,8639,1440,30,25.005789047122843,8639,1440,30,25.005789047122843,2026-02-28|2026-05-27,True,91/E,False
717368,91,W,7,37,11530.0,,1.548,33.873537,-118.264071,0.485,ML,4,AVALON 1,4139,,,,True,True,3,34,717365,765591,0.838,1.808,0.7100000000000001,0.26,False,True,765591,717365,True,False,True,1,Fwy_91_W_physical_run_1,34548,29359,5189,0,34548,0,0,34548,5189,5189,2339,798,0,0,120,0,100,91.0/W,15.019682760217668,5189,1410,46,34548,1440,120,100.0,5189,1410,46,15.019682760217668,5189,1410,46,15.019682760217668,2339,250,8,6.770290610165567,798,90,0,2.309829802014588,0,0,0,0.0,0,0,0,0.0,2026-05-27,True,91/W,False
765591,91,W,7,37,11530.0,,1.808,33.873665,-118.259554,0.36,ML,4,AVALON 2,4076,,,,True,True,4,34,717368,717375,1.548,2.268,0.26,0.45999999999999974,True,False,717375,717368,False,True,False,1,Fwy_91_W_physical_run_1,34548,31420,3128,0,34548,0,0,34548,3128,3128,3128,3128,3128,3128,120,0,12,91.0/W,9.05406970012736,3128,1440,12,34548,1440,120,100.0,3128,1440,12,9.05406970012736,3128,1440,12,9.05406970012736,3128,1440,12,9.05406970012736,3128,1440,12,9.05406970012736,3128,1440,12,9.05406970012736,3128,1440,12,9.05406970012736,2026-02-28|2026-05-27,True,91/W,False
717374,91,W,7,37,11530.0,,2.578,33.873522,-118.246184,0.415,ML,4,CENTRAL 2,4077,,,,True,True,6,34,717375,717378,2.268,3.098,0.31000000000000005,0.52,False,False,717378,717375,False,False,True,2,Fwy_91_W_physical_run_2,34548,2647,31901,0,34548,0,0,34548,31901,31901,31901,31901,31901,31901,120,0,112,91.0/W,92.33819613291652,31901,1440,112,34548,1440,120,100.0,31901,1440,112,92.33819613291652,31901,1440,112,92.33819613291652,31901,1440,112,92.33819613291652,31901,1440,112,92.33819613291652,31901,1440,112,92.33819613291652,31901,1440,112,92.33819613291652,2026-02-28|2026-05-27,True,91/W,False
717388,91,W,7,37,15044.0,,4.478,33.873559,-118.213194,0.45,ML,4,SANTA FE,4080,,,,True,True,10,34,717384,718327,4.128,5.028,0.34999999999999964,0.5499999999999998,False,True,718327,717384,True,False,True,3,Fwy_91_W_physical_run_3,34548,32820,1728,0,34548,0,0,34548,1728,1728,1728,1728,1728,1728,120,0,6,91.0/W,5.001736714136853,1728,1440,6,34548,1440,120,100.0,1728,1440,6,5.001736714136853,1728,1440,6,5.001736714136853,1728,1440,6,5.001736714136853,1728,1440,6,5.001736714136853,1728,1440,6,5.001736714136853,1728,1440,6,5.001736714136853,2026-02-28|2026-05-27,True,91/W,False
718327,91,W,7,37,15044.0,,5.028,33.872905,-118.203748,0.65,ML,5,LONG BEACH,4507,,,,True,True,11,34,717388,717392,4.478,5.778,0.5499999999999998,0.75,True,False,717392,717388,False,True,False,3,Fwy_91_W_physical_run_3,34548,6193,28355,0,34548,0,0,34548,28355,28355,26220,20596,4208,0,120,0,99,91.0/W,82.07421558411485,28355,1440,99,34548,1440,120,100.0,28355,1440,99,82.07421558411485,28355,1440,99,82.07421558411485,26220,1440,92,75.89440778047933,20596,1440,72,59.61560727104319,4208,1440,15,12.180155146462893,0,0,0,0.0,2026-02-28|2026-05-27,True,91/W,False
717397,91,W,7,37,43000.0,,6.198,33.87692,-118.184411,0.395,ML,4,ATLANTIC 2,3292,,,,True,True,13,34,717392,716295,5.778,6.568,0.4200000000000008,0.3699999999999992,False,True,716295,717392,True,False,True,4,Fwy_91_W_physical_run_4,34548,9517,25031,0,34548,0,0,34548,25031,25031,25031,25031,25031,25031,120,0,87,91.0/W,72.45281926594882,25031,1440,87,34548,1440,120,100.0,25031,1440,87,72.45281926594882,25031,1440,87,72.45281926594882,25031,1440,87,72.45281926594882,25031,1440,87,72.45281926594882,25031,1440,87,72.45281926594882,25031,1440,87,72.45281926594882,2026-02-28|2026-05-27,True,91/W,False
716295,91,W,7,37,43000.0,,6.568,33.876997,-118.177986,0.405,ML,5,ORANGE,2168,,,,True,True,14,34,717397,717399,6.198,7.008,0.3699999999999992,0.4400000000000004,True,True,717399,717397,True,True,False,4,Fwy_91_W_physical_run_4,34548,29940,4608,0,34548,0,0,34548,4608,4608,4608,4608,4608,4608,120,0,16,91.0/W,13.337964571031607,4608,1440,16,34548,1440,120,100.0,4608,1440,16,13.337964571031607,4608,1440,16,13.337964571031607,4608,1440,16,13.337964571031607,4608,1440,16,13.337964571031607,4608,1440,16,13.337964571031607,4608,1440,16,13.337964571031607,2026-02-28|2026-05-27,True,91/W,False
717399,91,W,7,37,43000.0,,7.008,33.876459,-118.1704,0.47,ML,5,CHERRY,3328,,,,True,True,15,34,716295,717404,6.568,7.508,0.4400000000000004,0.5,True,True,717404,716295,True,True,False,4,Fwy_91_W_physical_run_4,34548,20574,13974,0,34548,0,0,34548,13974,13974,13974,13110,13110,13110,120,0,49,91.0/W,40.44807224730809,13974,1440,49,34548,1440,120,100.0,13974,1440,49,40.44807224730809,13974,1440,49,40.44807224730809,13974,1440,49,40.44807224730809,13110,1440,46,37.94720389023966,13110,1440,46,37.94720389023966,13110,1440,46,37.94720389023966,2026-02-28|2026-05-27,True,91/W,False
717404,91,W,7,37,43000.0,,7.508,33.876117,-118.161745,0.495,ML,5,PARAMOUNT,3327,,,,True,True,16,34,717399,717410,7.008,7.998,0.5,0.4900000000000002,True,False,717410,717399,False,True,False,4,Fwy_91_W_physical_run_4,34548,15568,18980,0,34548,0,0,34548,18980,18980,18680,16723,12057,6742,120,0,66,91.0/W,54.938057195785575,18980,1440,66,34548,1440,120,100.0,18980,1440,66,54.938057195785575,18980,1440,66,54.938057195785575,18680,1440,65,54.069700127359035,16723,1440,59,48.40511751765659,12057,1440,43,34.89927058006252,6742,1440,25,19.51487785110571,2026-02-28|2026-05-27,True,91/W,False
717413,91,W,7,37,4982.0,,8.548,33.877179,-118.143773,0.325,ML,4,LAKEWOOD 1,3325,,,,True,True,18,34,717410,717416,7.998,8.648,0.5499999999999998,0.09999999999999964,False,False,717416,717410,False,False,True,5,Fwy_91_W_physical_run_5,34548,32244,2304,0,34548,0,0,34548,2304,2304,2304,2304,2304,2304,120,0,8,91.0/W,6.6689822855158045,2304,1440,8,34548,1440,120,100.0,2304,1440,8,6.6689822855158045,2304,1440,8,6.6689822855158045,2304,1440,8,6.6689822855158045,2304,1440,8,6.6689822855158045,2304,1440,8,6.6689822855158045,2304,1440,8,6.6689822855158045,2026-02-28|2026-05-27,True,91/W,False
717424,91,W,7,37,4982.0,,9.538,33.87621,-118.126705,0.27,ML,4,BELLFLOWER 1,3323,,,,True,True,21,34,717421,768907,9.218,9.758,0.3200000000000003,0.21999999999999886,False,True,768907,717421,True,False,True,6,Fwy_91_W_physical_run_6,34548,32244,2304,0,34548,0,0,34548,2304,2304,2304,2304,2302,2302,120,0,8,91.0/W,6.6689822855158045,2304,1440,8,34548,1440,120,100.0,2304,1440,8,6.6689822855158045,2304,1440,8,6.6689822855158045,2304,1440,8,6.6689822855158045,2304,1440,8,6.6689822855158045,2302,1440,8,6.66319323839296,2302,1440,8,6.66319323839296,2026-02-28|2026-05-27,True,91/W,False
768907,91,W,7,37,4982.0,,9.758,33.876256,-118.122877,0.34,ML,4,BELLFLOWER 2,3298,,,,True,True,22,34,717424,716311,9.538,10.218,0.21999999999999886,0.46000000000000085,True,False,716311,717424,False,True,False,6,Fwy_91_W_physical_run_6,34548,18444,16104,0,34548,0,0,34548,16104,16104,16104,16102,12039,12039,120,0,56,91.0/W,46.61340743313651,16104,1440,56,34548,1440,120,100.0,16104,1440,56,46.61340743313651,16104,1440,56,46.61340743313651,16104,1440,56,46.61340743313651,16102,1440,56,46.60761838601366,12039,1440,42,34.84716915595693,12039,1440,42,34.84716915595693,2026-02-28|2026-05-27,True,91/W,False
717433,91,W,7,37,2896.0,,12.208,33.87657,-118.080438,0.27,ML,4,PIONEER 2,3321,,,,True,True,27,34,717428,717435,11.958,12.498,0.25,0.28999999999999915,False,True,717435,717428,True,False,True,7,Fwy_91_W_physical_run_7,34548,1208,33340,0,34548,0,0,34548,33340,33340,33052,21502,0,0,120,0,117,91.0/W,96.50341553780248,33340,1440,117,34548,1440,120,100.0,33340,1440,117,96.50341553780248,33340,1440,117,96.50341553780248,33052,1440,116,95.669792752113,21502,1440,76,62.23804561769133,0,0,0,0.0,0,0,0,0.0,2026-02-28|2026-05-27,True,91/W,False
717435,91,W,7,37,12552.0,,12.498,33.876583,-118.075397,0.245,ML,4,NORWALK 1,3320,,,,True,True,28,34,717433,717438,12.208,12.698,0.28999999999999915,0.20000000000000107,True,False,717438,717433,False,True,False,7,Fwy_91_W_physical_run_7,34548,1207,33341,0,34548,0,0,34548,33341,33341,33053,33053,33053,33053,120,0,117,91.0/W,96.5063100613639,33341,1440,117,34548,1440,120,100.0,33341,1440,117,96.5063100613639,33341,1440,117,96.5063100613639,33053,1440,116,95.67268727567442,33053,1440,116,95.67268727567442,33053,1440,116,95.67268727567442,33053,1440,116,95.67268727567442,2026-02-28|2026-05-27,True,91/W,False
717440,91,W,7,37,12552.0,,13.058,33.876119,-118.065686,0.35,ML,4,BLOOMFIELD,3318,,,,True,True,30,34,717438,766555,12.698,13.398,0.35999999999999943,0.33999999999999986,False,False,766555,717438,False,False,True,8,Fwy_91_W_physical_run_8,34548,1207,33341,0,34548,0,0,34548,33341,33341,33341,33052,33052,33052,120,0,117,91.0/W,96.5063100613639,33341,1440,117,34548,1440,120,100.0,33341,1440,117,96.5063100613639,33341,1440,117,96.5063100613639,33341,1440,117,96.5063100613639,33052,1440,116,95.669792752113,33052,1440,116,95.669792752113,33052,1440,116,95.669792752113,2026-02-28|2026-05-27,True,91/W,False
717442,91,W,7,37,12552.0,,14.138,33.866819,-118.050661,0.6,ML,4,183RD,3316,,,,True,True,33,34,768222,773362,13.498,14.698,0.6400000000000006,0.5600000000000005,False,False,773362,768222,False,False,True,9,Fwy_91_W_physical_run_9,34548,25045,9503,0,34548,0,0,34548,9503,9503,9503,9503,3366,3366,120,0,33,91.0/W,27.50665740419127,9503,1440,33,34548,1440,120,100.0,9503,1440,33,27.50665740419127,9503,1440,33,27.50665740419127,9503,1440,33,27.50665740419127,9503,1440,33,27.50665740419127,3366,1440,12,9.742966307745744,3366,1440,12,9.742966307745744,2026-02-28|2026-05-27,True,91/W,False
776480,101,N,7,37,44000.0,0.4,1.748,34.053569,-118.231606,0.405,ML,5,VIGNES STREET,4144,,,,True,True,2,89,776425,776752,1.538,2.348,0.20999999999999996,0.5999999999999999,False,True,776425,776752,False,True,True,1,Fwy_101_N_physical_run_1,34548,19612,14936,0,34548,0,0,34548,14936,14936,10314,9464,7736,0,120,0,53,101.0/N,43.232603913395856,14936,1440,53,34548,1440,120,100.0,14936,1440,53,43.232603913395856,14936,1440,53,43.232603913395856,10314,1440,37,29.854116012504345,9464,1440,34,27.39377098529582,7736,1440,28,22.39203427115897,0,0,0,0.0,2026-02-28|2026-05-27,True,101/N,False
776752,101,N,7,37,44000.0,1.0,2.348,34.056286,-118.24115,0.34,ML,3,FIRST STREET,2002,,,,True,True,3,89,776480,773023,1.748,2.428,0.5999999999999999,0.08000000000000007,True,False,776480,773023,True,False,False,1,Fwy_101_N_physical_run_1,34548,19612,14936,0,34548,0,0,34548,14936,14936,14936,14936,14646,14646,120,0,53,101.0/N,43.232603913395856,14936,1440,53,34548,1440,120,100.0,14936,1440,53,43.232603913395856,14936,1440,53,43.232603913395856,14936,1440,53,43.232603913395856,14936,1440,53,43.232603913395856,14646,1440,52,42.39319208058354,14646,1440,52,42.39319208058354,2026-02-28|2026-05-27,True,101/N,False
717473,101,N,7,37,44000.0,6.37,7.718,34.099806,-118.315367,0.2,ML,4,HOLLYWOOD,3159,,,,True,True,17,89,717469,769372,7.448,7.848,0.2699999999999996,0.1299999999999999,False,False,717469,769372,False,False,True,2,Fwy_101_N_physical_run_2,34548,1508,33040,0,34548,0,0,34548,33040,33040,33039,33020,10217,10217,120,0,116,101.0/N,95.63505846937592,33040,1440,116,34548,1440,120,100.0,33040,1440,116,95.63505846937592,33040,1440,116,95.63505846937592,33039,1440,116,95.63216394581453,33020,1440,116,95.5771679981475,10217,1440,41,29.57334722704643,10217,1440,41,29.57334722704643,2026-02-28|2026-05-27,True,101/N,False
717483,101,N,7,37,44000.0,8.11,9.458,34.115601,-118.33666,0.45,ML,5,CAHUENGA,3165,,,,True,True,21,89,769389,769402,9.048,9.948,0.41000000000000014,0.4900000000000002,False,False,769389,769402,False,False,True,3,Fwy_101_N_physical_run_3,34548,1508,33040,0,34548,0,0,34548,33040,33040,33040,926,0,0,120,0,116,101.0/N,95.63505846937592,33040,1440,116,34548,1440,120,100.0,33040,1440,116,95.63505846937592,33040,1440,116,95.63505846937592,33040,1440,116,95.63505846937592,926,1215,4,2.6803288178765774,0,0,0,0.0,0,0,0,0.0,2026-02-28|2026-05-27,True,101/N,False
717492,101,N,7,37,44000.0,11.98,13.356,34.154581,-118.381115,0.699,ML,5,TUJUNGA,3397,,,,True,True,31,89,718141,769467,12.878,14.276,0.47799999999999976,0.9199999999999999,False,False,718141,769467,False,False,True,4,Fwy_101_N_physical_run_4,34548,3772,30776,0,34548,0,0,34548,30776,30776,30776,30776,30776,30776,120,0,107,101.0/N,89.081857126317,30776,1440,107,34548,1440,120,100.0,30776,1440,107,89.081857126317,30776,1440,107,89.081857126317,30776,1440,107,89.081857126317,30776,1440,107,89.081857126317,30776,1440,107,89.081857126317,30776,1440,107,89.081857126317,2026-02-28|2026-05-27,True,101/N,False
717501,101,N,7,37,44000.0,16.01,17.386,34.15746,-118.450006,0.55,ML,5,VAN NUYS,3401,,,,True,True,38,89,769443,769431,16.676,17.776,0.7100000000000009,0.39000000000000057,False,False,769443,769431,False,False,True,5,Fwy_101_N_physical_run_5,34548,23644,10904,0,34548,0,0,34548,10904,10904,8680,978,0,0,120,0,38,101.0/N,31.5618849137432,10904,1440,38,34548,1440,120,100.0,10904,1440,38,31.5618849137432,10904,1440,38,31.5618849137432,8680,1440,31,25.124464513141135,978,1440,4,2.83084404307051,0,0,0,0.0,0,0,0,0.0,2026-02-28|2026-05-27,True,101/N,False
717513,101,N,7,37,44000.0,21.38,22.739,34.173406,-118.538066,0.555,ML,5,RESEDA,3403,,,,True,True,49,89,776066,776060,22.319,23.429,0.4200000000000017,0.6899999999999977,False,False,776066,776060,False,False,True,6,Fwy_101_N_physical_run_6,34548,23644,10904,0,34548,0,0,34548,10904,10904,10904,10904,288,0,120,0,38,101.0/N,31.5618849137432,10904,1440,38,34548,1440,120,100.0,10904,1440,38,31.5618849137432,10904,1440,38,31.5618849137432,10904,1440,38,31.5618849137432,10904,1440,38,31.5618849137432,288,1440,1,0.8336227856894756,0,0,0,0.0,2026-02-28|2026-05-27,True,101/N,False
717515,101,N,7,37,44000.0,22.36,23.719,34.17368,-118.555198,0.315,ML,5,TAMPA,3404,,,,True,True,51,89,776060,772609,23.429,24.059,0.2900000000000027,0.33999999999999986,False,True,776060,772609,False,True,True,7,Fwy_101_N_physical_run_7,34548,23644,10904,0,34548,0,0,34548,10904,10904,10904,10904,10904,10332,120,0,38,101.0/N,31.5618849137432,10904,1440,38,34548,1440,120,100.0,10904,1440,38,31.5618849137432,10904,1440,38,31.5618849137432,10904,1440,38,31.5618849137432,10904,1440,38,31.5618849137432,10904,1440,38,31.5618849137432,10332,1440,36,29.906217436609936,2026-02-28|2026-05-27,True,101/N,False
772609,101,N,7,37,44000.0,22.7,24.059,34.173613,-118.561137,0.52,ML,5,CORBIN,2669,,,,True,True,52,89,717515,717517,23.719,24.759,0.33999999999999986,0.6999999999999993,True,False,717515,717517,True,False,False,7,Fwy_101_N_physical_run_7,34548,23644,10904,0,34548,0,0,34548,10904,10904,10904,10903,10903,0,120,0,38,101.0/N,31.5618849137432,10904,1440,38,34548,1440,120,100.0,10904,1440,38,31.5618849137432,10904,1440,38,31.5618849137432,10904,1440,38,31.5618849137432,10903,1440,38,31.558990390181776,10903,1440,38,31.558990390181776,0,0,0,0.0,2026-02-28|2026-05-27,True,101/N,False
717519,101,N,7,37,44000.0,24.45,25.809,34.168519,-118.590528,0.68,ML,5,DE SOTO,3406,,,,True,True,54,89,717517,776073,24.759,26.119,1.0500000000000007,0.3099999999999987,False,False,717517,776073,False,False,True,8,Fwy_101_N_physical_run_8,34548,23644,10904,0,34548,0,0,34548,10904,10904,10602,0,0,0,120,0,38,101.0/N,31.5618849137432,10904,1440,38,34548,1440,120,100.0,10904,1440,38,31.5618849137432,10904,1440,38,31.5618849137432,10602,1440,37,30.687738798193816,0,0,0,0.0,0,0,0,0.0,0,0,0,0.0,2026-02-28|2026-05-27,True,101/N,False
764803,101,N,7,111,78582.0,0.92,40.469,34.159878,-118.82825,0.879,ML,5,WESTLAKE 1,4503,,,,True,True,73,89,765472,764808,39.059,40.489,1.4100000000000037,0.01999999999999602,False,True,765472,764808,False,True,True,9,Fwy_101_N_physical_run_9,34548,14124,20424,0,34548,0,0,34548,20424,20424,19857,13212,4594,0,120,0,71,101.0/N,59.11774921847864,20424,1440,71,34548,1440,120,100.0,20424,1440,71,59.11774921847864,20424,1440,71,59.11774921847864,19857,1440,69,57.47655435915248,13212,1440,46,38.24244529350469,4594,1440,16,13.297441241171704,0,0,0,0.0,2026-02-28|2026-05-27,True,101/N,False
764808,101,N,7,111,78582.0,0.94,40.489,34.160056,-118.828523,0.425,ML,5,WESTLAKE 2,4502,,,,True,True,74,89,764803,764819,40.469,41.319,0.01999999999999602,0.8300000000000054,True,True,764803,764819,True,True,False,9,Fwy_101_N_physical_run_9,34548,1204,33344,0,34548,0,0,34548,33344,33344,33344,0,0,0,120,0,117,101.0/N,96.51499363204816,33344,1440,117,34548,1440,120,100.0,33344,1440,117,96.51499363204816,33344,1440,117,96.51499363204816,33344,1440,117,96.51499363204816,0,0,0,0.0,0,0,0,0.0,0,0,0,0.0,2026-02-28|2026-05-27,True,101/N,False
764819,101,N,7,111,78582.0,1.77,41.319,34.167524,-118.839757,1.115,ML,5,HAMPSHIRE,4501,,,,True,True,75,89,764808,764829,40.489,42.719,0.8300000000000054,1.3999999999999986,True,False,764808,764829,True,False,False,9,Fwy_101_N_physical_run_9,34548,1782,32766,0,34548,0,0,34548,32766,32766,32766,32766,32766,31309,120,0,115,101.0/N,94.84195901354636,32766,1440,115,34548,1440,120,100.0,32766,1440,115,94.84195901354636,32766,1440,115,94.84195901354636,32766,1440,115,94.84195901354636,32766,1440,115,94.84195901354636,32766,1440,115,94.84195901354636,31309,1440,110,90.62463818455484,2026-02-28|2026-05-27,True,101/N,False
776465,101,N,7,111,78582.0,3.44,42.989,34.176675,-118.865433,0.53,ML,4,RTE 23 CN,4571,,,,True,True,77,89,764829,764839,42.719,43.779,0.269999999999996,0.7900000000000063,False,True,764829,764839,False,True,True,10,Fwy_101_N_physical_run_10,34548,932,33616,0,34548,0,0,34548,33616,33616,33616,33616,33616,33616,120,0,118,101.0/N,97.30230404075488,33616,1440,118,34548,1440,120,100.0,33616,1440,118,97.30230404075488,33616,1440,118,97.30230404075488,33616,1440,118,97.30230404075488,33616,1440,118,97.30230404075488,33616,1440,118,97.30230404075488,33616,1440,118,97.30230404075488,2026-02-28|2026-05-27,True,101/N,False
764839,101,N,7,111,78582.0,4.23,43.779,34.1778,-118.879126,0.865,ML,4,MOORPARK,4497,,,,True,True,78,89,776465,764863,42.989,44.719,0.7900000000000063,0.9399999999999977,True,True,776465,764863,True,True,False,10,Fwy_101_N_physical_run_10,34548,13017,21531,0,34548,0,0,34548,21531,21531,21243,21243,20955,20955,120,0,76,101.0/N,62.32198680097256,21531,1440,76,34548,1440,120,100.0,21531,1440,76,62.32198680097256,21531,1440,76,62.32198680097256,21243,1440,75,61.48836401528308,21243,1440,75,61.48836401528308,20955,1440,74,60.65474122959361,20955,1440,74,60.65474122959361,2026-02-28|2026-05-27,True,101/N,False
764863,101,N,7,111,78582.0,5.17,44.719,34.184342,-118.893462,0.96,ML,3,LYNN RD,4496,,,,True,True,79,89,764839,764879,43.779,45.699,0.9399999999999977,0.9799999999999969,True,False,764839,764879,True,False,False,10,Fwy_101_N_physical_run_10,34548,6928,27620,0,34548,0,0,34548,27620,27620,27039,27039,0,0,120,0,96,101.0/N,79.94674076646984,27620,1440,96,34548,1440,120,100.0,27620,1440,96,79.94674076646984,27620,1440,96,79.94674076646984,27039,1440,94,78.26502257728377,27039,1440,94,78.26502257728377,0,0,0,0.0,0,0,0,0.0,2026-02-28|2026-05-27,True,101/N,False
764915,101,N,7,111,78582.0,8.06,47.609,34.191042,-118.941959,1.475,ML,4,WENDY 2,4490,,,,True,True,84,89,764910,764921,47.409,50.359,0.20000000000000284,2.75,False,False,764910,764921,False,False,True,11,Fwy_101_N_physical_run_11,34548,932,33616,0,34548,0,0,34548,33616,33616,33616,33616,33327,33327,120,0,118,101.0/N,97.30230404075488,33616,1440,118,34548,1440,120,100.0,33616,1440,118,97.30230404075488,33616,1440,118,97.30230404075488,33616,1440,118,97.30230404075488,33616,1440,118,97.30230404075488,33327,1440,117,96.465786731504,33327,1440,117,96.465786731504,2026-02-28|2026-05-27,True,101/N,False
764932,101,N,7,111,10046.0,12.27,51.819,34.213624,-119.007232,3.23,ML,3,PLEASANT VALLEY,4488,,,,True,True,86,89,764921,775302,50.359,59.579,1.4600000000000009,7.759999999999998,False,False,764921,775302,False,False,True,12,Fwy_101_N_physical_run_12,34548,13016,21532,0,34548,0,0,34548,21532,21532,21532,21532,21532,21532,120,0,76,101.0/N,62.32488132453398,21532,1440,76,34548,1440,120,100.0,21532,1440,76,62.32488132453398,21532,1440,76,62.32488132453398,21532,1440,76,62.32488132453398,21532,1440,76,62.32488132453398,21532,1440,76,62.32488132453398,21532,1440,76,62.32488132453398,2026-02-28|2026-05-27,True,101/N,False
767810,101,N,7,111,65042.0,,63.749,34.249209,-119.204207,4.525,ML,3,S/O VICTORIA,2750,,,,True,True,89,89,775365,,59.699,,4.050000000000004,,False,False,775365,,False,False,True,13,Fwy_101_N_physical_run_13,34548,3801,30747,0,34548,0,0,34548,30747,30747,30747,30747,30732,30732,120,0,108,101.0/N,88.99791594303578,30747,1440,108,34548,1440,120,100.0,30747,1440,108,88.99791594303578,30747,1440,108,88.99791594303578,30747,1440,108,88.99791594303578,30747,1440,108,88.99791594303578,30732,1440,108,88.95449808961445,30732,1440,108,88.95449808961445,2026-02-28|2026-05-27,True,101/N,False
776751,101,S,7,37,44000.0,1.0,2.348,34.056156,-118.241309,0.22,ML,4,FIRST STREET,2002,,,,True,True,3,98,776328,773024,1.988,2.428,0.3599999999999999,0.08000000000000007,False,False,773024,776328,False,False,True,1,Fwy_101_S_physical_run_1,34548,19612,14936,0,34548,0,0,34548,14936,14936,14936,14936,14936,14936,120,0,53,101.0/S,43.232603913395856,14936,1440,53,34548,1440,120,100.0,14936,1440,53,43.232603913395856,14936,1440,53,43.232603913395856,14936,1440,53,43.232603913395856,14936,1440,53,43.232603913395856,14936,1440,53,43.232603913395856,14936,1440,53,43.232603913395856,2026-02-28|2026-05-27,True,101/S,False
716328,101,S,7,37,44000.0,2.08,3.428,34.067067,-118.254688,0.365,ML,4,EDGEWARE,2076,,,,True,True,6,98,764853,716331,3.178,3.908,0.25,0.48,False,False,716331,764853,False,False,True,2,Fwy_101_S_physical_run_2,34548,21340,13208,0,34548,0,0,34548,13208,13208,12920,12637,4219,4219,120,0,47,101.0/S,38.230867199259,13208,1440,47,34548,1440,120,100.0,13208,1440,47,38.230867199259,13208,1440,47,38.230867199259,12920,1440,46,37.39724441356952,12637,1440,45,36.57809424568716,4219,1440,16,12.211994905638532,4219,1440,16,12.211994905638532,2026-02-28|2026-05-27,True,101/S,False
717472,101,S,7,37,44000.0,6.36,7.708,34.099575,-118.315495,0.2,ML,4,HOLLYWOOD,3159,,,,True,True,17,98,717468,769373,7.448,7.848,0.2599999999999998,0.13999999999999968,False,False,769373,717468,False,False,True,3,Fwy_101_S_physical_run_3,34548,1508,33040,0,34548,0,0,34548,33040,33040,33039,33036,6868,6868,120,0,116,101.0/S,95.63505846937592,33040,1440,116,34548,1440,120,100.0,33040,1440,116,95.63505846937592,33040,1440,116,95.63505846937592,33039,1440,116,95.63216394581453,33036,1440,116,95.62348037513026,6868,1440,27,19.879587819844858,6868,1440,27,19.879587819844858,2026-02-28|2026-05-27,True,101/S,False
717479,101,S,7,37,44000.0,6.99,8.338,34.104365,-118.323801,0.385,ML,4,ARGYLE,3162,,,,True,True,19,98,769373,717481,7.848,8.618,0.4899999999999993,0.28000000000000114,False,False,717481,769373,False,False,True,4,Fwy_101_S_physical_run_4,34548,1784,32764,0,34548,0,0,34548,32764,32764,32759,163,0,0,120,0,115,101.0/S,94.83616996642353,32764,1440,115,34548,1440,120,100.0,32764,1440,115,94.83616996642353,32764,1440,115,94.83616996642353,32759,1440,115,94.8216973486164,163,665,1,0.4718073405117517,0,0,0,0.0,0,0,0,0.0,2026-02-28|2026-05-27,True,101/S,False
717484,101,S,7,37,44000.0,8.11,9.458,34.115404,-118.336938,0.45,ML,4,CAHUENGA,3165,,,,True,True,22,98,769388,769403,9.048,9.948,0.41000000000000014,0.4900000000000002,False,False,769403,769388,False,False,True,5,Fwy_101_S_physical_run_5,34548,1508,33040,0,34548,0,0,34548,33040,33040,33039,0,0,0,120,0,116,101.0/S,95.63505846937592,33040,1440,116,34548,1440,120,100.0,33040,1440,116,95.63505846937592,33040,1440,116,95.63505846937592,33039,1440,116,95.63216394581453,0,0,0,0.0,0,0,0,0.0,0,0,0,0.0,2026-02-28|2026-05-27,True,101/S,False
717499,101,S,7,37,44000.0,15.81,17.127,34.156121,-118.44689,0.55,ML,5,VAN NUYS,3420,,,,True,True,39,98,769444,769430,16.617,17.717,0.509999999999998,0.5899999999999999,False,False,769430,769444,False,False,True,6,Fwy_101_S_physical_run_6,34548,23644,10904,0,34548,0,0,34548,10904,10904,9126,4550,710,0,120,0,38,101.0/S,31.5618849137432,10904,1440,38,34548,1440,120,100.0,10904,1440,38,31.5618849137432,10904,1440,38,31.5618849137432,9126,1440,32,26.415422021535257,4550,1440,17,13.170082204469145,710,1440,3,2.0551117286094707,0,0,0,0.0,2026-02-28|2026-05-27,True,101/S,False
764781,101,S,7,37,44000.0,17.25,18.567,34.160984,-118.470704,0.395,ML,5,RT 405 CN,2389,,,,True,True,43,98,717813,772140,18.117,18.907,0.4499999999999993,0.33999999999999986,False,False,772140,717813,False,False,True,7,Fwy_101_S_physical_run_7,34548,24796,9752,0,34548,0,0,34548,9752,9752,9752,9752,9172,0,120,0,34,101.0/S,28.227393770985294,9752,1440,34,34548,1440,120,100.0,9752,1440,34,28.227393770985294,9752,1440,34,28.227393770985294,9752,1440,34,28.227393770985294,9752,1440,34,28.227393770985294,9172,1440,32,26.548570105360657,0,0,0,0.0,2026-02-28|2026-05-27,True,101/S,False
717514,101,S,7,37,44000.0,22.07,23.402,34.173426,-118.550079,0.87,ML,5,TAMPA,3414,,,,True,True,51,98,717511,772610,22.292,24.032,1.1099999999999994,0.629999999999999,False,True,772610,717511,True,False,True,8,Fwy_101_S_physical_run_8,34548,23644,10904,0,34548,0,0,34548,10904,10904,10904,10904,10892,0,120,0,38,101.0/S,31.5618849137432,10904,1440,38,34548,1440,120,100.0,10904,1440,38,31.5618849137432,10904,1440,38,31.5618849137432,10904,1440,38,31.5618849137432,10904,1440,38,31.5618849137432,10892,1440,38,31.527150631006137,0,0,0,0.0,2026-02-28|2026-05-27,True,101/S,False
772610,101,S,7,37,44000.0,22.7,24.032,34.173421,-118.561073,0.575,ML,5,CORBIN,2669,,,,True,True,52,98,717514,717516,23.402,24.552,0.629999999999999,0.5199999999999996,True,False,717516,717514,False,True,False,8,Fwy_101_S_physical_run_8,34548,23644,10904,0,34548,0,0,34548,10904,10904,10904,10904,0,0,120,0,38,101.0/S,31.5618849137432,10904,1440,38,34548,1440,120,100.0,10904,1440,38,31.5618849137432,10904,1440,38,31.5618849137432,10904,1440,38,31.5618849137432,10904,1440,38,31.5618849137432,0,0,0,0.0,0,0,0,0.0,2026-02-28|2026-05-27,True,101/S,False
717518,101,S,7,37,44000.0,24.23,25.562,34.167855,-118.586613,0.77,ML,5,DE SOTO,3412,,,,True,True,54,98,717516,717520,24.552,26.092,1.0100000000000016,0.5299999999999976,False,False,717520,717516,False,False,True,9,Fwy_101_S_physical_run_9,34548,23644,10904,0,34548,0,0,34548,10904,10904,10897,10896,0,0,120,0,38,101.0/S,31.5618849137432,10904,1440,38,34548,1440,120,100.0,10904,1440,38,31.5618849137432,10904,1440,38,31.5618849137432,10897,1440,38,31.541623248813245,10896,1440,38,31.538728725251826,0,0,0,0.0,0,0,0,0.0,2026-02-28|2026-05-27,True,101/S,False
765150,101,S,7,111,78582.0,0.48,40.002,34.1557,-118.822425,0.487,ML,5,WESTLAKE 1,4474,,,,True,True,81,98,764622,764798,38.912,40.172,1.0900000000000034,0.1699999999999946,False,True,764798,764622,True,False,True,10,Fwy_101_S_physical_run_10,34548,1782,32766,0,34548,0,0,34548,32766,32766,32766,32766,32766,20353,120,0,115,101.0/S,94.84195901354636,32766,1440,115,34548,1440,120,100.0,32766,1440,115,94.84195901354636,32766,1440,115,94.84195901354636,32766,1440,115,94.84195901354636,32766,1440,115,94.84195901354636,32766,1440,115,94.84195901354636,20353,1440,72,58.91223804561769,2026-02-28|2026-05-27,True,101/S,False
764798,101,S,7,111,78582.0,0.65,40.172,34.157232,-118.824716,0.515,ML,5,WESTLAKE 2,4473,,,,True,True,82,98,765150,764814,40.002,41.032,0.1699999999999946,0.8599999999999994,True,True,764814,765150,True,True,False,10,Fwy_101_S_physical_run_10,34548,14412,20136,0,34548,0,0,34548,20136,20136,20136,20136,20136,20136,120,0,70,101.0/S,58.284126432789165,20136,1440,70,34548,1440,120,100.0,20136,1440,70,58.284126432789165,20136,1440,70,58.284126432789165,20136,1440,70,58.284126432789165,20136,1440,70,58.284126432789165,20136,1440,70,58.284126432789165,20136,1440,70,58.284126432789165,2026-02-28|2026-05-27,True,101/S,False
764814,101,S,7,111,78582.0,1.51,41.032,34.164951,-118.836331,1.01,ML,4,HAMPSHIRE,4475,,,,True,True,83,98,764798,764834,40.172,42.192,0.8599999999999994,1.1600000000000037,True,False,764834,764798,False,True,False,10,Fwy_101_S_physical_run_10,34548,1203,33345,0,34548,0,0,34548,33345,33345,33345,28460,14346,14346,120,0,117,101.0/S,96.51788815560958,33345,1440,117,34548,1440,120,100.0,33345,1440,117,96.51788815560958,33345,1440,117,96.51788815560958,33345,1440,117,96.51788815560958,28460,1440,100,82.37814055806415,14346,1440,51,41.524835012157,14346,1440,51,41.524835012157,2026-02-28|2026-05-27,True,101/S,False
764824,101,S,7,111,78582.0,3.06,42.582,34.175975,-118.85885,0.625,ML,4,RANCHO,4476,,,,True,True,85,98,764834,764848,42.192,43.442,0.39000000000000057,0.8599999999999994,False,True,764848,764834,True,False,True,11,Fwy_101_S_physical_run_11,34548,1203,33345,0,34548,0,0,34548,33345,33345,33345,33345,33337,33337,120,0,117,101.0/S,96.51788815560958,33345,1440,117,34548,1440,120,100.0,33345,1440,117,96.51788815560958,33345,1440,117,96.51788815560958,33345,1440,117,96.51788815560958,33345,1440,117,96.51788815560958,33337,1440,117,96.4947319671182,33337,1440,117,96.4947319671182,2026-02-28|2026-05-27,True,101/S,False
764848,101,S,7,111,78582.0,3.92,43.442,34.17712,-118.873779,0.89,ML,4,MOORPARK,4479,,,,True,True,86,98,764824,764868,42.582,44.362,0.8599999999999994,0.9200000000000017,True,False,764868,764824,False,True,False,11,Fwy_101_S_physical_run_11,34548,2648,31900,0,34548,0,0,34548,31900,31900,31900,31612,31612,31612,120,0,112,101.0/S,92.3353016093551,31900,1440,112,34548,1440,120,100.0,31900,1440,112,92.3353016093551,31900,1440,112,92.3353016093551,31900,1440,112,92.3353016093551,31612,1440,111,91.50167882366564,31612,1440,111,91.50167882366564,31612,1440,111,91.50167882366564,2026-02-28|2026-05-27,True,101/S,False
767811,101,S,7,111,65042.0,,63.722,34.248926,-119.204264,4.585,ML,3,S/O VICTORIA,2750,,,,True,True,95,98,775314,767801,59.552,69.721,4.170000000000002,5.999000000000002,False,False,767801,775314,False,False,True,12,Fwy_101_S_physical_run_12,34548,4078,30470,0,34548,0,0,34548,30470,30470,30470,30470,30468,30468,120,0,107,101.0/S,88.19613291652195,30470,1440,107,34548,1440,120,100.0,30470,1440,107,88.19613291652195,30470,1440,107,88.19613291652195,30470,1440,107,88.19613291652195,30470,1440,107,88.19613291652195,30468,1440,107,88.1903438693991,30468,1440,107,88.1903438693991,2026-02-28|2026-05-27,True,101/S,False
760375,105,W,7,37,19766.0,,16.5,33.913234,-118.12779,0.4,ML,4,BELLFLOWER 1,4583,,,,True,True,36,39,760384,760369,16.0,16.8,0.5,0.3000000000000007,False,False,760369,760384,False,False,True,1,Fwy_105_W_physical_run_1,34548,2071,32477,0,34548,0,0,34548,32477,32477,32477,32477,258,258,120,0,114,105.0/W,94.00544170429548,32477,1440,114,34548,1440,120,100.0,32477,1440,114,94.00544170429548,32477,1440,114,94.00544170429548,32477,1440,114,94.00544170429548,32477,1440,114,94.00544170429548,258,590,1,0.7467870788468218,258,590,1,0.7467870788468218,2026-02-28|2026-05-27,True,105/W,False
763367,110,N,7,37,44000.0,12.86,12.79,33.915926,-118.285841,0.445,ML,4,EL SEGUNDO,3178,,,,True,True,18,50,716490,716495,12.17,13.06,0.6199999999999992,0.27000000000000135,False,False,716490,716495,False,False,True,1,Fwy_110_N_physical_run_1,34548,33396,1152,0,34548,0,0,34548,1152,1152,1152,1152,0,0,120,0,4,110.0/N,3.3344911427579023,1152,1440,4,34548,1440,120,100.0,1152,1440,4,3.3344911427579023,1152,1440,4,3.3344911427579023,1152,1440,4,3.3344911427579023,1152,1440,4,3.3344911427579023,0,0,0,0.0,0,0,0,0.0,2026-02-28|2026-05-27,True,110/N,False
763408,110,N,7,37,44000.0,17.13,17.06,33.976848,-118.280643,0.83,ML,4,FLORENCE,3183,,,,True,True,28,50,763400,763419,15.95,17.61,1.1099999999999994,0.5500000000000007,False,False,763400,763419,False,False,True,2,Fwy_110_N_physical_run_2,34548,28500,6048,0,34548,0,0,34548,6048,6048,6047,6047,6047,6047,120,0,21,110.0/N,17.506078499478985,6048,1440,21,34548,1440,120,100.0,6048,1440,21,17.506078499478985,6048,1440,21,17.506078499478985,6047,1440,21,17.503183975917565,6047,1440,21,17.503183975917565,6047,1440,21,17.503183975917565,6047,1440,21,17.503183975917565,2026-02-28|2026-05-27,True,110/N,False
767760,110,N,7,37,44000.0,29.5,29.43,34.112828,-118.177006,1.7,ML,3,YORK BLVD,3862,,,,True,True,49,50,767751,767768,27.03,30.43,2.3999999999999986,1.0,False,False,767751,767768,False,False,True,3,Fwy_110_N_physical_run_3,34548,4966,29582,0,34548,0,0,34548,29582,29582,29306,29306,14946,14946,120,0,104,110.0/N,85.6257959939794,29582,1440,104,34548,1440,120,100.0,29582,1440,104,85.6257959939794,29582,1440,104,85.6257959939794,29306,1440,103,84.82690749102697,29306,1440,103,84.82690749102697,14946,1440,53,43.26154914901007,14946,1440,53,43.26154914901007,2026-02-28|2026-05-27,True,110/N,False
767759,110,S,7,37,44000.0,29.5,29.382,34.112945,-118.177303,1.7,ML,3,YORK BLVD,3862,,,,True,True,39,40,767750,767767,26.982,30.382,2.400000000000002,1.0,False,False,767767,767750,False,False,True,1,Fwy_110_S_physical_run_1,34548,5241,29307,0,34548,0,0,34548,29307,29307,29306,29306,29306,29306,120,0,103,110.0/S,84.8298020145884,29307,1440,103,34548,1440,120,100.0,29307,1440,103,84.8298020145884,29307,1440,103,84.8298020145884,29306,1440,103,84.82690749102697,29306,1440,103,84.82690749102697,29306,1440,103,84.82690749102697,29306,1440,103,84.82690749102697,2026-02-28|2026-05-27,True,110/S,False
760686,118,E,7,111,49138.0,,20.289,34.292788,-118.854026,2.78,ML,2,PRINCETON/LA AVE,4575,,,,True,True,1,56,,760693,,20.849,,0.5599999999999987,False,True,,760693,False,True,True,1,Fwy_118_E_physical_run_1,34548,32244,2304,0,34548,0,0,34548,2304,2304,2304,2304,2304,2304,120,0,8,118.0/E,6.6689822855158045,2304,1440,8,34548,1440,120,100.0,2304,1440,8,6.6689822855158045,2304,1440,8,6.6689822855158045,2304,1440,8,6.6689822855158045,2304,1440,8,6.6689822855158045,2304,1440,8,6.6689822855158045,2304,1440,8,6.6689822855158045,2026-02-28|2026-05-27,True,118/E,False
760693,118,E,7,111,49138.0,,20.849,34.293197,-118.84425,0.571,ML,2,COLLINS,4577,,,,True,True,2,56,760686,772132,20.289,21.431,0.5599999999999987,0.5820000000000007,True,False,760686,772132,True,False,False,1,Fwy_118_E_physical_run_1,34548,31956,2592,0,34548,0,0,34548,2592,2592,2592,2592,2592,2592,120,0,9,118.0/E,7.50260507120528,2592,1440,9,34548,1440,120,100.0,2592,1440,9,7.50260507120528,2592,1440,9,7.50260507120528,2592,1440,9,7.50260507120528,2592,1440,9,7.50260507120528,2592,1440,9,7.50260507120528,2592,1440,9,7.50260507120528,2026-02-28|2026-05-27,True,118/E,False
772118,118,E,7,111,49138.0,,23.361,34.287992,-118.801315,0.715,ML,2,W/O DUMP SITE ACCESS,2550,,,,True,True,5,56,772125,760812,22.431,23.861,0.9299999999999997,0.5,False,False,772125,760812,False,False,True,2,Fwy_118_E_physical_run_2,34548,31391,3157,0,34548,0,0,34548,3157,3157,3157,3157,3157,3157,120,0,11,118.0/E,9.13801088340859,3157,1440,11,34548,1440,120,100.0,3157,1440,11,9.13801088340859,3157,1440,11,9.13801088340859,3157,1440,11,9.13801088340859,3157,1440,11,9.13801088340859,3157,1440,11,9.13801088340859,3157,1440,11,9.13801088340859,2026-02-28|2026-05-27,True,118/E,False
760814,118,E,7,111,72016.0,,24.111,34.28279,-118.789901,0.235,ML,2,MADERA 2,4550,,,,True,True,7,56,760812,764081,23.861,24.331,0.25,0.21999999999999886,False,True,760812,764081,False,True,True,3,Fwy_118_E_physical_run_3,34548,31391,3157,0,34548,0,0,34548,3157,3157,3157,3157,3157,3157,120,0,11,118.0/E,9.13801088340859,3157,1440,11,34548,1440,120,100.0,3157,1440,11,9.13801088340859,3157,1440,11,9.13801088340859,3157,1440,11,9.13801088340859,3157,1440,11,9.13801088340859,3157,1440,11,9.13801088340859,3157,1440,11,9.13801088340859,2026-02-28|2026-05-27,True,118/E,False
764081,118,E,7,111,72016.0,,24.331,34.2822,-118.786152,0.3,ML,3,E OF MADERA,2628,,,,True,True,8,56,760814,760801,24.111,24.711,0.21999999999999886,0.379999999999999,True,True,760814,760801,True,True,False,3,Fwy_118_E_physical_run_3,34548,31973,2575,0,34548,0,0,34548,2575,2575,2575,2575,2575,2575,120,0,9,118.0/E,7.453398170661109,2575,1440,9,34548,1440,120,100.0,2575,1440,9,7.453398170661109,2575,1440,9,7.453398170661109,2575,1440,9,7.453398170661109,2575,1440,9,7.453398170661109,2575,1440,9,7.453398170661109,2575,1440,9,7.453398170661109,2026-02-28|2026-05-27,True,118/E,False
760801,118,E,7,111,72016.0,,24.711,34.282155,-118.779539,0.285,ML,3,FIRST 1,4548,,,,True,True,9,56,764081,760794,24.331,24.901,0.379999999999999,0.19000000000000128,True,False,764081,760794,True,False,False,3,Fwy_118_E_physical_run_3,34548,31391,3157,0,34548,0,0,34548,3157,3157,3157,3157,3157,3157,120,0,11,118.0/E,9.13801088340859,3157,1440,11,34548,1440,120,100.0,3157,1440,11,9.13801088340859,3157,1440,11,9.13801088340859,3157,1440,11,9.13801088340859,3157,1440,11,9.13801088340859,3157,1440,11,9.13801088340859,3157,1440,11,9.13801088340859,2026-02-28|2026-05-27,True,118/E,False
764072,118,E,7,111,72016.0,,25.131,34.282147,-118.772116,0.405,ML,3,CALDWELL,2629,,,,True,True,11,56,760794,760782,24.901,25.711,0.23000000000000043,0.5799999999999983,False,True,760794,760782,False,True,True,4,Fwy_118_E_physical_run_4,34548,31391,3157,0,34548,0,0,34548,3157,3157,3157,3157,3157,3157,120,0,11,118.0/E,9.13801088340859,3157,1440,11,34548,1440,120,100.0,3157,1440,11,9.13801088340859,3157,1440,11,9.13801088340859,3157,1440,11,9.13801088340859,3157,1440,11,9.13801088340859,3157,1440,11,9.13801088340859,3157,1440,11,9.13801088340859,2026-02-28|2026-05-27,True,118/E,False
760782,118,E,7,111,72016.0,,25.711,34.282158,-118.761848,0.385,ML,3,ERRINGER 1,4544,,,,True,True,12,56,764072,760774,25.131,25.901,0.5799999999999983,0.19000000000000128,True,True,764072,760774,True,True,False,4,Fwy_118_E_physical_run_4,34548,31391,3157,0,34548,0,0,34548,3157,3157,3157,3157,3157,3157,120,0,11,118.0/E,9.13801088340859,3157,1440,11,34548,1440,120,100.0,3157,1440,11,9.13801088340859,3157,1440,11,9.13801088340859,3157,1440,11,9.13801088340859,3157,1440,11,9.13801088340859,3157,1440,11,9.13801088340859,3157,1440,11,9.13801088340859,2026-02-28|2026-05-27,True,118/E,False
760774,118,E,7,111,72016.0,,25.901,34.282158,-118.75852,0.16,ML,3,ERRINGER 2,4542,,,,True,True,13,56,760782,764068,25.711,26.031,0.19000000000000128,0.129999999999999,True,True,760782,764068,True,True,False,4,Fwy_118_E_physical_run_4,34548,31391,3157,0,34548,0,0,34548,3157,3157,3157,3157,3157,3157,120,0,11,118.0/E,9.13801088340859,3157,1440,11,34548,1440,120,100.0,3157,1440,11,9.13801088340859,3157,1440,11,9.13801088340859,3157,1440,11,9.13801088340859,3157,1440,11,9.13801088340859,3157,1440,11,9.13801088340859,3157,1440,11,9.13801088340859,2026-02-28|2026-05-27,True,118/E,False
764068,118,E,7,111,72016.0,,26.031,34.28215,-118.756247,0.405,ML,3,ATHERWOOD,2621,,,,True,True,14,56,760774,760765,25.901,26.711,0.129999999999999,0.6799999999999997,True,True,760774,760765,True,True,False,4,Fwy_118_E_physical_run_4,34548,31391,3157,0,34548,0,0,34548,3157,3157,3157,3157,0,0,120,0,11,118.0/E,9.13801088340859,3157,1440,11,34548,1440,120,100.0,3157,1440,11,9.13801088340859,3157,1440,11,9.13801088340859,3157,1440,11,9.13801088340859,3157,1440,11,9.13801088340859,0,0,0,0.0,0,0,0,0.0,2026-02-28|2026-05-27,True,118/E,False
760765,118,E,7,111,72016.0,,26.711,34.282139,-118.744365,0.44,ML,3,SYCAMORE 1,4540,,,,True,True,15,56,764068,760756,26.031,26.911,0.6799999999999997,0.20000000000000284,True,True,764068,760756,True,True,False,4,Fwy_118_E_physical_run_4,34548,34288,260,0,34548,0,0,34548,260,260,260,260,257,257,120,0,1,118.0/E,0.7525761259696654,260,960,1,34548,1440,120,100.0,260,960,1,0.7525761259696654,260,960,1,0.7525761259696654,260,960,1,0.7525761259696654,260,960,1,0.7525761259696654,257,960,1,0.7438925552854,257,960,1,0.7438925552854,2026-02-28|2026-05-27,True,118/E,False
760756,118,E,7,111,72016.0,,26.911,34.28213,-118.740869,0.285,ML,3,SYCAMORE 2,4538,,,,True,True,16,56,760765,759142,26.711,27.281,0.20000000000000284,0.36999999999999744,True,False,760765,759142,True,False,False,4,Fwy_118_E_physical_run_4,34548,31391,3157,0,34548,0,0,34548,3157,3157,3157,3157,3157,3157,120,0,11,118.0/E,9.13801088340859,3157,1440,11,34548,1440,120,100.0,3157,1440,11,9.13801088340859,3157,1440,11,9.13801088340859,3157,1440,11,9.13801088340859,3157,1440,11,9.13801088340859,3157,1440,11,9.13801088340859,3157,1440,11,9.13801088340859,2026-02-28|2026-05-27,True,118/E,False
760746,118,E,7,111,72016.0,,28.221,34.281623,-118.718019,0.34,ML,4,TAPO CYN 1,4536,,,,True,True,19,56,764193,760738,27.731,28.411,0.48999999999999844,0.19000000000000128,False,True,764193,760738,False,True,True,5,Fwy_118_E_physical_run_5,34548,31391,3157,0,34548,0,0,34548,3157,3157,3157,3157,0,0,120,0,11,118.0/E,9.13801088340859,3157,1440,11,34548,1440,120,100.0,3157,1440,11,9.13801088340859,3157,1440,11,9.13801088340859,3157,1440,11,9.13801088340859,3157,1440,11,9.13801088340859,0,0,0,0.0,0,0,0,0.0,2026-02-28|2026-05-27,True,118/E,False
760738,118,E,7,111,72016.0,,28.411,34.281529,-118.714692,0.26,ML,4,TAPO CYN 2,4534,,,,True,True,20,56,760746,764185,28.221,28.741,0.19000000000000128,0.3299999999999983,True,True,760746,764185,True,True,False,5,Fwy_118_E_physical_run_5,34548,31391,3157,0,34548,0,0,34548,3157,3157,3157,3157,3157,3157,120,0,11,118.0/E,9.13801088340859,3157,1440,11,34548,1440,120,100.0,3157,1440,11,9.13801088340859,3157,1440,11,9.13801088340859,3157,1440,11,9.13801088340859,3157,1440,11,9.13801088340859,3157,1440,11,9.13801088340859,3157,1440,11,9.13801088340859,2026-02-28|2026-05-27,True,118/E,False
764185,118,E,7,111,72016.0,,28.741,34.281508,-118.708898,0.41,ML,4,TAPO ST,2624,,,,True,True,21,56,760738,764181,28.411,29.231,0.3299999999999983,0.490000000000002,True,True,760738,764181,True,True,False,5,Fwy_118_E_physical_run_5,34548,31391,3157,0,34548,0,0,34548,3157,3157,3157,3157,3157,3157,120,0,11,118.0/E,9.13801088340859,3157,1440,11,34548,1440,120,100.0,3157,1440,11,9.13801088340859,3157,1440,11,9.13801088340859,3157,1440,11,9.13801088340859,3157,1440,11,9.13801088340859,3157,1440,11,9.13801088340859,3157,1440,11,9.13801088340859,2026-02-28|2026-05-27,True,118/E,False
764181,118,E,7,111,72016.0,,29.231,34.281491,-118.700296,0.49,ML,4,KADOTA,2625,,,,True,True,22,56,764185,760726,28.741,29.721,0.490000000000002,0.48999999999999844,True,True,764185,760726,True,True,False,5,Fwy_118_E_physical_run_5,34548,31391,3157,0,34548,0,0,34548,3157,3157,3157,3157,3157,3157,120,0,11,118.0/E,9.13801088340859,3157,1440,11,34548,1440,120,100.0,3157,1440,11,9.13801088340859,3157,1440,11,9.13801088340859,3157,1440,11,9.13801088340859,3157,1440,11,9.13801088340859,3157,1440,11,9.13801088340859,3157,1440,11,9.13801088340859,2026-02-28|2026-05-27,True,118/E,False
760726,118,E,7,111,72016.0,,29.721,34.281486,-118.691694,0.34,ML,4,STEARNS 1,4532,,,,True,True,23,56,764181,760718,29.231,29.911,0.48999999999999844,0.19000000000000128,True,False,764181,760718,True,False,False,5,Fwy_118_E_physical_run_5,34548,31391,3157,0,34548,0,0,34548,3157,3157,3157,3157,3157,3157,120,0,11,118.0/E,9.13801088340859,3157,1440,11,34548,1440,120,100.0,3157,1440,11,9.13801088340859,3157,1440,11,9.13801088340859,3157,1440,11,9.13801088340859,3157,1440,11,9.13801088340859,3157,1440,11,9.13801088340859,3157,1440,11,9.13801088340859,2026-02-28|2026-05-27,True,118/E,False
717553,118,E,7,111,72016.0,,30.461,34.28145,-118.678709,0.215,ML,4,YOSEMITE 1,4528,,,,True,True,26,56,764173,717560,30.231,30.661,0.22999999999999687,0.20000000000000284,False,False,764173,717560,False,False,True,6,Fwy_118_E_physical_run_6,34548,31956,2592,0,34548,0,0,34548,2592,2592,2592,2592,2592,2592,120,0,9,118.0/E,7.50260507120528,2592,1440,9,34548,1440,120,100.0,2592,1440,9,7.50260507120528,2592,1440,9,7.50260507120528,2592,1440,9,7.50260507120528,2592,1440,9,7.50260507120528,2592,1440,9,7.50260507120528,2592,1440,9,7.50260507120528,2026-02-28|2026-05-27,True,118/E,False
764165,118,E,7,111,72016.0,,30.891,34.28077,-118.671276,0.545,ML,4,COCHRAN,2627,,,,True,True,28,56,717560,717565,30.661,31.751,0.22999999999999687,0.860000000000003,False,False,717560,717565,False,False,True,7,Fwy_118_E_physical_run_7,34548,31956,2592,0,34548,0,0,34548,2592,2592,2592,2592,2592,2592,120,0,9,118.0/E,7.50260507120528,2592,1440,9,34548,1440,120,100.0,2592,1440,9,7.50260507120528,2592,1440,9,7.50260507120528,2592,1440,9,7.50260507120528,2592,1440,9,7.50260507120528,2592,1440,9,7.50260507120528,2592,1440,9,7.50260507120528,2026-02-28|2026-05-27,True,118/E,False
772487,118,E,7,37,,,33.961,34.273908,-118.627732,0.696,ML,4,E/O  ROCKY PEAK,2336,,,,True,True,32,56,717568,765920,33.461,34.631,0.5,0.6700000000000017,False,True,717568,765920,False,True,True,8,Fwy_118_E_physical_run_8,34548,30815,3733,0,34548,0,0,34548,3733,3733,3733,3733,3733,3733,120,0,13,118.0/E,10.805256454787544,3733,1440,13,34548,1440,120,100.0,3733,1440,13,10.805256454787544,3733,1440,13,10.805256454787544,3733,1440,13,10.805256454787544,3733,1440,13,10.805256454787544,3733,1440,13,10.805256454787544,3733,1440,13,10.805256454787544,2026-02-28|2026-05-27,True,118/E,False
765920,118,E,7,37,,,34.631,34.276428,-118.616547,0.76,ML,4,INVERSON RD,2226,,,,True,True,33,56,772487,717525,33.961,35.481,0.6700000000000017,0.8500000000000014,True,False,772487,717525,True,False,False,8,Fwy_118_E_physical_run_8,34548,30815,3733,0,34548,0,0,34548,3733,3733,3733,3733,3733,3733,120,0,13,118.0/E,10.805256454787544,3733,1440,13,34548,1440,120,100.0,3733,1440,13,10.805256454787544,3733,1440,13,10.805256454787544,3733,1440,13,10.805256454787544,3733,1440,13,10.805256454787544,3733,1440,13,10.805256454787544,3733,1440,13,10.805256454787544,2026-02-28|2026-05-27,True,118/E,False
771706,118,E,7,37,44000.0,,37.431,34.273315,-118.56897,0.5,ML,4,PORTER RANCH,3526,,,,True,True,38,56,765941,765995,36.731,37.731,0.6999999999999957,0.30000000000000426,False,True,765941,765995,False,True,True,9,Fwy_118_E_physical_run_9,34548,30815,3733,0,34548,0,0,34548,3733,3733,3733,3733,3733,3733,120,0,13,118.0/E,10.805256454787544,3733,1440,13,34548,1440,120,100.0,3733,1440,13,10.805256454787544,3733,1440,13,10.805256454787544,3733,1440,13,10.805256454787544,3733,1440,13,10.805256454787544,3733,1440,13,10.805256454787544,3733,1440,13,10.805256454787544,2026-02-28|2026-05-27,True,118/E,False
765995,118,E,7,37,44000.0,,37.731,34.272999,-118.563764,0.39,ML,5,CORBIN AVE,2229,,,,True,True,39,56,771706,717533,37.431,38.211,0.30000000000000426,0.4799999999999969,True,True,771706,717533,True,True,False,9,Fwy_118_E_physical_run_9,34548,30815,3733,0,34548,0,0,34548,3733,3733,3733,3733,3733,3733,120,0,13,118.0/E,10.805256454787544,3733,1440,13,34548,1440,120,100.0,3733,1440,13,10.805256454787544,3733,1440,13,10.805256454787544,3733,1440,13,10.805256454787544,3733,1440,13,10.805256454787544,3733,1440,13,10.805256454787544,3733,1440,13,10.805256454787544,2026-02-28|2026-05-27,True,118/E,False
717533,118,E,7,37,44000.0,,38.211,34.272223,-118.555464,0.5,ML,4,TAMPA,3525,,,,True,True,40,56,765995,765958,37.731,38.731,0.4799999999999969,0.5200000000000031,True,True,765995,765958,True,True,False,9,Fwy_118_E_physical_run_9,34548,31967,2581,0,34548,0,0,34548,2581,2581,2581,2581,2581,2581,120,0,9,118.0/E,7.47076531202964,2581,1440,9,34548,1440,120,100.0,2581,1440,9,7.47076531202964,2581,1440,9,7.47076531202964,2581,1440,9,7.47076531202964,2581,1440,9,7.47076531202964,2581,1440,9,7.47076531202964,2581,1440,9,7.47076531202964,2026-02-28|2026-05-27,True,118/E,False
765958,118,E,7,37,44000.0,,38.731,34.273995,-118.546706,0.575,ML,4,WILBUR AVE,2230,,,,True,True,41,56,717533,717536,38.211,39.361,0.5200000000000031,0.6299999999999955,True,True,717533,717536,True,True,False,9,Fwy_118_E_physical_run_9,34548,30815,3733,0,34548,0,0,34548,3733,3733,3733,3733,3733,3733,120,0,13,118.0/E,10.805256454787544,3733,1440,13,34548,1440,120,100.0,3733,1440,13,10.805256454787544,3733,1440,13,10.805256454787544,3733,1440,13,10.805256454787544,3733,1440,13,10.805256454787544,3733,1440,13,10.805256454787544,3733,1440,13,10.805256454787544,2026-02-28|2026-05-27,True,118/E,False
717536,118,E,7,37,44000.0,,39.361,34.275083,-118.535822,0.6,ML,4,RESEDA,3524,,,,True,True,42,56,765958,766012,38.731,39.931,0.6299999999999955,0.5700000000000003,True,False,765958,766012,True,False,False,9,Fwy_118_E_physical_run_9,34548,31967,2581,0,34548,0,0,34548,2581,2581,2581,2581,2581,2581,120,0,9,118.0/E,7.47076531202964,2581,1440,9,34548,1440,120,100.0,2581,1440,9,7.47076531202964,2581,1440,9,7.47076531202964,2581,1440,9,7.47076531202964,2581,1440,9,7.47076531202964,2581,1440,9,7.47076531202964,2581,1440,9,7.47076531202964,2026-02-28|2026-05-27,True,118/E,False
766029,118,E,7,37,44000.0,,40.431,34.277793,-118.517876,0.5,ML,4,WHITE OAK AVE,2132,,,,True,True,44,56,766012,766046,39.931,40.931,0.5,0.5,False,False,766012,766046,False,False,True,10,Fwy_118_E_physical_run_10,34548,32532,2016,0,34548,0,0,34548,2016,2016,2016,2016,2016,2016,120,0,7,118.0/E,5.835359499826328,2016,1440,7,34548,1440,120,100.0,2016,1440,7,5.835359499826328,2016,1440,7,5.835359499826328,2016,1440,7,5.835359499826328,2016,1440,7,5.835359499826328,2016,1440,7,5.835359499826328,2016,1440,7,5.835359499826328,2026-02-28|2026-05-27,True,118/E,False
717539,118,E,7,37,44000.0,,41.261,34.277904,-118.503383,0.295,ML,4,BALBOA 1,3523,,,,True,True,46,56,766046,717541,40.931,41.521,0.3300000000000054,0.259999999999998,False,True,766046,717541,False,True,True,11,Fwy_118_E_physical_run_11,34548,32255,2293,0,34548,0,0,34548,2293,2293,2293,2293,0,0,120,0,8,118.0/E,6.637142526340164,2293,1440,8,34548,1440,120,100.0,2293,1440,8,6.637142526340164,2293,1440,8,6.637142526340164,2293,1440,8,6.637142526340164,2293,1440,8,6.637142526340164,0,0,0,0.0,0,0,0,0.0,2026-02-28|2026-05-27,True,118/E,False
717541,118,E,7,37,44000.0,,41.521,34.277556,-118.498886,0.39,ML,5,BALBOA 2,3522,,,,True,True,47,56,717539,717543,41.261,42.041,0.259999999999998,0.519999999999996,True,True,717539,717543,True,True,False,11,Fwy_118_E_physical_run_11,34548,31679,2869,0,34548,0,0,34548,2869,2869,2869,2869,0,0,120,0,10,118.0/E,8.304388097719116,2869,1440,10,34548,1440,120,100.0,2869,1440,10,8.304388097719116,2869,1440,10,8.304388097719116,2869,1440,10,8.304388097719116,2869,1440,10,8.304388097719116,0,0,0,0.0,0,0,0,0.0,2026-02-28|2026-05-27,True,118/E,False
717543,118,E,7,37,44000.0,,42.041,34.273127,-118.491528,0.47,ML,5,HAYVENHURST,3521,,,,True,True,48,56,717541,717547,41.521,42.461,0.519999999999996,0.4200000000000017,True,False,717541,717547,True,False,False,11,Fwy_118_E_physical_run_11,34548,31967,2581,0,34548,0,0,34548,2581,2581,2581,2581,2581,2581,120,0,9,118.0/E,7.47076531202964,2581,1440,9,34548,1440,120,100.0,2581,1440,9,7.47076531202964,2581,1440,9,7.47076531202964,2581,1440,9,7.47076531202964,2581,1440,9,7.47076531202964,2581,1440,9,7.47076531202964,2581,1440,9,7.47076531202964,2026-02-28|2026-05-27,True,118/E,False
717554,118,W,7,111,49138.0,,19.949,34.292599,-118.860081,2.935,ML,2,PRINCETON/LA AVE,4574,,,,True,True,1,54,,717566,,20.819,,0.8699999999999974,False,True,717566,,True,False,True,1,Fwy_118_W_physical_run_1,34548,32244,2304,0,34548,0,0,34548,2304,2304,2304,2304,2304,2304,120,0,8,118.0/W,6.6689822855158045,2304,1440,8,34548,1440,120,100.0,2304,1440,8,6.6689822855158045,2304,1440,8,6.6689822855158045,2304,1440,8,6.6689822855158045,2304,1440,8,6.6689822855158045,2304,1440,8,6.6689822855158045,2304,1440,8,6.6689822855158045,2026-02-28|2026-05-27,True,118/W,False
717566,118,W,7,111,49138.0,,20.819,34.293436,-118.844767,0.741,ML,2,COLLINS,4576,,,,True,True,2,54,717554,772133,19.949,21.431,0.8699999999999974,0.6120000000000019,True,False,772133,717554,False,True,False,1,Fwy_118_W_physical_run_1,34548,31956,2592,0,34548,0,0,34548,2592,2592,2592,2592,2592,2592,120,0,9,118.0/W,7.50260507120528,2592,1440,9,34548,1440,120,100.0,2592,1440,9,7.50260507120528,2592,1440,9,7.50260507120528,2592,1440,9,7.50260507120528,2592,1440,9,7.50260507120528,2592,1440,9,7.50260507120528,2592,1440,9,7.50260507120528,2026-02-28|2026-05-27,True,118/W,False
772119,118,W,7,111,49138.0,,23.361,34.288377,-118.801243,0.68,ML,2,W/O DUMP SITE ACCESS,2550,,,,True,True,5,54,772126,760869,22.431,23.791,0.9299999999999997,0.4299999999999997,False,True,760869,772126,True,False,True,2,Fwy_118_W_physical_run_2,34548,31391,3157,0,34548,0,0,34548,3157,3157,3157,3157,3157,3157,120,0,11,118.0/W,9.13801088340859,3157,1440,11,34548,1440,120,100.0,3157,1440,11,9.13801088340859,3157,1440,11,9.13801088340859,3157,1440,11,9.13801088340859,3157,1440,11,9.13801088340859,3157,1440,11,9.13801088340859,3157,1440,11,9.13801088340859,2026-02-28|2026-05-27,True,118/W,False
760869,118,W,7,111,72016.0,,23.791,34.285131,-118.79486,0.485,ML,3,MADERA 1,4819,,,,True,True,6,54,772119,764085,23.361,24.331,0.4299999999999997,0.5399999999999991,True,True,764085,772119,True,True,False,2,Fwy_118_W_physical_run_2,34548,31391,3157,0,34548,0,0,34548,3157,3157,3157,3157,3157,3157,120,0,11,118.0/W,9.13801088340859,3157,1440,11,34548,1440,120,100.0,3157,1440,11,9.13801088340859,3157,1440,11,9.13801088340859,3157,1440,11,9.13801088340859,3157,1440,11,9.13801088340859,3157,1440,11,9.13801088340859,3157,1440,11,9.13801088340859,2026-02-28|2026-05-27,True,118/W,False
764085,118,W,7,111,72016.0,,24.331,34.282499,-118.786157,0.38,ML,4,E OF MADERA,2628,,,,True,True,7,54,760869,760971,23.791,24.551,0.5399999999999991,0.21999999999999886,True,True,760971,760869,True,True,False,2,Fwy_118_W_physical_run_2,34548,31391,3157,0,34548,0,0,34548,3157,3157,3157,3157,3157,3157,120,0,11,118.0/W,9.13801088340859,3157,1440,11,34548,1440,120,100.0,3157,1440,11,9.13801088340859,3157,1440,11,9.13801088340859,3157,1440,11,9.13801088340859,3157,1440,11,9.13801088340859,3157,1440,11,9.13801088340859,3157,1440,11,9.13801088340859,2026-02-28|2026-05-27,True,118/W,False
760971,118,W,7,111,72016.0,,24.551,34.282452,-118.782329,0.245,ML,3,FIRST 1,4549,,,,True,True,8,54,764085,760959,24.331,24.821,0.21999999999999886,0.2700000000000031,True,True,760959,764085,True,True,False,2,Fwy_118_W_physical_run_2,34548,31391,3157,0,34548,0,0,34548,3157,3157,3157,3157,3157,3157,120,0,11,118.0/W,9.13801088340859,3157,1440,11,34548,1440,120,100.0,3157,1440,11,9.13801088340859,3157,1440,11,9.13801088340859,3157,1440,11,9.13801088340859,3157,1440,11,9.13801088340859,3157,1440,11,9.13801088340859,3157,1440,11,9.13801088340859,2026-02-28|2026-05-27,True,118/W,False
760959,118,W,7,111,72016.0,,24.821,34.282447,-118.777608,0.29,ML,3,FIRST 2,4547,,,,True,True,9,54,760971,764076,24.551,25.131,0.2700000000000031,0.3099999999999987,True,True,764076,760971,True,True,False,2,Fwy_118_W_physical_run_2,34548,31391,3157,0,34548,0,0,34548,3157,3157,3157,3157,3157,3157,120,0,11,118.0/W,9.13801088340859,3157,1440,11,34548,1440,120,100.0,3157,1440,11,9.13801088340859,3157,1440,11,9.13801088340859,3157,1440,11,9.13801088340859,3157,1440,11,9.13801088340859,3157,1440,11,9.13801088340859,3157,1440,11,9.13801088340859,2026-02-28|2026-05-27,True,118/W,False
764076,118,W,7,111,72016.0,,25.131,34.28245,-118.77212,0.39,ML,3,CALDWELL,2629,,,,True,True,10,54,760959,760951,24.821,25.601,0.3099999999999987,0.46999999999999886,True,False,760951,760959,False,True,False,2,Fwy_118_W_physical_run_2,34548,31391,3157,0,34548,0,0,34548,3157,3157,3157,3157,2879,2879,120,0,11,118.0/W,9.13801088340859,3157,1440,11,34548,1440,120,100.0,3157,1440,11,9.13801088340859,3157,1440,11,9.13801088340859,3157,1440,11,9.13801088340859,3157,1440,11,9.13801088340859,2879,1440,10,8.333333333333334,2879,1440,10,8.333333333333334,2026-02-28|2026-05-27,True,118/W,False
760941,118,W,7,111,72016.0,,25.781,34.28245,-118.760625,0.215,ML,3,ERRINGER 2,4543,,,,True,True,12,54,760951,764064,25.601,26.031,0.17999999999999972,0.25,False,True,764064,760951,True,False,True,3,Fwy_118_W_physical_run_3,34548,32831,1717,0,34548,0,0,34548,1717,1717,1717,1717,1717,1717,120,0,6,118.0/W,4.9698969549612135,1717,1440,6,34548,1440,120,100.0,1717,1440,6,4.9698969549612135,1717,1440,6,4.9698969549612135,1717,1440,6,4.9698969549612135,1717,1440,6,4.9698969549612135,1717,1440,6,4.9698969549612135,1717,1440,6,4.9698969549612135,2026-02-28|2026-05-27,True,118/W,False
764064,118,W,7,111,72016.0,,26.031,34.282447,-118.756252,0.41,ML,3,ATHERWOOD,2621,,,,True,True,13,54,760941,760932,25.781,26.601,0.25,0.5700000000000003,True,True,760932,760941,True,True,False,3,Fwy_118_W_physical_run_3,34548,31391,3157,0,34548,0,0,34548,3157,3157,3157,3157,3157,3157,120,0,11,118.0/W,9.13801088340859,3157,1440,11,34548,1440,120,100.0,3157,1440,11,9.13801088340859,3157,1440,11,9.13801088340859,3157,1440,11,9.13801088340859,3157,1440,11,9.13801088340859,3157,1440,11,9.13801088340859,3157,1440,11,9.13801088340859,2026-02-28|2026-05-27,True,118/W,False
760932,118,W,7,111,72016.0,,26.601,34.28243,-118.746287,0.38,ML,3,SYCAMORE 1,4541,,,,True,True,14,54,764064,760921,26.031,26.791,0.5700000000000003,0.19000000000000128,True,False,760921,764064,False,True,False,3,Fwy_118_W_physical_run_3,34548,31391,3157,0,34548,0,0,34548,3157,3157,3157,3157,2272,2272,120,0,11,118.0/W,9.13801088340859,3157,1440,11,34548,1440,120,100.0,3157,1440,11,9.13801088340859,3157,1440,11,9.13801088340859,3157,1440,11,9.13801088340859,3157,1440,11,9.13801088340859,2272,1440,8,6.576357531550307,2272,1440,8,6.576357531550307,2026-02-28|2026-05-27,True,118/W,False
760911,118,W,7,111,72016.0,,28.091,34.282189,-118.720254,0.275,ML,4,TAPO CYN 1,4537,,,,True,True,18,54,764197,760900,27.731,28.281,0.35999999999999943,0.18999999999999773,False,True,760900,764197,True,False,True,4,Fwy_118_W_physical_run_4,34548,31391,3157,0,34548,0,0,34548,3157,3157,3157,3157,3157,3157,120,0,11,118.0/W,9.13801088340859,3157,1440,11,34548,1440,120,100.0,3157,1440,11,9.13801088340859,3157,1440,11,9.13801088340859,3157,1440,11,9.13801088340859,3157,1440,11,9.13801088340859,3157,1440,11,9.13801088340859,3157,1440,11,9.13801088340859,2026-02-28|2026-05-27,True,118/W,False
760900,118,W,7,111,72016.0,,28.281,34.281851,-118.716955,0.325,ML,4,TAPO CYN 2,4535,,,,True,True,19,54,760911,764189,28.091,28.741,0.18999999999999773,0.46000000000000085,True,True,764189,760911,True,True,False,4,Fwy_118_W_physical_run_4,34548,31391,3157,0,34548,0,0,34548,3157,3157,3157,3157,0,0,120,0,11,118.0/W,9.13801088340859,3157,1440,11,34548,1440,120,100.0,3157,1440,11,9.13801088340859,3157,1440,11,9.13801088340859,3157,1440,11,9.13801088340859,3157,1440,11,9.13801088340859,0,0,0,0.0,0,0,0,0.0,2026-02-28|2026-05-27,True,118/W,False
764189,118,W,7,111,72016.0,,28.741,34.281806,-118.708876,0.475,ML,4,TAPO ST,2624,,,,True,True,20,54,760900,764177,28.281,29.231,0.46000000000000085,0.490000000000002,True,True,764177,760900,True,True,False,4,Fwy_118_W_physical_run_4,34548,31391,3157,0,34548,0,0,34548,3157,3157,3157,3157,0,0,120,0,11,118.0/W,9.13801088340859,3157,1440,11,34548,1440,120,100.0,3157,1440,11,9.13801088340859,3157,1440,11,9.13801088340859,3157,1440,11,9.13801088340859,3157,1440,11,9.13801088340859,0,0,0,0.0,0,0,0,0.0,2026-02-28|2026-05-27,True,118/W,False
764177,118,W,7,111,72016.0,,29.231,34.281788,-118.700269,0.43,ML,4,KADOTA,2625,,,,True,True,21,54,764189,760892,28.741,29.601,0.490000000000002,0.36999999999999744,True,True,760892,764189,True,True,False,4,Fwy_118_W_physical_run_4,34548,31391,3157,0,34548,0,0,34548,3157,3157,3157,3157,3156,3156,120,0,11,118.0/W,9.13801088340859,3157,1440,11,34548,1440,120,100.0,3157,1440,11,9.13801088340859,3157,1440,11,9.13801088340859,3157,1440,11,9.13801088340859,3157,1440,11,9.13801088340859,3156,1440,11,9.135116359847167,3156,1440,11,9.135116359847167,2026-02-28|2026-05-27,True,118/W,False
760892,118,W,7,111,72016.0,,29.601,34.28177,-118.693769,0.28,ML,4,STEARNS 1,4533,,,,True,True,22,54,764177,717558,29.231,29.791,0.36999999999999744,0.19000000000000128,True,False,717558,764177,False,True,False,4,Fwy_118_W_physical_run_4,34548,31391,3157,0,34548,0,0,34548,3157,3157,3157,3157,3157,3157,120,0,11,118.0/W,9.13801088340859,3157,1440,11,34548,1440,120,100.0,3157,1440,11,9.13801088340859,3157,1440,11,9.13801088340859,3157,1440,11,9.13801088340859,3157,1440,11,9.13801088340859,3157,1440,11,9.13801088340859,3157,1440,11,9.13801088340859,2026-02-28|2026-05-27,True,118/W,False
717549,118,W,7,111,72016.0,,30.291,34.281753,-118.681653,0.1,ML,4,YOSEMITE 1,4529,,,,True,True,25,54,764169,717557,30.231,30.431,0.05999999999999872,0.14000000000000057,False,False,717557,764169,False,False,True,5,Fwy_118_W_physical_run_5,34548,31956,2592,0,34548,0,0,34548,2592,2592,2592,2592,2592,2592,120,0,9,118.0/W,7.50260507120528,2592,1440,9,34548,1440,120,100.0,2592,1440,9,7.50260507120528,2592,1440,9,7.50260507120528,2592,1440,9,7.50260507120528,2592,1440,9,7.50260507120528,2592,1440,9,7.50260507120528,2592,1440,9,7.50260507120528,2026-02-28|2026-05-27,True,118/W,False
764161,118,W,7,111,72016.0,,30.891,34.281084,-118.671219,0.44,ML,4,COCHRAN,2627,,,,True,True,27,54,717557,717562,30.431,31.311,0.4599999999999973,0.4200000000000017,False,False,717562,717557,False,False,True,6,Fwy_118_W_physical_run_6,34548,31956,2592,0,34548,0,0,34548,2592,2592,2592,2592,2592,2592,120,0,9,118.0/W,7.50260507120528,2592,1440,9,34548,1440,120,100.0,2592,1440,9,7.50260507120528,2592,1440,9,7.50260507120528,2592,1440,9,7.50260507120528,2592,1440,9,7.50260507120528,2592,1440,9,7.50260507120528,2592,1440,9,7.50260507120528,2026-02-28|2026-05-27,True,118/W,False
772092,118,W,7,111,,,33.411,34.268605,-118.634966,1.075,ML,3,ROCKY PEAK 1,4152,,,,True,True,29,54,717562,760706,31.311,33.461,2.1000000000000014,0.04999999999999716,False,False,760706,717562,False,False,True,7,Fwy_118_W_physical_run_7,34548,30815,3733,0,34548,0,0,34548,3733,3733,3733,3733,3733,3733,120,0,13,118.0/W,10.805256454787544,3733,1440,13,34548,1440,120,100.0,3733,1440,13,10.805256454787544,3733,1440,13,10.805256454787544,3733,1440,13,10.805256454787544,3733,1440,13,10.805256454787544,3733,1440,13,10.805256454787544,3733,1440,13,10.805256454787544,2026-02-28|2026-05-27,True,118/W,False
772488,118,W,7,37,,,33.961,34.274157,-118.627753,0.696,ML,4,E/O  ROCKY PEAK,2336,,,,True,True,31,54,760706,765922,33.461,34.631,0.5,0.6700000000000017,False,True,765922,760706,True,False,True,8,Fwy_118_W_physical_run_8,34548,30815,3733,0,34548,0,0,34548,3733,3733,3733,3733,3733,3733,120,0,13,118.0/W,10.805256454787544,3733,1440,13,34548,1440,120,100.0,3733,1440,13,10.805256454787544,3733,1440,13,10.805256454787544,3733,1440,13,10.805256454787544,3733,1440,13,10.805256454787544,3733,1440,13,10.805256454787544,3733,1440,13,10.805256454787544,2026-02-28|2026-05-27,True,118/W,False
765922,118,W,7,37,,,34.631,34.276649,-118.616557,0.64,ML,4,INVERSON RD,2226,,,,True,True,32,54,772488,760828,33.961,35.241,0.6700000000000017,0.6099999999999994,True,False,760828,772488,False,True,False,8,Fwy_118_W_physical_run_8,34548,30815,3733,0,34548,0,0,34548,3733,3733,3733,3733,3733,3733,120,0,13,118.0/W,10.805256454787544,3733,1440,13,34548,1440,120,100.0,3733,1440,13,10.805256454787544,3733,1440,13,10.805256454787544,3733,1440,13,10.805256454787544,3733,1440,13,10.805256454787544,3733,1440,13,10.805256454787544,3733,1440,13,10.805256454787544,2026-02-28|2026-05-27,True,118/W,False
771721,118,W,7,37,44000.0,,37.391,34.273598,-118.56965,0.5,ML,4,PORTER RANCH,3517,,,,True,True,37,54,765943,765993,36.731,37.731,0.6599999999999966,0.3400000000000034,False,True,765993,765943,True,False,True,9,Fwy_118_W_physical_run_9,34548,30815,3733,0,34548,0,0,34548,3733,3733,3157,2291,0,0,120,0,13,118.0/W,10.805256454787544,3733,1440,13,34548,1440,120,100.0,3733,1440,13,10.805256454787544,3733,1440,13,10.805256454787544,3157,1440,11,9.13801088340859,2291,1440,8,6.631353479217321,0,0,0,0.0,0,0,0,0.0,2026-02-28|2026-05-27,True,118/W,False
765993,118,W,7,37,44000.0,,37.731,34.273216,-118.563746,0.33,ML,5,CORBIN AVE,2229,,,,True,True,38,54,771721,717532,37.391,38.051,0.3400000000000034,0.3200000000000003,True,False,717532,771721,False,True,False,9,Fwy_118_W_physical_run_9,34548,30815,3733,0,34548,0,0,34548,3733,3733,3733,3733,3733,0,120,0,13,118.0/W,10.805256454787544,3733,1440,13,34548,1440,120,100.0,3733,1440,13,10.805256454787544,3733,1440,13,10.805256454787544,3733,1440,13,10.805256454787544,3733,1440,13,10.805256454787544,3733,1440,13,10.805256454787544,0,0,0,0.0,2026-02-28|2026-05-27,True,118/W,False
765960,118,W,7,37,44000.0,,38.731,34.27423,-118.546666,0.565,ML,5,WILBUR AVE,2230,,,,True,True,40,54,717532,717535,38.051,39.181,0.6799999999999997,0.44999999999999574,False,True,717535,717532,True,False,True,10,Fwy_118_W_physical_run_10,34548,30815,3733,0,34548,0,0,34548,3733,3733,3733,3733,3733,3733,120,0,13,118.0/W,10.805256454787544,3733,1440,13,34548,1440,120,100.0,3733,1440,13,10.805256454787544,3733,1440,13,10.805256454787544,3733,1440,13,10.805256454787544,3733,1440,13,10.805256454787544,3733,1440,13,10.805256454787544,3733,1440,13,10.805256454787544,2026-02-28|2026-05-27,True,118/W,False
717535,118,W,7,37,44000.0,,39.181,34.274745,-118.538826,0.6,ML,4,RESEDA,3519,,,,True,True,41,54,765960,766010,38.731,39.931,0.44999999999999574,0.75,True,False,766010,765960,False,True,False,10,Fwy_118_W_physical_run_10,34548,30815,3733,0,34548,0,0,34548,3733,3733,3733,3733,3733,3733,120,0,13,118.0/W,10.805256454787544,3733,1440,13,34548,1440,120,100.0,3733,1440,13,10.805256454787544,3733,1440,13,10.805256454787544,3733,1440,13,10.805256454787544,3733,1440,13,10.805256454787544,3733,1440,13,10.805256454787544,3733,1440,13,10.805256454787544,2026-02-28|2026-05-27,True,118/W,False
766027,118,W,7,37,44000.0,,40.431,34.278043,-118.517789,0.5,ML,5,WHITE OAK AVE,2132,,,,True,True,43,54,766010,766044,39.931,40.931,0.5,0.5,False,False,766044,766010,False,False,True,11,Fwy_118_W_physical_run_11,34548,32532,2016,0,34548,0,0,34548,2016,2016,2016,2016,2016,2016,120,0,7,118.0/W,5.835359499826328,2016,1440,7,34548,1440,120,100.0,2016,1440,7,5.835359499826328,2016,1440,7,5.835359499826328,2016,1440,7,5.835359499826328,2016,1440,7,5.835359499826328,2016,1440,7,5.835359499826328,2016,1440,7,5.835359499826328,2026-02-28|2026-05-27,True,118/W,False
717537,118,W,7,37,44000.0,,41.211,34.27815,-118.504149,0.555,ML,4,BALBOA 1,3520,,,,True,True,45,54,766044,717544,40.931,42.041,0.28000000000000114,0.8299999999999983,False,True,717544,766044,True,False,True,12,Fwy_118_W_physical_run_12,34548,31967,2581,0,34548,0,0,34548,2581,2581,2581,2581,2581,2581,120,0,9,118.0/W,7.47076531202964,2581,1440,9,34548,1440,120,100.0,2581,1440,9,7.47076531202964,2581,1440,9,7.47076531202964,2581,1440,9,7.47076531202964,2581,1440,9,7.47076531202964,2581,1440,9,7.47076531202964,2581,1440,9,7.47076531202964,2026-02-28|2026-05-27,True,118/W,False
717544,118,W,7,37,44000.0,,42.041,34.273353,-118.491355,0.625,ML,5,HAYVENHURST,3521,,,,True,True,46,54,717537,717546,41.211,42.461,0.8299999999999983,0.4200000000000017,True,False,717546,717537,False,True,False,12,Fwy_118_W_physical_run_12,34548,31967,2581,0,34548,0,0,34548,2581,2581,2581,2581,2581,2581,120,0,9,118.0/W,7.47076531202964,2581,1440,9,34548,1440,120,100.0,2581,1440,9,7.47076531202964,2581,1440,9,7.47076531202964,2581,1440,9,7.47076531202964,2581,1440,9,7.47076531202964,2581,1440,9,7.47076531202964,2581,1440,9,7.47076531202964,2026-02-28|2026-05-27,True,118/W,False
760987,134,E,7,37,44000.0,2.11,2.11,34.153535,-118.339979,0.15,ML,4,HOLLYWOOD WAY,3108,,,,True,True,4,27,773880,773890,2.0,2.3,0.10999999999999988,0.18999999999999995,False,True,773880,773890,False,True,True,1,Fwy_134_E_physical_run_1,34548,7844,26704,0,34548,0,0,34548,26704,26704,26416,26416,26416,26416,120,0,94,134.0/E,77.29535718420748,26704,1440,94,34548,1440,120,100.0,26704,1440,94,77.29535718420748,26704,1440,94,77.29535718420748,26416,1440,93,76.461734398518,26416,1440,93,76.461734398518,26416,1440,93,76.461734398518,26416,1440,93,76.461734398518,2026-02-28|2026-05-27,True,134/E,False
773890,134,E,7,37,44000.0,2.3,2.3,34.152957,-118.336851,0.465,ML,4,W/O BOB HOPE,2701,,,,True,True,5,27,760987,717573,2.11,3.04,0.18999999999999995,0.7400000000000002,True,False,760987,717573,True,False,False,1,Fwy_134_E_physical_run_1,34548,2660,31888,0,34548,0,0,34548,31888,31888,31888,31888,31887,31887,120,0,112,134.0/E,92.30056732661804,31888,1440,112,34548,1440,120,100.0,31888,1440,112,92.30056732661804,31888,1440,112,92.30056732661804,31888,1440,112,92.30056732661804,31888,1440,112,92.30056732661804,31887,1440,112,92.2976728030566,31887,1440,112,92.2976728030566,2026-02-28|2026-05-27,True,134/E,False
761003,134,E,7,37,44000.0,3.88,3.88,34.155121,-118.309741,0.645,ML,4,FOREST LAWN,3110,,,,True,True,8,27,773869,718204,3.4,4.69,0.48,0.8100000000000005,False,False,773869,718204,False,False,True,2,Fwy_134_E_physical_run_2,34548,8996,25552,0,34548,0,0,34548,25552,25552,25552,25552,25552,25552,120,0,90,134.0/E,73.96086604144958,25552,1440,90,34548,1440,120,100.0,25552,1440,90,73.96086604144958,25552,1440,90,73.96086604144958,25552,1440,90,73.96086604144958,25552,1440,90,73.96086604144958,25552,1440,90,73.96086604144958,25552,1440,90,73.96086604144958,2026-02-28|2026-05-27,True,134/E,False
773904,134,E,7,37,44000.0,4.8,4.8,34.155227,-118.294082,0.155,ML,4,W/O RIVERSIDE,2523,,,,True,True,10,27,718204,773953,4.69,5.0,0.10999999999999943,0.20000000000000018,False,False,718204,773953,False,False,True,3,Fwy_134_E_physical_run_3,34548,22492,12056,0,34548,0,0,34548,12056,12056,3704,1976,1109,1109,120,0,43,134.0/E,34.8963760565011,12056,1440,43,34548,1440,120,100.0,12056,1440,43,34.8963760565011,12056,1440,43,34.8963760565011,3704,1440,14,10.72131527150631,1976,1440,8,5.719578557369457,1109,1440,5,3.210026629616765,1109,1440,5,3.210026629616765,2026-02-28|2026-05-27,True,134/E,False
773927,134,E,7,37,44000.0,,5.7,34.152895,-118.279266,0.3,ML,4,RTE 5 / ZOO DR,2395,,,,True,True,13,27,773916,717578,5.5,6.1,0.20000000000000018,0.39999999999999947,False,True,773916,717578,False,True,True,4,Fwy_134_E_physical_run_4,34548,4377,30171,0,34548,0,0,34548,30171,30171,29883,29883,29595,29595,120,0,106,134.0/E,87.33067037165682,30171,1440,106,34548,1440,120,100.0,30171,1440,106,87.33067037165682,30171,1440,106,87.33067037165682,29883,1440,105,86.49704758596735,29883,1440,105,86.49704758596735,29595,1440,104,85.66342480027788,29595,1440,104,85.66342480027788,2026-02-28|2026-05-27,True,134/E,False
717578,134,E,7,37,30000.0,,6.1,34.154438,-118.272455,0.39,ML,4,SAN FERNANDO,4191,,,,True,True,14,27,773927,717580,5.7,6.48,0.39999999999999947,0.3800000000000008,True,True,773927,717580,True,True,False,4,Fwy_134_E_physical_run_4,34548,5241,29307,0,34548,0,0,34548,29307,29307,29307,29019,29019,29019,120,0,103,134.0/E,84.8298020145884,29307,1440,103,34548,1440,120,100.0,29307,1440,103,84.8298020145884,29307,1440,103,84.8298020145884,29307,1440,103,84.8298020145884,29019,1440,102,83.99617922889892,29019,1440,102,83.99617922889892,29019,1440,102,83.99617922889892,2026-02-28|2026-05-27,True,134/E,False
717580,134,E,7,37,30000.0,,6.48,34.155877,-118.266072,0.655,ML,4,PACIFIC,4192,,,,True,True,15,27,717578,717583,6.1,7.41,0.3800000000000008,0.9299999999999997,True,True,717578,717583,True,True,False,4,Fwy_134_E_physical_run_4,34548,4665,29883,0,34548,0,0,34548,29883,29883,29883,29307,29294,29294,120,0,105,134.0/E,86.49704758596735,29883,1440,105,34548,1440,120,100.0,29883,1440,105,86.49704758596735,29883,1440,105,86.49704758596735,29883,1440,105,86.49704758596735,29307,1440,103,84.8298020145884,29294,1440,103,84.79217320828991,29294,1440,103,84.79217320828991,2026-02-28|2026-05-27,True,134/E,False
717583,134,E,7,37,30000.0,,7.41,34.156268,-118.25012,0.68,ML,4,BRAND,4194,,,,True,True,16,27,717580,717585,6.48,7.84,0.9299999999999997,0.4299999999999997,True,False,717580,717585,True,False,False,4,Fwy_134_E_physical_run_4,34548,4953,29595,0,34548,0,0,34548,29595,29595,29307,29307,28682,28682,120,0,104,134.0/E,85.66342480027788,29595,1440,104,34548,1440,120,100.0,29595,1440,104,85.66342480027788,29595,1440,104,85.66342480027788,29307,1440,103,84.8298020145884,29307,1440,103,84.8298020145884,28682,1440,101,83.02072478869978,28682,1440,101,83.02072478869978,2026-02-28|2026-05-27,True,134/E,False
718496,134,W,7,37,44000.0,1.9,1.9,34.154195,-118.343722,0.485,ML,4,ALAMEDA SB,3495,,,,True,True,3,24,717571,774204,0.95,1.92,0.95,0.020000000000000018,False,True,774204,717571,True,False,True,1,Fwy_134_W_physical_run_1,34548,2948,31600,0,34548,0,0,34548,31600,31600,31600,31599,31599,31599,120,0,111,134.0/W,91.46694454092857,31600,1440,111,34548,1440,120,100.0,31600,1440,111,91.46694454092857,31600,1440,111,91.46694454092857,31600,1440,111,91.46694454092857,31599,1440,111,91.46405001736714,31599,1440,111,91.46405001736714,31599,1440,111,91.46405001736714,2026-02-28|2026-05-27,True,134/W,False
774204,134,W,7,37,44000.0,1.92,1.92,34.154161,-118.343375,0.48,ML,4,ALAMEDA 2 NB,3160,,,,True,True,4,24,718496,717572,1.9,2.86,0.020000000000000018,0.94,True,False,717572,718496,False,True,False,1,Fwy_134_W_physical_run_1,34548,3236,31312,0,34548,0,0,34548,31312,31312,31312,31312,31312,31312,120,0,110,134.0/W,90.63332175523908,31312,1440,110,34548,1440,120,100.0,31312,1440,110,90.63332175523908,31312,1440,110,90.63332175523908,31312,1440,110,90.63332175523908,31312,1440,110,90.63332175523908,31312,1440,110,90.63332175523908,31312,1440,110,90.63332175523908,2026-02-28|2026-05-27,True,134/W,False
718499,134,W,7,37,44000.0,3.75,3.75,34.154816,-118.311893,0.645,ML,4,FOREST LAWN,3497,,,,True,True,7,24,773870,717576,3.4,4.69,0.3500000000000001,0.9400000000000004,False,False,717576,773870,False,False,True,2,Fwy_134_W_physical_run_2,34548,3236,31312,0,34548,0,0,34548,31312,31312,31312,31312,31311,31311,120,0,110,134.0/W,90.63332175523908,31312,1440,110,34548,1440,120,100.0,31312,1440,110,90.63332175523908,31312,1440,110,90.63332175523908,31312,1440,110,90.63332175523908,31312,1440,110,90.63332175523908,31311,1440,110,90.63042723167769,31311,1440,110,90.63042723167769,2026-02-28|2026-05-27,True,134/W,False
773906,134,W,7,37,44000.0,4.8,4.8,34.155435,-118.294082,0.155,ML,4,W/O RIVERSIDE,2523,,,,True,True,9,24,717576,773954,4.69,5.0,0.10999999999999943,0.20000000000000018,False,False,773954,717576,False,False,True,3,Fwy_134_W_physical_run_3,34548,22492,12056,0,34548,0,0,34548,12056,12056,12056,0,0,0,120,0,43,134.0/W,34.8963760565011,12056,1440,43,34548,1440,120,100.0,12056,1440,43,34.8963760565011,12056,1440,43,34.8963760565011,12056,1440,43,34.8963760565011,0,0,0,0.0,0,0,0,0.0,0,0,0,0.0,2026-02-28|2026-05-27,True,134/W,False
716551,134,W,7,37,30000.0,,5.983,34.154235,-118.274159,0.556,ML,4,SAN FERNANDO,3111,,,,True,True,12,24,774067,716554,5.39,6.503,0.593,0.5200000000000005,False,True,716554,774067,True,False,True,4,Fwy_134_W_physical_run_4,34548,10425,24123,0,34548,0,0,34548,24123,24123,23834,23544,23534,23534,120,0,85,134.0/W,69.82459187217783,24123,1440,85,34548,1440,120,100.0,24123,1440,85,69.82459187217783,24123,1440,85,69.82459187217783,23834,1440,84,68.98807456292694,23544,1440,83,68.14866273011462,23534,1440,83,68.1197174945004,23534,1440,83,68.1197174945004,2026-02-28|2026-05-27,True,134/W,False
716554,134,W,7,37,30000.0,,6.503,34.156198,-118.265345,0.355,ML,4,PACIFIC,3112,,,,True,True,13,24,716551,717582,5.983,6.693,0.5200000000000005,0.1899999999999995,True,True,717582,716551,True,True,False,4,Fwy_134_W_physical_run_4,34548,4665,29883,0,34548,0,0,34548,29883,29883,29883,29307,29306,29306,120,0,105,134.0/W,86.49704758596735,29883,1440,105,34548,1440,120,100.0,29883,1440,105,86.49704758596735,29883,1440,105,86.49704758596735,29883,1440,105,86.49704758596735,29307,1440,103,84.8298020145884,29306,1440,103,84.82690749102697,29306,1440,103,84.82690749102697,2026-02-28|2026-05-27,True,134/W,False
717582,134,W,7,37,30000.0,,6.693,34.156458,-118.262159,0.585,ML,4,CENTRAL,3113,,,,True,True,14,24,716554,717099,6.503,7.673,0.1899999999999995,0.9800000000000004,True,False,717099,716554,False,True,False,4,Fwy_134_W_physical_run_4,34548,4953,29595,0,34548,0,0,34548,29595,29595,29307,29307,29017,29017,120,0,104,134.0/W,85.66342480027788,29595,1440,104,34548,1440,120,100.0,29595,1440,104,85.66342480027788,29595,1440,104,85.66342480027788,29307,1440,103,84.8298020145884,29307,1440,103,84.8298020145884,29017,1440,102,83.99039018177608,29017,1440,102,83.99039018177608,2026-02-28|2026-05-27,True,134/W,False
768297,210,E,7,37,44000.0,,1.0,34.323046,-118.476388,0.89,ML,3,YARNELL ST,4228,,,,True,True,2,82,770599,768283,0.32,2.1,0.6799999999999999,1.1,False,False,770599,768283,False,False,True,1,Fwy_210_E_physical_run_1,34548,17087,17461,0,34548,0,0,34548,17461,17461,565,565,0,0,120,0,61,210.0/E,50.54127590598588,17461,1440,61,34548,1440,120,100.0,17461,1440,61,50.54127590598588,17461,1440,61,50.54127590598588,565,1440,2,1.6354058122033113,565,1440,2,1.6354058122033113,0,0,0,0.0,0,0,0,0.0,2026-02-28|2026-05-27,True,210/E,False
770544,210,E,7,37,44000.0,,7.19,34.277404,-118.391732,0.75,ML,4,TERRA BELLA,6503,,,,True,True,11,82,770331,770061,6.5,8.0,0.6900000000000004,0.8099999999999996,False,True,770331,770061,False,True,True,2,Fwy_210_E_physical_run_2,34548,22196,12352,0,34548,0,0,34548,12352,12352,0,0,0,0,120,0,43,210.0/E,35.75315503068195,12352,1440,43,34548,1440,120,100.0,12352,1440,43,35.75315503068195,12352,1440,43,35.75315503068195,0,0,0,0.0,0,0,0,0.0,0,0,0,0.0,0,0,0,0.0,2026-02-28|2026-05-27,True,210/E,False
770061,210,E,7,37,44000.0,,8.0,34.27436,-118.37804,0.705,ML,4,OSBORNE / FOOTHILL,4656,,,,True,True,12,82,770544,770556,7.19,8.6,0.8099999999999996,0.5999999999999996,True,False,770544,770556,True,False,False,2,Fwy_210_E_physical_run_2,34548,14728,19820,0,34548,0,0,34548,19820,19820,19820,19820,19820,19820,120,0,70,210.0/E,57.36945698737988,19820,1440,70,34548,1440,120,100.0,19820,1440,70,57.36945698737988,19820,1440,70,57.36945698737988,19820,1440,70,57.36945698737988,19820,1440,70,57.36945698737988,19820,1440,70,57.36945698737988,19820,1440,70,57.36945698737988,2026-02-28|2026-05-27,True,210/E,False
770089,210,E,7,37,44000.0,,11.0,34.2608,-118.331009,0.9,ML,4,SUNLAND SB,4658,,,,True,True,15,82,770076,770103,9.5,11.3,1.5,0.3000000000000007,False,False,770076,770103,False,False,True,3,Fwy_210_E_physical_run_3,34548,5828,28720,0,34548,0,0,34548,28720,28720,28720,28423,26963,26963,120,0,101,210.0/E,83.13071668403381,28720,1440,101,34548,1440,120,100.0,28720,1440,101,83.13071668403381,28720,1440,101,83.13071668403381,28720,1440,101,83.13071668403381,28423,1440,100,82.27104318629154,26963,1440,95,78.04503878661572,26963,1440,95,78.04503878661572,2026-02-28|2026-05-27,True,210/E,False
769895,210,E,7,37,30000.0,,15.68,34.230849,-118.265101,1.295,ML,4,LOWELL / HONOLULU,4233,,,,True,True,18,82,770116,769880,14.39,16.98,1.2899999999999991,1.3000000000000007,False,True,770116,769880,False,True,True,4,Fwy_210_E_physical_run_4,34548,4377,30171,0,34548,0,0,34548,30171,30171,30171,30171,30171,30171,120,0,106,210.0/E,87.33067037165682,30171,1440,106,34548,1440,120,100.0,30171,1440,106,87.33067037165682,30171,1440,106,87.33067037165682,30171,1440,106,87.33067037165682,30171,1440,106,87.33067037165682,30171,1440,106,87.33067037165682,30171,1440,106,87.33067037165682,2026-02-28|2026-05-27,True,210/E,False
769880,210,E,7,37,,,16.98,34.221426,-118.245718,0.85,ML,4,PENNSYLVANIA,4325,,,,True,True,19,82,769895,769866,15.68,17.38,1.3000000000000007,0.3999999999999986,True,True,769895,769866,True,True,False,4,Fwy_210_E_physical_run_4,34548,3513,31035,0,34548,0,0,34548,31035,31035,31035,31035,31034,31034,120,0,109,210.0/E,89.83153872872525,31035,1440,109,34548,1440,120,100.0,31035,1440,109,89.83153872872525,31035,1440,109,89.83153872872525,31035,1440,109,89.83153872872525,31035,1440,109,89.83153872872525,31034,1440,109,89.82864420516383,31034,1440,109,89.82864420516383,2026-02-28|2026-05-27,True,210/E,False
769866,210,E,7,37,,,17.38,34.218398,-118.239738,0.6,ML,4,LA CRESCENTA,4236,,,,True,True,20,82,769880,769847,16.98,18.18,0.3999999999999986,0.8000000000000007,True,True,769880,769847,True,True,False,4,Fwy_210_E_physical_run_4,34548,2084,32464,0,34548,0,0,34548,32464,32464,32464,32464,32460,32460,120,0,114,210.0/E,93.967812897997,32464,1440,114,34548,1440,120,100.0,32464,1440,114,93.967812897997,32464,1440,114,93.967812897997,32464,1440,114,93.967812897997,32464,1440,114,93.967812897997,32460,1440,114,93.9562348037513,32460,1440,114,93.9562348037513,2026-02-28|2026-05-27,True,210/E,False
769847,210,E,7,37,,,18.18,34.211728,-118.228265,0.85,ML,4,OCEAN VIEW,4237,,,,True,True,21,82,769866,770385,17.38,19.08,0.8000000000000007,0.8999999999999986,True,True,769866,770385,True,True,False,4,Fwy_210_E_physical_run_4,34548,9848,24700,0,34548,0,0,34548,24700,24700,24700,24700,24700,24700,120,0,87,210.0/E,71.49473196711821,24700,1440,87,34548,1440,120,100.0,24700,1440,87,71.49473196711821,24700,1440,87,71.49473196711821,24700,1440,87,71.49473196711821,24700,1440,87,71.49473196711821,24700,1440,87,71.49473196711821,24700,1440,87,71.49473196711821,2026-02-28|2026-05-27,True,210/E,False
770385,210,E,7,37,39003.0,,19.08,34.206925,-118.21372,0.8,ML,4,EB/NB 2 TO EB 210 CN,4334,,,,True,True,22,82,769847,769831,18.18,19.78,0.8999999999999986,0.7000000000000028,True,True,769847,769831,True,True,False,4,Fwy_210_E_physical_run_4,34548,19900,14648,0,34548,0,0,34548,14648,14648,14648,14648,14648,14648,120,0,51,210.0/E,42.39898112770638,14648,1440,51,34548,1440,120,100.0,14648,1440,51,42.39898112770638,14648,1440,51,42.39898112770638,14648,1440,51,42.39898112770638,14648,1440,51,42.39898112770638,14648,1440,51,42.39898112770638,14648,1440,51,42.39898112770638,2026-02-28|2026-05-27,True,210/E,False
769831,210,E,7,37,39003.0,,19.78,34.206745,-118.201533,0.45,ML,4,ANGELES CREST HWY SB,4239,,,,True,True,23,82,770385,769819,19.08,19.98,0.7000000000000028,0.1999999999999993,True,True,770385,769819,True,True,False,4,Fwy_210_E_physical_run_4,34548,19601,14947,0,34548,0,0,34548,14947,14947,14947,14947,14947,14947,120,0,52,210.0/E,43.264443672571495,14947,1440,52,34548,1440,120,100.0,14947,1440,52,43.264443672571495,14947,1440,52,43.264443672571495,14947,1440,52,43.264443672571495,14947,1440,52,43.264443672571495,14947,1440,52,43.264443672571495,14947,1440,52,43.264443672571495,2026-02-28|2026-05-27,True,210/E,False
769819,210,E,7,37,39003.0,,19.98,34.205892,-118.198234,0.31,ML,4,ANGELES CREST HWY NB,4240,,,,True,True,24,82,769831,769984,19.78,20.4,0.1999999999999993,0.41999999999999815,True,False,769831,769984,True,False,False,4,Fwy_210_E_physical_run_4,34548,19324,15224,0,34548,0,0,34548,15224,15224,15224,15224,15224,15224,120,0,53,210.0/E,44.066226699085334,15224,1440,53,34548,1440,120,100.0,15224,1440,53,44.066226699085334,15224,1440,53,44.066226699085334,15224,1440,53,44.066226699085334,15224,1440,53,44.066226699085334,15224,1440,53,44.066226699085334,15224,1440,53,44.066226699085334,2026-02-28|2026-05-27,True,210/E,False
769806,210,E,7,37,39003.0,,20.98,34.196934,-118.185042,0.59,ML,4,FOOTHILL,4241,,,,True,True,26,82,769984,769788,20.4,21.58,0.5800000000000018,0.5999999999999979,False,True,769984,769788,False,True,True,5,Fwy_210_E_physical_run_5,34548,16732,17816,0,34548,0,0,34548,17816,17816,17240,17240,16952,16952,120,0,62,210.0/E,51.56883177029061,17816,1440,62,34548,1440,120,100.0,17816,1440,62,51.56883177029061,17816,1440,62,51.56883177029061,17240,1440,60,49.90158619891166,17240,1440,60,49.90158619891166,16952,1440,59,49.06796341322218,16952,1440,59,49.06796341322218,2026-02-28|2026-05-27,True,210/E,False
769788,210,E,7,37,39003.0,,21.58,34.189219,-118.180753,0.81,ML,4,BERKSHIRE,4242,,,,True,True,27,82,769806,717617,20.98,22.6,0.5999999999999979,1.0200000000000031,True,True,769806,717617,True,True,False,5,Fwy_210_E_physical_run_5,34548,6116,28432,0,34548,0,0,34548,28432,28432,28432,28432,28432,28432,120,0,100,210.0/E,82.29709389834433,28432,1440,100,34548,1440,120,100.0,28432,1440,100,82.29709389834433,28432,1440,100,82.29709389834433,28432,1440,100,82.29709389834433,28432,1440,100,82.29709389834433,28432,1440,100,82.29709389834433,28432,1440,100,82.29709389834433,2026-02-28|2026-05-27,True,210/E,False
717617,210,E,7,37,56000.0,,22.6,34.179921,-118.167405,0.78,ML,4,ARROYO,4243,,,,True,True,28,82,769788,717620,21.58,23.14,1.0200000000000031,0.5399999999999991,True,False,769788,717620,True,False,False,5,Fwy_210_E_physical_run_5,34548,18460,16088,0,34548,0,0,34548,16088,16088,16088,16088,16085,16085,120,0,56,210.0/E,46.567095056153754,16088,1440,56,34548,1440,120,100.0,16088,1440,56,46.567095056153754,16088,1440,56,46.567095056153754,16088,1440,56,46.567095056153754,16088,1440,56,46.567095056153754,16085,1440,56,46.55841148546949,16085,1440,56,46.55841148546949,2026-02-28|2026-05-27,True,210/E,False
717638,210,E,7,37,56000.0,,27.14,34.152187,-118.117782,0.58,ML,5,HILL 1,4249,,,,True,True,36,82,717635,717640,26.47,27.63,0.6700000000000017,0.48999999999999844,False,True,717635,717640,False,True,True,6,Fwy_210_E_physical_run_6,34548,1508,33040,0,34548,0,0,34548,33040,33040,33040,33040,33040,32744,120,0,116,210.0/E,95.63505846937592,33040,1440,116,34548,1440,120,100.0,33040,1440,116,95.63505846937592,33040,1440,116,95.63505846937592,33040,1440,116,95.63505846937592,33040,1440,116,95.63505846937592,33040,1440,116,95.63505846937592,32744,1440,115,94.7782794951951,2026-02-28|2026-05-27,True,210/E,False
717640,210,E,7,37,56000.0,,27.63,34.152301,-118.109239,0.77,ML,5,ALLEN,4250,,,,True,True,37,82,717638,717646,27.14,28.68,0.48999999999999844,1.0500000000000007,True,True,717638,717646,True,True,False,6,Fwy_210_E_physical_run_6,34548,1220,33328,0,34548,0,0,34548,33328,33328,33328,33328,33328,33328,120,0,117,210.0/E,96.46868125506542,33328,1440,117,34548,1440,120,100.0,33328,1440,117,96.46868125506542,33328,1440,117,96.46868125506542,33328,1440,117,96.46868125506542,33328,1440,117,96.46868125506542,33328,1440,117,96.46868125506542,33328,1440,117,96.46868125506542,2026-02-28|2026-05-27,True,210/E,False
717646,210,E,7,37,56000.0,,28.68,34.151406,-118.091041,0.905,ML,5,SAN GABRIEL,4251,,,,True,True,38,82,717640,717650,27.63,29.44,1.0500000000000007,0.7600000000000016,True,True,717640,717650,True,True,False,6,Fwy_210_E_physical_run_6,34548,1508,33040,0,34548,0,0,34548,33040,33040,33038,33038,33034,33030,120,0,116,210.0/E,95.63505846937592,33040,1440,116,34548,1440,120,100.0,33040,1440,116,95.63505846937592,33040,1440,116,95.63505846937592,33038,1440,116,95.6292694222531,33038,1440,116,95.6292694222531,33034,1440,116,95.6176913280074,33030,1440,116,95.60611323376172,2026-02-28|2026-05-27,True,210/E,False
717650,210,E,7,37,56000.0,,29.44,34.147621,-118.079037,0.675,ML,5,SIERRA MADRE V2,4252,,,,True,True,39,82,717646,717654,28.68,30.029,0.7600000000000016,0.5889999999999986,True,True,717646,717654,True,True,False,6,Fwy_210_E_physical_run_6,34548,1508,33040,0,34548,0,0,34548,33040,33040,33040,33040,33040,33038,120,0,116,210.0/E,95.63505846937592,33040,1440,116,34548,1440,120,100.0,33040,1440,116,95.63505846937592,33040,1440,116,95.63505846937592,33040,1440,116,95.63505846937592,33040,1440,116,95.63505846937592,33040,1440,116,95.63505846937592,33038,1440,116,95.6292694222531,2026-02-28|2026-05-27,True,210/E,False
717654,210,E,7,37,,,30.029,34.148522,-118.068683,0.429,ML,4,ROSEMEAD 1,4253,,,,True,True,40,82,717650,717659,29.44,30.299,0.5889999999999986,0.2699999999999996,True,True,717650,717659,True,True,False,6,Fwy_210_E_physical_run_6,34548,1221,33327,0,34548,0,0,34548,33327,33327,33327,33327,33325,33325,120,0,117,210.0/E,96.465786731504,33327,1440,117,34548,1440,120,100.0,33327,1440,117,96.465786731504,33327,1440,117,96.465786731504,33327,1440,117,96.465786731504,33327,1440,117,96.465786731504,33325,1440,117,96.45999768438116,33325,1440,117,96.45999768438116,2026-02-28|2026-05-27,True,210/E,False
717659,210,E,7,37,2462.0,,30.299,34.148554,-118.064055,0.33,ML,4,MICHILLINDA,4254,,,,True,True,41,82,717654,773154,30.029,30.689,0.2699999999999996,0.39000000000000057,True,False,717654,773154,True,False,False,6,Fwy_210_E_physical_run_6,34548,1510,33038,0,34548,0,0,34548,33038,33038,0,0,0,0,120,0,116,210.0/E,95.6292694222531,33038,1440,116,34548,1440,120,100.0,33038,1440,116,95.6292694222531,33038,1440,116,95.6292694222531,0,0,0,0.0,0,0,0,0.0,0,0,0,0.0,0,0,0,0.0,2026-02-28|2026-05-27,True,210/E,False
717672,210,E,7,37,2462.0,,32.349,34.146752,-118.029146,0.775,ML,4,SANTA ANITA 2,4256,,,,True,True,44,82,717667,773193,31.239,32.789,1.1099999999999959,0.44000000000000483,False,False,717667,773193,False,False,True,7,Fwy_210_E_physical_run_7,34548,2234,32314,0,34548,0,0,34548,32314,32314,32314,32314,32310,32310,120,0,113,210.0/E,93.53363436378372,32314,1440,113,34548,1440,120,100.0,32314,1440,113,93.53363436378372,32314,1440,113,93.53363436378372,32314,1440,113,93.53363436378372,32314,1440,113,93.53363436378372,32310,1440,113,93.52205626953804,32310,1440,113,93.52205626953804,2026-02-28|2026-05-27,True,210/E,False
761165,210,E,7,37,19990.0,,35.409,34.135219,-117.979798,0.605,ML,4,MOUNTAIN,4260,,,,True,True,49,82,761152,761177,34.439,35.649,0.9699999999999989,0.240000000000002,False,True,761152,761177,False,True,True,8,Fwy_210_E_physical_run_8,34548,2948,31600,0,34548,0,0,34548,31600,31600,31599,26145,7735,7735,120,0,111,210.0/E,91.46694454092857,31600,1440,111,34548,1440,120,100.0,31600,1440,111,91.46694454092857,31600,1440,111,91.46694454092857,31599,1440,111,91.46405001736714,26145,1440,92,75.6773185133727,7735,1440,28,22.389139747597547,7735,1440,28,22.389139747597547,2026-02-28|2026-05-27,True,210/E,False
761177,210,E,7,37,19990.0,,35.649,34.135237,-117.975628,0.34,ML,5,BUENA VISTA,4261,,,,True,True,50,82,761165,769701,35.409,36.089,0.240000000000002,0.4399999999999977,True,False,761165,769701,True,False,False,8,Fwy_210_E_physical_run_8,34548,4189,30359,0,34548,0,0,34548,30359,30359,25940,8171,0,0,120,0,107,210.0/E,87.87484080120412,30359,1440,107,34548,1440,120,100.0,30359,1440,107,87.87484080120412,30359,1440,107,87.87484080120412,25940,1440,92,75.08394118328123,8171,1440,31,23.651152020377445,0,0,0,0.0,0,0,0,0.0,2026-02-28|2026-05-27,True,210/E,False
761191,210,E,7,37,19990.0,,36.619,34.13449,-117.958916,0.4,ML,4,MOUNT OLIVE DR / 605,4262,,,,True,True,52,82,769701,769772,36.089,36.889,0.5300000000000011,0.2700000000000031,False,True,769701,769772,False,True,True,9,Fwy_210_E_physical_run_9,34548,4388,30160,0,34548,0,0,34548,30160,30160,29313,29313,28761,28761,120,0,106,210.0/E,87.29883061248118,30160,1440,106,34548,1440,120,100.0,30160,1440,106,87.29883061248118,30160,1440,106,87.29883061248118,29313,1440,103,84.84716915595693,29313,1440,103,84.84716915595693,28761,1440,102,83.2493921500521,28761,1440,102,83.2493921500521,2026-02-28|2026-05-27,True,210/E,False
769772,210,E,7,37,36826.0,,36.889,34.133397,-117.954412,0.385,ML,4,NB 605 TO EB 210 CON,2416,,,,True,True,53,82,761191,772857,36.619,37.389,0.2700000000000031,0.5,True,True,761191,772857,True,True,False,9,Fwy_210_E_physical_run_9,34548,2084,32464,0,34548,0,0,34548,32464,32464,32464,32173,3426,3426,120,0,114,210.0/E,93.967812897997,32464,1440,114,34548,1440,120,100.0,32464,1440,114,93.967812897997,32464,1440,114,93.967812897997,32464,1440,114,93.967812897997,32173,1440,113,93.12550654162324,3426,1440,12,9.916637721431051,3426,1440,12,9.916637721431051,2026-02-28|2026-05-27,True,210/E,False
772857,210,E,7,37,36826.0,,37.389,34.130657,-117.946351,0.45,ML,5,SAN GABRIEL RIVER,2119,,,,True,True,54,82,769772,772872,36.889,37.789,0.5,0.3999999999999986,True,False,769772,772872,True,False,False,9,Fwy_210_E_physical_run_9,34548,31380,3168,0,34548,0,0,34548,3168,3168,3168,3168,3168,2875,120,0,11,210.0/E,9.169850642584231,3168,1440,11,34548,1440,120,100.0,3168,1440,11,9.169850642584231,3168,1440,11,9.169850642584231,3168,1440,11,9.169850642584231,3168,1440,11,9.169850642584231,3168,1440,11,9.169850642584231,2875,1440,10,8.321755239087647,2026-02-28|2026-05-27,True,210/E,False
761206,210,E,7,37,36826.0,,38.298,34.130297,-117.931111,0.5,ML,4,IRWINDALE,4264,,,,True,True,56,82,772872,772887,37.789,38.789,0.5090000000000003,0.49099999999999966,False,False,772872,772887,False,False,True,10,Fwy_210_E_physical_run_10,34548,2948,31600,0,34548,0,0,34548,31600,31600,31600,31600,31599,31599,120,0,111,210.0/E,91.46694454092857,31600,1440,111,34548,1440,120,100.0,31600,1440,111,91.46694454092857,31600,1440,111,91.46694454092857,31600,1440,111,91.46694454092857,31600,1440,111,91.46694454092857,31599,1440,111,91.46405001736714,31599,1440,111,91.46405001736714,2026-02-28|2026-05-27,True,210/E,False
761220,210,E,7,37,36826.0,,39.339,34.125143,-117.915079,0.57,ML,4,VERNON,4265,,,,True,True,58,82,772887,765477,38.789,39.929,0.5499999999999972,0.5900000000000034,False,True,772887,765477,False,True,True,11,Fwy_210_E_physical_run_11,34548,4813,29735,0,34548,0,0,34548,29735,29735,29734,29733,29733,29733,120,0,104,210.0/E,86.06865809887692,29735,1440,104,34548,1440,120,100.0,29735,1440,104,86.06865809887692,29735,1440,104,86.06865809887692,29734,1440,104,86.0657635753155,29733,1440,104,86.06286905175408,29733,1440,104,86.06286905175408,29733,1440,104,86.06286905175408,2026-02-28|2026-05-27,True,210/E,False
765477,210,E,7,37,3386.0,,39.929,34.120571,-117.906859,0.33,ML,4,AZUSA 1,4266,,,,True,True,59,82,761220,717684,39.339,39.999,0.5900000000000034,0.07000000000000028,True,True,761220,717684,True,True,False,11,Fwy_210_E_physical_run_11,34548,4525,30023,0,34548,0,0,34548,30023,30023,30023,30022,30018,30018,120,0,105,210.0/E,86.9022808845664,30023,1440,105,34548,1440,120,100.0,30023,1440,105,86.9022808845664,30023,1440,105,86.9022808845664,30023,1440,105,86.9022808845664,30022,1440,105,86.89938636100497,30018,1440,105,86.8878082667593,30018,1440,105,86.8878082667593,2026-02-28|2026-05-27,True,210/E,False
717684,210,E,7,37,3386.0,,39.999,34.120654,-117.905646,0.13,ML,4,AZUSA 2,4267,,,,True,True,60,82,765477,772903,39.929,40.189,0.07000000000000028,0.18999999999999773,True,True,765477,772903,True,True,False,11,Fwy_210_E_physical_run_11,34548,30527,4021,0,34548,0,0,34548,4021,4021,4021,4021,4021,4021,120,0,14,210.0/E,11.638879240477015,4021,1440,14,34548,1440,120,100.0,4021,1440,14,11.638879240477015,4021,1440,14,11.638879240477015,4021,1440,14,11.638879240477015,4021,1440,14,11.638879240477015,4021,1440,14,11.638879240477015,4021,1440,14,11.638879240477015,2026-02-28|2026-05-27,True,210/E,False
772903,210,E,7,37,3386.0,,40.189,34.120955,-117.902358,0.427,ML,4,PASADENA AVE,2122,,,,True,True,61,82,717684,765486,39.999,40.853,0.18999999999999773,0.6640000000000015,True,False,717684,765486,True,False,False,11,Fwy_210_E_physical_run_11,34548,7981,26567,0,34548,0,0,34548,26567,26567,26567,26567,26567,26567,120,0,93,210.0/E,76.8988074562927,26567,1440,93,34548,1440,120,100.0,26567,1440,93,76.8988074562927,26567,1440,93,76.8988074562927,26567,1440,93,76.8988074562927,26567,1440,93,76.8988074562927,26567,1440,93,76.8988074562927,26567,1440,93,76.8988074562927,2026-02-28|2026-05-27,True,210/E,False
718469,210,E,7,37,3386.0,,40.989,34.120764,-117.88843,0.268,ML,4,CITRUS 2,4269,,,,True,True,63,82,765486,772917,40.853,41.389,0.13599999999999568,0.4000000000000057,False,True,765486,772917,False,True,True,12,Fwy_210_E_physical_run_12,34548,3661,30887,0,34548,0,0,34548,30887,30887,30887,30885,0,0,120,0,108,210.0/E,89.40314924163482,30887,1440,108,34548,1440,120,100.0,30887,1440,108,89.40314924163482,30887,1440,108,89.40314924163482,30887,1440,108,89.40314924163482,30885,1440,108,89.39736019451199,0,0,0,0.0,0,0,0,0.0,2026-02-28|2026-05-27,True,210/E,False
772917,210,E,7,37,3386.0,,41.389,34.120865,-117.881465,0.495,ML,4,E/B 210-W/O BARRANCA,2133,,,,True,True,64,82,718469,717692,40.989,41.979,0.4000000000000057,0.5899999999999963,True,False,718469,717692,True,False,False,12,Fwy_210_E_physical_run_12,34548,3661,30887,0,34548,0,0,34548,30887,30887,30887,30886,30886,30886,120,0,108,210.0/E,89.40314924163482,30887,1440,108,34548,1440,120,100.0,30887,1440,108,89.40314924163482,30887,1440,108,89.40314924163482,30887,1440,108,89.40314924163482,30886,1440,108,89.4002547180734,30886,1440,108,89.4002547180734,30886,1440,108,89.4002547180734,2026-02-28|2026-05-27,True,210/E,False
772932,210,E,7,37,30014.0,,42.589,34.117037,-117.861494,0.455,ML,4,E/O GLENDORA,2134,,,,True,True,66,82,717692,772953,41.979,42.889,0.6099999999999994,0.30000000000000426,False,True,717692,772953,False,True,True,13,Fwy_210_E_physical_run_13,34548,10521,24027,0,34548,0,0,34548,24027,24027,15772,4610,0,0,120,0,85,210.0/E,69.54671761028135,24027,1440,85,34548,1440,120,100.0,24027,1440,85,69.54671761028135,24027,1440,85,69.54671761028135,15772,1440,56,45.65242561074447,4610,1440,17,13.343753618154452,0,0,0,0.0,0,0,0,0.0,2026-02-28|2026-05-27,True,210/E,False
772953,210,E,7,37,30014.0,,42.889,34.117359,-117.85626,0.5,ML,4,BONNIE COVE,2135,,,,True,True,67,82,772932,716142,42.589,43.589,0.30000000000000426,0.6999999999999957,True,True,772932,716142,True,True,False,13,Fwy_210_E_physical_run_13,34548,3661,30887,0,34548,0,0,34548,30887,30887,30887,30887,27718,27718,120,0,108,210.0/E,89.40314924163482,30887,1440,108,34548,1440,120,100.0,30887,1440,108,89.40314924163482,30887,1440,108,89.40314924163482,30887,1440,108,89.40314924163482,30887,1440,108,89.40314924163482,27718,1440,97,80.23040407548918,27718,1440,97,80.23040407548918,2026-02-28|2026-05-27,True,210/E,False
716142,210,E,7,37,30014.0,,43.589,34.117595,-117.844142,0.8,ML,4,SUNFLOWER AV,4271,,,,True,True,68,82,772953,716143,42.889,44.489,0.6999999999999957,0.8999999999999986,True,False,772953,716143,True,False,False,13,Fwy_210_E_physical_run_13,34548,3662,30886,0,34548,0,0,34548,30886,30886,30885,30885,30885,30885,120,0,108,210.0/E,89.4002547180734,30886,1440,108,34548,1440,120,100.0,30886,1440,108,89.4002547180734,30886,1440,108,89.4002547180734,30885,1440,108,89.39736019451199,30885,1440,108,89.39736019451199,30885,1440,108,89.39736019451199,30885,1440,108,89.39736019451199,2026-02-28|2026-05-27,True,210/E,False
770243,210,W,7,37,44000.0,,4.7,34.302019,-118.422166,1.005,ML,3,MACLAY,4326,,,,True,True,7,90,770229,770353,3.5,5.51,1.2000000000000002,0.8099999999999996,False,False,770353,770229,False,False,True,1,Fwy_210_W_physical_run_1,34548,1220,33328,0,34548,0,0,34548,33328,33328,33328,33328,33328,33328,120,0,117,210.0/W,96.46868125506542,33328,1440,117,34548,1440,120,100.0,33328,1440,117,96.46868125506542,33328,1440,117,96.46868125506542,33328,1440,117,96.46868125506542,33328,1440,117,96.46868125506542,33328,1440,117,96.46868125506542,33328,1440,117,96.46868125506542,2026-02-28|2026-05-27,True,210/W,False
770545,210,W,7,37,44000.0,,7.19,34.277612,-118.391579,0.615,ML,4,TERRA BELLA,6503,,,,True,True,11,90,770332,770275,6.5,7.73,0.6900000000000004,0.54,False,True,770275,770332,True,False,True,2,Fwy_210_W_physical_run_2,34548,23377,11171,0,34548,0,0,34548,11171,11171,8339,7475,0,0,120,0,39,210.0/W,32.334722704642815,11171,1440,39,34548,1440,120,100.0,11171,1440,39,32.334722704642815,11171,1440,39,32.334722704642815,8339,1440,29,24.137431978696306,7475,1440,26,21.63656362162788,0,0,0,0.0,0,0,0,0.0,2026-02-28|2026-05-27,True,210/W,False
770275,210,W,7,37,44000.0,,7.73,34.275519,-118.38254,0.705,ML,4,OSBORNE / FOOTHILL,4232,,,,True,True,12,90,770545,770555,7.19,8.6,0.54,0.8699999999999992,True,False,770555,770545,False,True,False,2,Fwy_210_W_physical_run_2,34548,2948,31600,0,34548,0,0,34548,31600,31600,31600,31600,31300,31300,120,0,111,210.0/W,91.46694454092857,31600,1440,111,34548,1440,120,100.0,31600,1440,111,91.46694454092857,31600,1440,111,91.46694454092857,31600,1440,111,91.46694454092857,31600,1440,111,91.46694454092857,31300,1440,110,90.59858747250205,31300,1440,110,90.59858747250205,2026-02-28|2026-05-27,True,210/W,False
770290,210,W,7,37,44000.0,,9.3,34.272608,-118.355391,1.15,ML,4,WHEATLAND,4664,,,,True,True,14,90,770555,770200,8.6,10.9,0.7000000000000011,1.5999999999999996,False,False,770200,770555,False,False,True,3,Fwy_210_W_physical_run_3,34548,13867,20681,0,34548,0,0,34548,20681,20681,20681,20393,20100,20100,120,0,72,210.0/W,59.86164177376404,20681,1440,72,34548,1440,120,100.0,20681,1440,72,59.86164177376404,20681,1440,72,59.86164177376404,20681,1440,72,59.86164177376404,20393,1440,71,59.02801898807456,20100,1440,70,58.17992358457798,20100,1440,70,58.17992358457798,2026-02-28|2026-05-27,True,210/W,False
770187,210,W,7,37,44000.0,,11.1,34.259795,-118.329713,1.54,ML,4,SUNLAND NB,4659,,,,True,True,16,90,770200,770141,10.9,13.98,0.1999999999999993,2.880000000000001,False,True,770141,770200,True,False,True,4,Fwy_210_W_physical_run_4,34548,5816,28732,0,34548,0,0,34548,28732,28732,28732,28732,28732,28732,120,0,101,210.0/W,83.16545096677088,28732,1440,101,34548,1440,120,100.0,28732,1440,101,83.16545096677088,28732,1440,101,83.16545096677088,28732,1440,101,83.16545096677088,28732,1440,101,83.16545096677088,28732,1440,101,83.16545096677088,28732,1440,101,83.16545096677088,2026-02-28|2026-05-27,True,210/W,False
770141,210,W,7,37,44000.0,,13.98,34.234987,-118.294031,1.54,ML,4,LA TUNA CANYON SB,4661,,,,True,True,17,90,770187,770129,11.1,14.18,2.880000000000001,0.1999999999999993,True,True,770129,770187,True,True,False,4,Fwy_210_W_physical_run_4,34548,4964,29584,0,34548,0,0,34548,29584,29584,29583,29583,29581,29581,120,0,104,210.0/W,85.63158504110224,29584,1440,104,34548,1440,120,100.0,29584,1440,104,85.63158504110224,29584,1440,104,85.63158504110224,29583,1440,104,85.62869051754082,29583,1440,104,85.62869051754082,29581,1440,104,85.62290147041797,29581,1440,104,85.62290147041797,2026-02-28|2026-05-27,True,210/W,False
770129,210,W,7,37,44000.0,,14.18,34.234984,-118.290562,0.65,ML,4,LA TUNA CANYON NB,4662,,,,True,True,18,90,770141,769965,13.98,15.28,0.1999999999999993,1.0999999999999996,True,True,769965,770141,True,True,False,4,Fwy_210_W_physical_run_4,34548,932,33616,0,34548,0,0,34548,33616,33616,33616,33616,33612,33612,120,0,118,210.0/W,97.30230404075488,33616,1440,118,34548,1440,120,100.0,33616,1440,118,97.30230404075488,33616,1440,118,97.30230404075488,33616,1440,118,97.30230404075488,33616,1440,118,97.30230404075488,33612,1440,118,97.2907259465092,33612,1440,118,97.2907259465092,2026-02-28|2026-05-27,True,210/W,False
769965,210,W,7,37,44000.0,,15.28,34.232554,-118.271772,1.2,ML,4,HONOLULU,4234,,,,True,True,19,90,770129,769911,14.18,16.58,1.0999999999999996,1.299999999999999,True,True,769911,770129,True,True,False,4,Fwy_210_W_physical_run_4,34548,932,33616,0,34548,0,0,34548,33616,33616,33616,33616,33616,33616,120,0,118,210.0/W,97.30230404075488,33616,1440,118,34548,1440,120,100.0,33616,1440,118,97.30230404075488,33616,1440,118,97.30230404075488,33616,1440,118,97.30230404075488,33616,1440,118,97.30230404075488,33616,1440,118,97.30230404075488,33616,1440,118,97.30230404075488,2026-02-28|2026-05-27,True,210/W,False
769911,210,W,7,37,30000.0,,16.58,34.224897,-118.251344,1.05,ML,5,PENNSYLVANIA,4324,,,,True,True,20,90,769965,769867,15.28,17.38,1.299999999999999,0.8000000000000007,True,True,769867,769965,True,True,False,4,Fwy_210_W_physical_run_4,34548,1220,33328,0,34548,0,0,34548,33328,33328,33328,33328,4056,0,120,0,117,210.0/W,96.46868125506542,33328,1440,117,34548,1440,120,100.0,33328,1440,117,96.46868125506542,33328,1440,117,96.46868125506542,33328,1440,117,96.46868125506542,33328,1440,117,96.46868125506542,4056,1105,21,11.74018756512678,0,0,0,0.0,2026-02-28|2026-05-27,True,210/W,False
769867,210,W,7,37,,,17.38,34.218652,-118.239558,0.65,ML,4,LA CRESCENTA,4236,,,,True,True,21,90,769911,769926,16.58,17.88,0.8000000000000007,0.5,True,True,769926,769911,True,True,False,4,Fwy_210_W_physical_run_4,34548,2084,32464,0,34548,0,0,34548,32464,32464,32464,32464,32464,32464,120,0,114,210.0/W,93.967812897997,32464,1440,114,34548,1440,120,100.0,32464,1440,114,93.967812897997,32464,1440,114,93.967812897997,32464,1440,114,93.967812897997,32464,1440,114,93.967812897997,32464,1440,114,93.967812897997,32464,1440,114,93.967812897997,2026-02-28|2026-05-27,True,210/W,False
769926,210,W,7,37,,,17.88,34.214462,-118.232443,0.47,ML,6,OCEAN VIEW,4323,,,,True,True,22,90,769867,770401,17.38,18.32,0.5,0.4400000000000013,True,False,770401,769867,False,True,False,4,Fwy_210_W_physical_run_4,34548,2660,31888,0,34548,0,0,34548,31888,31888,31888,31598,31594,31584,120,0,112,210.0/W,92.30056732661804,31888,1440,112,34548,1440,120,100.0,31888,1440,112,92.30056732661804,31888,1440,112,92.30056732661804,31888,1440,112,92.30056732661804,31598,1440,111,91.46115549380572,31594,1440,111,91.44957739956004,31584,1440,111,91.4206321639458,2026-02-28|2026-05-27,True,210/W,False
769953,210,W,7,37,39003.0,,19.78,34.206998,-118.201441,0.41,ML,4,ANGELES CREST HWY NB,4320,,,,True,True,26,90,769941,769983,19.58,20.4,0.20000000000000284,0.6199999999999974,False,False,769983,769941,False,False,True,5,Fwy_210_W_physical_run_5,34548,14428,20120,0,34548,0,0,34548,20120,20120,20120,19970,19966,19966,120,0,70,210.0/W,58.23781405580642,20120,1440,70,34548,1440,120,100.0,20120,1440,70,58.23781405580642,20120,1440,70,58.23781405580642,20120,1440,70,58.23781405580642,19970,1440,70,57.803635521593144,19966,1440,70,57.79205742734746,19966,1440,70,57.79205742734746,2026-02-28|2026-05-27,True,210/W,False
769807,210,W,7,37,39003.0,,20.98,34.197068,-118.184827,0.495,ML,4,FOOTHILL,4241,,,,True,True,28,90,769983,770000,20.4,21.39,0.5800000000000018,0.41000000000000014,False,True,770000,769983,True,False,True,6,Fwy_210_W_physical_run_6,34548,17332,17216,0,34548,0,0,34548,17216,17216,16953,16378,1440,1440,120,0,60,210.0/W,49.832117633437534,17216,1440,60,34548,1440,120,100.0,17216,1440,60,49.832117633437534,17216,1440,60,49.832117633437534,16953,1440,59,49.0708579367836,16378,1440,57,47.40650688896608,1440,1440,5,4.168113928447378,1440,1440,5,4.168113928447378,2026-02-28|2026-05-27,True,210/W,False
770000,210,W,7,37,39003.0,,21.39,34.19198,-118.181214,0.66,ML,4,BERKSHIRE,4318,,,,True,True,29,90,769807,717615,20.98,22.3,0.41000000000000014,0.9100000000000001,True,False,717615,769807,False,True,False,6,Fwy_210_W_physical_run_6,34548,18172,16376,0,34548,0,0,34548,16376,16376,16376,16376,16376,16376,120,0,57,210.0/W,47.40071784184323,16376,1440,57,34548,1440,120,100.0,16376,1440,57,47.40071784184323,16376,1440,57,47.40071784184323,16376,1440,57,47.40071784184323,16376,1440,57,47.40071784184323,16376,1440,57,47.40071784184323,16376,1440,57,47.40071784184323,2026-02-28|2026-05-27,True,210/W,False
717622,210,W,7,37,56000.0,,23.0,34.176273,-118.161942,0.745,ML,4,LINCOLN 1,4315,,,,True,True,31,90,717615,770568,22.3,23.79,0.6999999999999993,0.7899999999999991,False,True,770568,717615,True,False,True,7,Fwy_210_W_physical_run_7,34548,1796,32752,0,34548,0,0,34548,32752,32752,32752,32750,282,282,120,0,115,210.0/W,94.80143568368646,32752,1440,115,34548,1440,120,100.0,32752,1440,115,94.80143568368646,32752,1440,115,94.80143568368646,32752,1440,115,94.80143568368646,32750,1440,115,94.79564663656362,282,640,1,0.8162556443209448,282,640,1,0.8162556443209448,2026-02-28|2026-05-27,True,210/W,False
770568,210,W,7,37,56000.0,,23.79,34.165953,-118.157943,0.45,ML,4,HAMMOND ST.,2216,,,,True,True,32,90,717622,717624,23.0,23.9,0.7899999999999991,0.10999999999999943,True,False,717624,717622,False,True,False,7,Fwy_210_W_physical_run_7,34548,2084,32464,0,34548,0,0,34548,32464,32464,32464,32464,32464,32464,120,0,114,210.0/W,93.967812897997,32464,1440,114,34548,1440,120,100.0,32464,1440,114,93.967812897997,32464,1440,114,93.967812897997,32464,1440,114,93.967812897997,32464,1440,114,93.967812897997,32464,1440,114,93.967812897997,32464,1440,114,93.967812897997,2026-02-28|2026-05-27,True,210/W,False
717637,210,W,7,37,56000.0,,26.8,34.152357,-118.123714,0.955,ML,5,HILL,4308,,,,True,True,39,90,717634,717642,26.12,28.03,0.6799999999999997,1.2300000000000004,False,True,717642,717634,True,False,True,8,Fwy_210_W_physical_run_8,34548,932,33616,0,34548,0,0,34548,33616,33616,33616,33616,33616,32437,120,0,118,210.0/W,97.30230404075488,33616,1440,118,34548,1440,120,100.0,33616,1440,118,97.30230404075488,33616,1440,118,97.30230404075488,33616,1440,118,97.30230404075488,33616,1440,118,97.30230404075488,33616,1440,118,97.30230404075488,32437,1440,114,93.8896607618386,2026-02-28|2026-05-27,True,210/W,False
717642,210,W,7,37,56000.0,,28.03,34.1527,-118.102255,0.735,ML,5,ALTADENA,4307,,,,True,True,40,90,717637,717644,26.8,28.27,1.2300000000000004,0.23999999999999844,True,False,717644,717637,False,True,False,8,Fwy_210_W_physical_run_8,34548,946,33602,0,34548,0,0,34548,33602,33602,26443,22712,22712,16943,120,0,118,210.0/W,97.26178071089498,33602,1440,118,34548,1440,120,100.0,33602,1440,118,97.26178071089498,33602,1440,118,97.26178071089498,26443,1440,93,76.5398865346764,22712,1440,80,65.74041912701169,22712,1440,80,65.74041912701169,16943,1440,60,49.04191270116939,2026-02-28|2026-05-27,True,210/W,False
717649,210,W,7,37,56000.0,,29.17,34.148074,-118.08377,0.805,ML,5,SIERRA MADRE V1,4305,,,,True,True,42,90,717644,717653,28.27,29.879,0.9000000000000021,0.7089999999999996,False,False,717653,717644,False,False,True,9,Fwy_210_W_physical_run_9,34548,932,33616,0,34548,0,0,34548,33616,33616,33616,33616,33600,0,120,0,118,210.0/W,97.30230404075488,33616,1440,118,34548,1440,120,100.0,33616,1440,118,97.30230404075488,33616,1440,118,97.30230404075488,33616,1440,118,97.30230404075488,33616,1440,118,97.30230404075488,33600,1440,118,97.25599166377216,0,0,0,0.0,2026-02-28|2026-05-27,True,210/W,False
717661,210,W,7,37,2462.0,,30.139,34.148876,-118.066773,0.345,ML,4,MICHILLINDA,4516,,,,True,True,45,90,717657,773179,29.999,30.689,0.14000000000000057,0.5500000000000007,False,False,773179,717657,False,False,True,10,Fwy_210_W_physical_run_10,34548,31679,2869,0,34548,0,0,34548,2869,2869,2869,2869,2869,2869,120,0,10,210.0/W,8.304388097719116,2869,1440,10,34548,1440,120,100.0,2869,1440,10,8.304388097719116,2869,1440,10,8.304388097719116,2869,1440,10,8.304388097719116,2869,1440,10,8.304388097719116,2869,1440,10,8.304388097719116,2869,1440,10,8.304388097719116,2026-02-28|2026-05-27,True,210/W,False
717663,210,W,7,37,2462.0,,30.779,34.14889,-118.055903,0.155,ML,4,BALDWIN 1,4303,,,,True,True,47,90,773179,717664,30.689,30.999,0.08999999999999986,0.21999999999999886,False,True,717664,773179,True,False,True,11,Fwy_210_W_physical_run_11,34548,932,33616,0,34548,0,0,34548,33616,33616,33616,33304,258,258,120,0,118,210.0/W,97.30230404075488,33616,1440,118,34548,1440,120,100.0,33616,1440,118,97.30230404075488,33616,1440,118,97.30230404075488,33616,1440,118,97.30230404075488,33304,1440,117,96.3992126895913,258,665,1,0.7467870788468218,258,665,1,0.7467870788468218,2026-02-28|2026-05-27,True,210/W,False
717664,210,W,7,37,2462.0,,30.999,34.148916,-118.052166,0.62,ML,4,BALDWIN 2,4302,,,,True,True,48,90,717663,717669,30.779,32.019,0.21999999999999886,1.0199999999999996,True,True,717669,717663,True,True,False,11,Fwy_210_W_physical_run_11,34548,31679,2869,0,34548,0,0,34548,2869,2869,2869,2869,2869,2869,120,0,10,210.0/W,8.304388097719116,2869,1440,10,34548,1440,120,100.0,2869,1440,10,8.304388097719116,2869,1440,10,8.304388097719116,2869,1440,10,8.304388097719116,2869,1440,10,8.304388097719116,2869,1440,10,8.304388097719116,2869,1440,10,8.304388097719116,2026-02-28|2026-05-27,True,210/W,False
717669,210,W,7,37,2462.0,,32.019,34.148355,-118.034499,0.6,ML,4,SANTA ANITA 1,4301,,,,True,True,49,90,717664,764146,30.999,32.199,1.0199999999999996,0.17999999999999972,True,False,764146,717664,False,True,False,11,Fwy_210_W_physical_run_11,34548,1934,32614,0,34548,0,0,34548,32614,32614,32613,30283,0,0,120,0,114,210.0/W,94.40199143221024,32614,1440,114,34548,1440,120,100.0,32614,1440,114,94.40199143221024,32614,1440,114,94.40199143221024,32613,1440,114,94.39909690864884,30283,1440,106,87.65485701053606,0,0,0,0.0,0,0,0,0.0,2026-02-28|2026-05-27,True,210/W,False
761356,210,W,7,37,48648.0,,34.049,34.135576,-118.003558,0.925,ML,4,MYRTLE AV,4298,,,,True,True,53,90,761342,718210,33.049,34.899,1.0,0.8500000000000014,False,True,718210,761342,True,False,True,12,Fwy_210_W_physical_run_12,34548,933,33615,0,34548,0,0,34548,33615,33615,33324,33323,29742,29742,120,0,118,210.0/W,97.29940951719348,33615,1440,118,34548,1440,120,100.0,33615,1440,118,97.29940951719348,33615,1440,118,97.29940951719348,33324,1440,117,96.45710316081971,33323,1440,117,96.4542086372583,29742,1440,107,86.08891976380687,29742,1440,107,86.08891976380687,2026-02-28|2026-05-27,True,210/W,False
718210,210,W,7,37,48648.0,,34.899,34.135547,-117.988695,0.68,ML,4,MOUNTAIN AV,4297,,,,True,True,54,90,761356,761374,34.049,35.409,0.8500000000000014,0.509999999999998,True,True,761374,761356,True,True,False,12,Fwy_210_W_physical_run_12,34548,932,33616,0,34548,0,0,34548,33616,33616,33616,33615,33615,33615,120,0,118,210.0/W,97.30230404075488,33616,1440,118,34548,1440,120,100.0,33616,1440,118,97.30230404075488,33616,1440,118,97.30230404075488,33616,1440,118,97.30230404075488,33615,1440,118,97.29940951719348,33615,1440,118,97.29940951719348,33615,1440,118,97.29940951719348,2026-02-28|2026-05-27,True,210/W,False
761374,210,W,7,37,19990.0,,35.409,34.135484,-117.97979,0.595,ML,4,BUENA VISTA,4296,,,,True,True,55,90,718210,769702,34.899,36.089,0.509999999999998,0.6799999999999997,True,False,769702,718210,False,True,False,12,Fwy_210_W_physical_run_12,34548,1220,33328,0,34548,0,0,34548,33328,33328,33328,33328,33328,33328,120,0,117,210.0/W,96.46868125506542,33328,1440,117,34548,1440,120,100.0,33328,1440,117,96.46868125506542,33328,1440,117,96.46868125506542,33328,1440,117,96.46868125506542,33328,1440,117,96.46868125506542,33328,1440,117,96.46868125506542,33328,1440,117,96.46868125506542,2026-02-28|2026-05-27,True,210/W,False
769722,210,W,7,37,19990.0,,36.289,34.135685,-117.964445,0.25,ML,4,NB 605 TO WB 210 CON,2415,,,,True,True,57,90,769702,717673,36.089,36.589,0.20000000000000284,0.29999999999999716,False,True,717673,769702,True,False,True,13,Fwy_210_W_physical_run_13,34548,7268,27280,0,34548,0,0,34548,27280,27280,26702,15831,276,276,120,0,96,210.0/W,78.96260275558643,27280,1440,96,34548,1440,120,100.0,27280,1440,96,78.96260275558643,27280,1440,96,78.96260275558643,26702,1440,94,77.28956813708463,15831,1440,55,45.823202500868355,276,955,1,0.798888502952414,276,955,1,0.798888502952414,2026-02-28|2026-05-27,True,210/W,False
717673,210,W,7,37,19990.0,,36.589,34.13492,-117.959306,0.3,ML,4,MOUNT OLIVE DR / 605,4294,,,,True,True,58,90,769722,775795,36.289,36.889,0.29999999999999716,0.30000000000000426,True,True,775795,769722,True,True,False,13,Fwy_210_W_physical_run_13,34548,1220,33328,0,34548,0,0,34548,33328,33328,33328,33328,29551,29551,120,0,117,210.0/W,96.46868125506542,33328,1440,117,34548,1440,120,100.0,33328,1440,117,96.46868125506542,33328,1440,117,96.46868125506542,33328,1440,117,96.46868125506542,33328,1440,117,96.46868125506542,29551,1440,104,85.53606576357531,29551,1440,104,85.53606576357531,2026-02-28|2026-05-27,True,210/W,False
775795,210,W,7,37,36826.0,,36.889,34.133605,-117.954304,0.4,ML,2,NB 605 TO WB 210,2407,,,,True,True,59,90,717673,772858,36.589,37.389,0.30000000000000426,0.5,True,True,772858,717673,True,True,False,13,Fwy_210_W_physical_run_13,34548,1220,33328,0,34548,0,0,34548,33328,33328,33328,33326,33326,33326,120,0,117,210.0/W,96.46868125506542,33328,1440,117,34548,1440,120,100.0,33328,1440,117,96.46868125506542,33328,1440,117,96.46868125506542,33328,1440,117,96.46868125506542,33326,1440,117,96.46289220794256,33326,1440,117,96.46289220794256,33326,1440,117,96.46289220794256,2026-02-28|2026-05-27,True,210/W,False
772858,210,W,7,37,36826.0,,37.389,34.130886,-117.946237,0.45,ML,5,SAN GABRIEL RIVER,2119,,,,True,True,60,90,775795,772873,36.889,37.789,0.5,0.3999999999999986,True,False,772873,775795,False,True,False,13,Fwy_210_W_physical_run_13,34548,31380,3168,0,34548,0,0,34548,3168,3168,3168,3168,1152,0,120,0,11,210.0/W,9.169850642584231,3168,1440,11,34548,1440,120,100.0,3168,1440,11,9.169850642584231,3168,1440,11,9.169850642584231,3168,1440,11,9.169850642584231,3168,1440,11,9.169850642584231,1152,1440,4,3.3344911427579023,0,0,0,0.0,2026-02-28|2026-05-27,True,210/W,False
717674,210,W,7,37,36826.0,,38.069,34.129595,-117.935,0.21,ML,4,IRWINDALE 1,4293,,,,True,True,62,90,772873,717675,37.789,38.208,0.28000000000000114,0.1389999999999958,False,True,717675,772873,True,False,True,14,Fwy_210_W_physical_run_14,34548,2084,32464,0,34548,0,0,34548,32464,32464,32464,32459,31922,31922,120,0,114,210.0/W,93.967812897997,32464,1440,114,34548,1440,120,100.0,32464,1440,114,93.967812897997,32464,1440,114,93.967812897997,32464,1440,114,93.967812897997,32459,1440,114,93.95334028018988,31922,1440,111,92.39898112770638,31922,1440,111,92.39898112770638,2026-02-28|2026-05-27,True,210/W,False
717675,210,W,7,37,36826.0,,38.208,34.130142,-117.932676,0.359,ML,4,IRWINDALE 2,4292,,,,True,True,63,90,717674,772888,38.069,38.789,0.1389999999999958,0.5810000000000031,True,False,772888,717674,False,True,False,14,Fwy_210_W_physical_run_14,34548,30239,4309,0,34548,0,0,34548,4309,4309,4309,4309,4309,4309,120,0,15,210.0/W,12.472502026166492,4309,1440,15,34548,1440,120,100.0,4309,1440,15,12.472502026166492,4309,1440,15,12.472502026166492,4309,1440,15,12.472502026166492,4309,1440,15,12.472502026166492,4309,1440,15,12.472502026166492,4309,1440,15,12.472502026166492,2026-02-28|2026-05-27,True,210/W,False
717676,210,W,7,37,36826.0,,39.159,34.12721,-117.917059,0.51,ML,4,VERNON,4291,,,,True,True,65,90,772888,717678,38.789,39.809,0.36999999999999744,0.6499999999999986,False,True,717678,772888,True,False,True,15,Fwy_210_W_physical_run_15,34548,30239,4309,0,34548,0,0,34548,4309,4309,4309,4309,4309,4309,120,0,15,210.0/W,12.472502026166492,4309,1440,15,34548,1440,120,100.0,4309,1440,15,12.472502026166492,4309,1440,15,12.472502026166492,4309,1440,15,12.472502026166492,4309,1440,15,12.472502026166492,4309,1440,15,12.472502026166492,4309,1440,15,12.472502026166492,2026-02-28|2026-05-27,True,210/W,False
717678,210,W,7,37,3386.0,,39.809,34.120999,-117.908877,0.375,ML,5,AZUSA 1,4290,,,,True,True,66,90,717676,717682,39.159,39.909,0.6499999999999986,0.10000000000000142,True,True,717682,717676,True,True,False,15,Fwy_210_W_physical_run_15,34548,30239,4309,0,34548,0,0,34548,4309,4309,4309,4309,4309,3721,120,0,15,210.0/W,12.472502026166492,4309,1440,15,34548,1440,120,100.0,4309,1440,15,12.472502026166492,4309,1440,15,12.472502026166492,4309,1440,15,12.472502026166492,4309,1440,15,12.472502026166492,4309,1440,15,12.472502026166492,3721,1440,13,10.77052217205048,2026-02-28|2026-05-27,True,210/W,False
717682,210,W,7,37,3386.0,,39.909,34.120813,-117.90718,0.19,ML,4,AZUSA 2,4289,,,,True,True,67,90,717678,772902,39.809,40.189,0.10000000000000142,0.28000000000000114,True,True,772902,717678,True,True,False,15,Fwy_210_W_physical_run_15,34548,3661,30887,0,34548,0,0,34548,30887,30887,30887,30887,30880,30880,120,0,108,210.0/W,89.40314924163482,30887,1440,108,34548,1440,120,100.0,30887,1440,108,89.40314924163482,30887,1440,108,89.40314924163482,30887,1440,108,89.40314924163482,30887,1440,108,89.40314924163482,30880,1440,108,89.38288757670487,30880,1440,108,89.38288757670487,2026-02-28|2026-05-27,True,210/W,False
772902,210,W,7,37,3386.0,,40.189,34.121215,-117.902335,0.32,ML,4,PASADENA AVE,2122,,,,True,True,68,90,717682,717685,39.909,40.549,0.28000000000000114,0.35999999999999943,True,True,717685,717682,True,True,False,15,Fwy_210_W_physical_run_15,34548,7981,26567,0,34548,0,0,34548,26567,26567,26567,25984,0,0,120,0,93,210.0/W,76.8988074562927,26567,1440,93,34548,1440,120,100.0,26567,1440,93,76.8988074562927,26567,1440,93,76.8988074562927,26567,1440,93,76.8988074562927,25984,1440,91,75.21130021998378,0,0,0,0.0,0,0,0,0.0,2026-02-28|2026-05-27,True,210/W,False
717685,210,W,7,37,3386.0,,40.549,34.121161,-117.896071,0.6,ML,4,CITRUS,4288,,,,True,True,69,90,772902,772918,40.189,41.389,0.35999999999999943,0.8400000000000034,True,False,772918,772902,False,True,False,15,Fwy_210_W_physical_run_15,34548,3661,30887,0,34548,0,0,34548,30887,30887,30887,30886,30885,30885,120,0,108,210.0/W,89.40314924163482,30887,1440,108,34548,1440,120,100.0,30887,1440,108,89.40314924163482,30887,1440,108,89.40314924163482,30887,1440,108,89.40314924163482,30886,1440,108,89.4002547180734,30885,1440,108,89.39736019451199,30885,1440,108,89.39736019451199,2026-02-28|2026-05-27,True,210/W,False
717686,210,W,7,37,3386.0,,41.789,34.120839,-117.874498,0.29,ML,4,GRAND 1,4287,,,,True,True,71,90,772918,717688,41.389,41.969,0.3999999999999986,0.17999999999999972,False,True,717688,772918,True,False,True,16,Fwy_210_W_physical_run_16,34548,3661,30887,0,34548,0,0,34548,30887,30887,30887,30877,30871,30871,120,0,108,210.0/W,89.40314924163482,30887,1440,108,34548,1440,120,100.0,30887,1440,108,89.40314924163482,30887,1440,108,89.40314924163482,30887,1440,108,89.40314924163482,30877,1440,108,89.3742040060206,30871,1440,108,89.35683686465208,30871,1440,108,89.35683686465208,2026-02-28|2026-05-27,True,210/W,False
717688,210,W,7,37,30014.0,,41.969,34.120655,-117.871352,0.4,ML,4,GRAND 2,4286,,,,True,True,72,90,717686,772933,41.789,42.589,0.17999999999999972,0.6199999999999974,True,True,772933,717686,True,True,False,16,Fwy_210_W_physical_run_16,34548,3661,30887,0,34548,0,0,34548,30887,30887,30597,30579,30568,30568,120,0,108,210.0/W,89.40314924163482,30887,1440,108,34548,1440,120,100.0,30887,1440,108,89.40314924163482,30887,1440,108,89.40314924163482,30597,1440,107,88.5637374088225,30579,1440,107,88.51163598471692,30568,1440,107,88.47979622554128,30568,1440,107,88.47979622554128,2026-02-28|2026-05-27,True,210/W,False
772933,210,W,7,37,30014.0,,42.589,34.117234,-117.861438,0.46,ML,4,E/O GLENDORA,2134,,,,True,True,73,90,717688,772954,41.969,42.889,0.6199999999999974,0.30000000000000426,True,False,772954,717688,False,True,False,16,Fwy_210_W_physical_run_16,34548,3949,30599,0,34548,0,0,34548,30599,30599,30599,30599,29732,29732,120,0,107,210.0/W,88.56952645594535,30599,1440,107,34548,1440,120,100.0,30599,1440,107,88.56952645594535,30599,1440,107,88.56952645594535,30599,1440,107,88.56952645594535,30599,1440,107,88.56952645594535,29732,1440,104,86.05997452819265,29732,1440,104,86.05997452819265,2026-02-28|2026-05-27,True,210/W,False
717694,210,W,7,37,30014.0,,43.389,34.117701,-117.847619,0.65,ML,4,SUNFLOWER AV,4285,,,,True,True,75,90,772954,769744,42.889,44.189,0.5,0.7999999999999972,False,False,769744,772954,False,False,True,17,Fwy_210_W_physical_run_17,34548,3661,30887,0,34548,0,0,34548,30887,30887,30887,30887,30301,30301,120,0,108,210.0/W,89.40314924163482,30887,1440,108,34548,1440,120,100.0,30887,1440,108,89.40314924163482,30887,1440,108,89.40314924163482,30887,1440,108,89.40314924163482,30887,1440,108,89.40314924163482,30301,1440,106,87.70695843464166,30301,1440,106,87.70695843464166,2026-02-28|2026-05-27,True,210/W,False
718259,405,N,7,37,11530.0,12.57,36.342,33.852884,-118.279686,0.275,ML,5,MAIN,3073,,,,True,True,33,105,766505,773000,35.822,36.372,0.519999999999996,0.030000000000001137,False,False,766505,773000,False,False,True,1,Fwy_405_N_physical_run_1,34548,32284,2264,0,34548,0,0,34548,2264,2264,2264,2264,2264,2264,120,0,9,405.0/N,6.553201343058933,2264,1440,9,34548,1440,120,100.0,2264,1440,9,6.553201343058933,2264,1440,9,6.553201343058933,2264,1440,9,6.553201343058933,2264,1440,9,6.553201343058933,2264,1440,9,6.553201343058933,2264,1440,9,6.553201343058933,2026-02-28|2026-05-27,True,405/N,False
717755,405,N,7,37,40886.0,17.52,41.292,33.884045,-118.351506,0.595,ML,4,HAWTHORNE BLVD,3052,,,,True,True,44,105,717752,717758,40.782,41.972,0.5100000000000051,0.6799999999999997,False,False,717752,717758,False,False,True,2,Fwy_405_N_physical_run_2,34548,12876,21672,0,34548,0,0,34548,21672,21672,11845,2202,0,0,120,0,76,405.0/N,62.73011462313303,21672,1440,76,34548,1440,120,100.0,21672,1440,76,62.73011462313303,21672,1440,76,62.73011462313303,11845,1440,42,34.2856315850411,2202,1440,8,6.3737408822507815,0,0,0,0.0,0,0,0,0.0,2026-02-28|2026-05-27,True,405/N,False
717760,405,N,7,37,60018.0,18.35,42.122,33.8919,-118.362464,0.48,ML,4,INGLEWOOD 2,3054,,,,True,True,46,105,717758,717763,41.972,42.932,0.14999999999999858,0.8100000000000023,False,True,717758,717763,False,True,True,3,Fwy_405_N_physical_run_3,34548,4924,29624,0,34548,0,0,34548,29624,29624,29624,29624,24987,24987,120,0,103,405.0/N,85.7473659835591,29624,1440,103,34548,1440,120,100.0,29624,1440,103,85.7473659835591,29624,1440,103,85.7473659835591,29624,1440,103,85.7473659835591,29624,1440,103,85.7473659835591,24987,1440,87,72.32546022924626,24987,1440,87,72.32546022924626,2026-02-28|2026-05-27,True,405/N,False
717763,405,N,7,37,32548.0,19.16,42.932,33.900921,-118.370315,0.505,ML,4,ROSECRANS 1,3055,,,,True,True,47,105,717760,717765,42.122,43.132,0.8100000000000023,0.19999999999999574,True,False,717760,717765,True,False,False,3,Fwy_405_N_physical_run_3,34548,4924,29624,0,34548,0,0,34548,29624,29624,23534,5432,282,282,120,0,103,405.0/N,85.7473659835591,29624,1440,103,34548,1440,120,100.0,29624,1440,103,85.7473659835591,29624,1440,103,85.7473659835591,23534,1440,82,68.1197174945004,5432,1440,19,15.723051985643163,282,495,1,0.8162556443209448,282,495,1,0.8162556443209448,2026-02-28|2026-05-27,True,405/N,False
716689,405,N,7,37,32548.0,19.57,43.342,33.906863,-118.370302,0.385,ML,5,137TH,2054,,,,True,True,49,105,717765,717769,43.132,43.902,0.21000000000000085,0.5600000000000023,False,False,717765,717769,False,False,True,4,Fwy_405_N_physical_run_4,34548,7804,26744,0,34548,0,0,34548,26744,26744,26744,25304,24135,0,120,0,93,405.0/N,77.41113812666435,26744,1440,93,34548,1440,120,100.0,26744,1440,93,77.41113812666435,26744,1440,93,77.41113812666435,26744,1440,93,77.41113812666435,25304,1440,88,73.24302419821697,24135,1440,84,69.8593261549149,0,0,0,0.0,2026-02-28|2026-05-27,True,405/N,False
764583,405,N,7,37,36546.0,23.61,47.382,33.965167,-118.370291,0.39,ML,4,LA CIENEGA,3360,,,,True,True,60,105,717777,717779,47.242,48.022,0.14000000000000057,0.6400000000000006,False,False,717777,717779,False,False,True,5,Fwy_405_N_physical_run_5,34548,1796,32752,0,34548,0,0,34548,32752,32752,32752,32752,32388,32388,120,0,115,405.0/N,94.80143568368646,32752,1440,115,34548,1440,120,100.0,32752,1440,115,94.80143568368646,32752,1440,115,94.80143568368646,32752,1440,115,94.80143568368646,32752,1440,115,94.80143568368646,32388,1440,114,93.74782910732894,32388,1440,114,93.74782910732894,2026-02-28|2026-05-27,True,405/N,False
717790,405,N,7,37,17568.0,27.81,51.582,34.010379,-118.41687,0.375,ML,5,VENICE,3193,,,,True,True,68,105,717787,772437,51.122,51.872,0.46000000000000085,0.28999999999999915,False,False,717787,772437,False,False,True,6,Fwy_405_N_physical_run_6,34548,10984,23564,0,34548,0,0,34548,23564,23564,23564,23564,22136,20695,120,0,83,405.0/N,68.20655320134306,23564,1440,83,34548,1440,120,100.0,23564,1440,83,68.20655320134306,23564,1440,83,68.20655320134306,23564,1440,83,68.20655320134306,23564,1440,83,68.20655320134306,22136,1440,78,64.07317355563275,20695,1440,73,59.90216510362394,2026-02-28|2026-05-27,True,405/N,False
772455,405,N,7,37,44000.0,28.54,52.312,34.019206,-118.423854,0.32,ML,5,PALMS BLVD,2442,,,,True,True,71,105,716714,718500,52.292,52.932,0.01999999999999602,0.6200000000000045,False,False,716714,718500,False,False,True,7,Fwy_405_N_physical_run_7,34548,3524,31024,0,34548,0,0,34548,31024,31024,30746,7399,0,0,120,0,109,405.0/N,89.79969896954961,31024,1440,109,34548,1440,120,100.0,31024,1440,109,89.79969896954961,31024,1440,109,89.79969896954961,30746,1440,108,88.99502141947436,7399,1440,26,21.416579830959822,0,0,0,0.0,0,0,0,0.0,2026-02-28|2026-05-27,True,405/N,False
717801,405,N,7,37,44000.0,33.42,57.192,34.077939,-118.470493,0.615,ML,5,MORAGA,3206,,,,True,True,82,105,717800,775137,56.732,57.962,0.46000000000000085,0.7700000000000031,False,True,717800,775137,False,True,True,8,Fwy_405_N_physical_run_8,34548,2396,32152,0,34548,0,0,34548,32152,32152,25774,3975,279,0,120,0,113,405.0/N,93.0647215468334,32152,1440,113,34548,1440,120,100.0,32152,1440,113,93.0647215468334,32152,1440,113,93.0647215468334,25774,1440,91,74.60345027208521,3975,1440,14,11.505731156651615,279,915,1,0.8075720736366794,0,0,0,0.0,2026-02-28|2026-05-27,True,405/N,False
775137,405,N,7,37,44000.0,34.19,57.962,34.088064,-118.475109,0.645,ML,5,SO OF GETTY CNTR DR,2064,,,,True,True,83,105,717801,717804,57.192,58.482,0.7700000000000031,0.519999999999996,True,False,717801,717804,True,False,False,8,Fwy_405_N_physical_run_8,34548,1797,32751,0,34548,0,0,34548,32751,32751,32751,32751,32171,24277,120,0,115,405.0/N,94.79854116012504,32751,1440,115,34548,1440,120,100.0,32751,1440,115,94.79854116012504,32751,1440,115,94.79854116012504,32751,1440,115,94.79854116012504,32751,1440,115,94.79854116012504,32171,1440,113,93.1197174945004,24277,1440,86,70.2703485006368,2026-02-28|2026-05-27,True,405/N,False
775120,405,N,7,37,44000.0,36.4,60.172,34.11879,-118.481253,0.565,ML,5,SO. OF SKIRBALL,2067,,,,True,True,87,105,716733,717806,59.572,60.702,0.5999999999999943,0.5300000000000011,False,False,716733,717806,False,False,True,9,Fwy_405_N_physical_run_9,34548,13853,20695,0,34548,0,0,34548,20695,20695,20695,20694,19239,6030,120,0,72,405.0/N,59.90216510362394,20695,1440,72,34548,1440,120,100.0,20695,1440,72,59.90216510362394,20695,1440,72,59.90216510362394,20695,1440,72,59.90216510362394,20694,1440,72,59.89927058006252,19239,1440,67,55.68773879819382,6030,1440,21,17.453977075373395,2026-02-28|2026-05-27,True,405/N,False
717814,405,N,7,37,44000.0,38.74,62.512,34.150297,-118.468373,0.54,ML,4,VENTURA,3393,,,,True,True,92,105,775225,777065,62.192,63.272,0.3200000000000003,0.759999999999998,False,False,775225,777065,False,False,True,10,Fwy_405_N_physical_run_10,34548,11588,22960,0,34548,0,0,34548,22960,22960,22960,22671,0,0,120,0,81,405.0/N,66.4582609702443,22960,1440,81,34548,1440,120,100.0,22960,1440,81,66.4582609702443,22960,1440,81,66.4582609702443,22960,1440,81,66.4582609702443,22671,1440,80,65.6217436609934,0,0,0,0.0,0,0,0,0.0,2026-02-28|2026-05-27,True,405/N,False
771767,405,N,7,37,44000.0,46.2,69.972,34.256535,-118.472044,1.12,ML,6,DEVONSHIRE 1,4371,,,,True,True,103,105,771808,772011,69.472,71.712,0.5,1.740000000000009,False,True,771808,772011,False,True,True,11,Fwy_405_N_physical_run_11,34548,32244,2304,0,34548,0,0,34548,2304,0,0,0,0,0,120,0,8,405.0/N,6.6689822855158045,2304,1440,8,34548,1440,120,100.0,2304,1440,8,6.6689822855158045,0,0,0,0.0,0,0,0,0.0,0,0,0,0.0,0,0,0,0.0,0,0,0,0.0,2026-02-28|2026-05-27,True,405/N,False
772011,405,N,7,37,44000.0,47.94,71.712,34.281744,-118.468905,1.05,ML,3,RINALDI,4373,,,,True,True,104,105,771767,772024,69.972,72.072,1.740000000000009,0.35999999999999943,True,True,771767,772024,True,True,False,11,Fwy_405_N_physical_run_11,34548,31967,2581,0,34548,0,0,34548,2581,2581,2581,2581,2581,2581,120,0,9,405.0/N,7.47076531202964,2581,1440,9,34548,1440,120,100.0,2581,1440,9,7.47076531202964,2581,1440,9,7.47076531202964,2581,1440,9,7.47076531202964,2581,1440,9,7.47076531202964,2581,1440,9,7.47076531202964,2581,1440,9,7.47076531202964,2026-02-28|2026-05-27,True,405/N,False
772024,405,N,7,37,44000.0,48.3,72.072,34.287473,-118.467596,0.523,ML,3,FM 5 to 405,2424,,,,True,True,105,105,772011,,71.712,,0.35999999999999943,,True,False,772011,,True,False,False,11,Fwy_405_N_physical_run_11,34548,31103,3445,0,34548,0,0,34548,3445,3445,3445,3445,3445,3445,120,0,12,405.0/N,9.971633669098066,3445,1440,12,34548,1440,120,100.0,3445,1440,12,9.971633669098066,3445,1440,12,9.971633669098066,3445,1440,12,9.971633669098066,3445,1440,12,9.971633669098066,3445,1440,12,9.971633669098066,3445,1440,12,9.971633669098066,2026-02-28|2026-05-27,True,405/N,False
718256,405,S,7,37,11530.0,11.32,35.092,33.840128,-118.264312,0.31,ML,4,AVALON 2,3074,,,,True,True,30,114,774327,766493,34.972,35.592,0.11999999999999744,0.5,False,False,766493,774327,False,False,True,1,Fwy_405_S_physical_run_1,34548,23356,11192,0,34548,0,0,34548,11192,11192,11192,9176,0,0,120,0,40,405.0/S,32.39550769943267,11192,1440,40,34548,1440,120,100.0,11192,1440,40,32.39550769943267,11192,1440,40,32.39550769943267,11192,1440,40,32.39550769943267,9176,1440,33,26.560148199606346,0,0,0,0.0,0,0,0,0.0,2026-02-28|2026-05-27,True,405/S,False
717766,405,S,7,37,32548.0,19.57,43.342,33.90684,-118.370538,0.47,ML,5,137TH,2054,,,,True,True,49,114,718280,759422,42.932,43.872,0.4099999999999966,0.5300000000000011,False,False,759422,718280,False,False,True,2,Fwy_405_S_physical_run_2,34548,7804,26744,0,34548,0,0,34548,26744,26744,26742,26741,26741,0,120,0,93,405.0/S,77.41113812666435,26744,1440,93,34548,1440,120,100.0,26744,1440,93,77.41113812666435,26744,1440,93,77.41113812666435,26742,1440,93,77.40534907954151,26741,1440,93,77.40245455598009,26741,1440,93,77.40245455598009,0,0,0,0.0,2026-02-28|2026-05-27,True,405/S,False
761552,405,S,7,37,,20.6,44.372,33.921786,-118.369125,0.39,ML,4,125TH,4521,,,,True,True,52,114,761541,764598,44.072,44.852,0.29999999999999716,0.4799999999999969,False,False,764598,761541,False,False,True,3,Fwy_405_S_physical_run_3,34548,1796,32752,0,34548,0,0,34548,32752,32752,32752,32752,31870,31870,120,0,115,405.0/S,94.80143568368646,32752,1440,115,34548,1440,120,100.0,32752,1440,115,94.80143568368646,32752,1440,115,94.80143568368646,32752,1440,115,94.80143568368646,32752,1440,115,94.80143568368646,31870,1440,112,92.24846590251244,31870,1440,112,92.24846590251244,2026-02-28|2026-05-27,True,405/S,False
765153,405,S,7,37,36546.0,22.4,46.172,33.947774,-118.368562,0.35,ML,4,98TH / WB CENTURY,4517,,,,True,True,57,114,718284,776843,45.772,46.472,0.3999999999999986,0.30000000000000426,False,False,776843,718284,False,False,True,4,Fwy_405_S_physical_run_4,34548,8121,26427,0,34548,0,0,34548,26427,26427,26139,26139,26139,26139,120,0,93,405.0/S,76.49357415769364,26427,1440,93,34548,1440,120,100.0,26427,1440,93,76.49357415769364,26427,1440,93,76.49357415769364,26139,1440,92,75.65995137200417,26139,1440,92,75.65995137200417,26139,1440,92,75.65995137200417,26139,1440,92,75.65995137200417,2026-02-28|2026-05-27,True,405/S,False
764578,405,S,7,37,36546.0,23.61,47.382,33.965086,-118.370528,0.39,ML,4,LA CIENEGA,3360,,,,True,True,61,114,764572,718287,47.242,48.022,0.14000000000000057,0.6400000000000006,False,True,718287,764572,True,False,True,5,Fwy_405_S_physical_run_5,34548,1796,32752,0,34548,0,0,34548,32752,32752,32752,32752,32747,32747,120,0,115,405.0/S,94.80143568368646,32752,1440,115,34548,1440,120,100.0,32752,1440,115,94.80143568368646,32752,1440,115,94.80143568368646,32752,1440,115,94.80143568368646,32752,1440,115,94.80143568368646,32747,1440,115,94.78696306587936,32747,1440,115,94.78696306587936,2026-02-28|2026-05-27,True,405/S,False
718287,405,S,7,37,36546.0,24.25,48.022,33.971543,-118.377669,0.645,ML,4,LA TIJERA,3359,,,,True,True,62,114,764578,771954,47.382,48.672,0.6400000000000006,0.6499999999999986,True,False,771954,764578,False,True,False,5,Fwy_405_S_physical_run_5,34548,1799,32749,0,34548,0,0,34548,32749,32749,32361,32073,26123,26123,120,0,115,405.0/S,94.7927521130022,32749,1440,115,34548,1440,120,100.0,32749,1440,115,94.7927521130022,32749,1440,115,94.7927521130022,32361,1440,114,93.66967697117056,32073,1440,113,92.83605418548107,26123,1440,95,75.61363899502142,26123,1440,95,75.61363899502142,2026-02-28|2026-05-27,True,405/S,False
772454,405,S,7,37,44000.0,28.54,52.312,34.019097,-118.424066,0.32,ML,5,PALMS BLVD,2442,,,,True,True,72,114,772527,718297,52.292,52.932,0.01999999999999602,0.6200000000000045,False,False,718297,772527,False,False,True,6,Fwy_405_S_physical_run_6,34548,3524,31024,0,34548,0,0,34548,31024,31024,31024,30140,24032,3103,120,0,109,405.0/S,89.79969896954961,31024,1440,109,34548,1440,120,100.0,31024,1440,109,89.79969896954961,31024,1440,109,89.79969896954961,31024,1440,109,89.79969896954961,30140,1440,106,87.24094014125275,24032,1440,85,69.56119022808846,3103,1440,12,8.981706611091814,2026-02-28|2026-05-27,True,405/S,False
775136,405,S,7,37,44000.0,34.19,57.962,34.088256,-118.475372,0.845,ML,4,SO OF GETTY CNTR DR,2064,,,,True,True,86,114,718310,718312,56.812,58.502,1.1500000000000057,0.5399999999999991,False,False,718312,718310,False,False,True,7,Fwy_405_S_physical_run_7,34548,1797,32751,0,34548,0,0,34548,32751,32751,32184,1721,0,0,120,0,115,405.0/S,94.79854116012504,32751,1440,115,34548,1440,120,100.0,32751,1440,115,94.79854116012504,32751,1440,115,94.79854116012504,32184,1440,113,93.15734630079888,1721,1440,6,4.9814750492069,0,0,0,0.0,0,0,0,0.0,2026-02-28|2026-05-27,True,405/S,False
775121,405,S,7,37,44000.0,36.4,60.172,34.118968,-118.481445,0.375,ML,4,SO. OF SKIRBALL,2067,,,,True,True,90,114,718314,718315,59.572,60.322,0.5999999999999943,0.15000000000000568,False,False,718315,718314,False,False,True,8,Fwy_405_S_physical_run_8,34548,13853,20695,0,34548,0,0,34548,20695,20695,20695,20695,19543,19543,120,0,72,405.0/S,59.90216510362394,20695,1440,72,34548,1440,120,100.0,20695,1440,72,59.90216510362394,20695,1440,72,59.90216510362394,20695,1440,72,59.90216510362394,20695,1440,72,59.90216510362394,19543,1440,68,56.56767396086604,19543,1440,68,56.56767396086604,2026-02-28|2026-05-27,True,405/S,False
717831,605,N,7,37,70686.0,,2.282,33.809588,-118.081304,1.057,ML,4,SPRING 1,3435,,,,True,True,1,58,,773712,,2.432,,0.1499999999999999,False,False,,773712,False,False,True,1,Fwy_605_N_physical_run_1,34548,18183,16365,0,34548,0,0,34548,16365,16365,16365,16364,16364,16364,120,0,58,605.0/N,47.36887808266759,16365,1440,57,34548,1440,120,100.0,16365,1440,57,47.36887808266759,16365,1440,57,47.36887808266759,16365,1440,57,47.36887808266759,16364,1440,57,47.36598355910617,16364,1440,57,47.36598355910617,16364,1440,57,47.36598355910617,2026-02-28|2026-05-27,True,605/N,False
761844,605,N,7,37,43000.0,,3.082,33.821171,-118.081273,0.56,ML,4,WARDLOW,2137,,,,True,True,3,58,773712,773723,2.432,3.552,0.6499999999999999,0.4700000000000002,False,True,773712,773723,False,True,True,2,Fwy_605_N_physical_run_2,34548,13893,20655,0,34548,0,0,34548,20655,20655,20367,20367,20366,20366,120,0,73,605.0/N,59.78638416116707,20655,1440,73,34548,1440,120,100.0,20655,1440,73,59.78638416116707,20655,1440,73,59.78638416116707,20367,1440,72,58.9527613754776,20367,1440,72,58.9527613754776,20366,1440,72,58.94986685191618,20366,1440,72,58.94986685191618,2026-02-28|2026-05-27,True,605/N,False
773723,605,N,7,37,43000.0,,3.552,33.827898,-118.082496,0.325,ML,4,223RD STREET,2659,,,,True,True,4,58,761844,717836,3.082,3.732,0.4700000000000002,0.18000000000000016,True,True,761844,717836,True,True,False,2,Fwy_605_N_physical_run_2,34548,10664,23884,0,34548,0,0,34548,23884,23884,23579,22115,0,0,120,0,84,605.0/N,69.13280074099804,23884,1440,83,34548,1440,120,100.0,23884,1440,83,69.13280074099804,23884,1440,83,69.13280074099804,23579,1440,82,68.24997105476439,22115,1440,77,64.01238856084288,0,0,0,0.0,0,0,0,0.0,2026-02-28|2026-05-27,True,605/N,False
717836,605,N,7,37,43000.0,,3.732,33.830383,-118.083453,0.175,ML,4,CARSON EB,3436,,,,True,True,5,58,773723,717839,3.552,3.902,0.18000000000000016,0.16999999999999993,True,False,773723,717839,True,False,False,2,Fwy_605_N_physical_run_2,34548,34271,277,0,34548,0,0,34548,277,277,277,0,0,0,120,0,1,605.0/N,0.8017830265138358,277,740,1,34548,1440,120,100.0,277,740,1,0.8017830265138358,277,740,1,0.8017830265138358,277,740,1,0.8017830265138358,0,0,0,0.0,0,0,0,0.0,0,0,0,0.0,2026-02-28|2026-05-27,True,605/N,False
717143,605,N,7,37,39892.0,,4.842,33.844957,-118.091715,0.325,ML,4,DEL AMO 1,3438,,,,True,True,8,58,716760,717844,4.332,4.982,0.5099999999999998,0.14000000000000057,False,True,716760,717844,False,True,True,3,Fwy_605_N_physical_run_3,34548,3647,30901,0,34548,0,0,34548,30901,30901,30901,30900,30900,30900,120,0,109,605.0/N,89.44367257149473,30901,1440,108,34548,1440,120,100.0,30901,1440,108,89.44367257149473,30901,1440,108,89.44367257149473,30901,1440,108,89.44367257149473,30900,1440,108,89.4407780479333,30900,1440,108,89.4407780479333,30900,1440,108,89.4407780479333,2026-02-28|2026-05-27,True,605/N,False
717844,605,N,7,37,12552.0,,4.982,33.84679,-118.092752,0.255,ML,4,DEL AMO 2,3439,,,,True,True,9,58,717143,773736,4.842,5.352,0.14000000000000057,0.3700000000000001,True,False,717143,773736,True,False,False,3,Fwy_605_N_physical_run_3,34548,17596,16952,0,34548,0,0,34548,16952,16952,16951,16951,0,0,120,0,60,605.0/N,49.06796341322218,16952,1440,59,34548,1440,120,100.0,16952,1440,59,49.06796341322218,16952,1440,59,49.06796341322218,16951,1440,59,49.065068889660765,16951,1440,59,49.065068889660765,0,0,0,0.0,0,0,0,0.0,2026-02-28|2026-05-27,True,605/N,False
717850,605,N,7,37,12552.0,,5.732,33.857321,-118.09579,0.26,ML,4,SOUTH 1,3440,,,,True,True,11,58,773736,717851,5.352,5.872,0.3799999999999999,0.13999999999999968,False,False,773736,717851,False,False,True,4,Fwy_605_N_physical_run_4,34548,2948,31600,0,34548,0,0,34548,31600,31600,31599,31599,31596,31596,120,0,111,605.0/N,91.46694454092857,31600,1440,111,34548,1440,120,100.0,31600,1440,111,91.46694454092857,31600,1440,111,91.46694454092857,31599,1440,111,91.46405001736714,31599,1440,111,91.46405001736714,31596,1440,111,91.45536644668287,31596,1440,111,91.45536644668287,2026-02-28|2026-05-27,True,605/N,False
717863,605,N,7,37,12552.0,,7.972,33.888878,-118.104376,0.26,ML,5,ALONDRA 2,3245,,,,True,True,19,58,717858,716784,7.822,8.342,0.15000000000000036,0.3700000000000001,False,False,717858,716784,False,False,True,5,Fwy_605_N_physical_run_5,34548,16739,17809,0,34548,0,0,34548,17809,17809,17809,17809,17804,11687,120,0,63,605.0/N,51.54857010536066,17809,1440,62,34548,1440,120,100.0,17809,1440,62,51.54857010536066,17809,1440,62,51.54857010536066,17809,1440,62,51.54857010536066,17809,1440,62,51.54857010536066,17804,1440,62,51.534097487553545,11687,1440,41,33.82829686233646,2026-02-28|2026-05-27,True,605/N,False
716788,605,N,7,37,52526.0,,8.982,33.903565,-118.10513,0.24,ML,5,ROSECRANS 2,3247,,,,True,True,22,58,766851,717864,8.902,9.382,0.08000000000000007,0.40000000000000036,False,False,766851,717864,False,False,True,6,Fwy_605_N_physical_run_6,34548,1207,33341,0,34548,0,0,34548,33341,33341,33341,33053,13422,0,120,0,117,605.0/N,96.5063100613639,33341,1440,117,34548,1440,120,100.0,33341,1440,117,96.5063100613639,33341,1440,117,96.5063100613639,33341,1440,117,96.5063100613639,33053,1440,116,95.67268727567442,13422,1440,48,38.850295241403266,0,0,0,0.0,2026-02-28|2026-05-27,True,605/N,False
717945,605,N,7,37,,,21.554,34.05556,-118.003436,0.312,ML,4,VALLEY 2,4423,,,,True,True,47,58,716834,763683,21.417,22.042,0.1369999999999969,0.4880000000000031,False,True,716834,763683,False,True,True,7,Fwy_605_N_physical_run_7,34548,937,33611,0,34548,0,0,34548,33611,33611,0,0,0,0,120,0,118,605.0/N,97.2878314229478,33611,1440,118,34548,1440,120,100.0,33611,1440,118,97.2878314229478,33611,1440,118,97.2878314229478,0,0,0,0.0,0,0,0,0.0,0,0,0,0.0,0,0,0,0.0,2026-02-28|2026-05-27,True,605/N,False
763683,605,N,7,37,3666.0,,22.042,34.062218,-118.000416,0.599,ML,3,N OF 10,2447,,,,True,True,48,58,717945,776020,21.554,22.752,0.4880000000000031,0.7099999999999973,True,False,717945,776020,True,False,False,7,Fwy_605_N_physical_run_7,34548,932,33616,0,34548,0,0,34548,33616,33616,33616,33616,27499,27499,120,0,118,605.0/N,97.30230404075488,33616,1440,118,34548,1440,120,100.0,33616,1440,118,97.30230404075488,33616,1440,118,97.30230404075488,33616,1440,118,97.30230404075488,33616,1440,118,97.30230404075488,27499,1440,97,79.5965034155378,27499,1440,97,79.5965034155378,2026-02-28|2026-05-27,True,605/N,False
776487,605,N,7,37,3666.0,21.231,23.283,34.079858,-117.997784,0.45,ML,4,RAMONA,4426,,,,True,True,50,58,776020,773774,22.752,23.652,0.5310000000000024,0.3689999999999998,False,False,776020,773774,False,False,True,8,Fwy_605_N_physical_run_8,34548,33120,1428,0,34548,0,0,34548,1428,1428,1428,1428,0,0,120,0,5,605.0/N,4.133379645710316,1428,1440,5,34548,1440,120,100.0,1428,1440,5,4.133379645710316,1428,1440,5,4.133379645710316,1428,1440,5,4.133379645710316,1428,1440,5,4.133379645710316,0,0,0,0.0,0,0,0,0.0,2026-02-28|2026-05-27,True,605/N,False
717956,605,N,7,37,3666.0,22.366,24.418,34.093924,-117.988767,0.55,ML,4,LOWER AZUSA,4427,,,,True,True,52,58,773774,773785,23.652,24.752,0.7659999999999982,0.33399999999999963,False,False,773774,773785,False,False,True,9,Fwy_605_N_physical_run_9,34548,33972,576,0,34548,0,0,34548,576,576,576,576,576,576,120,0,2,605.0/N,1.6672455713789511,576,1440,2,34548,1440,120,100.0,576,1440,2,1.6672455713789511,576,1440,2,1.6672455713789511,576,1440,2,1.6672455713789511,576,1440,2,1.6672455713789511,576,1440,2,1.6672455713789511,576,1440,2,1.6672455713789511,2026-02-28|2026-05-27,True,605/N,False
767678,605,N,7,37,36826.0,23.3,25.352,34.106202,-117.982407,0.626,ML,4,LIVE OAK,4432,,,,True,True,54,58,773785,716841,24.752,26.004,0.6000000000000014,0.652000000000001,False,False,773785,716841,False,False,True,10,Fwy_605_N_physical_run_10,34548,932,33616,0,34548,0,0,34548,33616,33616,33616,33616,33327,33327,120,0,118,605.0/N,97.30230404075488,33616,1440,118,34548,1440,120,100.0,33616,1440,118,97.30230404075488,33616,1440,118,97.30230404075488,33616,1440,118,97.30230404075488,33616,1440,118,97.30230404075488,33327,1440,117,96.465786731504,33327,1440,117,96.465786731504,2026-02-28|2026-05-27,True,605/N,False
717958,605,N,7,37,36826.0,24.152,26.204,34.11687,-117.975459,0.274,ML,4,ARROW 2,4429,,,,True,True,56,58,716841,773795,26.004,26.552,0.1999999999999993,0.347999999999999,False,False,716841,773795,False,False,True,11,Fwy_605_N_physical_run_11,34548,33972,576,0,34548,0,0,34548,576,576,576,576,576,576,120,0,2,605.0/N,1.6672455713789511,576,1440,2,34548,1440,120,100.0,576,1440,2,1.6672455713789511,576,1440,2,1.6672455713789511,576,1440,2,1.6672455713789511,576,1440,2,1.6672455713789511,576,1440,2,1.6672455713789511,576,1440,2,1.6672455713789511,2026-02-28|2026-05-27,True,605/N,False
717832,605,S,7,37,70686.0,,2.252,33.80915,-118.081596,1.042,ML,4,SPRING 1,3435,,,,True,True,1,55,,773711,,2.432,,0.18000000000000016,False,False,773711,,False,False,True,1,Fwy_605_S_physical_run_1,34548,15551,18997,0,34548,0,0,34548,18997,18997,18997,18996,18995,18995,120,0,67,605.0/S,54.987264096329746,18997,1440,67,34548,1440,120,100.0,18997,1440,67,54.987264096329746,18997,1440,67,54.987264096329746,18997,1440,67,54.987264096329746,18996,1440,67,54.98436957276832,18995,1440,67,54.9814750492069,18995,1440,67,54.9814750492069,2026-02-28|2026-05-27,True,605/S,False
737504,605,S,7,37,43000.0,,3.082,33.821152,-118.081557,0.56,ML,4,WARDLOW,2137,,,,True,True,3,55,773711,773724,2.432,3.552,0.6499999999999999,0.4700000000000002,False,False,773724,773711,False,False,True,2,Fwy_605_S_physical_run_2,34548,1220,33328,0,34548,0,0,34548,33328,33328,33327,33325,32994,32994,120,0,117,605.0/S,96.46868125506542,33328,1440,117,34548,1440,120,100.0,33328,1440,117,96.46868125506542,33328,1440,117,96.46868125506542,33327,1440,117,96.465786731504,33325,1440,117,96.45999768438116,32994,1440,116,95.50191038555054,32994,1440,116,95.50191038555054,2026-02-28|2026-05-27,True,605/S,False
717833,605,S,7,37,43000.0,,3.722,33.830177,-118.08363,0.175,ML,4,CARSON 1,3447,,,,True,True,5,55,773724,717838,3.552,3.902,0.16999999999999993,0.18000000000000016,False,True,717838,773724,True,False,True,3,Fwy_605_S_physical_run_3,34548,23052,11496,0,34548,0,0,34548,11496,11496,11496,11496,11485,11485,120,0,40,605.0/S,33.275442862104896,11496,1440,40,34548,1440,120,100.0,11496,1440,40,33.275442862104896,11496,1440,40,33.275442862104896,11496,1440,40,33.275442862104896,11496,1440,40,33.275442862104896,11485,1440,40,33.24360310292926,11485,1440,40,33.24360310292926,2026-02-28|2026-05-27,True,605/S,False
717838,605,S,7,37,39892.0,,3.902,33.832579,-118.084831,0.305,ML,4,CARSON 2,3446,,,,True,True,6,55,717833,717842,3.722,4.332,0.18000000000000016,0.4299999999999997,True,False,717842,717833,False,True,False,3,Fwy_605_S_physical_run_3,34548,19020,15528,0,34548,0,0,34548,15528,15528,15528,15528,15519,15519,120,0,54,605.0/S,44.94616186175755,15528,1440,54,34548,1440,120,100.0,15528,1440,54,44.94616186175755,15528,1440,54,44.94616186175755,15528,1440,54,44.94616186175755,15528,1440,54,44.94616186175755,15519,1440,54,44.92011114970476,15519,1440,54,44.92011114970476,2026-02-28|2026-05-27,True,605/S,False
717846,605,S,7,37,12552.0,,4.982,33.846711,-118.092994,0.255,ML,4,DEL AMO 2,3444,,,,True,True,9,55,717843,773737,4.842,5.352,0.14000000000000057,0.3700000000000001,False,False,773737,717843,False,False,True,4,Fwy_605_S_physical_run_4,34548,15801,18747,0,34548,0,0,34548,18747,18747,18747,18747,0,0,120,0,66,605.0/S,54.263633205974294,18747,1440,66,34548,1440,120,100.0,18747,1440,66,54.263633205974294,18747,1440,66,54.263633205974294,18747,1440,66,54.263633205974294,18747,1440,66,54.263633205974294,0,0,0,0.0,0,0,0,0.0,2026-02-28|2026-05-27,True,605/S,False
717853,605,S,7,37,12552.0,,5.882,33.859402,-118.096491,0.315,ML,4,SOUTH 2,3442,,,,True,True,12,55,717847,716775,5.732,6.362,0.14999999999999947,0.4800000000000004,False,False,716775,717847,False,False,True,5,Fwy_605_S_physical_run_5,34548,15018,19530,0,34548,0,0,34548,19530,19530,19529,19529,0,0,120,0,68,605.0/S,56.53004515456756,19530,1440,68,34548,1440,120,100.0,19530,1440,68,56.53004515456756,19530,1440,68,56.53004515456756,19529,1440,68,56.52715063100614,19529,1440,68,56.52715063100614,0,0,0,0.0,0,0,0,0.0,2026-02-28|2026-05-27,True,605/S,False
717867,605,S,7,37,52526.0,,8.772,33.900526,-118.105238,0.275,ML,5,ROSECRANS 1,3382,,,,True,True,19,55,717865,717871,8.342,8.892,0.4299999999999997,0.11999999999999922,False,False,717871,717865,False,False,True,6,Fwy_605_S_physical_run_6,34548,34260,288,0,34548,0,0,34548,288,288,288,288,282,0,120,0,1,605.0/S,0.8336227856894756,288,1440,1,34548,1440,120,100.0,288,1440,1,0.8336227856894756,288,1440,1,0.8336227856894756,288,1440,1,0.8336227856894756,288,1440,1,0.8336227856894756,282,760,1,0.8162556443209448,0,0,0,0.0,2026-02-28|2026-05-27,True,605/S,False
764001,605,S,7,37,52526.0,,9.352,33.908921,-118.10517,0.35,ML,4,FOSTER,2141,,,,True,True,22,55,717848,737152,9.252,9.952,0.09999999999999964,0.5999999999999996,False,False,737152,717848,False,False,True,7,Fwy_605_S_physical_run_7,34548,932,33616,0,34548,0,0,34548,33616,33616,33616,33616,33616,33616,120,0,118,605.0/S,97.30230404075488,33616,1440,118,34548,1440,120,100.0,33616,1440,118,97.30230404075488,33616,1440,118,97.30230404075488,33616,1440,118,97.30230404075488,33616,1440,118,97.30230404075488,33616,1440,118,97.30230404075488,33616,1440,118,97.30230404075488,2026-02-28|2026-05-27,True,605/S,False
717914,605,S,7,37,56924.0,,16.442,34.004272,-118.064134,0.414,ML,4,BEVERLY 1,3345,,,,True,True,36,55,717912,764021,15.664,16.492,0.7780000000000005,0.05000000000000071,False,True,764021,717912,True,False,True,8,Fwy_605_S_physical_run_8,34548,29570,4978,0,34548,0,0,34548,4978,4978,0,0,0,0,120,0,18,605.0/S,14.408938288757671,4978,1440,18,34548,1440,120,100.0,4978,1440,18,14.408938288757671,4978,1440,18,14.408938288757671,0,0,0,0.0,0,0,0,0.0,0,0,0,0.0,0,0,0,0.0,2026-02-28|2026-05-27,True,605/S,False
764021,605,S,7,37,56924.0,,16.492,34.004792,-118.063514,0.25,ML,4,BEVERLY 2,3344,,,,True,True,37,55,717914,717924,16.442,16.942,0.05000000000000071,0.4499999999999993,True,False,717924,717914,False,True,False,8,Fwy_605_S_physical_run_8,34548,32801,1747,0,34548,0,0,34548,1747,1747,0,0,0,0,120,0,7,605.0/S,5.056732661803867,1747,1440,6,34548,1440,120,100.0,1747,1440,6,5.056732661803867,1747,1440,6,5.056732661803867,0,0,0,0.0,0,0,0,0.0,0,0,0,0.0,0,0,0,0.0,2026-02-28|2026-05-27,True,605/S,False
765501,605,S,7,37,3666.0,21.951,24.003,34.089665,-117.99394,0.549,ML,4,LOWER AZUSA,4433,,,,True,True,50,55,773773,773784,23.652,24.752,0.3509999999999991,0.7489999999999988,False,False,773784,773773,False,False,True,9,Fwy_605_S_physical_run_9,34548,33972,576,0,34548,0,0,34548,576,576,576,576,576,576,120,0,2,605.0/S,1.6672455713789511,576,1440,2,34548,1440,120,100.0,576,1440,2,1.6672455713789511,576,1440,2,1.6672455713789511,576,1440,2,1.6672455713789511,576,1440,2,1.6672455713789511,576,1440,2,1.6672455713789511,576,1440,2,1.6672455713789511,2026-02-28|2026-05-27,True,605/S,False
763616,605,S,7,37,36826.0,23.346,25.398,34.106905,-117.982368,0.626,ML,4,LIVE OAK,4432,,,,True,True,52,55,773784,717957,24.752,26.004,0.6460000000000008,0.6060000000000016,False,False,717957,773784,False,False,True,10,Fwy_605_S_physical_run_10,34548,932,33616,0,34548,0,0,34548,33616,33616,33616,18614,576,576,120,0,118,605.0/S,97.30230404075488,33616,1440,118,34548,1440,120,100.0,33616,1440,118,97.30230404075488,33616,1440,118,97.30230404075488,33616,1440,118,97.30230404075488,18614,1440,66,53.8786615723052,576,1440,2,1.6672455713789511,576,1440,2,1.6672455713789511,2026-02-28|2026-05-27,True,605/S,False
777212,710,N,7,37,43000.0,5.324,0.364,33.767621,-118.207815,0.195,ML,3,E. Of Route 43 Exit,2304,,,,True,True,2,43,777204,777223,0.17,0.56,0.19399999999999998,0.19600000000000006,False,False,777204,777223,False,False,True,1,Fwy_710_N_physical_run_1,34548,1779,32769,0,34548,0,0,34548,32769,32769,32769,32769,22176,22176,120,0,115,710.0/N,94.85064258423064,32769,1440,115,34548,1440,120,100.0,32769,1440,115,94.85064258423064,32769,1440,115,94.85064258423064,32769,1440,115,94.85064258423064,32769,1440,115,94.85064258423064,22176,1440,77,64.18895449808961,22176,1440,77,64.18895449808961,2026-02-28|2026-05-27,True,710/N,False
777243,710,N,7,37,43000.0,,1.76,33.787577,-118.207552,0.281,ML,3,On Pico Ave,2308,,,,True,True,5,43,777233,772689,1.278,1.84,0.482,0.08000000000000007,False,False,777233,772689,False,False,True,2,Fwy_710_N_physical_run_2,34548,27935,6613,0,34548,0,0,34548,6613,6613,0,0,0,0,120,0,23,710.0/N,19.141484311682294,6613,1440,23,34548,1440,120,100.0,6613,1440,23,19.141484311682294,6613,1440,23,19.141484311682294,0,0,0,0.0,0,0,0,0.0,0,0,0,0.0,0,0,0,0.0,2026-02-28|2026-05-27,True,710/N,False
718488,710,N,7,37,15044.0,14.38,9.42,33.89529,-118.187593,0.4,ML,6,COMPTON,2209,,,,True,True,17,43,761734,717770,9.14,9.94,0.27999999999999936,0.5199999999999996,False,False,761734,717770,False,False,True,3,Fwy_710_N_physical_run_3,34548,19900,14648,0,34548,0,0,34548,14648,14648,14648,14648,14648,0,120,0,52,710.0/N,42.39898112770638,14648,1440,52,34548,1440,120,100.0,14648,1440,52,42.39898112770638,14648,1440,52,42.39898112770638,14648,1440,52,42.39898112770638,14648,1440,52,42.39898112770638,14648,1440,52,42.39898112770638,0,0,0,0.0,2026-02-28|2026-05-27,True,710/N,False
718151,710,N,7,37,44574.0,16.9,11.907,33.929626,-118.178731,0.258,ML,4,IMPERIAL 1,3462,,,,True,True,24,43,768984,717983,11.54,12.057,0.3670000000000009,0.15000000000000036,False,True,768984,717983,False,True,True,4,Fwy_710_N_physical_run_4,34548,19900,14648,0,34548,0,0,34548,14648,14648,14648,0,0,0,120,0,52,710.0/N,42.39898112770638,14648,1440,52,34548,1440,120,100.0,14648,1440,52,42.39898112770638,14648,1440,52,42.39898112770638,14648,1440,52,42.39898112770638,0,0,0,0.0,0,0,0,0.0,0,0,0,0.0,2026-02-28|2026-05-27,True,710/N,False
717983,710,N,7,37,44574.0,17.05,12.057,33.931754,-118.178439,0.4,ML,4,IMPERIAL 2,3463,,,,True,True,25,43,718151,774359,11.907,12.707,0.15000000000000036,0.6500000000000004,True,False,718151,774359,True,False,False,4,Fwy_710_N_physical_run_4,34548,20476,14072,0,34548,0,0,34548,14072,14072,14072,14072,0,0,120,0,50,710.0/N,40.73173555632743,14072,1440,50,34548,1440,120,100.0,14072,1440,50,40.73173555632743,14072,1440,50,40.73173555632743,14072,1440,50,40.73173555632743,14072,1440,50,40.73173555632743,0,0,0,0.0,0,0,0,0.0,2026-02-28|2026-05-27,True,710/N,False
717992,710,N,7,37,73080.0,18.42,13.427,33.949445,-118.170327,0.405,ML,4,FIRESTONE 1,3464,,,,True,True,27,43,774359,717995,12.707,13.517,0.7199999999999989,0.08999999999999986,False,True,774359,717995,False,True,True,5,Fwy_710_N_physical_run_5,34548,19900,14648,0,34548,0,0,34548,14648,14648,14648,9202,0,0,120,0,52,710.0/N,42.39898112770638,14648,1440,52,34548,1440,120,100.0,14648,1440,52,42.39898112770638,14648,1440,52,42.39898112770638,14648,1440,52,42.39898112770638,9202,1440,32,26.635405812203313,0,0,0,0.0,0,0,0,0.0,2026-02-28|2026-05-27,True,710/N,False
717995,710,N,7,37,73080.0,18.51,13.517,33.950741,-118.170417,0.54,ML,4,FIRESTONE 2,3465,,,,True,True,28,43,717992,776266,13.427,14.507,0.08999999999999986,0.9900000000000002,True,False,717992,776266,True,False,False,5,Fwy_710_N_physical_run_5,34548,26317,8231,0,34548,0,0,34548,8231,8231,8231,8229,8223,8223,120,0,29,710.0/N,23.82482343406275,8231,1440,29,34548,1440,120,100.0,8231,1440,29,23.82482343406275,8231,1440,29,23.82482343406275,8231,1440,29,23.82482343406275,8229,1440,29,23.819034386939908,8223,1440,29,23.80166724557138,8223,1440,29,23.80166724557138,2026-02-28|2026-05-27,True,710/N,False
718147,710,N,7,37,73080.0,19.76,14.767,33.968571,-118.167682,1.09,ML,4,FLORENCE 2,3467,,,,True,True,30,43,776266,776290,14.507,16.687,0.2599999999999998,1.9200000000000017,False,False,776266,776290,False,False,True,6,Fwy_710_N_physical_run_6,34548,21916,12632,0,34548,0,0,34548,12632,12632,12632,11845,0,0,120,0,45,710.0/N,36.56362162788005,12632,1440,45,34548,1440,120,100.0,12632,1440,45,36.56362162788005,12632,1440,45,36.56362162788005,12632,1440,45,36.56362162788005,11845,1440,43,34.2856315850411,0,0,0,0.0,0,0,0,0.0,2026-02-28|2026-05-27,True,710/N,False
776493,710,N,7,37,14974.0,22.54,17.547,34.005883,-118.172597,0.23,ML,5,WASHINGTON,3468,,,,True,True,33,43,718320,776203,17.147,17.607,0.40000000000000213,0.05999999999999872,False,False,718320,776203,False,False,True,7,Fwy_710_N_physical_run_7,34548,22204,12344,0,34548,0,0,34548,12344,12344,12343,12339,12325,12320,120,0,44,710.0/N,35.729998842190575,12344,1440,44,34548,1440,120,100.0,12344,1440,44,35.729998842190575,12344,1440,44,35.729998842190575,12343,1440,44,35.72710431862915,12339,1440,44,35.71552622438347,12325,1440,44,35.67500289452356,12320,1440,44,35.66053027671645,2026-02-28|2026-05-27,True,710/N,False
777213,710,S,7,37,43000.0,5.324,0.364,33.76833,-118.207637,0.195,ML,3,E. Of Route 43 Exit,2304,,,,True,True,2,42,777203,777224,0.17,0.56,0.19399999999999998,0.19600000000000006,False,False,777224,777203,False,False,True,1,Fwy_710_S_physical_run_1,34548,14456,20092,0,34548,0,0,34548,20092,20092,14265,14265,144,144,120,0,71,710.0/S,58.15676739608661,20092,1440,71,34548,1440,120,100.0,20092,1440,71,58.15676739608661,20092,1440,71,58.15676739608661,14265,1440,50,41.29037860368184,14265,1440,50,41.29037860368184,144,650,1,0.4168113928447378,144,650,1,0.4168113928447378,2026-02-28|2026-05-27,True,710/S,False
777245,710,S,7,37,43000.0,,1.76,33.787581,-118.207796,0.281,ML,3,On Pico Ave,2308,,,,True,True,5,42,777232,772701,1.278,1.84,0.482,0.08000000000000007,False,False,772701,777232,False,False,True,2,Fwy_710_S_physical_run_2,34548,27071,7477,0,34548,0,0,34548,7477,7477,0,0,0,0,120,0,26,710.0/S,21.642352668750725,7477,1440,26,34548,1440,120,100.0,7477,1440,26,21.642352668750725,7477,1440,26,21.642352668750725,0,0,0,0.0,0,0,0,0.0,0,0,0,0.0,0,0,0,0.0,2026-02-28|2026-05-27,True,710/S,False
761851,710,S,7,37,15044.0,14.38,9.42,33.8953,-118.187843,0.45,ML,6,COMPTON,2209,,,,True,True,17,42,717970,717975,8.87,9.77,0.5500000000000007,0.34999999999999964,False,False,717975,717970,False,False,True,3,Fwy_710_S_physical_run_3,34548,19900,14648,0,34548,0,0,34548,14648,14648,14648,14648,14360,0,120,0,52,710.0/S,42.39898112770638,14648,1440,52,34548,1440,120,100.0,14648,1440,52,42.39898112770638,14648,1440,52,42.39898112770638,14648,1440,52,42.39898112770638,14648,1440,52,42.39898112770638,14360,1440,51,41.56535834201691,0,0,0,0.0,2026-02-28|2026-05-27,True,710/S,False
717972,710,S,7,37,55618.0,15.01,10.05,33.903982,-118.185282,0.26,ML,6,ROSECRANS 2,3459,,,,True,True,19,42,717975,761761,9.77,10.29,0.28000000000000114,0.23999999999999844,False,False,761761,717975,False,False,True,4,Fwy_710_S_physical_run_4,34548,19900,14648,0,34548,0,0,34548,14648,14648,14648,14648,14648,0,120,0,52,710.0/S,42.39898112770638,14648,1440,52,34548,1440,120,100.0,14648,1440,52,42.39898112770638,14648,1440,52,42.39898112770638,14648,1440,52,42.39898112770638,14648,1440,52,42.39898112770638,14648,1440,52,42.39898112770638,0,0,0,0.0,2026-02-28|2026-05-27,True,710/S,False
761776,710,S,7,37,44574.0,16.98,11.987,33.93079,-118.178918,0.39,ML,4,IMPERIAL 2,3482,,,,True,True,25,42,717980,774358,11.927,12.707,0.0600000000000005,0.7200000000000006,False,False,774358,717980,False,False,True,5,Fwy_710_S_physical_run_5,34548,19900,14648,0,34548,0,0,34548,14648,14648,14648,14648,14648,14648,120,0,52,710.0/S,42.39898112770638,14648,1440,52,34548,1440,120,100.0,14648,1440,52,42.39898112770638,14648,1440,52,42.39898112770638,14648,1440,52,42.39898112770638,14648,1440,52,42.39898112770638,14648,1440,52,42.39898112770638,14648,1440,52,42.39898112770638,2026-02-28|2026-05-27,True,710/S,False
717986,710,S,7,37,73080.0,18.42,13.427,33.949462,-118.170596,0.405,ML,4,FIRESTONE 1,3481,,,,True,True,27,42,774358,717989,12.707,13.517,0.7199999999999989,0.08999999999999986,False,True,717989,774358,True,False,True,6,Fwy_710_S_physical_run_6,34548,31411,3137,0,34548,0,0,34548,3137,3137,1728,862,0,0,120,0,11,710.0/S,9.080120412180156,3137,1440,11,34548,1440,120,100.0,3137,1440,11,9.080120412180156,3137,1440,11,9.080120412180156,1728,1440,6,5.001736714136853,862,1440,3,2.495079309945583,0,0,0,0.0,0,0,0,0.0,2026-02-28|2026-05-27,True,710/S,False
717989,710,S,7,37,73080.0,18.51,13.517,33.950759,-118.170667,0.54,ML,4,FIRESTONE 2,3480,,,,True,True,28,42,717986,776295,13.427,14.507,0.08999999999999986,0.9900000000000002,True,False,776295,717986,False,True,False,6,Fwy_710_S_physical_run_6,34548,20476,14072,0,34548,0,0,34548,14072,14072,14072,14072,14072,14072,120,0,50,710.0/S,40.73173555632743,14072,1440,50,34548,1440,120,100.0,14072,1440,50,40.73173555632743,14072,1440,50,40.73173555632743,14072,1440,50,40.73173555632743,14072,1440,50,40.73173555632743,14072,1440,50,40.73173555632743,14072,1440,50,40.73173555632743,2026-02-28|2026-05-27,True,710/S,False
718012,710,S,7,37,14974.0,22.53,17.537,34.005785,-118.172807,0.36,ML,5,WASHINGTON,3475,,,,True,True,33,42,718008,776208,16.887,17.607,0.6499999999999986,0.07000000000000028,False,False,776208,718008,False,False,True,7,Fwy_710_S_physical_run_7,34548,22780,11768,0,34548,0,0,34548,11768,11768,11768,11768,11768,1112,120,0,42,710.0/S,34.062753270811626,11768,1440,42,34548,1440,120,100.0,11768,1440,42,34.062753270811626,11768,1440,42,34.062753270811626,11768,1440,42,34.062753270811626,11768,1440,42,34.062753270811626,11768,1440,42,34.062753270811626,1112,1440,5,3.2187102003010306,2026-02-28|2026-05-27,True,710/S,False
