station_id,Fwy,Dir,District,County,City,State_PM,Abs_PM,Latitude,Longitude,Length,Type,Lanes,Name,User_ID_1,User_ID_2,User_ID_3,User_ID_4,valid_geography,is_candidate,physical_route_order,physical_route_station_count,previous_ml_station_id,next_ml_station_id,previous_ml_abs_pm,next_ml_abs_pm,distance_from_previous_ml_miles,distance_to_next_ml_miles,previous_ml_is_candidate,next_ml_is_candidate,upstream_ml_station_id,downstream_ml_station_id,upstream_ml_is_candidate,downstream_ml_is_candidate,candidate_run_start,candidate_run_number,corridor_id
767494,2,E,7,37,44000.0,15.2,7.762,34.103332,-118.249733,2.65,ML,3,E/O ROUTE 5,2458,,,,True,False,1,14,,767509,,8.062,,0.2999999999999998,False,False,,767509,False,False,False,0,
767509,2,E,7,37,44000.0,15.5,8.062,34.107693,-118.249538,0.45,ML,4,FLETCHER DR,4457,,,,True,False,2,14,767494,767523,7.762,8.662,0.2999999999999998,0.6000000000000014,False,False,767494,767523,False,False,False,0,
767523,2,E,7,37,44000.0,16.1,8.662,34.113959,-118.242956,0.45,ML,4,SAN FERNANDO RD,4458,,,,True,False,3,14,767509,767541,8.062,8.962,0.6000000000000014,0.29999999999999893,False,True,767509,767541,False,True,False,0,
767541,2,E,7,37,44000.0,16.4,8.962,34.11606,-118.238384,0.45,ML,4,34TH AVE,2479,,,,True,True,4,14,767523,767554,8.662,9.562,0.29999999999999893,0.5999999999999996,False,True,767523,767554,False,True,True,1,Fwy_2_E_physical_run_1
767554,2,E,7,37,44000.0,,9.562,34.121074,-118.229892,0.55,ML,4,EAGLE ROCK BLVD,4459,,,,True,True,5,14,767541,767572,8.962,10.062,0.5999999999999996,0.5,True,False,767541,767572,True,False,False,1,Fwy_2_E_physical_run_1
767572,2,E,7,37,44000.0,,10.062,34.128043,-118.228421,0.5,ML,5,YORK BLVD / DELEVAN,4460,,,,True,False,6,14,767554,767620,9.562,10.562,0.5,0.5,True,False,767554,767620,True,False,False,1,
767620,2,E,7,37,44000.0,,10.562,34.135337,-118.229285,0.65,ML,4,N/O YORK BLVD,2606,,,,True,False,7,14,767572,767455,10.062,11.362,0.5,0.8000000000000007,False,False,767572,767455,False,False,False,1,
767455,2,E,7,37,44000.0,,11.362,34.146613,-118.226176,0.45,ML,4,CONN ROUTE 134 EB,2460,,,,True,False,8,14,767620,768202,10.562,11.462,0.8000000000000007,0.09999999999999964,False,False,767620,768202,False,False,False,1,
768202,2,E,7,37,44000.0,,11.462,34.147961,-118.225767,0.335,ML,4,HOLLY DR,4461,,,,True,False,9,14,767455,767470,11.362,12.032,0.09999999999999964,0.5700000000000003,False,True,767455,767470,False,True,False,1,
767470,2,E,7,37,44000.0,,12.032,34.155998,-118.224185,0.65,ML,6,N/O CHEVY CHASE DR,2703,,,,True,True,10,14,768202,767585,11.462,12.762,0.5700000000000003,0.7300000000000004,False,False,768202,767585,False,False,True,2,Fwy_2_E_physical_run_2
767585,2,E,7,37,30000.0,,12.762,34.166367,-118.224105,0.665,ML,5,MOUNTAIN ST,4463,,,,True,False,11,14,767470,767597,12.032,13.362,0.7300000000000004,0.5999999999999996,True,False,767470,767597,True,False,False,2,
767597,2,E,7,37,30000.0,,13.362,34.174822,-118.221416,0.65,ML,5,N/O MOUNTAIN,2607,,,,True,False,12,14,767585,767609,12.762,14.062,0.5999999999999996,0.6999999999999993,False,True,767585,767609,False,True,False,2,
767609,2,E,7,37,30000.0,,14.062,34.184463,-118.217522,0.913,ML,5,FERN LANE,2473,,,,True,True,13,14,767597,768238,13.362,15.188,0.6999999999999993,1.1260000000000012,False,False,767597,768238,False,False,True,3,Fwy_2_E_physical_run_3
768238,2,E,7,37,30000.0,,15.188,34.20033,-118.21923,3.063,ML,2,VERDUGO BLVD,4472,,,,True,False,14,14,767609,,14.062,,1.1260000000000012,,True,False,767609,,True,False,False,3,
767495,2,W,7,37,44000.0,15.2,7.762,34.103362,-118.249975,2.863,ML,3,E/O ROUTE 5,2458,,,,True,False,1,14,,718064,,8.487,,0.7250000000000005,False,False,718064,,False,False,False,0,
718064,2,W,7,37,44000.0,15.925,8.487,34.112548,-118.245533,0.599,ML,4,SAN FERNANDO RD,4465,,,,True,False,2,14,767495,767542,7.762,8.962,0.7250000000000005,0.47499999999999964,False,True,767542,767495,True,False,False,0,
767542,2,W,7,37,44000.0,16.4,8.962,34.116219,-118.238557,0.561,ML,4,34TH AVE,2479,,,,True,True,3,14,718064,718066,8.487,9.61,0.47499999999999964,0.6479999999999997,False,True,718066,718064,True,False,True,1,Fwy_2_W_physical_run_1
718066,2,W,7,37,44000.0,,9.61,34.121743,-118.229567,0.55,ML,4,VERDUGO RD,4466,,,,True,True,4,14,767542,767573,8.962,10.062,0.6479999999999997,0.45199999999999996,True,False,767573,767542,False,True,False,1,Fwy_2_W_physical_run_1
767573,2,W,7,37,44000.0,,10.062,34.128058,-118.228703,0.476,ML,4,YORK BLVD / DELEVAN,4460,,,,True,False,5,14,718066,767621,9.61,10.562,0.45199999999999996,0.5,True,False,767621,718066,False,True,False,1,
767621,2,W,7,37,44000.0,,10.562,34.135316,-118.229569,0.368,ML,4,N/O YORK BLVD,2606,,,,True,False,6,14,767573,762329,10.062,10.799,0.5,0.2370000000000001,False,True,762329,767573,True,False,False,1,
762329,2,W,7,37,44000.0,,10.799,34.138775,-118.228707,0.4,ML,4,COLORADO BLVD,4467,,,,True,True,7,14,767621,767454,10.562,11.362,0.2370000000000001,0.5630000000000006,False,False,767454,767621,False,False,True,2,Fwy_2_W_physical_run_2
767454,2,W,7,37,44000.0,,11.362,34.146659,-118.22636,0.339,ML,4,CONN ROUTE 134 EB,2460,,,,True,False,8,14,762329,718072,10.799,11.478,0.5630000000000006,0.11599999999999966,True,True,718072,762329,True,True,False,2,
718072,2,W,7,37,44000.0,,11.478,34.148241,-118.225967,0.335,ML,4,HOLLY DR,4470,,,,True,True,9,14,767454,767471,11.362,12.032,0.11599999999999966,0.5540000000000003,False,True,767471,767454,True,False,True,3,Fwy_2_W_physical_run_3
767471,2,W,7,37,44000.0,,12.032,34.156037,-118.22443,0.458,ML,6,N/O CHEVY CHASE DR,2703,,,,True,True,10,14,718072,718076,11.478,12.393,0.5540000000000003,0.36100000000000065,True,True,718076,718072,True,True,False,3,Fwy_2_W_physical_run_3
718076,2,W,7,37,30000.0,,12.393,34.161165,-118.225695,0.665,ML,4,MOUNTAIN ST,4471,,,,True,True,11,14,767471,767598,12.032,13.362,0.36100000000000065,0.9689999999999994,True,False,767598,767471,False,True,False,3,Fwy_2_W_physical_run_3
767598,2,W,7,37,30000.0,,13.362,34.174843,-118.221704,0.834,ML,4,N/O MOUNTAIN,2607,,,,True,False,12,14,718076,767610,12.393,14.062,0.9689999999999994,0.6999999999999993,True,True,767610,718076,True,True,False,3,
767610,2,W,7,37,30000.0,,14.062,34.184465,-118.21782,0.913,ML,4,FERN LANE,2473,,,,True,True,13,14,767598,768230,13.362,15.188,0.6999999999999993,1.1260000000000012,False,False,768230,767598,False,False,True,4,Fwy_2_W_physical_run_4
768230,2,W,7,37,30000.0,,15.188,34.200406,-118.219456,3.063,ML,1,VERDUGO BLVD,4472,,,,True,False,14,14,767610,,14.062,,1.1260000000000012,,True,False,,767610,False,True,False,4,
715898,5,N,7,37,40032.0,0.68,117.313,33.880069,-118.021261,0.828,ML,3,PHOEBE,2029,,,,True,False,1,92,,716899,,117.743,,0.4299999999999926,False,False,,716899,False,False,False,0,
716899,5,N,7,37,40032.0,1.11,117.743,33.8834,-118.027451,0.44,ML,3,VALLEY VIEW,3268,,,,True,False,2,92,715898,716900,117.313,118.193,0.4299999999999926,0.45000000000000284,False,False,715898,716900,False,False,False,0,
716900,5,N,7,37,69154.0,1.56,118.193,33.886992,-118.034125,0.46,ML,3,ALONDRA,3269,,,,True,False,3,92,716899,762353,117.743,118.663,0.45000000000000284,0.46999999999999886,False,False,716899,762353,False,False,False,0,
762353,5,N,7,37,69154.0,2.03,118.663,33.890697,-118.041009,0.355,ML,4,SPRING ST,2028,,,,True,False,4,92,716900,775012,118.193,118.903,0.46999999999999886,0.2400000000000091,False,False,716900,775012,False,False,False,0,
775012,5,N,7,37,69154.0,2.27,118.903,33.892607,-118.044468,0.245,ML,3,CARMENITA,3253,,,,True,False,5,92,762353,716904,118.663,119.153,0.2400000000000091,0.25,False,False,762353,716904,False,False,False,0,
716904,5,N,7,37,52526.0,2.52,119.153,33.894587,-118.048098,0.265,ML,3,CARMENITA,3270,,,,True,False,6,92,775012,718358,118.903,119.433,0.25,0.28000000000000114,False,False,775012,718358,False,False,False,0,
718358,5,N,7,37,52526.0,2.8,119.433,33.896767,-118.052213,0.38,ML,3,FIDEL,2546,,,,True,False,7,92,716904,769625,119.153,119.913,0.28000000000000114,0.47999999999998977,False,False,716904,769625,False,False,False,0,
769625,5,N,7,37,52526.0,3.28,119.913,33.900806,-118.059282,0.46,ML,3,ROSECRANS,3252,,,,True,False,8,92,718358,718081,119.433,120.353,0.47999999999998977,0.4399999999999977,False,True,718358,718081,False,True,False,0,
718081,5,N,7,37,52526.0,3.72,120.353,33.905186,-118.065055,0.335,ML,3,BLOOMFIELD,3271,,,,True,True,9,92,769625,718360,119.913,120.583,0.4399999999999977,0.23000000000000398,False,False,769625,718360,False,False,True,1,Fwy_5_N_physical_run_1
718360,5,N,7,37,52526.0,3.95,120.583,33.907717,-118.067667,0.43,ML,3,SILVER BOW,2027,,,,True,False,10,92,718081,759518,120.353,121.213,0.23000000000000398,0.6299999999999955,True,False,718081,759518,True,False,False,1,
759518,5,N,7,37,52526.0,4.58,121.213,33.913564,-118.075867,0.505,ML,3,NORWALK 2,3273,,,,True,False,11,92,718360,759513,120.583,121.593,0.6299999999999955,0.38000000000000966,False,False,718360,759513,False,False,False,1,
759513,5,N,7,37,52526.0,4.96,121.593,33.917571,-118.080056,0.46,ML,3,IMPERIAL HWY,3274,,,,True,False,12,92,759518,715915,121.213,122.133,0.38000000000000966,0.539999999999992,False,False,759518,715915,False,False,False,1,
715915,5,N,7,37,52526.0,5.5,122.133,33.924353,-118.084803,0.62,ML,3,TINA,2026,,,,True,False,13,92,759513,715918,121.593,122.833,0.539999999999992,0.7000000000000028,False,False,759513,715918,False,False,False,1,
715918,5,N,7,37,52526.0,6.2,122.833,33.93311,-118.091005,0.615,ML,3,ORR - DAY,2579,,,,True,False,14,92,715915,764232,122.133,123.363,0.7000000000000028,0.5300000000000011,False,False,715915,764232,False,False,False,1,
764232,5,N,7,37,52526.0,6.73,123.363,33.939747,-118.095531,0.8,ML,3,FLORENCE,3276,,,,True,False,15,92,715918,763985,122.833,124.433,0.5300000000000011,1.0700000000000074,False,False,715918,763985,False,False,False,1,
763985,5,N,7,37,19766.0,7.8,124.433,33.953085,-118.105015,0.77,ML,4,GARNISH,2025,,,,True,False,16,92,764232,759531,123.363,124.903,1.0700000000000074,0.46999999999999886,False,False,764232,759531,False,False,False,1,
759531,5,N,7,37,19766.0,8.27,124.903,33.957583,-118.111199,0.305,ML,4,LAKEWOOD 1,3586,,,,True,False,17,92,763985,759542,124.433,125.043,0.46999999999999886,0.14000000000000057,False,False,763985,759542,False,False,False,1,
759542,5,N,7,37,19766.0,8.41,125.043,33.95891,-118.113036,0.295,ML,4,LAKEWOOD 2,3587,,,,True,False,18,92,759531,759552,124.903,125.493,0.14000000000000057,0.44999999999998863,False,False,759531,759552,False,False,False,1,
759552,5,N,7,37,19766.0,8.86,125.493,33.9632,-118.1189,0.545,ML,4,PARAMOUNT,3588,,,,True,False,19,92,759542,715930,125.043,126.133,0.44999999999998863,0.6400000000000006,False,False,759542,715930,False,False,False,1,
715930,5,N,7,37,19766.0,9.5,126.133,33.971763,-118.122905,0.505,ML,4,GUATEMALA,2023,,,,True,False,20,92,759552,716921,125.493,126.503,0.6400000000000006,0.37000000000000455,False,False,759552,716921,False,False,False,1,
716921,5,N,7,37,14974.0,9.87,126.503,33.976554,-118.125758,0.415,ML,4,SLAUSON,3332,,,,True,False,21,92,715930,715933,126.133,126.963,0.37000000000000455,0.45999999999999375,False,False,715930,715933,False,False,False,1,
715933,5,N,7,37,14974.0,10.33,126.963,33.981839,-118.130679,0.425,ML,4,GREENWOOD,2610,,,,True,False,22,92,716921,716923,126.503,127.353,0.45999999999999375,0.39000000000000057,False,False,716921,716923,False,False,False,1,
716923,5,N,7,37,14974.0,10.72,127.353,33.985955,-118.135337,0.485,ML,4,GARFIELD,3331,,,,True,False,23,92,715933,763975,126.963,127.933,0.39000000000000057,0.5800000000000125,False,False,715933,763975,False,False,False,1,
763975,5,N,7,37,14974.0,11.3,127.933,33.992305,-118.141915,0.41,ML,4,MALT,2022,,,,True,False,24,92,716923,716925,127.353,128.173,0.5800000000000125,0.23999999999999488,False,False,716923,716925,False,False,False,1,
716925,5,N,7,37,14974.0,11.54,128.173,33.995023,-118.144513,0.44,ML,4,WASHINGTON 1,3330,,,,True,False,25,92,763975,715938,127.933,128.813,0.23999999999999488,0.6399999999999864,False,True,763975,715938,False,True,False,1,
715938,5,N,7,37,14974.0,12.18,128.813,34.002541,-118.150997,0.545,ML,4,GASPAR,2021,,,,True,True,26,92,716925,716929,128.173,129.263,0.6399999999999864,0.45000000000001705,False,True,716925,716929,False,True,True,2,Fwy_5_N_physical_run_2
716929,5,N,7,37,14974.0,12.63,129.263,34.007196,-118.156466,0.421,ML,4,ATLANTIC,3647,,,,True,True,27,92,715938,764435,128.813,129.656,0.45000000000001705,0.3930000000000007,True,False,715938,764435,True,False,False,2,Fwy_5_N_physical_run_2
764435,5,N,7,37,14974.0,13.023,129.656,34.011295,-118.161135,0.36,ML,4,TRIGGS,3152,,,,True,False,28,92,716929,715944,129.263,129.983,0.3930000000000007,0.3269999999999982,True,True,716929,715944,True,True,False,2,
715944,5,N,7,37,14974.0,13.35,129.983,34.013676,-118.166091,0.323,ML,4,FERRIS,2537,,,,True,True,29,92,764435,718086,129.656,130.303,0.3269999999999982,0.3199999999999932,False,False,764435,718086,False,False,True,3,Fwy_5_N_physical_run_3
718086,5,N,7,37,14974.0,13.67,130.303,34.015567,-118.171131,0.5,ML,4,S OF 710,2536,,,,True,False,30,92,715944,716933,129.983,130.983,0.3199999999999932,0.6800000000000068,True,True,715944,716933,True,True,False,3,
716933,5,N,7,37,,14.35,130.983,34.020076,-118.181702,0.565,ML,5,DOWNEY,3153,,,,True,True,31,92,718086,759566,130.303,131.433,0.6800000000000068,0.44999999999998863,False,True,718086,759566,False,True,True,4,Fwy_5_N_physical_run_4
759566,5,N,7,37,,14.8,131.433,34.020251,-118.189669,0.395,ML,5,DITMAN,3593,,,,True,True,32,92,716933,759576,130.983,131.773,0.44999999999998863,0.3400000000000034,True,False,716933,759576,True,False,False,4,Fwy_5_N_physical_run_4
759576,5,N,7,37,44000.0,15.14,131.773,34.021135,-118.195375,0.485,ML,5,CALZONA,3154,,,,True,False,33,92,759566,716937,131.433,132.403,0.3400000000000034,0.6299999999999955,True,False,759566,716937,True,False,False,4,
716937,5,N,7,37,44000.0,15.77,132.403,34.025295,-118.205056,0.495,ML,5,CONCORD,2576,,,,True,False,34,92,759576,763700,131.773,132.763,0.6299999999999955,0.36000000000001364,False,False,759576,763700,False,False,False,4,
763700,5,N,7,37,44000.0,16.13,132.763,34.027763,-118.210714,1.5,ML,2,EUCLID 1,2540,,,,True,False,35,92,716937,716942,132.403,135.403,0.36000000000001364,2.6399999999999864,False,False,716937,716942,False,False,False,4,
716942,5,N,7,37,44000.0,18.77,135.403,34.059886,-118.214755,1.935,ML,5,MARENGO,3034,,,,True,False,36,92,763700,763237,132.763,136.633,2.6399999999999864,1.2300000000000182,False,False,763700,763237,False,False,False,4,
763237,5,N,7,37,44000.0,20.0,136.633,34.076978,-118.219273,1.165,ML,4,PASADENA,3035,,,,True,False,37,92,716942,716951,135.403,137.733,1.2300000000000182,1.0999999999999943,False,False,716942,716951,False,False,False,4,
716951,5,N,7,37,44000.0,21.1,137.733,34.086881,-118.233611,0.735,ML,4,RIVERSIDE,3036,,,,True,False,38,92,763237,718371,136.633,138.103,1.0999999999999943,0.37000000000000455,False,True,763237,718371,False,True,False,4,
718371,5,N,7,37,44000.0,21.47,138.103,34.090311,-118.238626,0.35,ML,5,DORRIS,2083,,,,True,True,39,92,716951,716953,137.733,138.433,0.37000000000000455,0.3299999999999841,False,False,716951,716953,False,False,True,5,Fwy_5_N_physical_run_5
716953,5,N,7,37,44000.0,21.8,138.433,34.094038,-118.242314,0.465,ML,5,STADIUM WAY,3037,,,,True,False,40,92,718371,763674,138.103,139.033,0.3299999999999841,0.5999999999999943,True,True,718371,763674,True,True,False,5,
763674,5,N,7,37,44000.0,22.4,139.033,34.100954,-118.248419,0.48,ML,4,S OF 2,2287,,,,True,True,41,92,716953,763669,138.433,139.393,0.5999999999999943,0.36000000000001364,False,True,716953,763669,False,True,True,6,Fwy_5_N_physical_run_6
763669,5,N,7,37,44000.0,22.76,139.393,34.104688,-118.252741,0.4,ML,4,N OF 2,2279,,,,True,True,42,92,763674,716956,139.033,139.833,0.36000000000001364,0.4399999999999977,True,False,763674,716956,True,False,False,6,Fwy_5_N_physical_run_6
716956,5,N,7,37,44000.0,23.2,139.833,34.108429,-118.258982,0.55,ML,5,FLETCHER,3038,,,,True,False,43,92,763669,759591,139.393,140.493,0.4399999999999977,0.6599999999999966,True,False,763669,759591,True,False,False,6,
759591,5,N,7,37,44000.0,23.86,140.493,34.114313,-118.267737,0.58,ML,4,GLENDALE,3039,,,,True,False,44,92,716956,775734,139.833,140.993,0.6599999999999966,0.5,False,False,716956,775734,False,False,False,6,
775734,5,N,7,37,44000.0,24.36,140.993,34.120938,-118.271262,0.34,ML,4,LOS FELIZ E/B,3040,,,,True,False,45,92,759591,759602,140.493,141.173,0.5,0.18000000000000682,False,False,759591,759602,False,False,False,6,
759602,5,N,7,37,44000.0,24.54,141.173,34.123398,-118.272271,0.77,ML,4,LOS FELIZ 2,3041,,,,True,False,46,92,775734,761599,140.993,142.533,0.18000000000000682,1.3599999999999852,False,False,775734,761599,False,False,False,6,
761599,5,N,7,37,44000.0,25.9,142.533,34.142573,-118.277948,1.17,ML,5,COLORADO,3042,,,,True,False,47,92,759602,761604,141.173,143.513,1.3599999999999852,0.9800000000000182,False,False,759602,761604,False,False,False,6,
761604,5,N,7,37,44000.0,26.88,143.513,34.153792,-118.286458,0.65,ML,4,N OF 134,2280,,,,True,False,48,92,761599,718384,142.533,143.833,0.9800000000000182,0.3199999999999932,False,False,761599,718384,False,False,False,6,
718384,5,N,7,37,30000.0,27.2,143.833,34.156976,-118.290498,0.445,ML,5,VICTORY TR,2085,,,,True,False,49,92,761604,716963,143.513,144.403,0.3199999999999932,0.5699999999999932,False,False,761604,716963,False,False,False,6,
716963,5,N,7,37,30000.0,27.77,144.403,34.164088,-118.295568,0.36,ML,4,WESTERN 1,3220,,,,True,False,50,92,718384,716968,143.833,144.553,0.5699999999999932,0.15000000000000568,False,False,718384,716968,False,False,False,6,
716968,5,N,7,37,30000.0,27.92,144.553,34.165484,-118.29753,0.315,ML,4,WESTERN 2,3219,,,,True,False,51,92,716963,716971,144.403,145.033,0.15000000000000568,0.47999999999998977,False,False,716963,716971,False,False,False,6,
716971,5,N,7,37,8954.0,28.4,145.033,34.17007,-118.303837,0.265,ML,4,ALAMEDA 1,3222,,,,True,False,52,92,716968,716973,144.553,145.083,0.47999999999998977,0.05000000000001137,False,False,716968,716973,False,False,False,6,
716973,5,N,7,37,8954.0,28.45,145.083,34.170572,-118.30448,0.435,ML,4,ALAMEDA 2,3221,,,,True,False,53,92,716971,716974,145.033,145.903,0.05000000000001137,0.8199999999999932,False,True,716971,716974,False,True,False,6,
716974,5,N,7,37,8954.0,29.27,145.903,34.179879,-118.312407,0.615,ML,4,OLIVE,3223,,,,True,True,54,92,716973,777796,145.083,146.313,0.8199999999999932,0.4099999999999966,False,True,716973,777796,False,True,True,7,Fwy_5_N_physical_run_7
777796,5,N,7,37,8954.0,29.68,146.313,34.184656,-118.316541,0.35,ML,5,BURBANK 1,3243,,,,True,True,55,92,716974,716978,145.903,146.603,0.4099999999999966,0.29000000000002046,True,True,716974,716978,True,True,False,7,Fwy_5_N_physical_run_7
716978,5,N,7,37,8954.0,29.97,146.603,34.187037,-118.320656,0.505,ML,5,BURBANK 2,3224,,,,True,True,56,92,777796,716981,146.313,147.323,0.29000000000002046,0.7199999999999989,True,True,777796,716981,True,True,False,7,Fwy_5_N_physical_run_7
716981,5,N,7,37,8954.0,30.69,147.323,34.193931,-118.330086,0.36,ML,4,LINCOLN,3225,,,,True,True,57,92,716978,777781,146.603,147.323,0.7199999999999989,0.0,True,True,716978,777781,True,True,False,7,Fwy_5_N_physical_run_7
777781,5,N,7,37,8954.0,30.69,147.323,34.193931,-118.330086,0.36,ML,5,LINCOLN,3241,,,,True,True,58,92,716981,716985,147.323,148.043,0.0,0.7199999999999989,True,True,716981,716985,True,True,False,7,Fwy_5_N_physical_run_7
716985,5,N,7,37,8954.0,31.41,148.043,34.200877,-118.339185,0.86,ML,4,BUENA VISTA,3226,,,,True,True,59,92,777781,716988,147.323,149.043,0.7199999999999989,1.0,True,False,777781,716988,True,False,False,7,Fwy_5_N_physical_run_7
716988,5,N,7,37,44000.0,32.41,149.043,34.212728,-118.349041,1.155,ML,4,HOLLYWOOD WAY,3227,,,,True,False,60,92,716985,716990,148.043,150.353,1.0,1.3100000000000023,True,False,716985,716990,True,False,False,7,
716990,5,N,7,37,44000.0,33.72,150.353,34.222169,-118.3673,0.915,ML,4,SUNLAND,3228,,,,True,False,61,92,716988,716994,149.043,150.873,1.3100000000000023,0.5199999999999818,False,False,716988,716994,False,False,False,7,
716994,5,N,7,37,44000.0,34.24,150.873,34.225945,-118.374982,0.51,ML,4,PENROSE,3236,,,,True,False,62,92,716990,761644,150.353,151.373,0.5199999999999818,0.5,False,False,716990,761644,False,False,False,7,
761644,5,N,7,37,44000.0,34.74,151.373,34.226627,-118.383614,0.415,ML,4,TUXFORD,3229,,,,True,False,63,92,716994,716997,150.873,151.703,0.5,0.3300000000000125,False,False,716994,716997,False,False,False,7,
716997,5,N,7,37,44000.0,35.07,151.703,34.227093,-118.389006,0.55,ML,4,LANKERSHIM,3230,,,,True,False,64,92,761644,717000,151.373,152.473,0.3300000000000125,0.7700000000000102,False,False,761644,717000,False,False,False,7,
717000,5,N,7,37,44000.0,35.84,152.473,34.231273,-118.40134,0.84,ML,4,SHELDON,3231,,,,True,False,65,92,716997,775462,151.703,153.383,0.7700000000000102,0.9099999999999966,False,False,716997,775462,False,False,False,7,
775462,5,N,7,37,44000.0,36.75,153.383,34.23758,-118.414654,0.54,ML,4,BRANFORD 1,3232,,,,True,False,66,92,717000,764156,152.473,153.553,0.9099999999999966,0.1699999999999875,False,False,717000,764156,False,False,False,7,
764156,5,N,7,37,44000.0,36.92,153.553,34.239405,-118.416632,0.31,ML,4,BRANFORD 2,2086,,,,True,False,67,92,775462,718389,153.383,154.003,0.1699999999999875,0.44999999999998863,False,False,775462,718389,False,False,False,7,
718389,5,N,7,37,44000.0,37.37,154.003,34.244193,-118.42169,0.315,ML,6,OSBORNE 1,3484,,,,True,False,68,92,764156,718092,153.553,154.183,0.44999999999998863,0.18000000000000682,False,False,764156,718092,False,False,False,7,
718092,5,N,7,37,44000.0,37.55,154.183,34.24614,-118.423735,0.235,ML,6,OSBORNE 2,3485,,,,True,False,69,92,718389,768682,154.003,154.473,0.18000000000000682,0.29000000000002046,False,False,718389,768682,False,False,False,7,
768682,5,N,7,37,44000.0,37.84,154.473,34.249318,-118.427068,0.395,ML,6,TERRA BELLA,3488,,,,True,False,70,92,718092,768664,154.183,154.973,0.29000000000002046,0.5,False,False,718092,768664,False,False,False,7,
768664,5,N,7,37,44000.0,38.34,154.973,34.254804,-118.432792,0.355,ML,6,VAN NUYS 1,3609,,,,True,False,71,92,768682,768655,154.473,155.183,0.5,0.20999999999997954,False,False,768682,768655,False,False,False,7,
768655,5,N,7,37,44000.0,38.55,155.183,34.25709,-118.435212,0.485,ML,4,VAN NUYS 2,3610,,,,True,False,72,92,768664,759617,154.973,155.943,0.20999999999997954,0.7600000000000193,False,False,768664,759617,False,False,False,7,
759617,5,N,7,37,44000.0,39.31,155.943,34.266064,-118.442825,0.48,ML,4,PAXTON,3611,,,,True,False,73,92,768655,718394,155.183,156.143,0.7600000000000193,0.19999999999998863,False,False,768655,718394,False,False,False,7,
718394,5,N,7,37,44000.0,39.51,156.143,34.26834,-118.444992,0.43,ML,4,RTE 118 CN,2453,,,,True,False,74,92,759617,759834,155.943,156.803,0.19999999999998863,0.6599999999999966,False,False,759617,759834,False,False,False,7,
759834,5,N,7,37,44000.0,40.17,156.803,34.275954,-118.451881,0.465,ML,3,SAN FERNANDO 1,3636,,,,True,False,75,92,718394,759626,156.143,157.073,0.6599999999999966,0.27000000000001023,False,False,718394,759626,False,False,False,7,
759626,5,N,7,37,44000.0,40.44,157.073,34.279114,-118.455041,1.29,ML,3,LAUREL CANYON,3612,,,,True,False,76,92,759834,759636,156.803,159.383,0.27000000000001023,2.3100000000000023,False,False,759834,759636,False,False,False,7,
759636,5,N,7,37,44000.0,42.75,159.383,34.304527,-118.480635,1.474,ML,5,ROXFORD,3614,,,,True,False,77,92,759626,774092,157.073,160.02,2.3100000000000023,0.6370000000000005,False,False,759626,774092,False,False,False,7,
774092,5,N,7,37,44000.0,,160.02,34.311851,-118.487084,0.673,ML,5,S OF 210,2285,,,,True,False,78,92,759636,718404,159.383,160.73,0.6370000000000005,0.7099999999999795,False,False,759636,718404,False,False,False,7,
718404,5,N,7,37,44000.0,,160.73,34.320108,-118.4945,0.695,ML,4,N OF 210,2283,,,,True,False,79,92,774092,775535,160.02,161.41,0.7099999999999795,0.6800000000000068,False,True,774092,775535,False,True,False,7,
775535,5,N,7,37,44000.0,,161.41,34.326025,-118.503782,0.64,ML,5,N/B 5 - S/B 14,2699,,,,True,True,80,92,718404,763641,160.73,162.01,0.6800000000000068,0.5999999999999943,False,False,718404,763641,False,False,True,8,Fwy_5_N_physical_run_8
763641,5,N,7,37,44000.0,,162.01,34.333878,-118.508285,0.35,ML,2,RTE 14 CN -TRUCK RTE,4635,,,,True,False,81,92,775535,775520,161.41,162.11,0.5999999999999943,0.10000000000002274,True,False,775535,775520,True,False,False,8,
775520,5,N,7,37,44000.0,,162.11,34.334956,-118.509451,1.8,ML,4,N/B 5 CONN TO 14,2697,,,,True,False,82,92,763641,759648,162.01,165.61,0.10000000000002274,3.5,False,False,763641,759648,False,False,False,8,
759648,5,N,7,37,69088.0,,165.61,34.364506,-118.555784,2.85,ML,4,CALGROVE,4611,,,,True,False,83,92,775520,769091,162.11,167.81,3.5,2.1999999999999886,False,False,775520,769091,False,False,False,8,
769091,5,N,7,37,69088.0,,167.81,34.393574,-118.570864,1.63,ML,4,MCBEAN PKWY 2,4624,,,,True,False,84,92,759648,759654,165.61,168.87,2.1999999999999886,1.0600000000000023,False,False,759648,759654,False,False,False,8,
759654,5,N,7,37,69088.0,,168.87,34.408287,-118.576071,1.12,ML,4,VALENCIA,4614,,,,True,False,85,92,769091,759666,167.81,170.05,1.0600000000000023,1.1800000000000068,False,False,769091,759666,False,False,False,8,
759666,5,N,7,37,69088.0,,170.05,34.424267,-118.58367,0.87,ML,4,Magic Mtn Pkwy,4615,,,,True,False,86,92,759654,716017,168.87,170.61,1.1800000000000068,0.5600000000000023,False,False,759654,716017,False,False,False,8,
716017,5,N,7,37,69088.0,,170.61,34.43153,-118.588374,0.53,ML,4,RYE CANYON,4379,,,,True,False,87,92,759666,769029,170.05,171.11,0.5600000000000023,0.5,False,False,759666,769029,False,False,False,8,
769029,5,N,7,37,69088.0,,171.11,34.436709,-118.594465,1.28,ML,5,N/O TRUCK SCALES,2684,,,,True,False,88,92,716017,759672,170.61,173.17,0.5,2.059999999999974,False,False,716017,759672,False,False,False,8,
759672,5,N,7,37,,,173.17,34.458426,-118.615547,2.45,ML,4,HASLEY CANYON,4616,,,,True,False,89,92,769029,759677,171.11,176.01,2.059999999999974,2.8400000000000034,False,False,769029,759677,False,False,False,8,
759677,5,N,7,37,,,176.01,34.497131,-118.624674,3.92,ML,4,LAKE HUGHES,4617,,,,True,False,90,92,759672,716023,173.17,182.44,2.8400000000000034,6.430000000000007,False,False,759672,716023,False,False,False,8,
716023,5,N,7,37,,,182.44,34.571045,-118.689102,5.0,ML,4,TEMPLIN,4618,,,,True,False,91,92,759677,759685,176.01,194.617,6.430000000000007,12.176999999999992,False,False,759677,759685,False,False,False,8,
759685,5,N,7,37,,,194.617,34.709779,-118.796647,5.0,ML,4,SMOKEY BEAR RD,4619,,,,True,False,92,92,716023,,182.44,,12.176999999999992,,False,False,716023,,False,False,False,8,
762347,5,S,7,37,8786.0,0.03,116.6,33.875077,-118.012367,0.085,ML,4,ARTESIA,2609,,,,True,False,1,97,,762398,,116.77,,0.1700000000000017,False,False,762398,,False,False,False,0,
762398,5,S,7,37,40032.0,0.2,116.77,33.876316,-118.014605,0.41,ML,4,OSMOND,2609,,,,True,False,2,97,762347,716896,116.6,117.25,0.1700000000000017,0.480000000000004,False,False,716896,762347,False,False,False,0,
716896,5,S,7,37,40032.0,0.68,117.25,33.879952,-118.021355,0.43,ML,4,PHOEBE,2029,,,,True,False,3,97,762398,716898,116.77,117.63,0.480000000000004,0.37999999999999545,False,False,716898,762398,False,False,False,0,
716898,5,S,7,37,40032.0,1.06,117.63,33.882892,-118.026822,0.675,ML,3,VALLEY VIEW,3255,,,,True,False,4,97,716896,763748,117.25,118.6,0.37999999999999545,0.9699999999999989,False,False,763748,716896,False,False,False,0,
763748,5,S,7,37,69154.0,2.03,118.6,33.89061,-118.041088,0.605,ML,3,SPRING,2028,,,,True,False,5,97,716898,716902,117.63,118.84,0.9699999999999989,0.2400000000000091,False,False,716902,716898,False,False,False,0,
716902,5,S,7,37,69154.0,2.27,118.84,33.892489,-118.044573,0.385,ML,3,CARMENITA,3253,,,,True,False,6,97,763748,763706,118.6,119.37,0.2400000000000091,0.5300000000000011,False,False,763706,763748,False,False,False,0,
763706,5,S,7,37,52526.0,2.8,119.37,33.896666,-118.052294,0.505,ML,3,FIDEL,2546,,,,True,False,7,97,716902,716907,118.84,119.85,0.5300000000000011,0.47999999999998977,False,False,716907,716902,False,False,False,0,
716907,5,S,7,37,52526.0,3.28,119.85,33.900669,-118.059422,0.41,ML,3,ROSECRANS,3252,,,,True,False,8,97,763706,716906,119.37,120.19,0.47999999999998977,0.3400000000000034,False,False,716906,763706,False,False,False,0,
716906,5,S,7,37,52526.0,3.62,120.19,33.903961,-118.064046,0.335,ML,3,FIRESTONE,3251,,,,True,False,9,97,716907,759610,119.85,120.52,0.3400000000000034,0.3299999999999983,False,False,759610,716907,False,False,False,0,
759610,5,S,7,37,52526.0,3.95,120.52,33.907584,-118.067796,0.33,ML,3,SILVER BOW,2027,,,,True,False,10,97,716906,716908,120.19,120.85,0.3299999999999983,0.3299999999999983,False,False,716908,716906,False,False,False,0,
716908,5,S,7,37,52526.0,4.28,120.85,33.911074,-118.071686,0.47,ML,3,SAN ANTONIO/NORWALK,3090,,,,True,False,11,97,759610,716911,120.52,121.46,0.3299999999999983,0.6099999999999994,False,False,716911,759610,False,False,False,0,
716911,5,S,7,37,52526.0,4.89,121.46,33.916643,-118.079557,0.47,ML,3,IMPERIAL,3091,,,,True,False,12,97,716908,716912,120.85,121.79,0.6099999999999994,0.3300000000000125,False,False,716912,716908,False,False,False,0,
716912,5,S,7,37,52526.0,5.22,121.79,33.920763,-118.082501,0.305,ML,3,PIONEER,2581,,,,True,False,13,97,716911,715916,121.46,122.07,0.3300000000000125,0.2799999999999869,False,False,715916,716911,False,False,False,0,
715916,5,S,7,37,52526.0,5.5,122.07,33.924281,-118.084952,0.71,ML,3,TINA,2026,,,,True,False,14,97,716912,715920,121.79,123.21,0.2799999999999869,1.1400000000000006,False,False,715920,716912,False,False,False,0,
715920,5,S,7,37,52526.0,6.64,123.21,33.938544,-118.094941,1.15,ML,4,S OF 605,2296,,,,True,False,15,97,715916,763990,122.07,124.37,1.1400000000000006,1.1600000000000108,False,False,763990,715916,False,False,False,0,
763990,5,S,7,37,19766.0,7.8,124.37,33.952949,-118.105163,0.785,ML,4,GARNISH,2025,,,,True,False,16,97,715920,716916,123.21,124.78,1.1600000000000108,0.4099999999999966,False,False,716916,715920,False,False,False,0,
716916,5,S,7,37,19766.0,8.21,124.78,33.956897,-118.110532,0.275,ML,4,LAKEWOOD 1,3045,,,,True,False,17,97,763990,716918,124.37,124.92,0.4099999999999966,0.14000000000000057,False,False,716918,763990,False,False,False,0,
716918,5,S,7,37,19766.0,8.35,124.92,33.958225,-118.11239,0.36,ML,4,LAKEWOOD 2,3044,,,,True,False,18,97,716916,716895,124.78,125.5,0.14000000000000057,0.5799999999999983,False,False,716895,716916,False,False,False,0,
716895,5,S,7,37,19766.0,8.93,125.5,33.963867,-118.11987,0.575,ML,4,PARAMOUNT,3043,,,,True,False,19,97,716918,715929,124.92,126.07,0.5799999999999983,0.5699999999999932,False,False,715929,716918,False,False,False,0,
715929,5,S,7,37,19766.0,9.5,126.07,33.971707,-118.123095,0.47,ML,4,GUATEMALA,2023,,,,True,False,20,97,716895,716920,125.5,126.44,0.5699999999999932,0.37000000000000455,False,False,716920,716895,False,False,False,0,
716920,5,S,7,37,14974.0,9.87,126.44,33.97646,-118.125953,0.415,ML,4,SLAUSON,3332,,,,True,False,21,97,715929,768523,126.07,126.9,0.37000000000000455,0.46000000000000796,False,False,768523,715929,False,False,False,0,
768523,5,S,7,37,14974.0,10.33,126.9,33.981723,-118.130845,0.445,ML,4,GREENWOOD,2610,,,,True,False,22,97,716920,716922,126.44,127.33,0.46000000000000796,0.4299999999999926,False,False,716922,716920,False,False,False,0,
716922,5,S,7,37,14974.0,10.76,127.33,33.986224,-118.136014,0.485,ML,4,GARFIELD,3331,,,,True,False,23,97,768523,763980,126.9,127.87,0.4299999999999926,0.5400000000000063,False,False,763980,768523,False,False,False,0,
763980,5,S,7,37,14974.0,11.3,127.87,33.992211,-118.142079,0.39,ML,4,MALT,2022,,,,True,False,24,97,716922,716924,127.33,128.11,0.5400000000000063,0.2400000000000091,False,False,716924,716922,False,False,False,0,
716924,5,S,7,37,14974.0,11.54,128.11,33.994935,-118.14469,0.44,ML,4,WASHINGTON 1,3330,,,,True,False,25,97,763980,718364,127.87,128.75,0.2400000000000091,0.6399999999999864,False,True,718364,763980,True,False,False,0,
718364,5,S,7,37,14974.0,12.18,128.75,34.002455,-118.151164,0.57,ML,4,GASPAR,2021,,,,True,True,26,97,716924,716928,128.11,129.25,0.6399999999999864,0.5,False,True,716928,716924,True,False,True,1,Fwy_5_S_physical_run_1
716928,5,S,7,37,14974.0,12.68,129.25,34.007592,-118.157266,0.421,ML,4,ATLANTIC,3647,,,,True,True,27,97,718364,718085,128.75,129.593,0.5,0.3429999999999893,True,False,718085,718364,False,True,False,1,Fwy_5_S_physical_run_1
718085,5,S,7,37,14974.0,13.023,129.593,34.011229,-118.161247,0.334,ML,4,TRIGGS,3152,,,,True,False,28,97,716928,716930,129.25,129.92,0.3429999999999893,0.3269999999999982,True,True,716930,716928,True,True,False,1,
716930,5,S,7,37,14974.0,13.35,129.92,34.013529,-118.166192,0.323,ML,4,FERRIS,2537,,,,True,True,29,97,718085,715947,129.593,130.24,0.3269999999999982,0.3200000000000216,False,False,715947,718085,False,False,True,2,Fwy_5_S_physical_run_2
715947,5,S,7,37,14974.0,13.67,130.24,34.015325,-118.17127,0.495,ML,3,S OF 710,2536,,,,True,False,30,97,716930,716934,129.92,130.91,0.3200000000000216,0.6699999999999875,True,True,716934,716930,True,True,False,2,
716934,5,S,7,37,,14.34,130.91,34.019879,-118.181588,0.546,ML,5,DOWNEY,3153,,,,True,True,31,97,715947,716936,130.24,131.333,0.6699999999999875,0.4230000000000018,False,False,716936,715947,False,False,True,3,Fwy_5_S_physical_run_3
716936,5,S,7,37,,14.763,131.333,34.020088,-118.189029,0.4,ML,5,DITMAN,3151,,,,True,False,32,97,716934,759700,130.91,131.71,0.4230000000000018,0.37700000000000955,True,False,759700,716934,False,True,False,3,
759700,5,S,7,37,44000.0,15.14,131.71,34.020961,-118.195456,0.503,ML,5,CALZONA,3150,,,,True,False,33,97,716936,759707,131.333,132.34,0.37700000000000955,0.6299999999999955,False,False,759707,716936,False,False,False,3,
759707,5,S,7,37,44000.0,15.77,132.34,34.025109,-118.20517,0.675,ML,5,CONCORD,3149,,,,True,False,34,97,759700,716938,131.71,133.06,0.6299999999999955,0.7199999999999989,False,False,716938,759700,False,False,False,3,
716938,5,S,7,37,44000.0,16.49,133.06,34.029033,-118.217141,0.835,ML,2,EIGHTH,3148,,,,True,False,35,97,759707,716939,132.34,134.01,0.7199999999999989,0.9499999999999886,False,False,716939,759707,False,False,False,3,
716939,5,S,7,37,44000.0,17.44,134.01,34.041407,-118.218373,0.72,ML,5,FOURTH,3629,,,,True,False,36,97,716938,716940,133.06,134.5,0.9499999999999886,0.4900000000000091,False,False,716940,716938,False,False,False,3,
716940,5,S,7,37,44000.0,17.93,134.5,34.047784,-118.214638,0.575,ML,5,CESAR CHAVEZ,3628,,,,True,False,37,97,716939,716941,134.01,135.16,0.4900000000000091,0.6599999999999966,False,False,716941,716939,False,False,False,3,
716941,5,S,7,37,44000.0,18.59,135.16,34.057314,-118.214378,0.42,ML,4,MISSION,3625,,,,True,False,38,97,716940,716943,134.5,135.34,0.6599999999999966,0.18000000000000682,False,False,716943,716940,False,False,False,3,
716943,5,S,7,37,44000.0,18.77,135.34,34.059821,-118.21496,0.43,ML,4,MARENGO,3034,,,,True,False,39,97,716941,716944,135.16,136.02,0.18000000000000682,0.6800000000000068,False,False,716944,716941,False,False,False,3,
716944,5,S,7,37,44000.0,19.45,136.02,34.069368,-118.217386,0.78,ML,4,BROADWAY,3624,,,,True,False,40,97,716943,716946,135.34,136.9,0.6800000000000068,0.8799999999999955,False,False,716946,716943,False,False,False,3,
716946,5,S,7,37,44000.0,20.33,136.9,34.080943,-118.22237,0.625,ML,3,AVE 26,3146,,,,True,False,41,97,716944,716949,136.02,137.27,0.8799999999999955,0.37000000000000455,False,False,716949,716944,False,False,False,3,
716949,5,S,7,37,44000.0,20.7,137.27,34.083198,-118.228213,0.57,ML,5,DUVALL,3094,,,,True,False,42,97,716946,718370,136.9,138.04,0.37000000000000455,0.7699999999999818,False,True,718370,716946,True,False,False,3,
718370,5,S,7,37,44000.0,21.47,138.04,34.09021,-118.238774,0.615,ML,5,DORRIS,2083,,,,True,True,43,97,716949,716955,137.27,138.5,0.7699999999999818,0.46000000000000796,False,True,716955,716949,True,False,True,4,Fwy_5_S_physical_run_4
716955,5,S,7,37,44000.0,21.93,138.5,34.095413,-118.243957,0.465,ML,5,STADIUM,3095,,,,True,True,44,97,718370,718375,138.04,138.97,0.46000000000000796,0.46999999999999886,True,True,718375,718370,True,True,False,4,Fwy_5_S_physical_run_4
718375,5,S,7,37,44000.0,22.4,138.97,34.100828,-118.248623,0.415,ML,4,S OF 2,2287,,,,True,True,45,97,716955,718376,138.5,139.33,0.46999999999999886,0.36000000000001364,True,True,718376,716955,True,True,False,4,Fwy_5_S_physical_run_4
718376,5,S,7,37,44000.0,22.76,139.33,34.104544,-118.252924,0.59,ML,4,N OF 2,2279,,,,True,True,46,97,718375,716958,138.97,140.15,0.36000000000001364,0.8199999999999932,True,False,716958,718375,False,True,False,4,Fwy_5_S_physical_run_4
716958,5,S,7,37,44000.0,23.58,140.15,34.111314,-118.264526,0.795,ML,5,GLENDALE,3096,,,,True,False,47,97,718376,716960,139.33,140.92,0.8199999999999932,0.7699999999999818,True,False,716960,718376,False,True,False,4,
716960,5,S,7,37,44000.0,24.35,140.92,34.120734,-118.271398,0.48,ML,4,LOS FELIZ,3097,,,,True,False,48,97,716958,718089,140.15,141.11,0.7699999999999818,0.19000000000002615,False,False,718089,716958,False,False,False,4,
718089,5,S,7,37,44000.0,24.54,141.11,34.123357,-118.272486,0.75,ML,4,GRIFFITH PARK,3098,,,,True,False,49,97,716960,718379,140.92,142.42,0.19000000000002615,1.3099999999999739,False,False,718379,716960,False,False,False,4,
718379,5,S,7,37,44000.0,25.85,142.42,34.141806,-118.278086,0.905,ML,5,COLORADO,3099,,,,True,False,50,97,718089,718090,141.11,142.92,1.3099999999999739,0.5,False,False,718090,718089,False,False,False,4,
718090,5,S,7,37,44000.0,26.35,142.92,34.148833,-118.27989,0.675,ML,6,ZOO DR,3100,,,,True,False,51,97,718379,759747,142.42,143.77,0.5,0.8500000000000227,False,False,759747,718379,False,False,False,4,
759747,5,S,7,37,30000.0,27.2,143.77,34.156871,-118.290763,0.655,ML,5,VICTORY TR,2085,,,,True,False,52,97,718090,764417,142.92,144.23,0.8500000000000227,0.45999999999997954,False,False,764417,718090,False,False,False,4,
764417,5,S,7,37,30000.0,27.66,144.23,34.162761,-118.294541,0.25,ML,4,WESTERN 1,3101,,,,True,False,53,97,759747,716965,143.77,144.27,0.45999999999997954,0.040000000000020464,False,False,716965,759747,False,False,False,4,
716965,5,S,7,37,30000.0,27.7,144.27,34.163197,-118.29497,0.27,ML,4,WESTERN 2,3102,,,,True,False,54,97,764417,759762,144.23,144.77,0.040000000000020464,0.5,False,True,759762,764417,True,False,False,4,
759762,5,S,7,37,30000.0,28.2,144.77,34.167992,-118.301293,0.3,ML,4,ALAMEDA 1,3103,,,,True,True,55,97,716965,759772,144.27,144.87,0.5,0.09999999999999432,False,True,759772,716965,True,False,True,5,Fwy_5_S_physical_run_5
759772,5,S,7,37,8954.0,28.3,144.87,34.168963,-118.302648,0.35,ML,4,ALAMEDA 2,3104,,,,True,True,56,97,759762,759783,144.77,145.47,0.09999999999999432,0.5999999999999943,True,True,759783,759762,True,True,False,5,Fwy_5_S_physical_run_5
759783,5,S,7,37,8954.0,28.9,145.47,34.176309,-118.30783,0.69,ML,4,VERDUGO,3105,,,,True,True,57,97,759772,716977,144.87,146.25,0.5999999999999943,0.7800000000000011,True,True,716977,759772,True,True,False,5,Fwy_5_S_physical_run_5
716977,5,S,7,37,8954.0,29.68,146.25,34.184491,-118.316733,0.535,ML,4,BURBANK 1,3243,,,,True,True,58,97,759783,777733,145.47,146.54,0.7800000000000011,0.28999999999999204,True,True,777733,759783,True,True,False,5,Fwy_5_S_physical_run_5
777733,5,S,7,37,8954.0,29.97,146.54,34.186899,-118.320813,0.505,ML,5,BURBANK 2,3224,,,,True,True,59,97,716977,716979,146.25,147.26,0.28999999999999204,0.7199999999999989,True,True,716979,716977,True,True,False,5,Fwy_5_S_physical_run_5
716979,5,S,7,37,8954.0,30.69,147.26,34.19381,-118.330292,0.36,ML,5,LINCOLN,3241,,,,True,True,60,97,777733,777767,146.54,147.26,0.7199999999999989,0.0,True,True,777767,777733,True,True,False,5,Fwy_5_S_physical_run_5
777767,5,S,7,37,8954.0,30.69,147.26,34.19381,-118.330292,0.365,ML,5,LINCOLN,3225,,,,True,True,61,97,716979,716983,147.26,147.99,0.0,0.7300000000000182,True,True,716983,716979,True,True,False,5,Fwy_5_S_physical_run_5
716983,5,S,7,37,8954.0,31.42,147.99,34.200916,-118.339473,0.795,ML,4,BUENA VISTA,3240,,,,True,True,62,97,777767,716986,147.26,148.85,0.7300000000000182,0.8599999999999852,True,True,716986,777767,True,True,False,5,Fwy_5_S_physical_run_5
716986,5,S,7,37,44000.0,32.28,148.85,34.211259,-118.347597,0.905,ML,4,HOLLYWOOD WAY,3239,,,,True,True,63,97,716983,716989,147.99,149.8,0.8599999999999852,0.950000000000017,True,False,716989,716983,False,True,False,5,Fwy_5_S_physical_run_5
716989,5,S,7,37,44000.0,33.23,149.8,34.221104,-118.358957,0.65,ML,4,ROSCOE,3238,,,,True,False,64,97,716986,716991,148.85,150.15,0.950000000000017,0.3499999999999943,True,False,716991,716986,False,True,False,5,
716991,5,S,7,37,44000.0,33.58,150.15,34.221822,-118.364915,0.505,ML,4,SUNLAND,3237,,,,True,False,65,97,716989,716993,149.8,150.81,0.3499999999999943,0.6599999999999966,False,False,716993,716989,False,False,False,5,
716993,5,S,7,37,44000.0,34.24,150.81,34.225778,-118.375075,0.65,ML,4,PENROSE,3236,,,,True,False,66,97,716991,716996,150.15,151.45,0.6599999999999966,0.6399999999999864,False,False,716996,716991,False,False,False,5,
716996,5,S,7,37,44000.0,34.88,151.45,34.226376,-118.385923,0.415,ML,4,TUXFORD,3235,,,,True,False,67,97,716993,716999,150.81,151.64,0.6399999999999864,0.18999999999999773,False,False,716999,716993,False,False,False,5,
716999,5,S,7,37,44000.0,35.07,151.64,34.226944,-118.389042,0.48,ML,4,LANKERSHIM,3234,,,,True,False,68,97,716996,717001,151.45,152.41,0.18999999999999773,0.7700000000000102,False,False,717001,716996,False,False,False,5,
717001,5,S,7,37,44000.0,35.84,152.41,34.231047,-118.401401,0.84,ML,4,SHELDON,3233,,,,True,False,69,97,716999,717002,151.64,153.32,0.7700000000000102,0.9099999999999966,False,False,717002,716999,False,False,False,5,
717002,5,S,7,37,44000.0,36.75,153.32,34.23742,-118.414827,0.54,ML,4,BRANFORD 1,3232,,,,True,False,70,97,717001,764151,152.41,153.49,0.9099999999999966,0.17000000000001592,False,False,764151,717001,False,False,False,5,
764151,5,S,7,37,44000.0,36.92,153.49,34.239278,-118.4168,0.275,ML,4,BRANFORD 2,2086,,,,True,False,71,97,717002,715996,153.32,153.87,0.17000000000001592,0.37999999999999545,False,False,715996,717002,False,False,False,5,
715996,5,S,7,37,44000.0,37.3,153.87,34.243318,-118.42108,0.275,ML,6,OSBORNE 1,3486,,,,True,False,72,97,764151,717004,153.49,154.04,0.37999999999999545,0.1699999999999875,False,False,717004,764151,False,False,False,5,
717004,5,S,7,37,44000.0,37.47,154.04,34.245149,-118.422992,0.27,ML,6,OSBORNE 2,3487,,,,True,False,73,97,715996,717006,153.87,154.41,0.1699999999999875,0.37000000000000455,False,False,717006,715996,False,False,False,5,
717006,5,S,7,37,44000.0,37.84,154.41,34.249183,-118.427257,0.435,ML,6,TERRA BELLA,3488,,,,True,False,74,97,717004,759228,154.04,154.91,0.37000000000000455,0.5,False,False,759228,717004,False,False,False,5,
759228,5,S,7,37,44000.0,38.34,154.91,34.254614,-118.433051,0.355,ML,6,VAN NUYS 1,3609,,,,True,False,75,97,717006,759250,154.41,155.12,0.5,0.21000000000000796,False,False,759250,717006,False,False,False,5,
759250,5,S,7,37,44000.0,38.55,155.12,34.256907,-118.435472,0.395,ML,6,VAN NUYS 2,3610,,,,True,False,76,97,759228,718392,154.91,155.7,0.21000000000000796,0.5799999999999841,False,False,718392,759228,False,False,False,5,
718392,5,S,7,37,44000.0,39.13,155.7,34.263648,-118.4415,0.48,ML,4,PAXTON,3640,,,,True,False,77,97,759250,718393,155.12,156.08,0.5799999999999841,0.3800000000000239,False,False,718393,759250,False,False,False,5,
718393,5,S,7,37,44000.0,39.51,156.08,34.268223,-118.445171,0.325,ML,4,RTE 118 CN,2453,,,,True,False,78,97,718392,759822,155.7,156.35,0.3800000000000239,0.2699999999999818,False,False,759822,718392,False,False,False,5,
759822,5,S,7,37,44000.0,39.78,156.35,34.271236,-118.448172,0.245,ML,5,CHATSWORTH,3639,,,,True,False,79,97,718393,759844,156.08,156.57,0.2699999999999818,0.21999999999999886,False,False,759844,718393,False,False,False,5,
759844,5,S,7,37,44000.0,40.0,156.57,34.273972,-118.450111,0.195,ML,5,BRAND,3637,,,,True,False,80,97,759822,759835,156.35,156.74,0.21999999999999886,0.17000000000001592,False,False,759835,759822,False,False,False,5,
759835,5,S,7,37,44000.0,40.17,156.74,34.275868,-118.452003,0.155,ML,5,SAN FERNANDO 1,3636,,,,True,False,81,97,759844,759850,156.57,156.88,0.17000000000001592,0.13999999999998636,False,False,759850,759844,False,False,False,5,
759850,5,S,7,37,44000.0,40.31,156.88,34.277432,-118.45372,1.125,ML,3,SAN FERNANDO 2,3635,,,,True,False,82,97,759835,759858,156.74,158.99,0.13999999999998636,2.1100000000000136,False,False,759858,759835,False,False,False,5,
759858,5,S,7,37,44000.0,42.42,158.99,34.300684,-118.477275,1.539,ML,5,ROXFORD,3633,,,,True,False,83,97,759850,718405,156.88,159.957,2.1100000000000136,0.9669999999999845,False,False,718405,759850,False,False,False,5,
718405,5,S,7,37,44000.0,,159.957,34.311743,-118.487332,0.778,ML,5,S OF 210,2285,,,,True,False,84,97,759858,774344,158.99,160.547,0.9669999999999845,0.5900000000000034,False,False,774344,759858,False,False,False,5,
774344,5,S,7,37,44000.0,,160.547,34.318789,-118.493056,0.695,ML,4,NO. OF 210,3634,,,,True,False,85,97,718405,775536,159.957,161.347,0.5900000000000034,0.8000000000000114,False,True,775536,718405,True,False,False,5,
775536,5,S,7,37,44000.0,,161.347,34.325864,-118.503984,0.7,ML,4,N/B 5 - S/B 14,2699,,,,True,True,86,97,774344,768701,160.547,161.947,0.8000000000000114,0.5999999999999943,False,False,768701,774344,False,False,True,6,Fwy_5_S_physical_run_6
768701,5,S,7,37,44000.0,,161.947,34.33367,-118.50838,1.9,ML,2,RTE 14 CN -TRUCK RTE,4635,,,,True,False,87,97,775536,759870,161.347,165.147,0.5999999999999943,3.1999999999999886,True,False,759870,775536,False,True,False,6,
759870,5,S,7,37,,,165.147,34.358847,-118.554053,2.35,ML,4,CALGROVE,4622,,,,True,False,88,97,768701,759900,161.947,166.647,3.1999999999999886,1.5,False,False,759900,768701,False,False,False,6,
759900,5,S,7,37,69088.0,,166.647,34.378358,-118.565494,1.3,ML,4,LYONS 2,4612,,,,True,False,89,97,759870,769090,165.147,167.747,1.5,1.1000000000000227,False,False,769090,759870,False,False,False,6,
769090,5,S,7,37,69088.0,,167.747,34.393517,-118.571234,1.05,ML,4,MCBEAN PKWY 2,4624,,,,True,False,90,97,759900,772055,166.647,168.747,1.1000000000000227,1.0,False,False,772055,759900,False,False,False,6,
772055,5,S,7,37,69088.0,,168.747,34.407375,-118.576054,1.0,ML,4,VALENCIA EB,4848,,,,True,False,91,97,769090,759914,167.747,169.747,1.0,1.0,False,False,759914,769090,False,False,False,6,
759914,5,S,7,37,69088.0,,169.747,34.420911,-118.582284,0.9,ML,4,Magic Mtn Pkwy,4626,,,,True,False,92,97,772055,716016,168.747,170.547,1.0,0.799999999999983,False,False,716016,772055,False,False,False,6,
716016,5,S,7,37,69088.0,,170.547,34.431273,-118.588555,0.65,ML,4,RYE CANYON,4379,,,,True,False,93,97,759914,769030,169.747,171.047,0.799999999999983,0.5,False,False,769030,759914,False,False,False,6,
769030,5,S,7,37,69088.0,,171.047,34.436509,-118.594682,1.135,ML,5,N/O TRUCK SCALES,2684,,,,True,False,94,97,716016,759927,170.547,172.817,0.5,1.7700000000000102,False,False,759927,716016,False,False,False,6,
759927,5,S,7,37,,,172.817,34.454192,-118.615941,2.4,ML,4,HASLEY CANYON,4627,,,,True,False,95,97,769030,759933,171.047,175.847,1.7700000000000102,3.030000000000001,False,True,759933,769030,True,False,False,6,
759933,5,S,7,37,,,175.847,34.495729,-118.623863,4.015,ML,4,LAKE HUGHES,4629,,,,True,True,96,97,759927,759942,172.817,182.047,3.030000000000001,6.199999999999989,False,False,759942,759927,False,False,True,7,Fwy_5_S_physical_run_7
759942,5,S,7,37,,,182.047,34.565923,-118.685975,5.0,ML,4,TEMPLIN,4630,,,,True,False,97,97,759933,,175.847,,6.199999999999989,,True,False,,759933,False,True,False,7,
759257,10,E,7,37,70000.0,,0.175,34.016298,-118.483358,0.325,ML,3,LINCOLN,3155,,,,True,False,1,121,,737229,,0.475,,0.3,False,False,,737229,False,False,False,0,
737229,10,E,7,37,70000.0,,0.475,34.019283,-118.479535,0.375,ML,3,14TH,2196,,,,True,False,2,121,759257,737237,0.175,0.925,0.3,0.45000000000000007,False,False,759257,737237,False,False,False,0,
737237,10,E,7,37,70000.0,,0.925,34.02328,-118.473469,0.43,ML,3,20TH 2,2465,,,,True,False,3,121,737229,737246,0.475,1.335,0.45000000000000007,0.4099999999999999,False,False,737229,737246,False,False,False,0,
737246,10,E,7,37,70000.0,,1.335,34.025103,-118.466669,0.425,ML,3,CLOVERFIELD,3156,,,,True,False,4,121,737237,737257,0.925,1.775,0.4099999999999999,0.43999999999999995,False,False,737237,737257,False,False,False,0,
737257,10,E,7,37,70000.0,,1.775,34.02693,-118.459319,0.44,ML,4,DORCHESTER,2338,,,,True,False,5,121,737246,776518,1.335,2.215,0.43999999999999995,0.43999999999999995,False,False,737246,776518,False,False,False,0,
776518,10,E,7,37,70000.0,,2.215,34.027623,-118.451758,0.285,ML,4,PICO BLVD,2236,,,,True,False,6,121,737257,765506,1.775,2.345,0.43999999999999995,0.13000000000000034,False,False,737257,765506,False,False,False,0,
765506,10,E,7,37,70000.0,,2.345,34.028077,-118.449505,0.155,ML,4,CENTINELA AVE,3157,,,,True,False,7,121,776518,737278,2.215,2.525,0.13000000000000034,0.17999999999999972,False,False,776518,737278,False,False,False,0,
737278,10,E,7,37,44000.0,,2.525,34.028893,-118.446438,0.355,ML,4,BUNDY DR,3158,,,,True,False,8,121,765506,764054,2.345,3.055,0.17999999999999972,0.5300000000000002,False,False,765506,764054,False,False,False,0,
764054,10,E,7,37,44000.0,,3.055,34.030628,-118.437426,0.465,ML,4,PURDUE,2316,,,,True,False,9,121,737278,718410,2.525,3.455,0.5300000000000002,0.3999999999999999,False,False,737278,718410,False,False,False,0,
718410,10,E,7,37,44000.0,,3.455,34.031541,-118.430583,0.265,ML,3,SEPULVEDA,2327,,,,True,False,10,121,764054,764130,3.055,3.585,0.3999999999999999,0.1299999999999999,False,False,764054,764130,False,False,False,0,
764130,10,E,7,37,44000.0,,3.585,34.03165,-118.428336,0.275,ML,3,FM 405 NB,2925,,,,True,False,11,121,718410,718412,3.455,4.005,0.1299999999999999,0.41999999999999993,False,False,718410,718412,False,False,False,0,
718412,10,E,7,37,44000.0,,4.005,34.031688,-118.421146,0.38,ML,5,WESTWOOD,2198,,,,True,False,12,121,764130,763336,3.585,4.345,0.41999999999999993,0.33999999999999986,False,False,764130,763336,False,False,False,0,
763336,10,E,7,37,44000.0,,4.345,34.031647,-118.41534,0.285,ML,4,OVERLAND,3132,,,,True,False,13,121,718412,717008,4.005,4.575,0.33999999999999986,0.23000000000000043,False,False,718412,717008,False,False,False,0,
717008,10,E,7,37,44000.0,,4.575,34.030709,-118.41147,0.36,ML,5,MOTOR,2199,,,,True,False,14,121,763336,717009,4.345,5.065,0.23000000000000043,0.4900000000000002,False,False,763336,717009,False,False,False,0,
717009,10,E,7,37,44000.0,,5.065,34.029516,-118.403014,0.535,ML,5,MANNING,3133,,,,True,False,15,121,717008,768584,4.575,5.645,0.4900000000000002,0.5799999999999992,False,False,717008,768584,False,False,False,0,
768584,10,E,7,37,44000.0,,5.645,34.029698,-118.392981,0.385,ML,5,ROBERTSON,3115,,,,True,False,16,121,717009,717011,5.065,5.835,0.5799999999999992,0.1900000000000004,False,False,717009,717011,False,False,False,0,
717011,10,E,7,37,44000.0,,5.835,34.031182,-118.390169,0.28,ML,5,NATIONAL,3134,,,,True,False,17,121,768584,716036,5.645,6.205,0.1900000000000004,0.3700000000000001,False,False,768584,716036,False,False,False,0,
716036,10,E,7,37,44000.0,,6.205,34.034311,-118.384884,0.38,ML,5,CATTARAUGUS,2202,,,,True,False,18,121,717011,717014,5.835,6.595,0.3700000000000001,0.3899999999999997,False,False,717011,717014,False,False,False,0,
717014,10,E,7,37,44000.0,,6.595,34.036847,-118.379114,0.325,ML,4,LA CIENEGA,3135,,,,True,False,19,121,716036,717016,6.205,6.855,0.3899999999999997,0.2600000000000007,False,False,716036,717016,False,False,False,0,
717016,10,E,7,37,44000.0,,6.855,34.036314,-118.374796,0.23,ML,4,VENICE,3136,,,,True,False,20,121,717014,717020,6.595,7.055,0.2600000000000007,0.1999999999999993,False,False,717014,717020,False,False,False,0,
717020,10,E,7,37,44000.0,,7.055,34.035587,-118.371451,0.25,ML,4,FAIRFAX,3117,,,,True,False,21,121,717016,717022,6.855,7.355,0.1999999999999993,0.3000000000000007,False,False,717016,717022,False,False,False,0,
717022,10,E,7,37,44000.0,,7.355,34.034495,-118.366371,0.295,ML,5,WASHINGTON,3137,,,,True,False,22,121,717020,718415,7.055,7.645,0.3000000000000007,0.28999999999999915,False,False,717020,718415,False,False,False,0,
718415,10,E,7,37,44000.0,,7.645,34.033741,-118.361383,0.36,ML,5,HAUSER,2203,,,,True,False,23,121,717022,763963,7.355,8.075,0.28999999999999915,0.4299999999999997,False,False,717022,763963,False,False,False,0,
763963,10,E,7,37,44000.0,,8.075,34.033989,-118.353882,0.25,ML,4,LA BREA 1,3138,,,,True,False,24,121,718415,764249,7.645,8.145,0.4299999999999997,0.07000000000000028,False,False,718415,764249,False,False,False,0,
764249,10,E,7,37,44000.0,,8.145,34.034036,-118.352661,0.15,ML,4,SYCAMORE,2201,,,,True,False,25,121,763963,717028,8.075,8.375,0.07000000000000028,0.23000000000000043,False,False,763963,717028,False,False,False,0,
717028,10,E,7,37,44000.0,,8.375,34.034193,-118.348655,0.2,ML,4,LA BREA 2,3139,,,,True,False,26,121,764249,716047,8.145,8.545,0.23000000000000043,0.16999999999999993,False,False,764249,716047,False,False,False,0,
716047,10,E,7,37,44000.0,,8.545,34.034363,-118.345701,0.265,ML,4,HARCOURT,2200,,,,True,False,27,121,717028,716050,8.375,8.905,0.16999999999999993,0.35999999999999943,False,False,717028,716050,False,False,False,0,
716050,10,E,7,37,44000.0,,8.905,34.034677,-118.339444,0.42,ML,4,WEST,2204,,,,True,False,28,121,716047,717032,8.545,9.385,0.35999999999999943,0.4800000000000004,False,False,716047,717032,False,False,False,0,
717032,10,E,7,37,44000.0,,9.385,34.035074,-118.33108,0.585,ML,5,CRENSHAW 2,3140,,,,True,False,29,121,716050,717035,8.905,10.075,0.4800000000000004,0.6899999999999995,False,False,716050,717035,False,False,False,0,
717035,10,E,7,37,44000.0,,10.075,34.036382,-118.319158,0.455,ML,5,ARLINGTON 1,3121,,,,True,False,30,121,717032,763346,9.385,10.295,0.6899999999999995,0.22000000000000064,False,False,717032,763346,False,False,False,0,
763346,10,E,7,37,44000.0,,10.295,34.03681,-118.315379,0.175,ML,4,ARLINGTON 2,3141,,,,True,False,31,121,717035,716057,10.075,10.425,0.22000000000000064,0.13000000000000078,False,False,717035,716057,False,False,False,0,
716057,10,E,7,37,44000.0,,10.425,34.036953,-118.313131,0.25,ML,4,GRAMERCY,2239,,,,True,False,32,121,763346,717039,10.295,10.795,0.13000000000000078,0.3699999999999992,False,False,763346,717039,False,False,False,0,
717039,10,E,7,37,44000.0,,10.795,34.036945,-118.306723,0.43,ML,5,WESTERN 2,3142,,,,True,False,33,121,716057,737184,10.425,11.285,0.3699999999999992,0.4900000000000002,False,False,716057,737184,False,False,False,0,
737184,10,E,7,37,44000.0,,11.285,34.036842,-118.298268,0.29,ML,4,NORMANDIE 2,3143,,,,True,False,34,121,717039,717042,10.795,11.375,0.4900000000000002,0.08999999999999986,False,False,717039,717042,False,False,False,0,
717042,10,E,7,37,44000.0,,11.375,34.03682,-118.296713,0.255,ML,4,BUDLONG,2466,,,,True,False,35,121,737184,718335,11.285,11.795,0.08999999999999986,0.41999999999999993,False,False,737184,718335,False,False,False,0,
718335,10,E,7,37,44000.0,,11.795,34.036796,-118.289266,0.295,ML,5,VERMONT 2,3144,,,,True,False,36,121,717042,717046,11.375,11.965,0.41999999999999993,0.16999999999999993,False,False,717042,717046,False,False,False,0,
717046,10,E,7,37,44000.0,14.12,11.965,34.036841,-118.286287,0.145,ML,5,HOOVER 1,3125,,,,True,False,37,121,718335,759385,11.795,12.085,0.16999999999999993,0.120000000000001,False,False,718335,759385,False,False,False,0,
759385,10,E,7,37,44000.0,14.24,12.085,34.037023,-118.284201,0.125,ML,4,FM 110 SB,2923,,,,True,False,38,121,717046,764026,11.965,12.215,0.120000000000001,0.129999999999999,False,False,717046,764026,False,False,False,0,
764026,10,E,7,37,44000.0,14.37,12.215,34.037427,-118.282004,0.285,ML,3,HOOVER 2,3145,,,,True,False,39,121,759385,759280,12.085,12.655,0.129999999999999,0.4399999999999995,False,False,759385,759280,False,False,False,0,
759280,10,E,7,37,44000.0,14.81,12.655,34.038052,-118.274457,0.27,ML,3,FM 110 NB,2922,,,,True,False,40,121,764026,718419,12.215,12.755,0.4399999999999995,0.10000000000000142,False,False,764026,718419,False,False,False,0,
718419,10,E,7,37,44000.0,14.91,12.755,34.037793,-118.272782,0.26,ML,4,E OF 110,2317,,,,True,False,41,121,759280,776986,12.655,13.175,0.10000000000000142,0.41999999999999993,False,False,759280,776986,False,False,False,0,
776986,10,E,7,37,44000.0,15.33,13.175,34.034315,-118.266848,0.435,ML,4,FLOWER,3214,,,,True,False,42,121,718419,763453,12.755,13.625,0.41999999999999993,0.4499999999999993,False,False,718419,763453,False,False,False,0,
763453,10,E,7,37,44000.0,15.78,13.625,34.031145,-118.260012,0.44,ML,4,LOS ANGELES,3215,,,,True,False,43,121,776986,718421,13.175,14.055,0.4499999999999993,0.4299999999999997,False,False,776986,718421,False,False,False,0,
718421,10,E,7,37,44000.0,16.21,14.055,34.028118,-118.253469,0.53,ML,5,SAN PEDRO ST,3216,,,,True,False,44,121,763453,763458,13.625,14.685,0.4299999999999997,0.6300000000000008,False,False,763453,763458,False,False,False,0,
763458,10,E,7,37,44000.0,16.84,14.685,34.023654,-118.243938,0.444,ML,4,CENTRAL AVE,3217,,,,True,False,45,121,718421,776981,14.055,14.943,0.6300000000000008,0.2579999999999991,False,False,718421,776981,False,False,False,0,
776981,10,E,7,37,44000.0,17.098,14.943,34.024458,-118.239564,0.28,ML,5,ALAMEDA,3218,,,,True,False,46,121,763458,737158,14.685,15.245,0.2579999999999991,0.3019999999999996,False,False,763458,737158,False,False,False,0,
737158,10,E,7,37,44000.0,17.4,15.245,34.026415,-118.234825,0.251,ML,5,OLYMPIC 2,4515,,,,True,False,47,121,776981,737313,14.943,15.445,0.3019999999999996,0.20000000000000107,False,False,776981,737313,False,False,False,0,
737313,10,E,7,37,44000.0,17.6,15.445,34.027658,-118.231686,0.587,ML,5,SANTA FE / PORTER,3718,,,,True,False,48,121,737158,737320,15.245,16.419,0.20000000000000107,0.9740000000000002,False,False,737158,737320,False,False,False,0,
737320,10,E,7,37,44000.0,,16.419,34.053847,-118.221966,0.657,ML,3,E OF MACY,2482,,,,True,False,49,121,737313,716028,15.445,16.759,0.9740000000000002,0.33999999999999986,False,False,737313,716028,False,False,False,0,
716028,10,E,7,37,44000.0,,16.759,34.055167,-118.216535,0.291,ML,3,ECHANDIA,2092,,,,True,False,50,121,737320,776906,16.419,17.0,0.33999999999999986,0.24099999999999966,False,False,737320,776906,False,False,False,0,
776906,10,E,7,37,44000.0,18.5,17.0,34.054946,-118.212353,0.135,ML,1,BUS STATE,2483,,,,True,False,51,121,716028,716067,16.759,17.03,0.24099999999999966,0.030000000000001137,False,False,716028,716067,False,False,False,0,
716067,10,E,7,37,44000.0,18.53,17.03,34.054801,-118.211859,0.125,ML,3,STATE,2484,,,,True,False,52,121,776906,716069,17.0,17.25,0.030000000000001137,0.21999999999999886,False,False,776906,716069,False,False,False,0,
716069,10,E,7,37,44000.0,18.75,17.25,34.053806,-118.208214,0.25,ML,4,SAINT LOUIS,2485,,,,True,False,53,121,716067,716072,17.03,17.53,0.21999999999999886,0.28000000000000114,False,False,716067,716072,False,False,False,0,
716072,10,E,7,37,44000.0,19.03,17.53,34.05411,-118.203478,0.28,ML,6,SOTO,2486,,,,True,False,54,121,716069,717059,17.25,17.81,0.28000000000000114,0.2799999999999976,False,False,716069,717059,False,False,False,0,
717059,10,E,7,37,44000.0,19.31,17.81,34.055193,-118.198785,0.315,ML,6,TREMONT,2487,,,,True,False,55,121,716072,716075,17.53,18.16,0.2799999999999976,0.3500000000000014,False,False,716072,716075,False,False,False,0,
716075,10,E,7,37,44000.0,19.66,18.16,34.055306,-118.192689,0.37,ML,6,INDIANA,2093,,,,True,False,56,121,717059,716078,17.81,18.55,0.3500000000000014,0.39000000000000057,False,False,717059,716078,False,False,False,0,
716078,10,E,7,37,44000.0,20.05,18.55,34.055285,-118.185874,0.5,ML,6,HERBERT,2488,,,,True,False,57,121,716075,765098,18.16,19.16,0.39000000000000057,0.6099999999999994,False,False,716075,765098,False,False,False,0,
765098,10,E,7,37,,20.66,19.16,34.059092,-118.176399,0.37,ML,4,MILLER,2489,,,,True,False,58,121,716078,716081,18.55,19.29,0.6099999999999994,0.129999999999999,False,True,716078,716081,False,True,False,0,
716081,10,E,7,37,,20.79,19.29,34.059959,-118.174416,0.19,ML,4,EASTERN,2478,,,,True,True,59,121,765098,737344,19.16,19.54,0.129999999999999,0.25,False,False,765098,737344,False,False,True,1,Fwy_10_E_physical_run_1
737344,10,E,7,37,,21.04,19.54,34.061366,-118.170554,0.23,ML,4,CAMPUS,2490,,,,True,False,60,121,716081,717070,19.29,19.75,0.25,0.21000000000000085,True,False,716081,717070,True,False,False,1,
717070,10,E,7,37,48914.0,21.25,19.75,34.061277,-118.167246,0.25,ML,4,W OF 710,2319,,,,True,False,61,121,737344,716085,19.54,20.04,0.21000000000000085,0.28999999999999915,False,True,737344,716085,False,True,False,1,
716085,10,E,7,37,48914.0,21.54,20.04,34.061918,-118.162504,0.38,ML,4,E OF 710,2542,,,,True,True,62,121,717070,716087,19.75,20.51,0.28999999999999915,0.4700000000000024,False,True,717070,716087,False,True,True,2,Fwy_10_E_physical_run_2
716087,10,E,7,37,884.0,22.01,20.51,34.065882,-118.155495,0.428,ML,5,WARWICK,2094,,,,True,True,63,121,716085,765451,20.04,20.897,0.4700000000000024,0.3869999999999969,True,False,716085,765451,True,False,False,2,Fwy_10_E_physical_run_2
765451,10,E,7,37,884.0,22.397,20.897,34.068993,-118.149756,0.45,ML,4,FREMONT,3725,,,,True,False,64,121,716087,716092,20.51,21.41,0.3869999999999969,0.5130000000000017,True,False,716087,716092,True,False,False,2,
716092,10,E,7,37,884.0,22.91,21.41,34.071251,-118.141723,0.446,ML,4,MARENGO,2533,,,,True,False,65,121,765451,717077,20.897,21.79,0.5130000000000017,0.379999999999999,False,True,765451,717077,False,True,False,2,
717077,10,E,7,37,884.0,23.29,21.79,34.071335,-118.135155,0.235,ML,4,ATLANTIC 1,3726,,,,True,True,66,121,716092,717075,21.41,21.88,0.379999999999999,0.08999999999999986,False,True,716092,717075,False,True,True,3,Fwy_10_E_physical_run_3
717075,10,E,7,37,884.0,23.38,21.88,34.071342,-118.133569,0.32,ML,4,ATLANTIC 2,3727,,,,True,True,67,121,717077,717089,21.79,22.43,0.08999999999999986,0.5500000000000007,True,True,717077,717089,True,True,False,3,Fwy_10_E_physical_run_3
717089,10,E,7,37,884.0,23.93,22.43,34.071438,-118.123947,0.325,ML,4,GARFIELD 1,3728,,,,True,True,68,121,717075,717083,21.88,22.529,0.5500000000000007,0.0990000000000002,True,True,717075,717083,True,True,False,3,Fwy_10_E_physical_run_3
717083,10,E,7,37,884.0,24.029,22.529,34.07146,-118.12223,0.195,ML,4,GARFIELD 2,3729,,,,True,True,69,121,717089,717084,22.43,22.82,0.0990000000000002,0.29100000000000037,True,True,717089,717084,True,True,False,3,Fwy_10_E_physical_run_3
717084,10,E,7,37,884.0,24.32,22.82,34.071574,-118.11718,0.37,ML,4,ALMANSOR,2096,,,,True,True,70,121,717083,717093,22.529,23.27,0.29100000000000037,0.4499999999999993,True,True,717083,717093,True,True,False,3,Fwy_10_E_physical_run_3
717093,10,E,7,37,884.0,24.77,23.27,34.071665,-118.10937,0.275,ML,4,NEW 1,3730,,,,True,True,71,121,717084,717097,22.82,23.37,0.4499999999999993,0.10000000000000142,True,True,717084,717097,True,True,False,3,Fwy_10_E_physical_run_3
717097,10,E,7,37,48914.0,24.87,23.37,34.07168,-118.107635,0.245,ML,4,NEW 2,3731,,,,True,True,72,121,717093,717105,23.27,23.76,0.10000000000000142,0.39000000000000057,True,False,717093,717105,True,False,False,3,Fwy_10_E_physical_run_3
717105,10,E,7,37,48914.0,25.26,23.76,34.071731,-118.100852,0.26,ML,4,DEL MAR 1,3732,,,,True,False,73,121,717097,717110,23.37,23.89,0.39000000000000057,0.129999999999999,True,False,717097,717110,True,False,False,3,
717110,10,E,7,37,62896.0,25.39,23.89,34.071766,-118.098584,0.255,ML,4,DEL MAR 2,3733,,,,True,False,74,121,717105,717114,23.76,24.27,0.129999999999999,0.379999999999999,False,False,717105,717114,False,False,False,3,
717114,10,E,7,37,62896.0,25.77,24.27,34.071834,-118.091958,0.25,ML,4,SAN GABRIEL 1,3734,,,,True,False,75,121,717110,718445,23.89,24.39,0.379999999999999,0.120000000000001,False,False,717110,718445,False,False,False,3,
718445,10,E,7,37,62896.0,25.89,24.39,34.07186,-118.089866,0.27,ML,4,SAN GABRIEL 2,3735,,,,True,False,76,121,717114,717123,24.27,24.81,0.120000000000001,0.41999999999999815,False,False,717114,717123,False,False,False,3,
717123,10,E,7,37,62896.0,26.31,24.81,34.071945,-118.082543,0.45,ML,4,WALNUT GROVE,3736,,,,True,False,77,121,718445,717127,24.39,25.29,0.41999999999999815,0.4800000000000004,False,False,718445,717127,False,False,False,3,
717127,10,E,7,37,62896.0,26.79,25.29,34.072071,-118.074173,0.315,ML,4,ROSEMEAD 1,3738,,,,True,False,78,121,717123,717131,24.81,25.44,0.4800000000000004,0.15000000000000213,False,False,717123,717131,False,False,False,3,
717131,10,E,7,37,22230.0,26.94,25.44,34.072083,-118.071554,0.165,ML,4,ROSEMEAD 2,3739,,,,True,False,79,121,717127,717133,25.29,25.62,0.15000000000000213,0.17999999999999972,False,False,717127,717133,False,False,False,3,
717133,10,E,7,37,22230.0,27.12,25.62,34.072106,-118.068405,0.445,ML,4,FLAIR,3740,,,,True,False,80,121,717131,717136,25.44,26.33,0.17999999999999972,0.7099999999999973,False,False,717131,717136,False,False,False,3,
717136,10,E,7,37,22230.0,27.83,26.33,34.072292,-118.055988,0.485,ML,5,TEMPLE CITY,3797,,,,True,False,81,121,717133,716126,25.62,26.59,0.7099999999999973,0.26000000000000156,False,False,717133,716126,False,False,False,3,
716126,10,E,7,37,22230.0,28.09,26.59,34.071934,-118.051536,0.475,ML,4,BALDWIN,3741,,,,True,False,82,121,717136,717146,26.33,27.28,0.26000000000000156,0.6900000000000013,False,False,717136,717146,False,False,False,3,
717146,10,E,7,37,22230.0,28.78,27.28,34.06847,-118.040429,0.505,ML,4,SANTA ANITA,3430,,,,True,False,83,121,716126,774440,26.59,27.6,0.6900000000000013,0.3200000000000003,False,False,716126,774440,False,False,False,3,
774440,10,E,7,37,22230.0,29.1,27.6,34.067931,-118.034889,0.365,ML,5,TYLER AVE,2673,,,,True,False,84,121,717146,717152,27.28,28.01,0.3200000000000003,0.41000000000000014,False,False,717146,717152,False,False,False,3,
717152,10,E,7,37,22230.0,29.51,28.01,34.067963,-118.027743,0.44,ML,4,VALLEY,3431,,,,True,False,85,121,774440,717155,27.6,28.48,0.41000000000000014,0.46999999999999886,False,False,774440,717155,False,False,False,3,
717155,10,E,7,37,22230.0,29.98,28.48,34.06699,-118.019773,0.59,ML,4,STEWART,3432,,,,True,False,86,121,717152,717156,28.01,29.19,0.46999999999999886,0.7100000000000009,False,False,717152,717156,False,False,False,3,
717156,10,E,7,37,22230.0,30.69,29.19,34.063981,-118.008051,0.66,ML,4,DURFEE,3433,,,,True,False,87,121,717155,768173,28.48,29.8,0.7100000000000009,0.6099999999999994,False,False,717155,768173,False,False,False,3,
768173,10,E,7,37,3666.0,31.3,29.8,34.065326,-117.997535,0.655,ML,4,E OF 605,2445,,,,True,False,88,121,717156,775552,29.19,30.5,0.6099999999999994,0.6999999999999993,False,True,717156,775552,False,True,False,3,
775552,10,E,7,37,3666.0,32.0,30.5,34.066974,-117.985481,0.505,ML,5,S/B 605 TO E/B 10,3434,,,,True,True,89,121,768173,717165,29.8,30.81,0.6999999999999993,0.3099999999999987,False,True,768173,717165,False,True,True,4,Fwy_10_E_physical_run_4
717165,10,E,7,37,3666.0,32.31,30.81,34.06769,-117.980138,0.25,ML,5,BALDWIN PARK 2,3747,,,,True,True,90,121,775552,775030,30.5,31.0,0.3099999999999987,0.19000000000000128,True,False,775552,775030,True,False,False,4,Fwy_10_E_physical_run_4
775030,10,E,7,37,3666.0,32.5,31.0,34.068079,-117.976855,0.575,ML,4,E/O FRANCISQUITO AVE,2126,,,,True,False,91,121,717165,717174,30.81,31.96,0.19000000000000128,0.9600000000000009,True,True,717165,717174,True,True,False,4,
717174,10,E,7,37,3666.0,33.46,31.96,34.070282,-117.960307,0.75,ML,4,PUENTE,3748,,,,True,True,92,121,775030,764222,31.0,32.5,0.9600000000000009,0.5399999999999991,False,True,775030,764222,False,True,True,5,Fwy_10_E_physical_run_5
764222,10,E,7,37,84200.0,34.0,32.5,34.071267,-117.950956,0.49,ML,4,MEEKER,2099,,,,True,True,93,121,717174,717179,31.96,32.94,0.5399999999999991,0.4399999999999977,True,True,717174,717179,True,True,False,5,Fwy_10_E_physical_run_5
717179,10,E,7,37,84200.0,34.44,32.94,34.072075,-117.943345,0.45,ML,4,WEST COVINA PKWY,3749,,,,True,True,94,121,764222,763695,32.5,33.4,0.4399999999999977,0.46000000000000085,True,False,764222,763695,True,False,False,5,Fwy_10_E_physical_run_5
763695,10,E,7,37,84200.0,34.9,33.4,34.072372,-117.935361,0.46,ML,5,SUNSET,2496,,,,True,False,95,121,717179,717185,32.94,33.86,0.46000000000000085,0.46000000000000085,True,True,717179,717185,True,True,False,5,
717185,10,E,7,37,84200.0,35.36,33.86,34.0723,-117.927358,0.3,ML,4,VINCENT 1,3750,,,,True,True,96,121,763695,717190,33.4,34.0,0.46000000000000085,0.14000000000000057,False,True,763695,717190,False,True,True,6,Fwy_10_E_physical_run_6
717190,10,E,7,37,84200.0,35.5,34.0,34.072274,-117.924923,0.27,ML,4,VINCENT 2,3751,,,,True,True,97,121,717185,716152,33.86,34.4,0.14000000000000057,0.3999999999999986,True,True,717185,716152,True,True,False,6,Fwy_10_E_physical_run_6
716152,10,E,7,37,84200.0,35.9,34.4,34.072202,-117.917964,0.48,ML,4,LARK ELLEN,2100,,,,True,True,98,121,717190,717195,34.0,34.96,0.3999999999999986,0.5600000000000023,True,True,717190,717195,True,True,False,6,Fwy_10_E_physical_run_6
717195,10,E,7,37,84200.0,36.46,34.96,34.072101,-117.908205,0.332,ML,4,AZUSA 1,3752,,,,True,True,99,121,716152,717198,34.4,35.064,0.5600000000000023,0.1039999999999992,True,True,716152,717198,True,True,False,6,Fwy_10_E_physical_run_6
717198,10,E,7,37,84200.0,36.564,35.064,34.072082,-117.906392,0.27,ML,4,AZUSA 2,3753,,,,True,True,100,121,717195,764217,34.96,35.5,0.1039999999999992,0.43599999999999994,True,False,717195,764217,True,False,False,6,Fwy_10_E_physical_run_6
764217,10,E,7,37,84200.0,37.0,35.5,34.071994,-117.898791,0.513,ML,4,HOLLENBECK,2495,,,,True,False,101,121,717198,717205,35.064,36.09,0.43599999999999994,0.5900000000000034,True,True,717198,717205,True,True,False,6,
717205,10,E,7,37,84200.0,37.59,36.09,34.071847,-117.888507,0.545,ML,4,CITRUS 2,3754,,,,True,True,102,121,764217,718118,35.5,36.59,0.5900000000000034,0.5,False,True,764217,718118,False,True,True,7,Fwy_10_E_physical_run_7
718118,10,E,7,37,84200.0,38.09,36.59,34.071814,-117.87979,0.445,ML,4,BARRANCA 2,3755,,,,True,True,103,121,717205,717214,36.09,36.98,0.5,0.38999999999999346,True,True,717205,717214,True,True,False,7,Fwy_10_E_physical_run_7
717214,10,E,7,37,84200.0,38.48,36.98,34.07172,-117.872992,0.43,ML,5,GRAND,3756,,,,True,True,104,121,718118,717219,36.59,37.45,0.38999999999999346,0.47000000000000597,True,True,718118,717219,True,True,False,7,Fwy_10_E_physical_run_7
717219,10,E,7,37,84200.0,38.95,37.45,34.070451,-117.86513,0.33,ML,5,HOLT 1,3757,,,,True,True,105,121,717214,718119,36.98,37.64,0.47000000000000597,0.18999999999999773,True,True,717214,718119,True,True,False,7,Fwy_10_E_physical_run_7
718119,10,E,7,37,84200.0,39.14,37.64,34.069047,-117.862283,0.82,ML,5,HOLT 2,3758,,,,True,True,106,121,717219,763479,37.45,39.09,0.18999999999999773,1.4500000000000028,True,True,717219,763479,True,True,False,7,Fwy_10_E_physical_run_7
763479,10,E,7,37,,40.59,39.09,34.068106,-117.83743,0.78,ML,5,VIA VERDE,3759,,,,True,True,107,121,718119,716172,37.64,39.2,1.4500000000000028,0.10999999999999943,True,False,718119,716172,True,False,False,7,Fwy_10_E_physical_run_7
716172,10,E,7,37,,40.7,39.2,34.067608,-117.835601,0.695,ML,4,E OF VIA V,2103,,,,True,False,108,121,763479,717236,39.09,40.48,0.10999999999999943,1.279999999999994,True,False,763479,717236,True,False,False,7,
717236,10,E,7,37,,41.98,40.48,34.063698,-117.814269,1.03,ML,5,KELLOGG,3773,,,,True,False,109,121,716172,716181,39.2,41.26,1.279999999999994,0.7800000000000011,False,False,716172,716181,False,False,False,7,
716181,10,E,7,37,58072.0,42.76,41.26,34.067443,-117.801629,0.89,ML,5,E OF 71,2106,,,,True,False,110,121,717236,717241,40.48,42.26,0.7800000000000011,1.0,False,True,717236,717241,False,True,False,7,
717241,10,E,7,37,58072.0,43.76,42.26,34.072803,-117.785705,0.685,ML,4,FAIRPLEX,3762,,,,True,True,111,121,716181,717243,41.26,42.63,1.0,0.37000000000000455,False,False,716181,717243,False,False,True,8,Fwy_10_E_physical_run_8
717243,10,E,7,37,58072.0,44.13,42.63,34.072839,-117.779264,0.46,ML,4,DUDLEY,3763,,,,True,False,112,121,717241,716187,42.26,43.18,0.37000000000000455,0.5499999999999972,True,True,717241,716187,True,True,False,8,
716187,10,E,7,37,58072.0,44.68,43.18,34.071766,-117.769758,0.515,ML,4,CLEVELAND,2107,,,,True,True,113,121,717243,717247,42.63,43.66,0.5499999999999972,0.4799999999999969,False,True,717243,717247,False,True,True,9,Fwy_10_E_physical_run_9
717247,10,E,7,37,58072.0,45.16,43.66,34.070843,-117.76148,0.471,ML,4,WHITE,3770,,,,True,True,114,121,716187,768328,43.18,44.123,0.4799999999999969,0.46300000000000097,True,True,716187,768328,True,True,False,9,Fwy_10_E_physical_run_9
768328,10,E,7,37,58072.0,45.623,44.123,34.07311,-117.753926,0.424,ML,4,GAREY,3769,,,,True,True,115,121,717247,717251,43.66,44.51,0.46300000000000097,0.38700000000000045,True,True,717247,717251,True,True,False,9,Fwy_10_E_physical_run_9
717251,10,E,7,37,58072.0,46.01,44.51,34.075604,-117.74786,0.468,ML,4,ORANGE GROVE,3764,,,,True,True,116,121,768328,717254,44.123,45.06,0.38700000000000045,0.5500000000000043,True,True,768328,717254,True,True,False,9,Fwy_10_E_physical_run_9
717254,10,E,7,37,58072.0,46.56,45.06,34.079138,-117.739234,0.595,ML,4,TOWNE,3765,,,,True,True,117,121,717251,774729,44.51,45.7,0.5500000000000043,0.6400000000000006,True,True,717251,774729,True,True,False,9,Fwy_10_E_physical_run_9
774729,10,E,7,37,58072.0,47.2,45.7,34.081536,-117.728631,0.34,ML,4,E/O SAN ANTONIO,2129,,,,True,True,118,121,717254,717257,45.06,45.74,0.6400000000000006,0.03999999999999915,True,False,717254,717257,True,False,False,9,Fwy_10_E_physical_run_9
717257,10,E,7,37,58072.0,47.24,45.74,34.081545,-117.727932,0.335,ML,4,MOUNTAIN,2109,,,,True,False,119,121,774729,717260,45.7,46.37,0.03999999999999915,0.6299999999999955,True,False,774729,717260,True,False,False,9,
717260,10,E,7,37,13756.0,47.87,46.37,34.081722,-117.71693,0.48,ML,4,INDIAN HILL,3766,,,,True,False,120,121,717257,774744,45.74,46.7,0.6299999999999955,0.3300000000000054,False,False,717257,774744,False,False,False,9,
774744,10,E,7,37,13756.0,48.2,46.7,34.081798,-117.711187,0.265,ML,4,E/O COLLEGE,2128,,,,True,False,121,121,717260,,46.37,,0.3300000000000054,,False,False,717260,,False,False,False,9,
759259,10,W,7,37,70000.0,,0.175,34.016413,-118.483481,0.325,ML,3,LINCOLN,3155,,,,True,False,1,118,,737232,,0.475,,0.3,False,False,737232,,False,False,False,0,
737232,10,W,7,37,70000.0,,0.475,34.019435,-118.47969,0.3,ML,4,14TH,2196,,,,True,False,2,118,759259,764050,0.175,0.775,0.3,0.30000000000000004,False,False,764050,759259,False,False,False,0,
764050,10,W,7,37,70000.0,,0.775,34.022411,-118.475871,0.225,ML,3,20TH 1,4842,,,,True,False,3,118,737232,737242,0.475,0.925,0.30000000000000004,0.15000000000000002,False,False,737242,737232,False,False,False,0,
737242,10,W,7,37,70000.0,,0.925,34.023443,-118.473579,0.5,ML,3,20TH,2465,,,,True,False,4,118,764050,737258,0.775,1.775,0.15000000000000002,0.8499999999999999,False,False,737258,764050,False,False,False,0,
737258,10,W,7,37,70000.0,,1.775,34.027093,-118.459353,0.52,ML,4,DORCHESTER,2338,,,,True,False,5,118,737242,763490,0.925,1.965,0.8499999999999999,0.19000000000000017,False,False,763490,737242,False,False,False,0,
763490,10,W,7,37,70000.0,,1.965,34.027751,-118.456128,0.22,ML,4,CENTINELA AVE,3826,,,,True,False,6,118,737258,737269,1.775,2.215,0.19000000000000017,0.24999999999999978,False,False,737269,737258,False,False,False,0,
737269,10,W,7,37,70000.0,,2.215,34.027802,-118.451776,0.545,ML,4,PICO BLVD,2236,,,,True,False,7,118,763490,764059,1.965,3.055,0.24999999999999978,0.8400000000000003,False,False,764059,763490,False,False,False,0,
764059,10,W,7,37,44000.0,,3.055,34.030785,-118.437468,0.625,ML,4,PURDUE,2316,,,,True,False,8,118,737269,718411,2.215,3.465,0.8400000000000003,0.4099999999999997,False,False,718411,737269,False,False,False,0,
718411,10,W,7,37,44000.0,,3.465,34.031734,-118.430419,0.47,ML,3,SEPULVEDA,2327,,,,True,False,9,118,764059,737292,3.055,3.995,0.4099999999999997,0.5300000000000002,False,False,737292,764059,False,False,False,0,
737292,10,W,7,37,44000.0,,3.995,34.031903,-118.4213,0.42,ML,5,WESTWOOD,2198,,,,True,False,10,118,718411,763325,3.465,4.305,0.5300000000000002,0.3099999999999996,False,False,763325,718411,False,False,False,0,
763325,10,W,7,37,44000.0,,4.305,34.031891,-118.416029,0.29,ML,4,OVERLAND,3114,,,,True,False,11,118,737292,716032,3.995,4.575,0.3099999999999996,0.27000000000000046,False,False,716032,737292,False,False,False,0,
716032,10,W,7,37,44000.0,,4.575,34.030891,-118.411427,0.38,ML,4,MOTOR,2199,,,,True,False,12,118,763325,763341,4.305,5.065,0.27000000000000046,0.4900000000000002,False,False,763341,763325,False,False,False,0,
763341,10,W,7,37,44000.0,,5.065,34.029722,-118.403033,0.54,ML,4,MANNING,3133,,,,True,False,13,118,716032,718099,4.575,5.655,0.4900000000000002,0.5899999999999999,False,False,718099,716032,False,False,False,0,
718099,10,W,7,37,44000.0,,5.655,34.029948,-118.392928,0.57,ML,5,ROBERTSON,3115,,,,True,False,14,118,763341,717012,5.065,6.205,0.5899999999999999,0.5499999999999998,False,False,717012,763341,False,False,False,0,
717012,10,W,7,37,44000.0,,6.205,34.034476,-118.38503,0.46,ML,4,CATTARAUGUS,2202,,,,True,False,15,118,718099,717015,5.655,6.575,0.5499999999999998,0.3700000000000001,False,False,717015,718099,False,False,False,0,
717015,10,W,7,37,44000.0,,6.575,34.036959,-118.379466,0.425,ML,4,LA CIENEGA,3116,,,,True,False,16,118,717012,717019,6.205,7.055,0.3700000000000001,0.47999999999999954,False,False,717019,717012,False,False,False,0,
717019,10,W,7,37,44000.0,,7.055,34.03577,-118.371368,0.535,ML,4,FAIRFAX,3117,,,,True,False,17,118,717015,718414,6.575,7.645,0.47999999999999954,0.5899999999999999,False,False,718414,717015,False,False,False,0,
718414,10,W,7,37,44000.0,,7.645,34.033976,-118.361349,0.545,ML,5,HAUSER,2203,,,,True,False,18,118,717019,764244,7.055,8.145,0.5899999999999999,0.5,False,False,764244,717019,False,False,False,0,
764244,10,W,7,37,44000.0,,8.145,34.034301,-118.352667,0.3,ML,4,SYCAMORE,2201,,,,True,False,19,118,718414,773647,7.645,8.245,0.5,0.09999999999999964,False,False,773647,718414,False,False,False,0,
773647,10,W,7,37,44000.0,,8.245,34.034377,-118.350928,0.115,ML,4,LA BREA 1,3118,,,,True,False,20,118,764244,717026,8.145,8.375,0.09999999999999964,0.13000000000000078,False,False,717026,764244,False,False,False,0,
717026,10,W,7,37,44000.0,,8.375,34.03448,-118.348667,0.15,ML,4,LA BREA 2,3119,,,,True,False,21,118,773647,717029,8.245,8.545,0.13000000000000078,0.16999999999999993,False,False,717029,773647,False,False,False,0,
717029,10,W,7,37,44000.0,,8.545,34.034617,-118.345712,0.265,ML,4,HARCOURT,2200,,,,True,False,22,118,717026,717031,8.375,8.905,0.16999999999999993,0.35999999999999943,False,False,717031,717026,False,False,False,0,
717031,10,W,7,37,44000.0,,8.905,34.034894,-118.339451,0.25,ML,5,WEST,2204,,,,True,False,23,118,717029,718103,8.545,9.045,0.35999999999999943,0.14000000000000057,False,False,718103,717029,False,False,False,0,
718103,10,W,7,37,44000.0,,9.045,34.035005,-118.337015,0.235,ML,5,CRENSHAW 1,3120,,,,True,False,24,118,717031,717033,8.905,9.375,0.14000000000000057,0.33000000000000007,False,False,717033,717031,False,False,False,0,
717033,10,W,7,37,44000.0,,9.375,34.035298,-118.331265,0.515,ML,5,CRENSHAW 2,3140,,,,True,False,25,118,718103,763330,9.045,10.075,0.33000000000000007,0.6999999999999993,False,False,763330,718103,False,False,False,0,
763330,10,W,7,37,44000.0,,10.075,34.036614,-118.31917,0.525,ML,5,ARLINGTON 1,3121,,,,True,False,26,118,717033,717036,9.375,10.425,0.6999999999999993,0.3500000000000014,False,False,717036,717033,False,False,False,0,
717036,10,W,7,37,44000.0,,10.425,34.037228,-118.31313,0.235,ML,4,GRAMERCY,2239,,,,True,False,27,118,763330,776177,10.075,10.545,0.3500000000000014,0.11999999999999922,False,False,776177,763330,False,False,False,0,
776177,10,W,7,37,44000.0,,10.545,34.037281,-118.311045,0.185,ML,4,WESTERN 1,3122,,,,True,False,28,118,717036,717040,10.425,10.795,0.11999999999999922,0.25,False,False,717040,717036,False,False,False,0,
717040,10,W,7,37,44000.0,,10.795,34.037253,-118.306713,0.255,ML,4,WESTERN 2,3142,,,,True,False,29,118,776177,717041,10.545,11.055,0.25,0.2599999999999998,False,False,717041,776177,False,False,False,0,
717041,10,W,7,37,44000.0,,11.055,34.037222,-118.302221,0.29,ML,4,NORMANDIE 1,3123,,,,True,False,30,118,717040,716063,10.795,11.375,0.2599999999999998,0.3200000000000003,False,False,716063,717040,False,False,False,0,
716063,10,W,7,37,44000.0,,11.375,34.037129,-118.296691,0.225,ML,4,BUDLONG,2466,,,,True,False,31,118,717041,717043,11.055,11.505,0.3200000000000003,0.13000000000000078,False,False,717043,717041,False,False,False,0,
717043,10,W,7,37,44000.0,,11.505,34.037096,-118.294389,0.21,ML,5,VERMONT 1,3124,,,,True,False,32,118,716063,768598,11.375,11.795,0.13000000000000078,0.28999999999999915,False,False,768598,716063,False,False,False,0,
768598,10,W,7,37,44000.0,,11.795,34.03706,-118.289279,0.23,ML,5,VERMONT 2,3144,,,,True,False,33,118,717043,717045,11.505,11.965,0.28999999999999915,0.16999999999999993,False,False,717045,717043,False,False,False,0,
717045,10,W,7,37,44000.0,14.12,11.965,34.037067,-118.286318,0.275,ML,6,HOOVER 1,3125,,,,True,False,34,118,768598,759289,11.795,12.345,0.16999999999999993,0.3800000000000008,False,False,759289,768598,False,False,False,0,
759289,10,W,7,37,44000.0,14.5,12.345,34.038055,-118.279858,1.045,ML,3,FM 110 NB,2921,,,,True,False,35,118,717045,769105,11.965,14.055,0.3800000000000008,1.709999999999999,False,False,769105,717045,False,False,False,0,
769105,10,W,7,37,44000.0,16.21,14.055,34.028251,-118.253349,1.535,ML,5,CENTRAL AVE,3821,,,,True,False,36,118,759289,769118,12.345,15.415,1.709999999999999,1.3599999999999994,False,False,769118,759289,False,False,False,0,
769118,10,W,7,37,44000.0,17.57,15.415,34.027652,-118.232238,1.182,ML,5,SANTA FE / MATEO,3819,,,,True,False,37,118,769105,764941,14.055,16.419,1.3599999999999994,1.0040000000000013,False,False,764941,769105,False,False,False,0,
764941,10,W,7,37,44000.0,,16.419,34.053988,-118.222069,0.672,ML,3,E OF MACY,2482,,,,True,False,38,118,769118,717047,15.415,16.759,1.0040000000000013,0.33999999999999986,False,False,717047,769118,False,False,False,0,
717047,10,W,7,37,44000.0,,16.759,34.055356,-118.216546,0.306,ML,3,ECHANDIA,2092,,,,True,False,39,118,764941,717049,16.419,17.03,0.33999999999999986,0.2710000000000008,False,False,717049,764941,False,False,False,0,
717049,10,W,7,37,44000.0,18.53,17.03,34.05498,-118.211804,0.245,ML,3,STATE,2484,,,,True,False,40,118,717047,717052,16.759,17.25,0.2710000000000008,0.21999999999999886,False,False,717052,717047,False,False,False,0,
717052,10,W,7,37,44000.0,18.75,17.25,34.053995,-118.208218,0.185,ML,4,SAINT LOUIS,2485,,,,True,False,41,118,717049,717055,17.03,17.4,0.21999999999999886,0.14999999999999858,False,False,717055,717049,False,False,False,0,
717055,10,W,7,37,44000.0,18.9,17.4,34.053753,-118.205692,0.28,ML,4,SOTO,3816,,,,True,False,42,118,717052,717060,17.25,17.81,0.14999999999999858,0.41000000000000014,False,False,717060,717052,False,False,False,0,
717060,10,W,7,37,44000.0,19.31,17.81,34.055448,-118.19888,0.38,ML,6,TREMONT,2487,,,,True,False,43,118,717055,716076,17.4,18.16,0.41000000000000014,0.3500000000000014,False,False,716076,717055,False,False,False,0,
716076,10,W,7,37,44000.0,19.66,18.16,34.055573,-118.192729,0.37,ML,6,INDIANA,2093,,,,True,False,44,118,717060,718020,17.81,18.55,0.3500000000000014,0.39000000000000057,False,False,718020,717060,False,False,False,0,
718020,10,W,7,37,44000.0,20.05,18.55,34.055551,-118.185914,0.5,ML,6,HERBERT,2488,,,,True,False,45,118,716076,718332,18.16,19.16,0.39000000000000057,0.6099999999999994,False,False,718332,716076,False,False,False,0,
718332,10,W,7,37,,20.66,19.16,34.059334,-118.176508,0.37,ML,4,MILLER,2489,,,,True,False,46,118,718020,717065,18.55,19.29,0.6099999999999994,0.129999999999999,False,True,717065,718020,True,False,False,0,
717065,10,W,7,37,,20.79,19.29,34.060186,-118.174504,0.19,ML,4,EASTERN,2478,,,,True,True,47,118,718332,737345,19.16,19.54,0.129999999999999,0.25,False,False,737345,718332,False,False,True,1,Fwy_10_W_physical_run_1
737345,10,W,7,37,,21.04,19.54,34.061578,-118.1706,0.23,ML,4,CAMPUS,2490,,,,True,False,48,118,717065,716084,19.29,19.75,0.25,0.21000000000000085,True,False,716084,717065,False,True,False,1,
716084,10,W,7,37,48914.0,21.25,19.75,34.061442,-118.167268,0.34,ML,4,W OF 710,2319,,,,True,False,49,118,737345,717071,19.54,20.22,0.21000000000000085,0.46999999999999886,False,False,717071,737345,False,False,False,1,
717071,10,W,7,37,884.0,21.72,20.22,34.063934,-118.160163,0.39,ML,3,WINTHROPE,3812,,,,True,False,50,118,716084,716088,19.75,20.53,0.46999999999999886,0.3100000000000023,False,True,716088,716084,True,False,False,1,
716088,10,W,7,37,884.0,22.03,20.53,34.066326,-118.155441,0.29,ML,4,WARWICK,2534,,,,True,True,51,118,717071,717073,20.22,20.8,0.3100000000000023,0.2699999999999996,False,False,717073,717071,False,False,True,2,Fwy_10_W_physical_run_2
717073,10,W,7,37,884.0,22.3,20.8,34.068501,-118.151418,0.395,ML,4,HELLMAN,3811,,,,True,False,52,118,716088,716091,20.53,21.32,0.2699999999999996,0.5199999999999996,True,True,716091,716088,True,True,False,2,
716091,10,W,7,37,884.0,22.82,21.32,34.071793,-118.143409,0.495,ML,4,MARENGO,2095,,,,True,True,53,118,717073,717079,20.8,21.79,0.5199999999999996,0.46999999999999886,False,False,717079,717073,False,False,True,3,Fwy_10_W_physical_run_3
717079,10,W,7,37,884.0,23.29,21.79,34.071644,-118.135158,0.28,ML,4,ATLANTIC 1,3810,,,,True,False,54,118,716091,717081,21.32,21.88,0.46999999999999886,0.08999999999999986,True,False,717081,716091,False,True,False,3,
717081,10,W,7,37,884.0,23.38,21.88,34.071662,-118.133572,0.33,ML,4,ATLANTIC 2,3809,,,,True,False,55,118,717079,717087,21.79,22.45,0.08999999999999986,0.5700000000000003,False,True,717087,717079,True,False,False,3,
717087,10,W,7,37,884.0,23.95,22.45,34.071803,-118.123604,0.33,ML,4,GARFIELD 1,3808,,,,True,True,56,118,717081,717091,21.88,22.54,0.5700000000000003,0.08999999999999986,False,True,717091,717081,True,False,True,4,Fwy_10_W_physical_run_4
717091,10,W,7,37,884.0,24.04,22.54,34.071819,-118.12204,0.18,ML,4,GARFIELD 2,3807,,,,True,True,57,118,717087,716101,22.45,22.81,0.08999999999999986,0.2699999999999996,True,True,716101,717087,True,True,False,4,Fwy_10_W_physical_run_4
716101,10,W,7,37,884.0,24.31,22.81,34.071889,-118.117349,0.38,ML,4,ALMANSOR,2096,,,,True,True,58,118,717091,717095,22.54,23.3,0.2699999999999996,0.490000000000002,True,True,717095,717091,True,True,False,4,Fwy_10_W_physical_run_4
717095,10,W,7,37,884.0,24.8,23.3,34.072021,-118.108838,0.29,ML,4,NEW 1,3806,,,,True,True,59,118,716101,717101,22.81,23.39,0.490000000000002,0.08999999999999986,True,True,717101,716101,True,True,False,4,Fwy_10_W_physical_run_4
717101,10,W,7,37,48914.0,24.89,23.39,34.072053,-118.107276,0.235,ML,4,NEW 2,3805,,,,True,True,60,118,717095,717108,23.3,23.77,0.08999999999999986,0.379999999999999,True,True,717108,717095,True,True,False,4,Fwy_10_W_physical_run_4
717108,10,W,7,37,67042.0,25.27,23.77,34.072192,-118.100669,0.25,ML,4,DEL MAR 1,3804,,,,True,True,61,118,717101,717112,23.39,23.89,0.379999999999999,0.120000000000001,True,True,717112,717101,True,True,False,4,Fwy_10_W_physical_run_4
717112,10,W,7,37,62896.0,25.39,23.89,34.072118,-118.09858,0.265,ML,4,DEL MAR 2,3803,,,,True,True,62,118,717108,717116,23.77,24.3,0.120000000000001,0.41000000000000014,True,True,717116,717108,True,True,False,4,Fwy_10_W_physical_run_4
717116,10,W,7,37,62896.0,25.8,24.3,34.072221,-118.091434,0.255,ML,4,SAN GABRIEL 1,3802,,,,True,True,63,118,717112,717119,23.89,24.4,0.41000000000000014,0.09999999999999787,True,False,717119,717112,False,True,False,4,Fwy_10_W_physical_run_4
717119,10,W,7,37,62896.0,25.9,24.4,34.072253,-118.089691,0.246,ML,4,SAN GABRIEL 2,3801,,,,True,False,64,118,717116,717121,24.3,24.792,0.09999999999999787,0.392000000000003,True,False,717121,717116,False,True,False,4,
717121,10,W,7,37,62896.0,26.292,24.792,34.072342,-118.082856,0.445,ML,4,WALNUT GROVE,3800,,,,True,False,65,118,717119,717125,24.4,25.29,0.392000000000003,0.49799999999999756,False,False,717125,717119,False,False,False,4,
717125,10,W,7,37,62896.0,26.79,25.29,34.072457,-118.074173,0.309,ML,4,ROSEMEAD 1,3799,,,,True,False,66,118,717121,717129,24.792,25.41,0.49799999999999756,0.120000000000001,False,False,717129,717121,False,False,False,4,
717129,10,W,7,37,22230.0,26.91,25.41,34.072494,-118.07208,0.17,ML,4,ROSEMEAD 2,3798,,,,True,False,67,118,717125,717134,25.29,25.63,0.120000000000001,0.21999999999999886,False,False,717134,717125,False,False,False,4,
717134,10,W,7,37,22230.0,27.13,25.63,34.07251,-118.068233,0.36,ML,4,FLAIR,3740,,,,True,False,68,118,717129,717135,25.41,26.13,0.21999999999999886,0.5,False,False,717135,717129,False,False,False,4,
717135,10,W,7,37,22230.0,27.63,26.13,34.072661,-118.059491,0.48,ML,4,TEMPLE CITY,3797,,,,True,False,69,118,717134,717139,25.63,26.59,0.5,0.46000000000000085,False,False,717139,717134,False,False,False,4,
717139,10,W,7,37,22230.0,28.09,26.59,34.072302,-118.051535,0.465,ML,4,BALDWIN,3741,,,,True,False,70,118,717135,717142,26.13,27.06,0.46000000000000085,0.46999999999999886,False,True,717142,717135,True,False,False,4,
717142,10,W,7,37,22230.0,28.56,27.06,34.069271,-118.044184,0.505,ML,4,SANTA ANITA,3796,,,,True,True,71,118,717139,774441,26.59,27.6,0.46999999999999886,0.5400000000000027,False,False,774441,717139,False,False,True,5,Fwy_10_W_physical_run_5
774441,10,W,7,37,22230.0,29.1,27.6,34.068121,-118.034859,0.39,ML,5,TYLER AVE,2673,,,,True,False,72,118,717142,717150,27.06,27.84,0.5400000000000027,0.23999999999999844,True,True,717150,717142,True,True,False,5,
717150,10,W,7,37,22230.0,29.34,27.84,34.068078,-118.030663,0.256,ML,5,PECK,3795,,,,True,True,73,118,774441,717154,27.6,28.111,0.23999999999999844,0.2710000000000008,False,True,717154,774441,True,False,True,6,Fwy_10_W_physical_run_6
717154,10,W,7,37,22230.0,29.611,28.111,34.068199,-118.025926,0.32,ML,5,VALLEY,3794,,,,True,True,74,118,717150,767329,27.84,28.48,0.2710000000000008,0.3689999999999998,True,False,767329,717150,False,True,False,6,Fwy_10_W_physical_run_6
767329,10,W,7,37,22230.0,29.98,28.48,34.067198,-118.019674,0.539,ML,4,STEWART,3432,,,,True,False,75,118,717154,717157,28.111,29.19,0.3689999999999998,0.7100000000000009,True,False,717157,717154,False,True,False,6,
717157,10,W,7,37,22230.0,30.69,29.19,34.064175,-118.008013,0.66,ML,4,DURFEE RD,3433,,,,True,False,76,118,767329,768174,28.48,29.8,0.7100000000000009,0.6099999999999994,False,False,768174,767329,False,False,False,6,
768174,10,W,7,37,3666.0,31.3,29.8,34.065536,-117.997551,0.515,ML,4,E OF 605,2445,,,,True,False,77,118,717157,717160,29.19,30.22,0.6099999999999994,0.41999999999999815,False,True,717160,717157,True,False,False,6,
717160,10,W,7,37,3666.0,31.72,30.22,34.066554,-117.990356,0.455,ML,4,FRAZIER,3791,,,,True,True,78,118,768174,717162,29.8,30.71,0.41999999999999815,0.490000000000002,False,True,717162,768174,True,False,True,7,Fwy_10_W_physical_run_7
717162,10,W,7,37,3666.0,32.21,30.71,34.067663,-117.981905,0.305,ML,5,BALDWIN PARK 1,3790,,,,True,True,79,118,717160,717167,30.22,30.83,0.490000000000002,0.11999999999999744,True,True,717167,717160,True,True,False,7,Fwy_10_W_physical_run_7
717167,10,W,7,37,3666.0,32.33,30.83,34.067905,-117.979831,0.145,ML,5,BALDWIN PARK 2,3789,,,,True,True,80,118,717162,775029,30.71,31.0,0.11999999999999744,0.1700000000000017,True,True,775029,717162,True,True,False,7,Fwy_10_W_physical_run_7
775029,10,W,7,37,3666.0,32.5,31.0,34.06828,-117.976897,0.24,ML,4,E/O FRANCISQUITO AVE,2126,,,,True,True,81,118,717167,717169,30.83,31.31,0.1700000000000017,0.3099999999999987,True,False,717169,717167,False,True,False,7,Fwy_10_W_physical_run_7
717169,10,W,7,37,3666.0,32.81,31.31,34.069011,-117.971555,0.49,ML,4,FRANCISQUITO,3788,,,,True,False,82,118,775029,717171,31.0,31.98,0.3099999999999987,0.6700000000000017,True,False,717171,775029,False,True,False,7,
717171,10,W,7,37,3666.0,33.48,31.98,34.07049,-117.959994,0.595,ML,4,PUENTE,3787,,,,True,False,83,118,717169,764227,31.31,32.5,0.6700000000000017,0.5199999999999996,False,True,764227,717169,True,False,False,7,
764227,10,W,7,37,84200.0,34.0,32.5,34.071436,-117.950986,0.44,ML,4,MEEKER,2099,,,,True,True,84,118,717171,717176,31.98,32.86,0.5199999999999996,0.35999999999999943,False,True,717176,717171,True,False,True,8,Fwy_10_W_physical_run_8
717176,10,W,7,37,84200.0,34.36,32.86,34.072082,-117.94475,0.45,ML,4,WEST COVINA,3786,,,,True,True,85,118,764227,716146,32.5,33.4,0.35999999999999943,0.5399999999999991,True,False,716146,764227,False,True,False,8,Fwy_10_W_physical_run_8
716146,10,W,7,37,84200.0,34.9,33.4,34.072549,-117.935381,0.5,ML,5,SUNSET,2496,,,,True,False,86,118,717176,717187,32.86,33.86,0.5399999999999991,0.46000000000000085,True,True,717187,717176,True,True,False,8,
717187,10,W,7,37,84200.0,35.36,33.86,34.072468,-117.92737,0.275,ML,4,VINCENT 1,3785,,,,True,True,87,118,716146,717192,33.4,33.95,0.46000000000000085,0.09000000000000341,False,True,717192,716146,True,False,True,9,Fwy_10_W_physical_run_9
717192,10,W,7,37,84200.0,35.45,33.95,34.072452,-117.925803,0.27,ML,4,VINCENT 2,3784,,,,True,True,88,118,717187,716153,33.86,34.4,0.09000000000000341,0.44999999999999574,True,True,716153,717187,True,True,False,9,Fwy_10_W_physical_run_9
716153,10,W,7,37,84200.0,35.9,34.4,34.072356,-117.917965,0.48,ML,5,LARK ELLEN,2100,,,,True,True,89,118,717192,717196,33.95,34.91,0.44999999999999574,0.509999999999998,True,True,717196,717192,True,True,False,9,Fwy_10_W_physical_run_9
717196,10,W,7,37,84200.0,36.41,34.91,34.072264,-117.909076,0.314,ML,4,AZUSA 1,3783,,,,True,True,90,118,716153,717200,34.4,35.028,0.509999999999998,0.1180000000000021,True,True,717200,716153,True,True,False,9,Fwy_10_W_physical_run_9
717200,10,W,7,37,84200.0,36.528,35.028,34.072247,-117.90702,0.295,ML,4,AZUSA 2,3782,,,,True,True,91,118,717196,763731,34.91,35.5,0.1180000000000021,0.4720000000000013,True,False,763731,717196,False,True,False,9,Fwy_10_W_physical_run_9
763731,10,W,7,37,84200.0,37.0,35.5,34.072159,-117.898791,0.451,ML,4,HOLLENBECK,2495,,,,True,False,92,118,717200,717202,35.028,35.93,0.4720000000000013,0.4299999999999997,True,True,717202,717200,True,True,False,9,
717202,10,W,7,37,84200.0,37.43,35.93,34.072105,-117.891295,0.26,ML,4,CITRUS 1,3781,,,,True,True,93,118,763731,717207,35.5,36.02,0.4299999999999997,0.09000000000000341,False,True,717207,763731,True,False,True,10,Fwy_10_W_physical_run_10
717207,10,W,7,37,84200.0,37.52,36.02,34.072087,-117.889726,0.245,ML,4,CITRUS 2,3780,,,,True,True,94,118,717202,717209,35.93,36.42,0.09000000000000341,0.3999999999999986,True,True,717209,717202,True,True,False,10,Fwy_10_W_physical_run_10
717209,10,W,7,37,84200.0,37.92,36.42,34.072029,-117.882752,0.275,ML,4,BARRANCA 1,3779,,,,True,True,95,118,717207,717211,36.02,36.57,0.3999999999999986,0.14999999999999858,True,True,717211,717207,True,True,False,10,Fwy_10_W_physical_run_10
717211,10,W,7,37,84200.0,38.07,36.57,34.072002,-117.880137,0.235,ML,4,BARRANCA 2,3778,,,,True,True,96,118,717209,717216,36.42,36.89,0.14999999999999858,0.3200000000000003,True,True,717216,717209,True,True,False,10,Fwy_10_W_physical_run_10
717216,10,W,7,37,84200.0,38.39,36.89,34.071952,-117.87456,0.41,ML,4,GRAND,3777,,,,True,True,97,118,717211,717220,36.57,37.39,0.3200000000000003,0.5,True,True,717220,717211,True,True,False,10,Fwy_10_W_physical_run_10
717220,10,W,7,37,84200.0,38.89,37.39,34.071035,-117.865957,0.33,ML,4,HOLT 1,3776,,,,True,True,98,118,717216,717224,36.89,37.55,0.5,0.1599999999999966,True,True,717224,717216,True,True,False,10,Fwy_10_W_physical_run_10
717224,10,W,7,37,84200.0,39.05,37.55,34.069889,-117.863523,0.255,ML,4,HOLT 2,3775,,,,True,True,99,118,717220,764201,37.39,37.9,0.1599999999999966,0.3500000000000014,True,False,764201,717220,False,True,False,10,Fwy_10_W_physical_run_10
764201,10,W,7,37,84200.0,39.4,37.9,34.068125,-117.857896,0.425,ML,4,E OF HOLT,2101,,,,True,False,100,118,717224,764206,37.55,38.4,0.3500000000000014,0.5,True,False,764206,717224,False,True,False,10,
764206,10,W,7,37,,39.9,38.4,34.068452,-117.849214,0.475,ML,4,W OF VIA VERDE,2102,,,,True,False,101,118,764201,717226,37.9,38.85,0.5,0.45000000000000284,False,True,717226,764201,True,False,False,10,
717226,10,W,7,37,,40.35,38.85,34.069037,-117.841455,0.65,ML,4,VIA VERDE 1,3774,,,,True,True,102,118,764206,716174,38.4,39.7,0.45000000000000284,0.8500000000000014,False,False,716174,764206,False,False,True,11,Fwy_10_W_physical_run_11
716174,10,W,7,37,,41.2,39.7,34.064588,-117.827856,0.625,ML,5,COVINA HILLS 1,2104,,,,True,False,103,118,717226,716176,38.85,40.1,0.8500000000000014,0.3999999999999986,True,False,716176,717226,False,True,False,11,
716176,10,W,7,37,,41.6,40.1,34.063827,-117.820969,0.39,ML,5,COVINA HILLS 2,2105,,,,True,False,104,118,716174,717235,39.7,40.48,0.3999999999999986,0.37999999999999545,False,False,717235,716174,False,False,False,11,
717235,10,W,7,37,58072.0,41.98,40.48,34.0639,-117.814349,0.58,ML,4,KELLOGG,3773,,,,True,False,105,118,716176,717238,40.1,41.26,0.37999999999999545,0.7800000000000011,False,False,717238,716176,False,False,False,11,
717238,10,W,7,37,58072.0,42.76,41.26,34.067625,-117.801715,0.77,ML,4,E OF 71,2106,,,,True,False,106,118,717235,717240,40.48,42.02,0.7800000000000011,0.7600000000000051,False,True,717240,717235,True,False,False,11,
717240,10,W,7,37,58072.0,43.52,42.02,34.072518,-117.789858,0.545,ML,4,FAIRPLEX,3772,,,,True,True,107,118,717238,763485,41.26,42.35,0.7600000000000051,0.3299999999999983,False,False,763485,717238,False,False,True,12,Fwy_10_W_physical_run_12
763485,10,W,7,37,58072.0,43.85,42.35,34.072978,-117.784144,0.58,ML,4,DUDLEY,3771,,,,True,False,108,118,717240,717245,42.02,43.18,0.3299999999999983,0.8299999999999983,True,True,717245,717240,True,True,False,12,
717245,10,W,7,37,58072.0,44.68,43.18,34.071938,-117.769749,0.655,ML,4,CLEVELAND,2107,,,,True,True,109,118,763485,717246,42.35,43.66,0.8299999999999983,0.4799999999999969,False,True,717246,763485,True,False,True,13,Fwy_10_W_physical_run_13
717246,10,W,7,37,58072.0,45.16,43.66,34.071029,-117.761475,0.47,ML,4,WHITE,3770,,,,True,True,110,118,717245,717249,43.18,44.12,0.4799999999999969,0.46000000000000085,True,True,717249,717245,True,True,False,13,Fwy_10_W_physical_run_13
717249,10,W,7,37,58072.0,45.62,44.12,34.073286,-117.753978,0.427,ML,4,GAREY,3769,,,,True,True,111,118,717246,768339,43.66,44.514,0.46000000000000085,0.39400000000000546,True,True,768339,717246,True,True,False,13,Fwy_10_W_physical_run_13
768339,10,W,7,37,58072.0,46.014,44.514,34.075833,-117.747809,0.3,ML,4,ORANGE GROVE,3764,,,,True,True,112,118,717249,717252,44.12,44.72,0.39400000000000546,0.20599999999999596,True,True,717252,717249,True,True,False,13,Fwy_10_W_physical_run_13
717252,10,W,7,37,58072.0,46.22,44.72,34.077146,-117.744573,0.278,ML,4,TOWNE,3768,,,,True,True,113,118,768339,768349,44.514,45.069,0.20599999999999596,0.34900000000000375,True,True,768349,768339,True,True,False,13,Fwy_10_W_physical_run_13
768349,10,W,7,37,58072.0,46.569,45.069,34.079381,-117.739096,0.49,ML,4,TOWNE,3765,,,,True,True,114,118,717252,774728,44.72,45.7,0.34900000000000375,0.6310000000000002,True,True,774728,717252,True,True,False,13,Fwy_10_W_physical_run_13
774728,10,W,7,37,58072.0,47.2,45.7,34.08172,-117.728629,0.335,ML,4,E/O SAN ANTONIO,2129,,,,True,True,115,118,768349,716193,45.069,45.74,0.6310000000000002,0.03999999999999915,True,False,716193,768349,False,True,False,13,Fwy_10_W_physical_run_13
716193,10,W,7,37,58072.0,47.24,45.74,34.081731,-117.72793,0.2,ML,4,MOUNTAIN,2109,,,,True,False,116,118,774728,717258,45.7,46.1,0.03999999999999915,0.35999999999999943,True,True,717258,774728,True,True,False,13,
717258,10,W,7,37,58072.0,47.6,46.1,34.081821,-117.721638,0.48,ML,4,INDIAN HILL,3767,,,,True,True,117,118,716193,774743,45.74,46.7,0.35999999999999943,0.6000000000000014,False,False,774743,716193,False,False,True,14,Fwy_10_W_physical_run_14
774743,10,W,7,37,13756.0,48.2,46.7,34.081976,-117.71118,0.4,ML,4,E/O COLLEGE,2128,,,,True,False,118,118,717258,,46.1,,0.6000000000000014,,True,False,,717258,False,True,False,14,
764262,14,N,7,37,44000.0,,2.062,34.362535,-118.504833,2.662,ML,3,SAN FERNANDO,4672,,,,True,False,1,10,,764276,,3.262,,1.2000000000000002,False,True,,764276,False,True,False,0,
764276,14,N,7,37,44000.0,,3.262,34.377099,-118.494004,0.71,ML,3,PLACERITA 1,4674,,,,True,True,2,10,764262,764269,2.062,3.482,1.2000000000000002,0.2200000000000002,False,False,764262,764269,False,False,True,1,Fwy_14_N_physical_run_1
764269,14,N,7,37,44000.0,,3.482,34.379368,-118.491328,0.965,ML,3,PLACERITA 2,4676,,,,True,False,3,10,764276,764304,3.262,5.192,0.2200000000000002,1.71,True,True,764276,764304,True,True,False,1,
764304,14,N,7,37,44000.0,,5.192,34.394808,-118.468198,1.42,ML,3,GOLDEN VALLEY,4678,,,,True,True,4,10,764269,764318,3.482,6.322,1.71,1.13,False,False,764269,764318,False,False,True,2,Fwy_14_N_physical_run_2
764318,14,N,7,37,44000.0,,6.322,34.404207,-118.451727,1.735,ML,3,VIA PRINCESSA 2,4681,,,,True,False,5,10,764304,766694,5.192,8.663,1.13,2.341,True,True,764304,766694,True,True,False,2,
766694,14,N,7,37,44000.0,33.5,8.663,34.425605,-118.422402,2.42,ML,2,SAND CANYON,4683,,,,True,True,6,10,764318,766721,6.322,11.163,2.341,2.5,False,True,764318,766721,False,True,True,3,Fwy_14_N_physical_run_3
766721,14,N,7,37,44000.0,36.0,11.163,34.434709,-118.380974,3.25,ML,2,SOLEDAD CANYON RD,4685,,,,True,True,7,10,766694,766740,8.663,15.163,2.5,4.0,True,False,766694,766740,True,False,False,3,Fwy_14_N_physical_run_3
766740,14,N,7,37,44000.0,40.0,15.163,34.466671,-118.327283,3.75,ML,3,AGUA DULCE CANYON RD,4687,,,,True,False,8,10,766721,766758,11.163,18.663,4.0,3.5,True,False,766721,766758,True,False,False,3,
766758,14,N,7,37,,43.5,18.663,34.493332,-118.280287,4.25,ML,3,ESCONDIDO CANYON RD,4689,,,,True,False,9,10,766740,767791,15.163,33.163,3.5,14.499999999999996,False,True,766740,767791,False,True,False,3,
767791,14,N,7,37,,,33.163,34.555273,-118.132044,5.0,ML,2,AVE S,4701,,,,True,True,10,10,766758,,18.663,,14.499999999999996,,False,False,766758,,False,False,True,4,Fwy_14_N_physical_run_4
775511,14,S,7,37,44000.0,,0.012,34.334177,-118.508382,1.552,ML,3,S/B 14 OFF TO BALBOA,2698,,,,True,True,1,11,,764283,,3.092,,3.08,False,False,764283,,False,False,True,1,Fwy_14_S_physical_run_1
764283,14,S,7,37,44000.0,,3.092,34.375451,-118.49629,1.66,ML,3,PLACERITA 1,4673,,,,True,False,2,11,775511,764290,0.012,3.332,3.08,0.23999999999999977,True,False,764290,775511,False,True,False,1,
764290,14,S,7,37,44000.0,,3.332,34.377963,-118.493391,0.83,ML,3,SIERRA HWY,4675,,,,True,False,3,11,764283,764297,3.092,4.752,0.23999999999999977,1.42,False,True,764297,764283,True,False,False,1,
764297,14,S,7,37,44000.0,,4.752,34.391522,-118.474877,1.3,ML,3,GOLDEN VALLEY,4677,,,,True,True,4,11,764290,764311,3.332,5.932,1.42,1.1800000000000006,False,True,764311,764290,True,False,True,2,Fwy_14_S_physical_run_2
764311,14,S,7,37,44000.0,,5.932,34.401271,-118.457631,0.785,ML,3,VIA PRINCESSA 1,4680,,,,True,True,5,11,764297,764322,4.752,6.322,1.1800000000000006,0.3899999999999997,True,False,764322,764297,False,True,False,2,Fwy_14_S_physical_run_2
764322,14,S,7,37,44000.0,,6.322,34.404382,-118.451878,1.266,ML,3,VIA PRINCESSA 2,4681,,,,True,False,6,11,764311,766703,5.932,8.463,0.3899999999999997,2.140999999999999,True,True,766703,764311,True,True,False,2,
766703,14,S,7,37,44000.0,33.3,8.463,34.424397,-118.425567,2.17,ML,2,SAND CANYON,4682,,,,True,True,7,11,764322,766712,6.322,10.663,2.140999999999999,2.200000000000001,False,True,766712,764322,True,False,True,3,Fwy_14_S_physical_run_3
766712,14,S,7,37,44000.0,35.5,10.663,34.433995,-118.38947,3.15,ML,3,SOLEDAD CANYON RD,4684,,,,True,True,8,11,766703,766730,8.463,14.763,2.200000000000001,4.1,True,False,766730,766703,False,True,False,3,Fwy_14_S_physical_run_3
766730,14,S,7,37,44000.0,39.6,14.763,34.466425,-118.334293,3.75,ML,2,AGUA DULCE CANYON RD,4686,,,,True,False,9,11,766712,766749,10.663,18.163,4.1,3.4000000000000004,True,False,766749,766712,False,True,False,3,
766749,14,S,7,37,,43.0,18.163,34.488826,-118.286572,4.2,ML,2,ESCONDIDO CANYON RD,4688,,,,True,False,10,11,766730,767790,14.763,33.163,3.4000000000000004,14.999999999999996,False,True,767790,766730,True,False,False,3,
767790,14,S,7,37,,,33.163,34.555214,-118.132256,5.0,ML,3,AVE S,4701,,,,True,True,11,11,766749,,18.163,,14.999999999999996,,False,False,,766749,False,False,True,4,Fwy_14_S_physical_run_4
771253,23,N,7,111,78582.0,,12.523,34.179522,-118.86008,2.65,ML,4,HILLCREST,4850,,,,True,False,1,18,,771578,,12.823,,0.3000000000000007,False,True,,771578,False,True,False,0,
771578,23,N,7,111,78582.0,,12.823,34.184067,-118.860802,0.565,ML,4,PAIGE,2740,,,,True,True,2,18,771253,771268,12.523,13.653,0.3000000000000007,0.8300000000000001,False,True,771253,771268,False,True,True,1,Fwy_23_N_physical_run_1
771268,23,N,7,111,78582.0,,13.653,34.196191,-118.859225,0.515,ML,3,JANSS 1,4745,,,,True,True,3,18,771578,771285,12.823,13.853,0.8300000000000001,0.1999999999999993,True,True,771578,771285,True,True,False,1,Fwy_23_N_physical_run_1
771285,23,N,7,111,78582.0,,13.853,34.198898,-118.857485,0.28,ML,3,JANSS 2,4747,,,,True,True,4,18,771268,771294,13.653,14.213,0.1999999999999993,0.35999999999999943,True,True,771268,771294,True,True,False,1,Fwy_23_N_physical_run_1
771294,23,N,7,111,78582.0,,14.213,34.203343,-118.85368,0.385,ML,3,LAS FLORES,2741,,,,True,True,5,18,771285,771306,13.853,14.623,0.35999999999999943,0.41000000000000014,True,True,771285,771306,True,True,False,1,Fwy_23_N_physical_run_1
771306,23,N,7,111,78582.0,,14.623,34.208327,-118.849291,0.305,ML,3,LOS ARBOLES 1,4749,,,,True,True,6,18,771294,771318,14.213,14.823,0.41000000000000014,0.20000000000000107,True,True,771294,771318,True,True,False,1,Fwy_23_N_physical_run_1
771318,23,N,7,111,78582.0,,14.823,34.211348,-118.84886,0.225,ML,3,LOS ARBOLES 2,4751,,,,True,True,7,18,771306,771349,14.623,15.073,0.20000000000000107,0.25,True,False,771306,771349,True,False,False,1,Fwy_23_N_physical_run_1
771349,23,N,7,111,78582.0,,15.073,34.215167,-118.849269,0.455,ML,3,PEDERSON,2742,,,,True,False,8,18,771318,771329,14.823,15.733,0.25,0.6600000000000001,True,True,771318,771329,True,True,False,1,
771329,23,N,7,111,78582.0,,15.733,34.225045,-118.847994,0.45,ML,3,SUNSET HILLS 1,4753,,,,True,True,9,18,771349,771340,15.073,15.973,0.6600000000000001,0.2400000000000002,False,True,771349,771340,False,True,True,2,Fwy_23_N_physical_run_2
771340,23,N,7,111,78582.0,,15.973,34.228473,-118.846374,0.585,ML,3,SUNSET HILLS 2,4755,,,,True,True,10,18,771329,771360,15.733,16.903,0.2400000000000002,0.9299999999999979,True,True,771329,771360,True,True,False,2,Fwy_23_N_physical_run_2
771360,23,N,7,111,78582.0,,16.903,34.241576,-118.839735,0.57,ML,3,OLSEN 1,4757,,,,True,True,11,18,771340,771371,15.973,17.113,0.9299999999999979,0.21000000000000085,True,True,771340,771371,True,True,False,2,Fwy_23_N_physical_run_2
771371,23,N,7,111,78582.0,,17.113,34.244752,-118.839479,0.35,ML,3,OLSEN 2,4759,,,,True,True,12,18,771360,771386,16.903,17.603,0.21000000000000085,0.490000000000002,True,True,771360,771386,True,True,False,2,Fwy_23_N_physical_run_2
771386,23,N,7,111,78582.0,,17.603,34.252263,-118.839889,0.495,ML,3,N OF OLSEN,2743,,,,True,True,13,18,771371,771396,17.113,18.103,0.490000000000002,0.5,True,True,771371,771396,True,True,False,2,Fwy_23_N_physical_run_2
771396,23,N,7,111,78582.0,,18.103,34.259271,-118.842944,0.56,ML,3,S OF TIERRA REJADA,2744,,,,True,True,14,18,771386,771410,17.603,18.723,0.5,0.6199999999999974,True,True,771386,771410,True,True,False,2,Fwy_23_N_physical_run_2
771410,23,N,7,111,78582.0,,18.723,34.266273,-118.850611,0.33,ML,3,TIERRA REJADA 1,4762,,,,True,True,15,18,771396,771421,18.103,18.763,0.6199999999999974,0.0400000000000027,True,True,771396,771421,True,True,False,2,Fwy_23_N_physical_run_2
771421,23,N,7,111,78582.0,,18.763,34.266777,-118.851005,0.34,ML,3,TIERRA REJADA 2,4764,,,,True,True,16,18,771410,771431,18.723,19.403,0.0400000000000027,0.639999999999997,True,False,771410,771431,True,False,False,2,Fwy_23_N_physical_run_2
771431,23,N,7,111,49138.0,,19.403,34.274437,-118.857161,0.625,ML,3,N OF TIERRA REJADA,2745,,,,True,False,17,18,771421,771441,18.763,20.013,0.639999999999997,0.610000000000003,True,True,771421,771441,True,True,False,2,
771441,23,N,7,111,49138.0,,20.013,34.281715,-118.862785,2.805,ML,2,NEW LOS ANGELES,4573,,,,True,True,18,18,771431,,19.403,,0.610000000000003,,False,False,771431,,False,False,True,3,Fwy_23_N_physical_run_3
771254,23,S,7,111,78582.0,,12.523,34.178342,-118.860833,2.65,ML,4,HILLCREST,4850,,,,True,False,1,18,,771577,,12.823,,0.3000000000000007,False,True,771577,,True,False,False,0,
771577,23,S,7,111,78582.0,,12.823,34.182962,-118.860859,0.485,ML,4,PAIGE,2740,,,,True,True,2,18,771254,771565,12.523,13.493,0.3000000000000007,0.6699999999999999,False,False,771565,771254,False,False,True,1,Fwy_23_S_physical_run_1
771565,23,S,7,111,78582.0,,13.493,34.193023,-118.861362,0.435,ML,3,JANSS 1,4744,,,,True,False,3,18,771577,771553,12.823,13.693,0.6699999999999999,0.1999999999999993,True,True,771553,771577,True,True,False,1,
771553,23,S,7,111,78582.0,,13.693,34.195845,-118.85983,0.36,ML,3,JANSS 2,4746,,,,True,True,4,18,771565,771295,13.493,14.213,0.1999999999999993,0.5199999999999996,False,True,771295,771565,True,False,True,2,Fwy_23_S_physical_run_2
771295,23,S,7,111,78582.0,,14.213,34.202778,-118.85498,0.39,ML,3,LAS FLORES,2741,,,,True,True,5,18,771553,771542,13.693,14.473,0.5199999999999996,0.26000000000000156,True,True,771542,771553,True,True,False,2,Fwy_23_S_physical_run_2
771542,23,S,7,111,78582.0,,14.473,34.205523,-118.851449,0.22,ML,3,LOS ARBOLES 1,4748,,,,True,True,6,18,771295,771531,14.213,14.653,0.26000000000000156,0.17999999999999972,True,True,771531,771295,True,True,False,2,Fwy_23_S_physical_run_2
771531,23,S,7,111,78582.0,,14.653,34.207941,-118.849838,0.3,ML,3,LOS ARBOLES 2,4750,,,,True,True,7,18,771542,771350,14.473,15.073,0.17999999999999972,0.41999999999999993,True,False,771350,771542,False,True,False,2,Fwy_23_S_physical_run_2
771350,23,S,7,111,78582.0,,15.073,34.214377,-118.849594,0.48,ML,3,PEDERSON,2742,,,,True,False,8,18,771531,771521,14.653,15.613,0.41999999999999993,0.5399999999999991,True,True,771521,771531,True,True,False,2,
771521,23,S,7,111,78582.0,,15.613,34.222667,-118.849481,0.36,ML,3,SUNSET HILLS 1,4752,,,,True,True,9,18,771350,771509,15.073,15.793,0.5399999999999991,0.17999999999999972,False,True,771509,771350,True,False,True,3,Fwy_23_S_physical_run_3
771509,23,S,7,111,78582.0,,15.793,34.225282,-118.848315,0.445,ML,3,SUNSET HILLS 2,4754,,,,True,True,10,18,771521,771499,15.613,16.503,0.17999999999999972,0.7100000000000009,True,False,771499,771521,False,True,False,3,Fwy_23_S_physical_run_3
771499,23,S,7,111,78582.0,,16.503,34.235225,-118.842692,0.51,ML,3,OLSEN 1,4756,,,,True,False,11,18,771509,771488,15.793,16.813,0.7100000000000009,0.3099999999999987,True,True,771488,771509,True,True,False,3,
771488,23,S,7,111,78582.0,,16.813,34.239756,-118.840813,0.55,ML,3,OLSEN 2,4758,,,,True,True,12,18,771499,771385,16.503,17.603,0.3099999999999987,0.7900000000000027,False,True,771385,771499,True,False,True,4,Fwy_23_S_physical_run_4
771385,23,S,7,111,78582.0,,17.603,34.251851,-118.840288,0.645,ML,3,N OF OLSEN,2743,,,,True,True,13,18,771488,771400,16.813,18.103,0.7900000000000027,0.5,True,True,771400,771488,True,True,False,4,Fwy_23_S_physical_run_4
771400,23,S,7,111,78582.0,,18.103,34.258973,-118.843185,0.46,ML,3,S OF TIERRA REJADA,2744,,,,True,True,14,18,771385,771475,17.603,18.523,0.5,0.41999999999999815,True,False,771475,771385,False,True,False,4,Fwy_23_S_physical_run_4
771475,23,S,7,111,78582.0,,18.523,34.263542,-118.848753,0.33,ML,3,TIERRA REJADA,4761,,,,True,False,15,18,771400,771463,18.103,18.763,0.41999999999999815,0.240000000000002,True,False,771463,771400,False,True,False,4,
771463,23,S,7,111,78582.0,,18.763,34.266547,-118.851334,0.44,ML,3,TIERRA REJADA 2,4763,,,,True,False,16,18,771475,771432,18.523,19.403,0.240000000000002,0.639999999999997,False,False,771432,771475,False,False,False,4,
771432,23,S,7,111,49138.0,,19.403,34.274194,-118.857449,0.525,ML,3,N OF TIERRA REJADA,2745,,,,True,False,17,18,771463,771453,18.763,19.813,0.639999999999997,0.41000000000000014,False,False,771453,771463,False,False,False,4,
771453,23,S,7,111,49138.0,,19.813,34.279095,-118.861308,2.705,ML,2,NEW LOS ANGLES,4572,,,,True,False,18,18,771432,,19.403,,0.41000000000000014,,False,False,,771432,False,False,False,4,
776773,33,N,7,111,,1.6,1.6,34.301291,-119.30129,4.1,ML,2,W. STANLEY AVE,4477,,,,True,False,1,1,,,,,,,False,False,,,False,False,False,0,
772420,47,N,7,37,44000.0,2.0,1.942,33.748821,-118.267383,2.195,ML,2,FERRY ST,2020,,,,True,False,1,2,,777316,,2.447,,0.5050000000000001,False,True,,777316,False,True,False,0,
777316,47,N,7,37,44000.0,3.7,2.447,33.760141,-118.238738,1.117,ML,2,NEW DOCK ST,4566,,,,True,True,2,2,772420,,1.942,,0.5050000000000001,,False,False,772420,,False,False,True,1,Fwy_47_N_physical_run_1
775762,47,S,7,37,44000.0,,0.234,33.748932,-118.290236,0.2,ML,2,CONNECTOR TO 110,2564,,,,True,False,1,5,,775763,,0.234,,0.0,False,False,775763,,False,False,False,0,
775763,47,S,7,37,44000.0,,0.234,33.748932,-118.290236,0.234,ML,3,CONNECTOR TO 110,2564,,,,True,False,2,5,775762,772396,0.234,0.634,0.0,0.4,False,False,772396,775762,False,False,False,0,
772396,47,S,7,37,44000.0,,0.634,33.749346,-118.282102,0.854,ML,2,HARBOR BLVD,4185,,,,True,False,3,5,775763,772421,0.234,1.942,0.4,1.3079999999999998,False,False,772421,775763,False,False,False,0,
772421,47,S,7,37,44000.0,2.0,1.942,33.748895,-118.267356,0.907,ML,2,FERRY ST,2020,,,,True,False,4,5,772396,777317,0.634,2.447,1.3079999999999998,0.5050000000000001,False,False,777317,772396,False,False,False,0,
777317,47,S,7,37,44000.0,3.7,2.447,33.760415,-118.238914,1.117,ML,3,NEW DOCK ST,4566,,,,True,False,5,5,772421,,1.942,,0.5050000000000001,,False,False,,772421,False,False,False,0,
774826,57,N,7,37,,,12.437,33.953364,-117.863075,0.857,ML,4,S/O BREA CANYON RD,2187,,,,True,False,1,20,,763539,,13.077,,0.6400000000000006,False,False,,763539,False,False,False,0,
763539,57,N,7,37,,,13.077,33.960273,-117.855729,0.995,ML,4,BREA CANYON,3974,,,,True,False,2,20,774826,774854,12.437,14.427,0.6400000000000006,1.3499999999999996,False,False,774826,774854,False,False,False,0,
774854,57,N,7,37,19192.0,,14.427,33.976502,-117.842562,0.893,ML,4,N/O COLD SPRING LN,2512,,,,True,False,3,20,763539,769068,13.077,14.863,1.3499999999999996,0.43599999999999994,False,False,763539,769068,False,False,False,0,
769068,57,N,7,37,19192.0,,14.863,33.982608,-117.842112,0.395,ML,4,PATHFINDER,3985,,,,True,False,4,20,774854,763553,14.427,15.217,0.43599999999999994,0.354000000000001,False,False,774854,763553,False,False,False,0,
763553,57,N,7,37,19192.0,,15.217,33.988721,-117.842841,0.467,ML,4,PATHFINDER,3976,,,,True,False,5,20,769068,774813,14.863,15.797,0.354000000000001,0.5800000000000001,False,False,769068,774813,False,False,False,0,
774813,57,N,7,37,19192.0,,15.797,33.998678,-117.837798,0.7,ML,5,N/O PATHFINDER,2363,,,,True,False,6,20,763553,774866,15.217,16.617,0.5800000000000001,0.8200000000000003,False,False,763553,774866,False,False,False,0,
774866,57,N,7,37,19192.0,4.8,16.617,34.024465,-117.812463,0.645,ML,3,S/O SUNSET CROSSING,2403,,,,True,False,7,20,774813,763558,15.797,17.087,0.8200000000000003,0.46999999999999886,False,True,774813,763558,False,True,False,0,
763558,57,N,7,37,58072.0,5.27,17.087,34.032569,-117.808962,0.405,ML,4,SUNSET CROSSING,3977,,,,True,True,8,20,774866,774877,16.617,17.427,0.46999999999999886,0.33999999999999986,False,True,774866,774877,False,True,True,1,Fwy_57_N_physical_run_1
774877,57,N,7,37,58072.0,5.61,17.427,34.036774,-117.805975,0.445,ML,4,STATE ST,2519,,,,True,True,9,20,763558,763563,17.087,17.977,0.33999999999999986,0.5500000000000007,True,True,763558,763563,True,True,False,1,Fwy_57_N_physical_run_1
763563,57,N,7,37,58072.0,6.16,17.977,34.04332,-117.800771,0.37,ML,4,TEMPLE 1,3978,,,,True,True,10,20,774877,763568,17.427,18.167,0.5500000000000007,0.19000000000000128,True,False,774877,763568,True,False,False,1,Fwy_57_N_physical_run_1
763568,57,N,7,37,58072.0,6.35,18.167,34.04611,-117.800531,0.32,ML,5,TEMPLE 2,3979,,,,True,False,11,20,763563,774841,17.977,18.617,0.19000000000000128,0.4499999999999993,True,True,763563,774841,True,True,False,1,
774841,57,N,7,37,58072.0,,18.617,34.052554,-117.802449,0.475,ML,5,N/O POMONA,2513,,,,True,True,12,20,763568,716203,18.167,19.117,0.4499999999999993,0.5,False,False,763568,716203,False,False,True,2,Fwy_57_N_physical_run_2
716203,57,N,7,37,58072.0,,19.117,34.059539,-117.804678,0.56,ML,3,CAMPUS,4558,,,,True,False,13,20,774841,774902,18.617,19.737,0.5,0.6199999999999974,True,False,774841,774902,True,False,False,2,
774902,57,N,7,37,,,19.737,34.068185,-117.807434,0.7,ML,3,RTE 10 EB,2514,,,,True,False,14,20,716203,764096,19.117,20.517,0.6199999999999974,0.7800000000000011,False,True,716203,764096,False,True,False,2,
764096,57,N,7,37,66070.0,,20.517,34.077854,-117.813757,0.9,ML,5,VIA VERDE,4280,,,,True,True,15,20,774902,718356,19.737,21.537,0.7800000000000011,1.0199999999999996,False,True,774902,718356,False,True,True,3,Fwy_57_N_physical_run_3
718356,57,N,7,37,66070.0,,21.537,34.091335,-117.819352,0.72,ML,4,LOMA VISTA,2136,,,,True,True,16,20,764096,718053,20.517,21.957,1.0199999999999996,0.4200000000000017,True,False,764096,718053,True,False,False,3,Fwy_57_N_physical_run_3
718053,57,N,7,37,66070.0,,21.957,34.097462,-117.819268,0.39,ML,4,COVINA BL,4281,,,,True,False,17,20,718356,774799,21.537,22.317,0.4200000000000017,0.35999999999999943,True,True,718356,774799,True,True,False,3,
774799,57,N,7,37,66070.0,,22.317,34.102685,-117.819622,0.24,ML,5,E/O CIENEGA AVE,2515,,,,True,True,18,20,718053,718051,21.957,22.437,0.35999999999999943,0.120000000000001,False,False,718053,718051,False,False,True,4,Fwy_57_N_physical_run_4
718051,57,N,7,37,66070.0,,22.437,34.104337,-117.820298,0.44,ML,4,ARROW HWY,4282,,,,True,False,19,20,774799,764089,22.317,23.197,0.120000000000001,0.759999999999998,True,False,774799,764089,True,False,False,4,
764089,57,N,7,37,66070.0,,23.197,34.11626,-117.823987,1.303,ML,5,AUTO CENTER,4273,,,,True,False,20,20,718051,,22.437,,0.759999999999998,,False,False,718051,,False,False,False,4,
774827,57,S,7,37,,,12.522,33.953336,-117.863361,0.842,ML,4,S/O BREA CANYON RD,2187,,,,True,False,1,22,,763970,,13.162,,0.6400000000000006,False,False,763970,,False,False,False,0,
763970,57,S,7,37,,,13.162,33.960374,-117.856055,0.995,ML,4,BREA CANYON,3974,,,,True,False,2,22,774827,774855,12.522,14.512,0.6400000000000006,1.3499999999999996,False,False,774855,774827,False,False,False,0,
774855,57,S,7,37,19192.0,,14.512,33.976527,-117.842817,0.87,ML,4,N/O COLD SPRING LN,2512,,,,True,False,3,22,763970,763590,13.162,14.902,1.3499999999999996,0.3899999999999988,False,False,763590,763970,False,False,False,0,
763590,57,S,7,37,19192.0,,14.902,33.981951,-117.842186,0.685,ML,4,PATHFINDER,3985,,,,True,False,4,22,774855,774812,14.512,15.882,0.3899999999999988,0.9800000000000004,False,False,774812,774855,False,False,False,0,
774812,57,S,7,37,19192.0,,15.882,33.998818,-117.837988,0.9,ML,5,N/O PATHFINDER,2363,,,,True,False,5,22,763590,774865,14.902,16.702,0.9800000000000004,0.8200000000000021,False,False,774865,763590,False,False,False,0,
774865,57,S,7,37,19192.0,4.8,16.702,34.024519,-117.812703,0.53,ML,3,S/O SUNSET CROSSING,2403,,,,True,False,6,22,774812,763583,15.882,16.942,0.8200000000000021,0.23999999999999844,False,True,763583,774812,True,False,False,0,
763583,57,S,7,37,19192.0,5.04,16.942,34.029739,-117.811086,0.405,ML,3,SUNSET CROSSING,3983,,,,True,True,7,22,774865,774878,16.702,17.512,0.23999999999999844,0.5700000000000003,False,True,774878,774865,True,False,True,1,Fwy_57_S_physical_run_1
774878,57,S,7,37,58072.0,5.61,17.512,34.036865,-117.806244,0.466,ML,4,STATE ST,2519,,,,True,True,8,22,763583,763578,16.942,17.874,0.5700000000000003,0.3619999999999983,True,True,763578,763583,True,True,False,1,Fwy_57_S_physical_run_1
763578,57,S,7,37,58072.0,5.972,17.874,34.040947,-117.802381,0.333,ML,4,TEMPLE 1,3982,,,,True,True,9,22,774878,763573,17.512,18.178,0.3619999999999983,0.30400000000000205,True,True,763573,774878,True,True,False,1,Fwy_57_S_physical_run_1
763573,57,S,7,37,58072.0,6.276,18.178,34.045058,-117.800792,0.414,ML,4,TEMPLE 2,3981,,,,True,True,10,22,763578,774842,17.874,18.702,0.30400000000000205,0.5240000000000009,True,False,774842,763578,False,True,False,1,Fwy_57_S_physical_run_1
774842,57,S,7,37,58072.0,,18.702,34.052501,-117.802728,0.512,ML,5,N/O POMONA,2513,,,,True,False,11,22,763573,764420,18.178,19.202,0.5240000000000009,0.5,True,False,764420,763573,False,True,False,1,
764420,57,S,7,37,58072.0,,19.202,34.059467,-117.804897,0.56,ML,3,CAMPUS,4558,,,,True,False,12,22,774842,774901,18.702,19.822,0.5,0.6199999999999974,False,False,774901,774842,False,False,False,1,
774901,57,S,7,37,,,19.822,34.068075,-117.807668,0.73,ML,3,RTE 10 EB,2514,,,,True,False,13,22,764420,718054,19.202,20.662,0.6199999999999974,0.8399999999999999,False,False,718054,764420,False,False,False,1,
718054,57,S,7,37,66070.0,,20.662,34.078431,-117.814654,0.9,ML,5,VIA VERDE,4277,,,,True,False,14,22,774901,763649,19.822,21.622,0.8399999999999999,0.9600000000000009,False,True,763649,774901,True,False,False,1,
763649,57,S,7,37,66070.0,,21.622,34.091304,-117.819676,0.6,ML,4,LOMA VISTA,2136,,,,True,True,15,22,718054,718052,20.662,21.862,0.9600000000000009,0.23999999999999844,False,False,718052,718054,False,False,True,2,Fwy_57_S_physical_run_2
718052,57,S,7,37,66070.0,,21.862,34.094818,-117.819726,0.39,ML,4,COVINA,4276,,,,True,False,16,22,763649,774800,21.622,22.402,0.23999999999999844,0.5400000000000027,True,True,774800,763649,True,True,False,2,
774800,57,S,7,37,66070.0,,22.402,34.10267,-117.819835,0.32,ML,5,E/O CIENEGA AVE,2515,,,,True,True,17,22,718052,768779,21.862,22.502,0.5400000000000027,0.09999999999999787,False,True,768779,718052,True,False,True,3,Fwy_57_S_physical_run_3
768779,57,S,7,37,66070.0,,22.502,34.104041,-117.82037,0.16,ML,4,ARROW HWY 1,4275,,,,True,True,18,22,774800,718050,22.402,22.722,0.09999999999999787,0.22000000000000242,True,False,718050,774800,False,True,False,3,Fwy_57_S_physical_run_3
718050,57,S,7,37,66070.0,,22.722,34.107022,-117.821888,0.25,ML,4,ARROW HWY 2,4274,,,,True,False,19,22,768779,774890,22.502,23.002,0.22000000000000242,0.2799999999999976,True,False,774890,768779,False,True,False,3,
774890,57,S,7,37,66070.0,,23.002,34.11142,-117.823902,0.14,ML,5,W/O GLADSTONE ST,2516,,,,True,False,20,22,718050,774891,22.722,23.002,0.2799999999999976,0.0,False,False,774891,718050,False,False,False,3,
774891,57,S,7,37,66070.0,,23.002,34.11142,-117.823902,0.14,ML,5,W/O GLADSTONE ST,2516,,,,True,False,21,22,774890,718048,23.002,23.282,0.0,0.28000000000000114,False,False,718048,774890,False,False,False,3,
718048,57,S,7,37,66070.0,,23.282,34.115919,-117.824413,0.978,ML,4,AUTO CENTER,4273,,,,True,False,22,22,774891,,23.002,,0.28000000000000114,,False,False,,774891,False,False,False,3,
717262,60,E,7,37,44000.0,0.52,0.694,34.02902,-118.216326,0.934,ML,3,SOTO,3131,,,,True,False,1,70,,773281,,1.174,,0.48,False,False,,773281,False,False,False,0,
773281,60,E,7,37,44000.0,,1.174,34.028031,-118.208136,0.52,ML,5,EUCLID,2517,,,,True,False,2,70,717262,717264,0.694,1.734,0.48,0.56,False,False,717262,717264,False,False,False,0,
717264,60,E,7,37,44000.0,,1.734,34.029608,-118.198629,0.525,ML,5,LORENA,3127,,,,True,False,3,70,773281,717265,1.174,2.224,0.56,0.4900000000000002,False,False,773281,717265,False,False,False,0,
717265,60,E,7,37,44000.0,,2.224,34.03154,-118.190445,0.45,ML,5,INDIANA,3128,,,,True,False,4,70,717264,717268,1.734,2.634,0.4900000000000002,0.4099999999999997,False,False,717264,717268,False,False,False,0,
717268,60,E,7,37,44000.0,,2.634,34.032146,-118.183387,0.515,ML,5,THIRD,3129,,,,True,False,5,70,717265,716213,2.224,3.254,0.4099999999999997,0.6200000000000001,False,False,717265,716213,False,False,False,0,
716213,60,E,7,37,,,3.254,34.034994,-118.173285,0.47,ML,4,EASTERN / W OF 710,2367,,,,True,False,6,70,717268,773258,2.634,3.574,0.6200000000000001,0.31999999999999984,False,False,717268,773258,False,False,False,0,
773258,60,E,7,37,,,3.574,34.035882,-118.167827,0.36,ML,4,E/O FORD BLVD,2676,,,,True,False,7,70,716213,773274,3.254,3.974,0.31999999999999984,0.40000000000000036,False,False,716213,773274,False,False,False,0,
773274,60,E,7,37,,,3.974,34.036464,-118.16093,0.475,ML,6,E/O FETTERLY,2153,,,,True,False,8,70,773258,717273,3.574,4.524,0.40000000000000036,0.5499999999999998,False,False,773258,717273,False,False,False,0,
717273,60,E,7,37,48914.0,,4.524,34.035723,-118.151516,0.382,ML,5,ATLANTIC 1,4007,,,,True,False,9,70,773274,717279,3.974,4.738,0.5499999999999998,0.2140000000000004,False,False,773274,717279,False,False,False,0,
717279,60,E,7,37,48914.0,,4.738,34.034219,-118.148257,0.293,ML,6,ATLANTIC 2,4008,,,,True,False,10,70,717273,768444,4.524,5.11,0.2140000000000004,0.3719999999999999,False,False,717273,768444,False,False,False,0,
768444,60,E,7,37,48816.0,,5.11,34.032906,-118.142053,0.428,ML,5,FINDLAY,4069,,,,True,False,11,70,717279,773222,4.738,5.594,0.3719999999999999,0.484,False,False,717279,773222,False,False,False,0,
773222,60,E,7,37,48816.0,,5.594,34.033031,-118.133612,0.932,ML,4,GARFIELD,4068,,,,True,False,12,70,768444,773232,5.11,6.974,0.484,1.38,False,False,768444,773232,False,False,False,0,
773232,60,E,7,37,48816.0,,6.974,34.03377,-118.109603,0.94,ML,4,W/O WILCOX,2154,,,,True,False,13,70,773222,773304,5.594,7.474,1.38,0.5,False,False,773222,773304,False,False,False,0,
773304,60,E,7,37,48816.0,,7.474,34.035592,-118.101149,0.4,ML,4,MARKLAND / WILCOX,4009,,,,True,False,14,70,773232,773293,6.974,7.774,0.5,0.2999999999999998,False,False,773232,773293,False,False,False,0,
773293,60,E,7,37,48914.0,,7.774,34.035659,-118.095917,0.22,ML,5,E/O GREENWOOD AVE,2677,,,,True,False,15,70,773304,717285,7.474,7.914,0.2999999999999998,0.13999999999999968,False,False,773304,717285,False,False,False,0,
717285,60,E,7,37,48914.0,,7.914,34.035853,-118.093489,0.155,ML,4,PARAMOUNT 1,4010,,,,True,False,16,70,773293,717290,7.774,8.084,0.13999999999999968,0.16999999999999993,False,False,773293,717290,False,False,False,0,
717290,60,E,7,37,,,8.084,34.036512,-118.090626,0.23,ML,4,PARAMOUNT 2,4011,,,,True,False,17,70,717285,773245,7.914,8.374,0.16999999999999993,0.2900000000000009,False,False,717285,773245,False,False,False,0,
773245,60,E,7,37,,,8.374,34.037734,-118.085774,0.145,ML,5,W/O GREENWOOD AVE,2155,,,,True,False,18,70,717290,773342,8.084,8.374,0.2900000000000009,0.0,False,False,717290,773342,False,False,False,0,
773342,60,E,7,37,,,8.374,34.037734,-118.085774,0.144,ML,5,W/O SAN GABRIEL BLVD,2678,,,,True,False,19,70,773245,717292,8.374,8.661,0.0,0.28699999999999903,False,False,773245,717292,False,False,False,0,
717292,60,E,7,37,62896.0,,8.661,34.039225,-118.081093,0.383,ML,4,SAN GABRIEL,4012,,,,True,False,20,70,773342,773317,8.374,9.141,0.28699999999999903,0.4800000000000004,False,False,773342,773317,False,False,False,0,
773317,60,E,7,37,,9.0,9.141,34.041034,-118.073108,0.47,ML,4,E/O SAN GABRIEL BLVD,2274,,,,True,False,21,70,717292,717296,8.661,9.601,0.4800000000000004,0.46000000000000085,False,False,717292,717296,False,False,False,0,
717296,60,E,7,37,,9.46,9.601,34.041255,-118.065153,0.305,ML,4,ROSEMEAD 1,4013,,,,True,False,22,70,773317,717301,9.141,9.751,0.46000000000000085,0.14999999999999858,False,False,773317,717301,False,False,False,0,
717301,60,E,7,37,,9.61,9.751,34.041213,-118.062543,0.335,ML,5,ROSEMEAD 2,4014,,,,True,False,23,70,717296,717303,9.601,10.271,0.14999999999999858,0.5200000000000014,False,False,717296,717303,False,False,False,0,
717303,60,E,7,37,,10.13,10.271,34.039962,-118.05362,0.325,ML,5,SANTA ANITA 1,4015,,,,True,False,24,70,717301,717308,9.751,10.401,0.5200000000000014,0.129999999999999,False,False,717301,717308,False,False,False,0,
717308,60,E,7,37,,10.26,10.401,34.03958,-118.051399,0.235,ML,5,SANTA ANITA 2,4016,,,,True,False,25,70,717303,773330,10.271,10.741,0.129999999999999,0.33999999999999986,False,False,717303,773330,False,False,False,0,
773330,60,E,7,37,,10.6,10.741,34.038564,-118.045604,0.36,ML,5,E/O SANTA ANITA,2679,,,,True,False,26,70,717308,717312,10.401,11.121,0.33999999999999986,0.3800000000000008,False,False,717308,717312,False,False,False,0,
717312,60,E,7,37,,10.98,11.121,34.037428,-118.039136,0.485,ML,5,PECK / DURFEE,4017,,,,True,False,27,70,773330,716235,10.741,11.711,0.3800000000000008,0.5899999999999999,False,False,773330,716235,False,False,False,0,
716235,60,E,7,37,,11.57,11.711,34.034891,-118.029411,0.56,ML,4,W OF 605,2361,,,,True,False,28,70,717312,716237,11.121,12.241,0.5899999999999999,0.5299999999999994,False,False,717312,716237,False,False,False,0,
716237,60,E,7,37,,12.1,12.241,34.031123,-118.02136,0.535,ML,6,WORKMAN MILL,2583,,,,True,False,29,70,716235,717318,11.711,12.781,0.5299999999999994,0.5400000000000009,False,False,716235,717318,False,False,False,0,
717318,60,E,7,37,36490.0,12.64,12.781,34.02896,-118.012462,0.55,ML,5,CROSSROADS,4508,,,,True,False,30,70,716237,773409,12.241,13.341,0.5400000000000009,0.5599999999999987,False,False,716237,773409,False,False,False,0,
773409,60,E,7,37,,13.2,13.341,34.028638,-118.002779,0.73,ML,5,E/O CROSSROAD PKWY,2157,,,,True,False,31,70,717318,773460,12.781,14.241,0.5599999999999987,0.9000000000000004,False,False,717318,773460,False,False,False,0,
773460,60,E,7,37,,14.1,14.241,34.021504,-117.990223,0.65,ML,5,SEVENTH AVE 1,4056,,,,True,False,32,70,773409,767722,13.341,14.641,0.9000000000000004,0.40000000000000036,False,False,773409,767722,False,False,False,0,
767722,60,E,7,37,,14.5,14.641,34.016966,-117.985864,0.44,ML,5,SEVENTH AVE 2,4020,,,,True,False,33,70,773460,718453,14.241,15.121,0.40000000000000036,0.4800000000000004,False,False,773460,718453,False,False,False,0,
718453,60,E,7,37,,14.98,15.121,34.011912,-117.980122,0.45,ML,5,W/O TURNBULL,2158,,,,True,False,34,70,767722,773424,14.641,15.541,0.4800000000000004,0.41999999999999993,False,False,767722,773424,False,False,False,0,
773424,60,E,7,37,,15.4,15.541,34.009557,-117.973378,0.465,ML,4,E/O TURNBULL CYN RD,2752,,,,True,False,35,70,718453,717322,15.121,16.051,0.41999999999999993,0.509999999999998,False,False,718453,717322,False,False,False,0,
717322,60,E,7,37,,15.91,16.051,34.007035,-117.965011,0.36,ML,4,HACIENDA 1,4021,,,,True,False,36,70,773424,717328,15.541,16.261,0.509999999999998,0.21000000000000085,False,False,773424,717328,False,False,False,0,
717328,60,E,7,37,,16.12,16.261,34.00598,-117.961572,0.325,ML,4,HACIENDA 2,4022,,,,True,False,37,70,717322,718123,16.051,16.701,0.21000000000000085,0.4400000000000013,False,False,717322,718123,False,False,False,0,
718123,60,E,7,37,,16.56,16.701,34.003773,-117.954366,0.44,ML,4,HINNEN,2159,,,,True,False,38,70,717328,773473,16.261,17.141,0.4400000000000013,0.4399999999999977,False,False,717328,773473,False,False,False,0,
773473,60,E,7,37,,17.0,17.141,34.001559,-117.94716,0.42,ML,4,W/O AZUSA 1,2754,,,,True,False,39,70,718123,773492,16.701,17.541,0.4399999999999977,0.40000000000000213,False,False,718123,773492,False,False,False,0,
773492,60,E,7,37,,17.4,17.541,33.999541,-117.940612,0.47,ML,4,W/O AZUSA 2,2753,,,,True,False,40,70,773473,717332,17.141,18.081,0.40000000000000213,0.5399999999999991,False,False,773473,717332,False,False,False,0,
717332,60,E,7,37,,17.94,18.081,33.996934,-117.931728,0.37,ML,4,AZUSA 1,4023,,,,True,False,41,70,773492,717334,17.541,18.281,0.5399999999999991,0.1999999999999993,False,False,773492,717334,False,False,False,0,
717334,60,E,7,37,,18.14,18.281,33.996462,-117.928294,0.205,ML,4,AZUSA 2,4024,,,,True,False,42,70,717332,716254,18.081,18.491,0.1999999999999993,0.21000000000000085,False,False,717332,716254,False,False,False,0,
716254,60,E,7,37,,18.35,18.491,33.996031,-117.924675,0.18,ML,4,E/O AZUSA 1,2161,,,,True,False,43,70,717334,773520,18.281,18.641,0.21000000000000085,0.14999999999999858,False,False,717334,773520,False,False,False,0,
773520,60,E,7,37,,18.5,18.641,33.995684,-117.922099,0.535,ML,4,E/O AZUSA 2,2755,,,,True,False,44,70,716254,717340,18.491,19.561,0.14999999999999858,0.9200000000000017,False,False,716254,717340,False,False,False,0,
717340,60,E,7,37,36490.0,19.42,19.561,33.994088,-117.906225,0.555,ML,4,FULLERTON 1,4025,,,,True,False,45,70,773520,717343,18.641,19.751,0.9200000000000017,0.19000000000000128,False,False,773520,717343,False,False,False,0,
717343,60,E,7,37,36490.0,19.61,19.751,33.994073,-117.902914,0.24,ML,4,FULLERTON 2,4026,,,,True,False,46,70,717340,773505,19.561,20.041,0.19000000000000128,0.28999999999999915,False,False,717340,773505,False,False,False,0,
773505,60,E,7,37,36490.0,19.9,20.041,33.994094,-117.897858,0.24,ML,4,E/O FULLERTON,2756,,,,True,False,47,70,717343,773507,19.751,20.041,0.28999999999999915,0.0,False,False,717343,773507,False,False,False,0,
773507,60,E,7,37,36490.0,19.9,20.041,33.994094,-117.897858,0.145,ML,4,E/O FULLERTON,2756,,,,True,False,48,70,773505,717346,20.041,20.521,0.0,0.4800000000000004,False,False,773505,717346,False,False,False,0,
717346,60,E,7,37,36490.0,20.38,20.521,33.994085,-117.88949,0.315,ML,4,NOGALES 1,4027,,,,True,False,49,70,773507,717352,20.041,20.671,0.4800000000000004,0.14999999999999858,False,False,773507,717352,False,False,False,0,
717352,60,E,7,37,36490.0,20.53,20.671,33.994021,-117.886877,0.31,ML,4,NOGALES 2,4028,,,,True,False,50,70,717346,773535,20.521,21.141,0.14999999999999858,0.46999999999999886,False,False,717346,773535,False,False,False,0,
773535,60,E,7,37,36490.0,21.0,21.141,33.994885,-117.878772,0.465,ML,4,W/O FAIRWAY DR,2758,,,,True,False,51,70,717352,717357,20.671,21.601,0.46999999999999886,0.46000000000000085,False,False,717352,717357,False,False,False,0,
717357,60,E,7,37,36490.0,,21.601,33.99613,-117.870894,0.345,ML,4,FAIRWAY 1,4029,,,,True,False,52,70,773535,717358,21.141,21.831,0.46000000000000085,0.23000000000000043,False,False,773535,717358,False,False,False,0,
717358,60,E,7,37,36490.0,,21.831,33.996748,-117.866957,0.42,ML,4,FAIRWAY 2,4030,,,,True,False,53,70,717357,716265,21.601,22.441,0.23000000000000043,0.6099999999999994,False,False,717357,716265,False,False,False,0,
716265,60,E,7,37,36490.0,,22.441,33.998463,-117.856533,0.405,ML,4,W OF LEMON,2162,,,,True,False,54,70,717358,773439,21.831,22.641,0.6099999999999994,0.1999999999999993,False,False,717358,773439,False,False,False,0,
773439,60,E,7,37,19192.0,,22.641,33.999031,-117.853126,0.195,ML,4,E/O LEMON AVE,2757,,,,True,False,55,70,716265,776708,22.441,22.831,0.1999999999999993,0.19000000000000128,False,False,716265,776708,False,False,False,0,
776708,60,E,7,37,19192.0,,22.831,33.999573,-117.8499,0.22,ML,4,LEMON,4043,,,,True,False,56,70,773439,718127,22.641,23.081,0.19000000000000128,0.25,False,False,773439,718127,False,False,False,0,
718127,60,E,7,37,19192.0,,23.081,34.000335,-117.84567,0.305,ML,4,BREA CANYON,4031,,,,True,False,57,70,776708,774164,22.831,23.441,0.25,0.35999999999999943,False,False,776708,774164,False,False,False,0,
774164,60,E,7,37,19192.0,,23.441,34.001268,-117.839546,0.38,ML,4,E/O BREA CANYON RD,2360,,,,True,False,58,70,718127,774180,23.081,23.841,0.35999999999999943,0.40000000000000213,False,False,718127,774180,False,False,False,0,
774180,60,E,7,37,19192.0,,23.841,34.002482,-117.832788,0.45,ML,4,57 N TO 60 E CONN.,2362,,,,True,False,59,70,774164,774947,23.441,24.341,0.40000000000000213,0.5,False,False,774164,774947,False,False,False,0,
774947,60,E,7,37,19192.0,,24.341,34.007264,-117.826181,0.406,ML,6,WEST OF GRAND,2163,,,,True,False,60,70,774180,766806,23.841,24.653,0.5,0.3119999999999976,False,False,774180,766806,False,False,False,0,
766806,60,E,7,37,19192.0,,24.653,34.010718,-117.82259,0.4,ML,6,GRAND AVE,4033,,,,True,False,61,70,774947,774927,24.341,25.141,0.3119999999999976,0.48799999999999955,False,False,774947,774927,False,False,False,0,
774927,60,E,7,37,19192.0,,25.141,34.016499,-117.817563,0.594,ML,6,57 SB TO 60 WB,2529,,,,True,False,62,70,766806,766661,24.653,25.841,0.48799999999999955,0.7000000000000028,False,False,766806,766661,False,False,False,0,
766661,60,E,7,37,19192.0,,25.841,34.024192,-117.809808,1.4,ML,4,DIAMOND BAR,4034,,,,True,False,63,70,774927,774475,25.141,27.941,0.7000000000000028,2.099999999999998,False,True,774927,774475,False,True,False,0,
774475,60,E,7,37,58072.0,,27.941,34.025037,-117.774955,1.42,ML,4,PHILLIPS RANCH RD,4036,,,,True,True,64,70,766661,766569,25.841,28.681,2.099999999999998,0.740000000000002,False,False,766661,766569,False,False,True,1,Fwy_60_E_physical_run_1
766569,60,E,7,37,58072.0,,28.681,34.024204,-117.762443,0.585,ML,4,E/O PHILLIP RANCH RD,2167,,,,True,False,65,70,774475,766600,27.941,29.111,0.740000000000002,0.4299999999999997,True,True,774475,766600,True,True,False,1,
766600,60,E,7,37,58072.0,,29.111,34.024058,-117.755124,0.305,ML,4,E/B 60 W/O 71,2655,,,,True,True,66,70,766569,766644,28.681,29.291,0.4299999999999997,0.17999999999999972,False,False,766569,766644,False,False,True,2,Fwy_60_E_physical_run_2
766644,60,E,7,37,58072.0,,29.291,34.023384,-117.752093,0.27,ML,4,RTE 71 / GAREY AVE 1,4039,,,,True,False,67,70,766600,766620,29.111,29.651,0.17999999999999972,0.35999999999999943,True,True,766600,766620,True,True,False,2,
766620,60,E,7,37,58072.0,,29.651,34.023534,-117.745774,0.29,ML,4,RTE 71 / GAREY AVE 2,4037,,,,True,True,68,70,766644,766585,29.291,29.871,0.35999999999999943,0.21999999999999886,False,True,766644,766585,False,True,True,3,Fwy_60_E_physical_run_3
766585,60,E,7,37,58072.0,,29.871,34.024073,-117.742058,0.43,ML,4,W/O TOWNE AVE,2656,,,,True,True,69,70,766620,766843,29.651,30.512,0.21999999999999886,0.6410000000000018,True,True,766620,766843,True,True,False,3,Fwy_60_E_physical_run_3
766843,60,E,7,37,58072.0,,30.512,34.024861,-117.730929,0.408,ML,4,RESERVOIR,4814,,,,True,True,70,70,766585,,29.871,,0.6410000000000018,,True,False,766585,,True,False,False,3,Fwy_60_E_physical_run_3
764418,60,W,7,37,44000.0,0.45,0.624,34.029636,-118.217534,0.799,ML,4,SOTO,3087,,,,True,False,1,70,,716206,,0.974,,0.35,False,False,716206,,False,False,False,0,
716206,60,W,7,37,44000.0,,0.974,34.029065,-118.211497,0.54,ML,3,E OF 101 / MARRIETTA,2538,,,,True,False,2,70,764418,717263,0.624,1.704,0.35,0.73,False,False,717263,764418,False,False,False,0,
717263,60,W,7,37,44000.0,,1.704,34.029648,-118.199219,0.625,ML,5,LORENA,3126,,,,True,False,3,70,716206,717266,0.974,2.224,0.73,0.5200000000000002,False,False,717266,716206,False,False,False,0,
717266,60,W,7,37,44000.0,,2.224,34.031713,-118.190515,0.495,ML,5,INDIANA,3128,,,,True,False,4,70,717263,717269,1.704,2.694,0.5200000000000002,0.46999999999999975,False,False,717269,717263,False,False,False,0,
717269,60,W,7,37,44000.0,,2.694,34.032661,-118.182471,0.47,ML,5,THIRD,3130,,,,True,False,5,70,717266,717270,2.224,3.164,0.46999999999999975,0.4700000000000002,False,False,717270,717266,False,False,False,0,
717270,60,W,7,37,,,3.164,34.034977,-118.174866,0.44,ML,4,EASTERN / W OF 710,2367,,,,True,False,6,70,717269,773257,2.694,3.574,0.4700000000000002,0.4099999999999997,False,False,773257,717269,False,False,False,0,
773257,60,W,7,37,,,3.574,34.036073,-118.167849,0.405,ML,4,E/O FORD BLVD,2676,,,,True,False,7,70,717270,773273,3.164,3.974,0.4099999999999997,0.40000000000000036,False,False,773273,717270,False,False,False,0,
773273,60,W,7,37,,,3.974,34.03666,-118.160938,0.475,ML,6,E/O FETTERLY,2153,,,,True,False,8,70,773257,717274,3.574,4.524,0.40000000000000036,0.5499999999999998,False,False,717274,773257,False,False,False,0,
717274,60,W,7,37,48914.0,,4.524,34.035886,-118.151414,0.365,ML,6,ATLANTIC 1,4071,,,,True,False,9,70,773273,717277,3.974,4.704,0.5499999999999998,0.17999999999999972,False,False,717277,773273,False,False,False,0,
717277,60,W,7,37,48914.0,,4.704,34.034655,-118.148653,0.295,ML,5,ATLANTIC 2,4070,,,,True,False,10,70,717274,717281,4.524,5.114,0.17999999999999972,0.41000000000000014,False,False,717281,717274,False,False,False,0,
717281,60,W,7,37,48816.0,,5.114,34.033066,-118.141975,0.445,ML,5,FINDLAY,4069,,,,True,False,11,70,717277,773221,4.704,5.594,0.41000000000000014,0.4800000000000004,False,False,773221,717277,False,False,False,0,
773221,60,W,7,37,48816.0,,5.594,34.033226,-118.133609,0.93,ML,4,GARFIELD,4068,,,,True,False,12,70,717281,773233,5.114,6.974,0.4800000000000004,1.38,False,False,773233,717281,False,False,False,0,
773233,60,W,7,37,48816.0,,6.974,34.033985,-118.109672,0.94,ML,4,W/O WILCOX,2154,,,,True,False,13,70,773221,773305,5.594,7.474,1.38,0.5,False,False,773305,773221,False,False,False,0,
773305,60,W,7,37,48816.0,,7.474,34.035797,-118.101226,0.4,ML,4,MARKLAND / WILCOX,4009,,,,True,False,14,70,773233,717282,6.974,7.774,0.5,0.2999999999999998,False,False,717282,773233,False,False,False,0,
717282,60,W,7,37,48914.0,,7.774,34.03582,-118.095997,0.15,ML,5,PARAMOUNT 1,4067,,,,True,False,15,70,773305,773294,7.474,7.774,0.2999999999999998,0.0,False,False,773294,773305,False,False,False,0,
773294,60,W,7,37,48914.0,,7.774,34.03582,-118.095997,0.105,ML,5,E/O GREENWOOD AVE,2677,,,,True,False,16,70,717282,717288,7.774,7.984,0.0,0.20999999999999996,False,False,717288,717282,False,False,False,0,
717288,60,W,7,37,,,7.984,34.036302,-118.092399,0.3,ML,5,PARAMOUNT 2,4066,,,,True,False,17,70,773294,773246,7.774,8.374,0.20999999999999996,0.39000000000000057,False,False,773246,773294,False,False,False,0,
773246,60,W,7,37,,,8.374,34.03791,-118.085867,0.195,ML,5,W/O GREENWOOD AVE,2155,,,,True,False,18,70,717288,773343,7.984,8.374,0.39000000000000057,0.0,False,False,773343,717288,False,False,False,0,
773343,60,W,7,37,,,8.374,34.03791,-118.085867,0.173,ML,5,W/O SAN GABRIEL BLVD,2678,,,,True,False,19,70,773246,717294,8.374,8.721,0.0,0.34699999999999953,False,False,717294,773246,False,False,False,0,
717294,60,W,7,37,62896.0,,8.721,34.039747,-118.080226,0.383,ML,5,SAN  GABRIEL,4065,,,,True,False,20,70,773343,773316,8.374,9.141,0.34699999999999953,0.41999999999999993,False,False,773316,773343,False,False,False,0,
773316,60,W,7,37,,9.0,9.141,34.041206,-118.073157,0.405,ML,5,E/O SAN GABRIEL BLVD,2274,,,,True,False,21,70,717294,717298,8.721,9.531,0.41999999999999993,0.39000000000000057,False,False,717298,717294,False,False,False,0,
717298,60,W,7,37,,9.39,9.531,34.041418,-118.066377,0.27,ML,5,ROSEMEAD 1,4064,,,,True,False,22,70,773316,717300,9.141,9.681,0.39000000000000057,0.14999999999999858,False,False,717300,773316,False,False,False,0,
717300,60,W,7,37,,9.54,9.681,34.041414,-118.06376,0.355,ML,5,ROSEMEAD 2,4063,,,,True,False,23,70,717298,717306,9.531,10.241,0.14999999999999858,0.5600000000000005,False,False,717306,717298,False,False,False,0,
717306,60,W,7,37,,10.1,10.241,34.040308,-118.054105,0.38,ML,5,SANTA ANITA 1,4062,,,,True,False,24,70,717300,718455,9.681,10.441,0.5600000000000005,0.20000000000000107,False,False,718455,717300,False,False,False,0,
718455,60,W,7,37,,10.3,10.441,34.039693,-118.05069,0.25,ML,5,SANTA  ANITA 2,4061,,,,True,False,25,70,717306,773329,10.241,10.741,0.20000000000000107,0.29999999999999893,False,False,773329,717306,False,False,False,0,
773329,60,W,7,37,,10.6,10.741,34.038816,-118.045552,0.35,ML,5,E/O SANTA ANITA,2679,,,,True,False,26,70,718455,717315,10.441,11.141,0.29999999999999893,0.40000000000000036,False,False,717315,718455,False,False,False,0,
717315,60,W,7,37,,11.0,11.141,34.037619,-118.038699,0.485,ML,5,PECK 2,4059,,,,True,False,27,70,773329,717316,10.741,11.711,0.40000000000000036,0.5700000000000003,False,False,717316,773329,False,False,False,0,
717316,60,W,7,37,,11.57,11.711,34.035073,-118.029281,0.55,ML,4,W OF 605,2361,,,,True,False,28,70,717315,716238,11.141,12.241,0.5700000000000003,0.5299999999999994,False,False,716238,717315,False,False,False,0,
716238,60,W,7,37,,12.1,12.241,34.03138,-118.02126,0.569,ML,5,WORKMAN MI,2583,,,,True,False,29,70,717316,769454,11.711,12.849,0.5299999999999994,0.6080000000000005,False,False,769454,717316,False,False,False,0,
769454,60,W,7,37,36490.0,12.708,12.849,34.029244,-118.011272,0.385,ML,5,CROSSROADS,4508,,,,True,False,30,70,716238,717320,12.241,13.011,0.6080000000000005,0.16199999999999903,False,False,717320,716238,False,False,False,0,
717320,60,W,7,37,36490.0,12.87,13.011,34.029247,-118.008439,0.246,ML,5,CROSSROADS,4509,,,,True,False,31,70,769454,773407,12.849,13.341,0.16199999999999903,0.33000000000000007,False,False,773407,769454,False,False,False,0,
773407,60,W,7,37,,13.2,13.341,34.028877,-118.0027,0.615,ML,6,E/O CROSSROAD PKWY,2157,,,,True,False,32,70,717320,773458,13.011,14.241,0.33000000000000007,0.9000000000000004,False,False,773458,717320,False,False,False,0,
773458,60,W,7,37,,14.1,14.241,34.021646,-117.990029,0.65,ML,4,SEVENTH AVE 1,4056,,,,True,False,33,70,773407,767723,13.341,14.641,0.9000000000000004,0.40000000000000036,False,False,767723,773407,False,False,False,0,
767723,60,W,7,37,,14.5,14.641,34.017093,-117.985713,0.44,ML,4,SEVENTH AVE 2,4020,,,,True,False,34,70,773458,716241,14.241,15.121,0.40000000000000036,0.4800000000000004,False,False,716241,773458,False,False,False,0,
716241,60,W,7,37,,14.98,15.121,34.012079,-117.980022,0.45,ML,4,W/O TURNBULL,2158,,,,True,False,35,70,767723,773422,14.641,15.541,0.4800000000000004,0.41999999999999993,False,False,773422,767723,False,False,False,0,
773422,60,W,7,37,,15.4,15.541,34.009709,-117.973312,0.4,ML,4,E/O TURNBULL CYN RD,2752,,,,True,False,36,70,716241,717324,15.121,15.921,0.41999999999999993,0.379999999999999,False,False,717324,716241,False,False,False,0,
717324,60,W,7,37,,15.78,15.921,34.00782,-117.967088,0.58,ML,4,HACIENDA 1,4055,,,,True,False,37,70,773422,718124,15.541,16.701,0.379999999999999,0.7800000000000011,False,False,718124,773422,False,False,False,0,
718124,60,W,7,37,,16.56,16.701,34.003931,-117.95432,0.61,ML,4,HINNEN,2159,,,,True,False,38,70,717324,773474,15.921,17.141,0.7800000000000011,0.4399999999999977,False,False,773474,717324,False,False,False,0,
773474,60,W,7,37,,17.0,17.141,34.001722,-117.947119,0.42,ML,4,W/O AZUSA 1,2754,,,,True,False,39,70,718124,773490,16.701,17.541,0.4399999999999977,0.40000000000000213,False,False,773490,718124,False,False,False,0,
773490,60,W,7,37,,17.4,17.541,33.999699,-117.94058,0.385,ML,4,W/O AZUSA 2,2753,,,,True,False,40,70,773474,717330,17.141,17.911,0.40000000000000213,0.370000000000001,False,False,717330,773474,False,False,False,0,
717330,60,W,7,37,,17.77,17.911,33.997875,-117.934513,0.3,ML,4,AZUSA 1,4053,,,,True,False,41,70,773490,717337,17.541,18.141,0.370000000000001,0.22999999999999687,False,False,717337,773490,False,False,False,0,
717337,60,W,7,37,,18.0,18.141,33.997,-117.930655,0.29,ML,4,AZUSA 2,4052,,,,True,False,42,70,717330,716253,17.911,18.491,0.22999999999999687,0.3500000000000014,False,False,716253,717330,False,False,False,0,
716253,60,W,7,37,,18.35,18.491,33.996291,-117.924633,0.25,ML,4,E/O AZUSA 1,2161,,,,True,False,43,70,717337,773522,18.141,18.641,0.3500000000000014,0.14999999999999858,False,False,773522,717337,False,False,False,0,
773522,60,W,7,37,,18.5,18.641,33.995952,-117.922059,0.48,ML,4,E/O AZUSA 2,2755,,,,True,False,44,70,716253,717339,18.491,19.451,0.14999999999999858,0.8100000000000023,False,False,717339,716253,False,False,False,0,
717339,60,W,7,37,36490.0,19.31,19.451,33.994319,-117.908132,0.51,ML,4,FULLERTON 1,4051,,,,True,False,45,70,773522,717342,18.641,19.661,0.8100000000000023,0.21000000000000085,False,False,717342,773522,False,False,False,0,
717342,60,W,7,37,36490.0,19.52,19.661,33.994314,-117.904483,0.515,ML,4,FULLERTON 2,4050,,,,True,False,46,70,717339,718125,19.451,20.481,0.21000000000000085,0.8200000000000003,False,False,718125,717339,False,False,False,0,
718125,60,W,7,37,36490.0,20.34,20.481,33.994299,-117.890213,0.475,ML,4,NOGALES 1,4049,,,,True,False,47,70,717342,717350,19.661,20.611,0.8200000000000003,0.129999999999999,False,False,717350,717342,False,False,False,0,
717350,60,W,7,37,36490.0,20.47,20.611,33.994278,-117.887951,0.33,ML,4,NOGALES 2,4048,,,,True,False,48,70,718125,773537,20.481,21.141,0.129999999999999,0.5299999999999976,False,False,773537,718125,False,False,False,0,
773537,60,W,7,37,36490.0,21.0,21.141,33.99513,-117.87881,0.42,ML,4,W/O FAIRWAY DR,2758,,,,True,False,49,70,717350,717355,20.611,21.451,0.5299999999999976,0.3100000000000023,False,False,717355,717350,False,False,False,0,
717355,60,W,7,37,36490.0,,21.451,33.995905,-117.873496,0.65,ML,4,FAIRWAY 1,4047,,,,True,False,50,70,773537,718126,21.141,22.441,0.3100000000000023,0.9899999999999984,False,False,718126,773537,False,False,False,0,
718126,60,W,7,37,36490.0,,22.441,33.99864,-117.856574,0.595,ML,4,W OF LEMON,2162,,,,True,False,51,70,717355,773437,21.451,22.641,0.9899999999999984,0.1999999999999993,False,False,773437,717355,False,False,False,0,
773437,60,W,7,37,19192.0,,22.641,33.999193,-117.853162,0.175,ML,4,E/O LEMON AVE,2757,,,,True,False,52,70,718126,776690,22.441,22.791,0.1999999999999993,0.15000000000000213,False,False,776690,718126,False,False,False,0,
776690,60,W,7,37,19192.0,,22.791,33.999591,-117.850605,0.14,ML,4,LEMON,4058,,,,True,False,53,70,773437,774125,22.641,22.921,0.15000000000000213,0.129999999999999,False,False,774125,773437,False,False,False,0,
774125,60,W,7,37,19192.0,,22.921,33.999966,-117.848396,0.07,ML,4,W/B 60 BY PASS/GRAND,4057,,,,True,False,54,70,776690,717361,22.791,22.931,0.129999999999999,0.010000000000001563,False,False,717361,776690,False,False,False,0,
717361,60,W,7,37,19192.0,,22.931,33.999995,-117.848226,0.26,ML,4,BREA CANYON,4046,,,,True,False,55,70,774125,774165,22.921,23.441,0.010000000000001563,0.509999999999998,False,False,774165,774125,False,False,False,0,
774165,60,W,7,37,19192.0,,23.441,34.001459,-117.839573,0.455,ML,4,E/O BREA CANYON RD,2360,,,,True,False,56,70,717361,774181,22.931,23.841,0.509999999999998,0.40000000000000213,False,False,774181,717361,False,False,False,0,
774181,60,W,7,37,19192.0,,23.841,34.00266,-117.832837,0.45,ML,4,57 N TO 60 E CONN.,2362,,,,True,False,57,70,774165,774946,23.441,24.341,0.40000000000000213,0.5,False,False,774946,774165,False,False,False,0,
774946,60,W,7,37,19192.0,,24.341,34.007487,-117.826362,0.325,ML,6,WEST OF GRAND,2163,,,,True,False,58,70,774181,776657,23.841,24.491,0.5,0.14999999999999858,False,False,776657,774181,False,False,False,0,
776657,60,W,7,37,19192.0,,24.491,34.009128,-117.824638,0.2,ML,6,GRAND AVE,4032,,,,True,False,59,70,774946,774958,24.341,24.741,0.14999999999999858,0.25,False,False,774958,774946,False,False,False,0,
774958,60,W,7,37,19192.0,,24.741,34.011894,-117.821807,0.325,ML,6,GRAND,4044,,,,True,False,60,70,776657,774926,24.491,25.141,0.25,0.3999999999999986,False,False,774926,776657,False,False,False,0,
774926,60,W,7,37,19192.0,,25.141,34.016653,-117.81781,0.555,ML,6,57 SB TO 60 WB,2529,,,,True,False,61,70,774958,766788,24.741,25.851,0.3999999999999986,0.7100000000000009,False,True,766788,774958,True,False,False,0,
766788,60,W,7,37,19192.0,,25.851,34.024472,-117.809793,1.433,ML,4,DIAMOND BAR,4042,,,,True,True,62,70,774926,765456,25.141,28.007,0.7100000000000009,2.1560000000000024,False,True,765456,774926,True,False,True,1,Fwy_60_W_physical_run_1
765456,60,W,7,37,58072.0,,28.007,34.024942,-117.773813,1.145,ML,4,PHILLIPS RANCH,4041,,,,True,True,63,70,766788,774491,25.851,28.141,2.1560000000000024,0.1339999999999968,True,True,774491,766788,True,True,False,1,Fwy_60_W_physical_run_1
774491,60,W,7,37,58072.0,,28.141,34.024242,-117.771627,0.337,ML,4,PHILLIPS RANCH W/B,4040,,,,True,True,64,70,765456,766571,28.007,28.681,0.1339999999999968,0.5400000000000027,True,False,766571,765456,False,True,False,1,Fwy_60_W_physical_run_1
766571,60,W,7,37,58072.0,,28.681,34.024575,-117.762375,0.485,ML,4,E/O PHILLIP RANCH RD,2167,,,,True,False,65,70,774491,766602,28.141,29.111,0.5400000000000027,0.4299999999999997,True,True,766602,774491,True,True,False,1,
766602,60,W,7,37,58072.0,,29.111,34.024322,-117.755055,0.305,ML,4,W/B 60 W/O 71,2655,,,,True,True,66,70,766571,766642,28.681,29.291,0.4299999999999997,0.17999999999999972,False,True,766642,766571,True,False,True,2,Fwy_60_W_physical_run_2
766642,60,W,7,37,58072.0,,29.291,34.02362,-117.75203,0.27,ML,4,RTE 71 / GAREY AVE 1,4039,,,,True,True,67,70,766602,766622,29.111,29.651,0.17999999999999972,0.35999999999999943,True,True,766622,766602,True,True,False,2,Fwy_60_W_physical_run_2
766622,60,W,7,37,58072.0,,29.651,34.023776,-117.745822,0.29,ML,4,RTE 71 / GAREY AVE 2,4037,,,,True,True,68,70,766642,766587,29.291,29.871,0.35999999999999943,0.21999999999999886,True,True,766587,766642,True,True,False,2,Fwy_60_W_physical_run_2
766587,60,W,7,37,58072.0,,29.871,34.024354,-117.742097,0.342,ML,4,W/O TOWNE AVE,2656,,,,True,True,69,70,766622,765461,29.651,30.335,0.21999999999999886,0.4640000000000022,True,True,765461,766622,True,True,False,2,Fwy_60_W_physical_run_2
765461,60,W,7,37,58072.0,,30.335,34.025041,-117.73416,0.497,ML,4,RESERVOIR,4038,,,,True,True,70,70,766587,,29.871,,0.4640000000000022,,True,False,,766587,False,True,False,2,Fwy_60_W_physical_run_2
767166,71,N,7,37,58072.0,,0.476,34.066788,-117.802782,1.19,ML,2,RIDGEWAY ST,2560,,,,True,False,1,5,,775101,,1.904,,1.428,False,False,,775101,False,False,False,0,
775101,71,N,7,37,58072.0,1.7,1.904,34.055022,-117.782658,0.914,ML,2,MISSION BLVD,3601,,,,True,False,2,5,767166,769292,0.476,2.304,1.428,0.3999999999999999,False,False,767166,769292,False,False,False,0,
769292,71,N,7,37,58072.0,2.1,2.304,34.050545,-117.778066,0.515,ML,2,GAREY AVE,4074,,,,True,False,3,5,775101,769279,1.904,2.934,0.3999999999999999,0.6300000000000003,False,False,775101,769279,False,False,False,0,
769279,71,N,7,37,58072.0,2.73,2.934,34.043604,-117.770672,0.69,ML,3,N/O RTE 60 1,2653,,,,True,False,4,5,769292,766673,2.304,3.684,0.6300000000000003,0.75,False,False,769292,766673,False,False,False,0,
766673,71,N,7,37,58072.0,3.48,3.684,34.035347,-117.761863,1.691,ML,2,RIO RANCHO,4073,,,,True,False,5,5,769279,,2.934,,0.75,,False,False,769279,,False,False,False,0,
716271,71,S,7,37,58072.0,,0.501,34.06708,-117.804144,1.218,ML,1,RIDGEWAY ST,2560,,,,True,False,1,4,,775100,,1.935,,1.4340000000000002,False,False,775100,,False,False,False,0,
775100,71,S,7,37,58072.0,1.7,1.935,34.052705,-117.780575,0.917,ML,2,MISSION BLVD,3601,,,,True,False,2,4,716271,769294,0.501,2.335,1.4340000000000002,0.3999999999999999,False,False,769294,716271,False,False,False,0,
769294,71,S,7,37,58072.0,2.1,2.335,34.048371,-117.775944,1.102,ML,2,GAREY AVE,4074,,,,True,False,3,4,775100,766685,1.935,4.139,0.3999999999999999,1.8040000000000003,False,False,766685,775100,False,False,False,0,
766685,71,S,7,37,58072.0,,4.139,34.028771,-117.755133,1.763,ML,2,RIO RANCHO,4072,,,,True,False,4,4,769294,,2.335,,1.8040000000000003,,False,False,,769294,False,False,False,0,
774227,90,E,7,37,44000.0,0.93,0.009,33.984496,-118.442338,0.035,ML,3,E/O LINCOLN,2329,,,,True,False,1,6,,774244,,0.009,,0.0,False,False,,774244,False,False,False,0,
774244,90,E,7,37,44000.0,0.93,0.009,33.984496,-118.442338,0.009,ML,2,E/O CULVER,2323,,,,True,False,2,6,774227,774217,0.009,0.079,0.0,0.07,False,False,774227,774217,False,False,False,0,
774217,90,E,7,37,44000.0,1.0,0.079,33.984216,-118.441188,0.155,ML,3,E/O MINDANAO WAY,2328,,,,True,False,3,6,774244,774236,0.009,0.319,0.07,0.24,False,False,774244,774236,False,False,False,0,
774236,90,E,7,37,44000.0,1.24,0.319,33.982842,-118.437453,0.305,ML,3,E/O BALLONA CREEK,2322,,,,True,False,4,6,774217,774302,0.079,0.689,0.24,0.36999999999999994,False,False,774217,774302,False,False,False,0,
774302,90,E,7,37,44000.0,1.61,0.689,33.981692,-118.431248,1.074,ML,4,CENTINELA,2261,,,,True,False,5,6,774236,774279,0.319,2.466,0.36999999999999994,1.7770000000000001,False,True,774236,774279,False,True,False,0,
774279,90,E,7,37,44000.0,2.42,2.466,33.988048,-118.402906,1.822,ML,3,W/O RTE 405,2928,,,,True,True,6,6,774302,,0.689,,1.7770000000000001,,False,False,774302,,False,False,True,1,Fwy_90_E_physical_run_1
774226,90,W,7,37,44000.0,0.93,0.009,33.984652,-118.442457,0.035,ML,2,E/O LINCOLN,2329,,,,True,False,1,6,,774245,,0.009,,0.0,False,False,774245,,False,False,False,0,
774245,90,W,7,37,44000.0,0.93,0.009,33.984652,-118.442457,0.009,ML,2,E/O CULVER,2323,,,,True,False,2,6,774226,774216,0.009,0.079,0.0,0.07,False,False,774216,774226,False,False,False,0,
774216,90,W,7,37,44000.0,1.0,0.079,33.984448,-118.441266,0.155,ML,3,E/O MINDANAO WAY,2328,,,,True,False,3,6,774245,774235,0.009,0.319,0.07,0.24,False,False,774235,774245,False,False,False,0,
774235,90,W,7,37,44000.0,1.24,0.319,33.983698,-118.4372,0.305,ML,3,E/O BALLONA CREEK,2322,,,,True,False,4,6,774216,774301,0.079,0.689,0.24,0.36999999999999994,False,False,774301,774216,False,False,False,0,
774301,90,W,7,37,44000.0,1.61,0.689,33.982569,-118.43092,1.074,ML,3,CENTINELA,2261,,,,True,False,5,6,774235,774278,0.319,2.466,0.36999999999999994,1.7770000000000001,False,True,774278,774235,True,False,False,0,
774278,90,W,7,37,44000.0,2.42,2.466,33.988276,-118.40316,1.822,ML,3,W/O RTE 405,2928,,,,True,True,6,6,774301,,0.689,,1.7770000000000001,,False,False,,774301,False,False,True,1,Fwy_90_W_physical_run_1
716272,91,E,7,37,44000.0,6.12,0.108,33.872586,-118.289005,0.333,ML,3,VERMONT,2257,,,,True,False,1,35,,716273,,0.558,,0.45000000000000007,False,False,,716273,False,False,False,0,
716273,91,E,7,37,44000.0,,0.558,33.872636,-118.2812,0.525,ML,3,FIGUEROA,2256,,,,True,False,2,35,716272,717367,0.108,1.158,0.45000000000000007,0.5999999999999999,False,True,716272,717367,False,True,False,0,
717367,91,E,7,37,11530.0,,1.158,33.872471,-118.27074,0.495,ML,5,MAIN,4513,,,,True,True,3,35,716273,717369,0.558,1.548,0.5999999999999999,0.3900000000000001,False,True,716273,717369,False,True,True,1,Fwy_91_E_physical_run_1
717369,91,E,7,37,11530.0,,1.548,33.873324,-118.264042,0.325,ML,4,AVALON 1,4139,,,,True,True,4,35,717367,718130,1.158,1.808,0.3900000000000001,0.26,True,True,717367,718130,True,True,False,1,Fwy_91_E_physical_run_1
718130,91,E,7,37,11530.0,,1.808,33.873486,-118.259531,0.36,ML,4,AVALON 2,4076,,,,True,True,5,35,717369,717376,1.548,2.268,0.26,0.45999999999999974,True,False,717369,717376,True,False,False,1,Fwy_91_E_physical_run_1
717376,91,E,7,37,11530.0,,2.268,33.873496,-118.251545,0.385,ML,4,CENTRAL 1,4138,,,,True,False,6,35,718130,717373,1.808,2.578,0.45999999999999974,0.31000000000000005,True,True,718130,717373,True,True,False,1,
717373,91,E,7,37,11530.0,,2.578,33.873339,-118.246168,0.42,ML,4,CENTRAL 2,4077,,,,True,True,7,35,717376,717379,2.268,3.108,0.31000000000000005,0.5300000000000002,False,False,717376,717379,False,False,True,2,Fwy_91_E_physical_run_2
717379,91,E,7,37,15044.0,,3.108,33.87359,-118.236964,0.545,ML,4,WILMINGTON,4078,,,,True,False,8,35,717373,717381,2.578,3.668,0.5300000000000002,0.56,True,False,717373,717381,True,False,False,2,
717381,91,E,7,37,15044.0,,3.668,33.873878,-118.227243,0.51,ML,4,ACACIA,4136,,,,True,False,9,35,717379,717383,3.108,4.128,0.56,0.45999999999999996,False,False,717379,717383,False,False,False,2,
717383,91,E,7,37,15044.0,,4.128,33.873494,-118.219285,0.405,ML,4,ALAMEDA,4079,,,,True,False,10,35,717381,717387,3.668,4.478,0.45999999999999996,0.34999999999999964,False,True,717381,717387,False,True,False,2,
717387,91,E,7,37,15044.0,,4.478,33.873361,-118.213213,0.45,ML,4,SANTA FE,4080,,,,True,True,11,35,717383,717390,4.128,5.028,0.34999999999999964,0.5499999999999998,False,True,717383,717390,False,True,True,3,Fwy_91_E_physical_run_3
717390,91,E,7,37,15044.0,,5.028,33.872655,-118.203751,0.65,ML,5,LONG BEACH 1,4081,,,,True,True,12,35,717387,717393,4.478,5.778,0.5499999999999998,0.75,True,False,717387,717393,True,False,False,3,Fwy_91_E_physical_run_3
717393,91,E,7,37,43000.0,,5.778,33.876009,-118.191574,0.585,ML,3,ATLANTIC 1,3329,,,,True,False,13,35,717390,717396,5.028,6.198,0.75,0.4200000000000008,True,True,717390,717396,True,True,False,3,
717396,91,E,7,37,43000.0,,6.198,33.876737,-118.184403,0.395,ML,5,ATLANTIC 2,3292,,,,True,True,14,35,717393,716296,5.778,6.568,0.4200000000000008,0.3699999999999992,False,True,717393,716296,False,True,True,4,Fwy_91_E_physical_run_4
716296,91,E,7,37,43000.0,,6.568,33.876767,-118.177981,0.53,ML,5,ORANGE,2168,,,,True,True,15,35,717396,717402,6.198,7.258,0.3699999999999992,0.6900000000000004,True,False,717396,717402,True,False,False,4,Fwy_91_E_physical_run_4
717402,91,E,7,37,43000.0,,7.258,33.875898,-118.166089,0.56,ML,4,CHERRY,3293,,,,True,False,16,35,716296,717406,6.568,7.688,0.6900000000000004,0.4299999999999997,True,True,716296,717406,True,True,False,4,
717406,91,E,7,37,43000.0,,7.688,33.876265,-118.158652,0.475,ML,4,PARAMOUNT,3294,,,,True,True,17,35,717402,765467,7.258,8.208,0.4299999999999997,0.5200000000000005,False,False,717402,765467,False,False,True,5,Fwy_91_E_physical_run_5
765467,91,E,7,37,4982.0,,8.208,33.876929,-118.149691,0.45,ML,5,DOWNEY 2,4505,,,,True,False,18,35,717406,718326,7.688,8.588,0.5200000000000005,0.379999999999999,True,False,717406,718326,True,False,False,5,
718326,91,E,7,37,4982.0,,8.588,33.876989,-118.143077,0.295,ML,4,LAKEWOOD 1,3295,,,,True,False,19,35,765467,717418,8.208,8.798,0.379999999999999,0.21000000000000085,False,True,765467,717418,False,True,False,5,
717418,91,E,7,37,4982.0,,8.798,33.877024,-118.139428,0.315,ML,4,LAKEWOOD 2,3296,,,,True,True,20,35,718326,717420,8.588,9.218,0.21000000000000085,0.41999999999999993,False,False,718326,717420,False,False,True,6,Fwy_91_E_physical_run_6
717420,91,E,7,37,4982.0,,9.218,33.8765,-118.132216,0.37,ML,5,CLARK,3297,,,,True,False,21,35,717418,768898,8.798,9.538,0.41999999999999993,0.3200000000000003,True,True,717418,768898,True,True,False,6,
768898,91,E,7,37,4982.0,,9.538,33.876002,-118.126736,0.27,ML,5,BELLFLOWER 1,3323,,,,True,True,22,35,717420,717426,9.218,9.758,0.3200000000000003,0.21999999999999886,False,True,717420,717426,False,True,True,7,Fwy_91_E_physical_run_7
717426,91,E,7,37,4982.0,,9.758,33.87605,-118.122915,0.34,ML,5,BELLFLOWER 2,3298,,,,True,True,23,35,768898,716312,9.538,10.218,0.21999999999999886,0.46000000000000085,True,False,768898,716312,True,False,False,7,Fwy_91_E_physical_run_7
716312,91,E,7,37,4982.0,,10.218,33.876464,-118.114961,0.52,ML,6,CALIFORNIA,2169,,,,True,False,24,35,717426,716313,9.758,10.798,0.46000000000000085,0.5800000000000001,True,False,717426,716313,True,False,False,7,
716313,91,E,7,37,12552.0,,10.798,33.876234,-118.104961,0.575,ML,3,W OF 605,2384,,,,True,False,25,35,716312,766209,10.218,11.368,0.5800000000000001,0.5700000000000003,False,False,716312,766209,False,False,False,7,
766209,91,E,7,37,12552.0,,11.368,33.876279,-118.095037,0.58,ML,5,STUDEBAKER,3299,,,,True,False,26,35,716313,717431,10.798,11.958,0.5700000000000003,0.5899999999999999,False,True,716313,717431,False,True,False,7,
717431,91,E,7,37,2896.0,,11.958,33.876317,-118.084773,0.42,ML,4,PIONEER 1,3300,,,,True,True,27,35,766209,717434,11.368,12.208,0.5899999999999999,0.25,False,True,766209,717434,False,True,True,8,Fwy_91_E_physical_run_8
717434,91,E,7,37,2896.0,,12.208,33.876324,-118.080425,0.29,ML,4,PIONEER 2,3301,,,,True,True,28,35,717431,717436,11.958,12.538,0.25,0.33000000000000007,True,True,717431,717436,True,True,False,8,Fwy_91_E_physical_run_8
717436,91,E,7,37,12552.0,,12.538,33.876358,-118.074686,0.28,ML,4,NORWALK 1,3302,,,,True,True,29,35,717434,717439,12.208,12.768,0.33000000000000007,0.23000000000000043,True,True,717434,717439,True,True,False,8,Fwy_91_E_physical_run_8
717439,91,E,7,37,12552.0,,12.768,33.876366,-118.070702,0.285,ML,4,NORWALK 2,3303,,,,True,True,30,35,717436,717441,12.538,13.108,0.23000000000000043,0.33999999999999986,True,True,717436,717441,True,True,False,8,Fwy_91_E_physical_run_8
717441,91,E,7,37,12552.0,,13.108,33.875647,-118.064958,0.32,ML,4,BLOOMFIELD,3318,,,,True,True,31,35,717439,759980,12.768,13.408,0.33999999999999986,0.29999999999999893,True,True,717439,759980,True,True,False,8,Fwy_91_E_physical_run_8
759980,91,E,7,37,12552.0,,13.408,33.873306,-118.060607,0.195,ML,4,SHOEMAKER,3304,,,,True,True,32,35,717441,768223,13.108,13.498,0.29999999999999893,0.08999999999999986,True,False,717441,768223,True,False,False,8,Fwy_91_E_physical_run_8
768223,91,E,7,37,12552.0,,13.498,33.87249,-118.059386,0.4,ML,4,ARTESIA,3317,,,,True,False,33,35,759980,717443,13.408,14.208,0.08999999999999986,0.7100000000000009,True,True,759980,717443,True,True,False,8,
717443,91,E,7,37,12552.0,,14.208,33.86603,-118.049777,0.6,ML,4,183RD,3316,,,,True,True,34,35,768223,773363,13.498,14.698,0.7100000000000009,0.4900000000000002,False,False,768223,773363,False,False,True,9,Fwy_91_E_physical_run_9
773363,91,E,7,37,12552.0,,14.698,33.862202,-118.042466,0.347,ML,4,CARMENITA,2674,,,,True,False,35,35,717443,,14.208,,0.4900000000000002,,True,False,717443,,True,False,False,9,
764425,91,W,7,37,44000.0,,0.558,33.872808,-118.281181,0.698,ML,3,FIGUEROA,2256,,,,True,False,1,34,,717365,,0.838,,0.2799999999999999,False,False,717365,,False,False,False,0,
717365,91,W,7,37,11530.0,,0.838,33.872789,-118.276308,0.495,ML,3,MAIN,4506,,,,True,False,2,34,764425,717368,0.558,1.548,0.2799999999999999,0.7100000000000001,False,True,717368,764425,True,False,False,0,
717368,91,W,7,37,11530.0,,1.548,33.873537,-118.264071,0.485,ML,4,AVALON 1,4139,,,,True,True,3,34,717365,765591,0.838,1.808,0.7100000000000001,0.26,False,True,765591,717365,True,False,True,1,Fwy_91_W_physical_run_1
765591,91,W,7,37,11530.0,,1.808,33.873665,-118.259554,0.36,ML,4,AVALON 2,4076,,,,True,True,4,34,717368,717375,1.548,2.268,0.26,0.45999999999999974,True,False,717375,717368,False,True,False,1,Fwy_91_W_physical_run_1
717375,91,W,7,37,11530.0,,2.268,33.873676,-118.251564,0.385,ML,4,CENTRAL 1,4138,,,,True,False,5,34,765591,717374,1.808,2.578,0.45999999999999974,0.31000000000000005,True,True,717374,765591,True,True,False,1,
717374,91,W,7,37,11530.0,,2.578,33.873522,-118.246184,0.415,ML,4,CENTRAL 2,4077,,,,True,True,6,34,717375,717378,2.268,3.098,0.31000000000000005,0.52,False,False,717378,717375,False,False,True,2,Fwy_91_W_physical_run_2
717378,91,W,7,37,15044.0,,3.098,33.873772,-118.23715,0.545,ML,4,WILMINGTON,4137,,,,True,False,7,34,717374,717380,2.578,3.668,0.52,0.5700000000000003,True,False,717380,717374,False,True,False,2,
717380,91,W,7,37,15044.0,,3.668,33.874114,-118.227251,0.515,ML,4,ACACIA,4136,,,,True,False,8,34,717378,717384,3.098,4.128,0.5700000000000003,0.45999999999999996,False,False,717384,717378,False,False,False,2,
717384,91,W,7,37,15044.0,,4.128,33.873704,-118.219282,0.405,ML,3,ALAMEDA,4079,,,,True,False,9,34,717380,717388,3.668,4.478,0.45999999999999996,0.34999999999999964,False,True,717388,717380,True,False,False,2,
717388,91,W,7,37,15044.0,,4.478,33.873559,-118.213194,0.45,ML,4,SANTA FE,4080,,,,True,True,10,34,717384,718327,4.128,5.028,0.34999999999999964,0.5499999999999998,False,True,718327,717384,True,False,True,3,Fwy_91_W_physical_run_3
718327,91,W,7,37,15044.0,,5.028,33.872905,-118.203748,0.65,ML,5,LONG BEACH,4507,,,,True,True,11,34,717388,717392,4.478,5.778,0.5499999999999998,0.75,True,False,717392,717388,False,True,False,3,Fwy_91_W_physical_run_3
717392,91,W,7,37,43000.0,,5.778,33.87619,-118.191575,0.585,ML,3,ATLANTIC 1,3329,,,,True,False,12,34,718327,717397,5.028,6.198,0.75,0.4200000000000008,True,True,717397,718327,True,True,False,3,
717397,91,W,7,37,43000.0,,6.198,33.87692,-118.184411,0.395,ML,4,ATLANTIC 2,3292,,,,True,True,13,34,717392,716295,5.778,6.568,0.4200000000000008,0.3699999999999992,False,True,716295,717392,True,False,True,4,Fwy_91_W_physical_run_4
716295,91,W,7,37,43000.0,,6.568,33.876997,-118.177986,0.405,ML,5,ORANGE,2168,,,,True,True,14,34,717397,717399,6.198,7.008,0.3699999999999992,0.4400000000000004,True,True,717399,717397,True,True,False,4,Fwy_91_W_physical_run_4
717399,91,W,7,37,43000.0,,7.008,33.876459,-118.1704,0.47,ML,5,CHERRY,3328,,,,True,True,15,34,716295,717404,6.568,7.508,0.4400000000000004,0.5,True,True,717404,716295,True,True,False,4,Fwy_91_W_physical_run_4
717404,91,W,7,37,43000.0,,7.508,33.876117,-118.161745,0.495,ML,5,PARAMOUNT,3327,,,,True,True,16,34,717399,717410,7.008,7.998,0.5,0.4900000000000002,True,False,717410,717399,False,True,False,4,Fwy_91_W_physical_run_4
717410,91,W,7,37,43000.0,,7.998,33.877126,-118.153353,0.52,ML,4,DOWNEY 1,3326,,,,True,False,17,34,717404,717413,7.508,8.548,0.4900000000000002,0.5499999999999998,True,True,717413,717404,True,True,False,4,
717413,91,W,7,37,4982.0,,8.548,33.877179,-118.143773,0.325,ML,4,LAKEWOOD 1,3325,,,,True,True,18,34,717410,717416,7.998,8.648,0.5499999999999998,0.09999999999999964,False,False,717416,717410,False,False,True,5,Fwy_91_W_physical_run_5
717416,91,W,7,37,4982.0,,8.648,33.877201,-118.142032,0.335,ML,4,LAKEWOOD 2,3324,,,,True,False,19,34,717413,717421,8.548,9.218,0.09999999999999964,0.5700000000000003,True,False,717421,717413,False,True,False,5,
717421,91,W,7,37,4982.0,,9.218,33.876702,-118.132194,0.445,ML,4,CLARK,3297,,,,True,False,20,34,717416,717424,8.648,9.538,0.5700000000000003,0.3200000000000003,False,True,717424,717416,True,False,False,5,
717424,91,W,7,37,4982.0,,9.538,33.87621,-118.126705,0.27,ML,4,BELLFLOWER 1,3323,,,,True,True,21,34,717421,768907,9.218,9.758,0.3200000000000003,0.21999999999999886,False,True,768907,717421,True,False,True,6,Fwy_91_W_physical_run_6
768907,91,W,7,37,4982.0,,9.758,33.876256,-118.122877,0.34,ML,4,BELLFLOWER 2,3298,,,,True,True,22,34,717424,716311,9.538,10.218,0.21999999999999886,0.46000000000000085,True,False,716311,717424,False,True,False,6,Fwy_91_W_physical_run_6
716311,91,W,7,37,4982.0,,10.218,33.876731,-118.114918,0.52,ML,5,CALIFORNIA,2169,,,,True,False,23,34,768907,716314,9.758,10.798,0.46000000000000085,0.5800000000000001,True,False,716314,768907,False,True,False,6,
716314,91,W,7,37,12552.0,,10.798,33.876465,-118.104925,0.575,ML,4,W OF 605,2384,,,,True,False,24,34,716311,766211,10.218,11.368,0.5800000000000001,0.5700000000000003,False,False,766211,716311,False,False,False,6,
766211,91,W,7,37,12552.0,,11.368,33.876493,-118.095039,0.58,ML,3,STUDEBAKER,3299,,,,True,False,25,34,716314,717428,10.798,11.958,0.5700000000000003,0.5899999999999999,False,False,717428,716314,False,False,False,6,
717428,91,W,7,37,2896.0,,11.958,33.876536,-118.084783,0.42,ML,4,PIONEER 1,3322,,,,True,False,26,34,766211,717433,11.368,12.208,0.5899999999999999,0.25,False,True,717433,766211,True,False,False,6,
717433,91,W,7,37,2896.0,,12.208,33.87657,-118.080438,0.27,ML,4,PIONEER 2,3321,,,,True,True,27,34,717428,717435,11.958,12.498,0.25,0.28999999999999915,False,True,717435,717428,True,False,True,7,Fwy_91_W_physical_run_7
717435,91,W,7,37,12552.0,,12.498,33.876583,-118.075397,0.245,ML,4,NORWALK 1,3320,,,,True,True,28,34,717433,717438,12.208,12.698,0.28999999999999915,0.20000000000000107,True,False,717438,717433,False,True,False,7,Fwy_91_W_physical_run_7
717438,91,W,7,37,12552.0,,12.698,33.876613,-118.071914,0.28,ML,4,NORWALK 2,3319,,,,True,False,29,34,717435,717440,12.498,13.058,0.20000000000000107,0.35999999999999943,True,True,717440,717435,True,True,False,7,
717440,91,W,7,37,12552.0,,13.058,33.876119,-118.065686,0.35,ML,4,BLOOMFIELD,3318,,,,True,True,30,34,717438,766555,12.698,13.398,0.35999999999999943,0.33999999999999986,False,False,766555,717438,False,False,True,8,Fwy_91_W_physical_run_8
766555,91,W,7,37,12552.0,,13.398,33.873627,-118.060623,0.22,ML,4,SHOWMAKER,3304,,,,True,False,31,34,717440,768222,13.058,13.498,0.33999999999999986,0.09999999999999964,True,False,768222,717440,False,True,False,8,
768222,91,W,7,37,12552.0,,13.498,33.872702,-118.059283,0.37,ML,4,ARTESIA,3317,,,,True,False,32,34,766555,717442,13.398,14.138,0.09999999999999964,0.6400000000000006,False,True,717442,766555,True,False,False,8,
717442,91,W,7,37,12552.0,,14.138,33.866819,-118.050661,0.6,ML,4,183RD,3316,,,,True,True,33,34,768222,773362,13.498,14.698,0.6400000000000006,0.5600000000000005,False,False,773362,768222,False,False,True,9,Fwy_91_W_physical_run_9
773362,91,W,7,37,12552.0,,14.698,33.862383,-118.04237,0.382,ML,4,CARMENITA,2674,,,,True,False,34,34,717442,,14.138,,0.5600000000000005,,True,False,,717442,False,True,False,9,
776425,101,N,7,37,44000.0,0.19,1.538,34.053056,-118.228007,1.643,ML,4,MISSION RD,4182,,,,True,False,1,89,,776480,,1.748,,0.20999999999999996,False,True,,776480,False,True,False,0,
776480,101,N,7,37,44000.0,0.4,1.748,34.053569,-118.231606,0.405,ML,5,VIGNES STREET,4144,,,,True,True,2,89,776425,776752,1.538,2.348,0.20999999999999996,0.5999999999999999,False,True,776425,776752,False,True,True,1,Fwy_101_N_physical_run_1
776752,101,N,7,37,44000.0,1.0,2.348,34.056286,-118.24115,0.34,ML,3,FIRST STREET,2002,,,,True,True,3,89,776480,773023,1.748,2.428,0.5999999999999999,0.08000000000000007,True,False,776480,773023,True,False,False,1,Fwy_101_N_physical_run_1
773023,101,N,7,37,44000.0,1.08,2.428,34.056973,-118.242279,0.399,ML,4,BROADWAY,4147,,,,True,False,4,89,776752,776136,2.348,3.146,0.08000000000000007,0.718,True,False,776752,776136,True,False,False,1,
776136,101,N,7,37,44000.0,1.798,3.146,34.06459,-118.250774,0.67,ML,5,N OF 110,2385,,,,True,False,5,89,773023,717445,2.428,3.768,0.718,0.6219999999999999,False,False,773023,717445,False,False,False,1,
717445,101,N,7,37,44000.0,2.42,3.768,34.06933,-118.259931,0.571,ML,4,GLENDALE,3284,,,,True,False,6,89,776136,717447,3.146,4.288,0.6219999999999999,0.5200000000000005,False,False,776136,717447,False,False,False,1,
717447,101,N,7,37,44000.0,2.94,4.288,34.072657,-118.268106,0.43,ML,4,ALVARADO,3285,,,,True,False,7,89,717445,717452,3.768,4.628,0.5200000000000005,0.33999999999999986,False,False,717445,717452,False,False,False,1,
717452,101,N,7,37,44000.0,3.28,4.628,34.074945,-118.273396,0.45,ML,4,RAMPART,3286,,,,True,False,8,89,717447,716337,4.288,5.188,0.33999999999999986,0.5599999999999996,False,False,717447,716337,False,False,False,1,
716337,101,N,7,37,44000.0,3.84,5.188,34.077518,-118.282724,0.46,ML,4,SILVER LAKE,3287,,,,True,False,9,89,717452,765164,4.628,5.548,0.5599999999999996,0.3600000000000003,False,False,717452,765164,False,False,False,1,
765164,101,N,7,37,44000.0,4.2,5.548,34.078907,-118.288793,0.335,ML,4,VERMONT 1,3002,,,,True,False,10,89,716337,717456,5.188,5.858,0.3600000000000003,0.3099999999999996,False,False,716337,717456,False,False,False,1,
717456,101,N,7,37,44000.0,4.51,5.858,34.081134,-118.29347,0.29,ML,4,VERMONT 2,3288,,,,True,False,11,89,765164,717459,5.548,6.128,0.3099999999999996,0.27000000000000046,False,False,765164,717459,False,False,False,1,
717459,101,N,7,37,44000.0,4.78,6.128,34.083079,-118.297553,0.29,ML,4,MELROSE,3279,,,,True,False,12,89,717456,717460,5.858,6.438,0.27000000000000046,0.3099999999999996,False,False,717456,717460,False,False,False,1,
717460,101,N,7,37,44000.0,5.09,6.438,34.085801,-118.301771,0.35,ML,4,NORMANDIE,3289,,,,True,False,13,89,717459,717463,6.128,6.828,0.3099999999999996,0.39000000000000057,False,False,717459,717463,False,False,False,1,
717463,101,N,7,37,44000.0,5.48,6.828,34.090089,-118.305929,0.405,ML,4,SANTA MONICA,3278,,,,True,False,14,89,717460,717465,6.438,7.248,0.39000000000000057,0.41999999999999993,False,False,717460,717465,False,False,False,1,
717465,101,N,7,37,44000.0,5.9,7.248,34.094618,-118.310464,0.31,ML,4,WESTERN,3290,,,,True,False,15,89,717463,717469,6.828,7.448,0.41999999999999993,0.20000000000000018,False,False,717463,717469,False,False,False,1,
717469,101,N,7,37,44000.0,6.1,7.448,34.096481,-118.313058,0.235,ML,4,SUNSET,3277,,,,True,False,16,89,717465,717473,7.248,7.718,0.20000000000000018,0.2699999999999996,False,True,717465,717473,False,True,False,1,
717473,101,N,7,37,44000.0,6.37,7.718,34.099806,-118.315367,0.2,ML,4,HOLLYWOOD,3159,,,,True,True,17,89,717469,769372,7.448,7.848,0.2699999999999996,0.1299999999999999,False,False,717469,769372,False,False,True,2,Fwy_101_N_physical_run_2
769372,101,N,7,37,44000.0,6.5,7.848,34.10148,-118.316373,0.42,ML,4,HOLLYWOOD,160,,,,True,False,18,89,717473,717480,7.718,8.558,0.1299999999999999,0.71,True,False,717473,717480,True,False,False,2,
717480,101,N,7,37,44000.0,7.21,8.558,34.105922,-118.327165,0.6,ML,4,ARGYLE,3161,,,,True,False,19,89,769372,769389,7.848,9.048,0.71,0.4900000000000002,False,False,769372,769389,False,False,False,2,
769389,101,N,7,37,44000.0,7.7,9.048,34.110196,-118.333961,0.45,ML,4,HIGHLAND,164,,,,True,False,20,89,717480,717483,8.558,9.458,0.4900000000000002,0.41000000000000014,False,True,717480,717483,False,True,False,2,
717483,101,N,7,37,44000.0,8.11,9.458,34.115601,-118.33666,0.45,ML,5,CAHUENGA,3165,,,,True,True,21,89,769389,769402,9.048,9.948,0.41000000000000014,0.4900000000000002,False,False,769389,769402,False,False,True,3,Fwy_101_N_physical_run_3
769402,101,N,7,37,44000.0,8.6,9.948,34.121951,-118.34017,0.395,ML,6,N/O HIGHLAND,2078,,,,True,False,22,89,717483,769418,9.458,10.248,0.4900000000000002,0.29999999999999893,True,False,717483,769418,True,False,False,3,
769418,101,N,7,37,44000.0,8.9,10.248,34.125162,-118.343673,0.305,ML,5,N/O MULHOLLAND,2079,,,,True,False,23,89,769402,764949,9.948,10.558,0.29999999999999893,0.3100000000000005,False,False,769402,764949,False,False,False,3,
764949,101,N,7,37,44000.0,9.21,10.558,34.128774,-118.346843,0.38,ML,5,BARHAM,3166,,,,True,False,24,89,769418,765176,10.248,11.008,0.3100000000000005,0.4499999999999993,False,False,769418,765176,False,False,False,3,
765176,101,N,7,37,44000.0,9.66,11.008,34.133337,-118.352345,0.31,ML,5,UNIVERSAL 1,4557,,,,True,False,25,89,764949,764760,10.558,11.178,0.4499999999999993,0.1700000000000017,False,False,764949,764760,False,False,False,3,
764760,101,N,7,37,44000.0,9.83,11.178,34.134078,-118.355163,0.19,ML,5,UNIVERSAL 2,4556,,,,True,False,26,89,765176,768469,11.008,11.388,0.1700000000000017,0.20999999999999908,False,False,765176,768469,False,False,False,3,
768469,101,N,7,37,44000.0,10.04,11.388,34.135151,-118.358579,0.35,ML,5,LANKERSHIM,3168,,,,True,False,27,89,764760,716359,11.178,11.878,0.20999999999999908,0.4900000000000002,False,False,764760,716359,False,False,False,3,
716359,101,N,7,37,44000.0,10.53,11.878,34.139643,-118.365139,0.565,ML,5,LANKERSHIM,3169,,,,True,False,28,89,768469,717491,11.388,12.518,0.4900000000000002,0.6400000000000006,False,False,768469,717491,False,False,False,3,
717491,101,N,7,37,44000.0,11.17,12.518,34.14739,-118.370853,0.5,ML,5,VINELAND,3171,,,,True,False,29,89,716359,718141,11.878,12.878,0.6400000000000006,0.35999999999999943,False,False,716359,718141,False,False,False,3,
718141,101,N,7,37,44000.0,11.53,12.878,34.151437,-118.374683,0.419,ML,3,MOORPARK,3172,,,,True,False,30,89,717491,717492,12.518,13.356,0.35999999999999943,0.47799999999999976,False,True,717491,717492,False,True,False,3,
717492,101,N,7,37,44000.0,11.98,13.356,34.154581,-118.381115,0.699,ML,5,TUJUNGA,3397,,,,True,True,31,89,718141,769467,12.878,14.276,0.47799999999999976,0.9199999999999999,False,False,718141,769467,False,False,True,4,Fwy_101_N_physical_run_4
769467,101,N,7,37,44000.0,12.9,14.276,34.154537,-118.397142,0.76,ML,5,LAUREL CANYON,3398,,,,True,False,32,89,717492,769346,13.356,14.876,0.9199999999999999,0.5999999999999996,True,False,717492,769346,True,False,False,4,
769346,101,N,7,37,44000.0,13.5,14.876,34.156793,-118.407014,0.54,ML,5,WHITSETT AVE,2649,,,,True,False,33,89,769467,717497,14.276,15.356,0.5999999999999996,0.4800000000000004,False,False,769467,717497,False,False,False,4,
717497,101,N,7,37,44000.0,13.98,15.356,34.156829,-118.415379,0.45,ML,5,COLDWATER CANYON,3399,,,,True,False,34,89,769346,769358,14.876,15.776,0.4800000000000004,0.41999999999999993,False,False,769346,769358,False,False,False,4,
769358,101,N,7,37,44000.0,14.4,15.776,34.156683,-118.422679,0.51,ML,5,FULTON AVE,2650,,,,True,False,35,89,717497,717498,15.356,16.376,0.41999999999999993,0.6000000000000014,False,False,717497,717498,False,False,False,4,
717498,101,N,7,37,44000.0,15.0,16.376,34.155725,-118.432994,0.45,ML,5,WOODMAN,3400,,,,True,False,36,89,769358,769443,15.776,16.676,0.6000000000000014,0.29999999999999716,False,False,769358,769443,False,False,False,4,
769443,101,N,7,37,44000.0,15.3,16.676,34.155751,-118.438222,0.505,ML,5,HAZELTINE,2651,,,,True,False,37,89,717498,717501,16.376,17.386,0.29999999999999716,0.7100000000000009,False,True,717498,717501,False,True,False,4,
717501,101,N,7,37,44000.0,16.01,17.386,34.15746,-118.450006,0.55,ML,5,VAN NUYS,3401,,,,True,True,38,89,769443,769431,16.676,17.776,0.7100000000000009,0.39000000000000057,False,False,769443,769431,False,False,True,5,Fwy_101_N_physical_run_5
769431,101,N,7,37,44000.0,16.4,17.776,34.158459,-118.456664,0.565,ML,6,KESTER,2652,,,,True,False,39,89,717501,764794,17.386,18.516,0.39000000000000057,0.7399999999999984,True,False,717501,764794,True,False,False,5,
764794,101,N,7,37,44000.0,17.14,18.516,34.160765,-118.469064,0.5,ML,4,RT 405 CN,2387,,,,True,False,40,89,769431,765099,17.776,18.776,0.7399999999999984,0.26000000000000156,False,False,769431,765099,False,False,False,5,
765099,101,N,7,37,44000.0,17.4,18.776,34.163563,-118.472068,0.225,ML,6,N OF 405,2388,,,,True,False,41,89,764794,717502,18.516,18.966,0.26000000000000156,0.19000000000000128,False,False,764794,717502,False,False,False,5,
717502,101,N,7,37,44000.0,17.59,18.966,34.165132,-118.474715,0.341,ML,6,HASKELL,3032,,,,True,False,42,89,765099,772168,18.776,19.459,0.19000000000000128,0.49299999999999855,False,False,765099,772168,False,False,False,5,
772168,101,N,7,37,44000.0,18.1,19.459,34.165406,-118.483271,0.721,ML,6,WOODLEY,2668,,,,True,False,43,89,717502,776081,18.966,20.409,0.49299999999999855,0.9499999999999993,False,False,717502,776081,False,False,False,5,
776081,101,N,7,37,44000.0,19.05,20.409,34.169082,-118.498485,0.65,ML,5,BALBOA,3417,,,,True,False,44,89,772168,772178,19.459,20.759,0.9499999999999993,0.3500000000000014,False,False,772168,772178,False,False,False,5,
772178,101,N,7,37,44000.0,19.4,20.759,34.171202,-118.503926,0.375,ML,5,BALBOA,3033,,,,True,False,45,89,776081,772596,20.409,21.159,0.3500000000000014,0.3999999999999986,False,False,776081,772596,False,False,False,5,
772596,101,N,7,37,44000.0,19.8,21.159,34.171254,-118.510916,0.47,ML,5,LOUISE,2001,,,,True,False,46,89,772178,717510,20.759,21.699,0.3999999999999986,0.5400000000000027,False,False,772178,717510,False,False,False,5,
717510,101,N,7,37,44000.0,20.34,21.699,34.171285,-118.520359,0.58,ML,5,WHITE OAK,3402,,,,True,False,47,89,772596,776066,21.159,22.319,0.5400000000000027,0.6199999999999974,False,False,772596,776066,False,False,False,5,
776066,101,N,7,37,44000.0,20.96,22.319,34.171745,-118.531122,0.52,ML,5,BURBANK,3415,,,,True,False,48,89,717510,717513,21.699,22.739,0.6199999999999974,0.4200000000000017,False,True,717510,717513,False,True,False,5,
717513,101,N,7,37,44000.0,21.38,22.739,34.173406,-118.538066,0.555,ML,5,RESEDA,3403,,,,True,True,49,89,776066,776060,22.319,23.429,0.4200000000000017,0.6899999999999977,False,False,776066,776060,False,False,True,6,Fwy_101_N_physical_run_6
776060,101,N,7,37,44000.0,22.07,23.429,34.173608,-118.550128,0.49,ML,5,TAMPA,3414,,,,True,False,50,89,717513,717515,22.739,23.719,0.6899999999999977,0.2900000000000027,True,True,717513,717515,True,True,False,6,
717515,101,N,7,37,44000.0,22.36,23.719,34.17368,-118.555198,0.315,ML,5,TAMPA,3404,,,,True,True,51,89,776060,772609,23.429,24.059,0.2900000000000027,0.33999999999999986,False,True,776060,772609,False,True,True,7,Fwy_101_N_physical_run_7
772609,101,N,7,37,44000.0,22.7,24.059,34.173613,-118.561137,0.52,ML,5,CORBIN,2669,,,,True,True,52,89,717515,717517,23.719,24.759,0.33999999999999986,0.6999999999999993,True,False,717515,717517,True,False,False,7,Fwy_101_N_physical_run_7
717517,101,N,7,37,44000.0,23.4,24.759,34.171556,-118.573031,0.875,ML,5,WINNETKA,3405,,,,True,False,53,89,772609,717519,24.059,25.809,0.6999999999999993,1.0500000000000007,True,True,772609,717519,True,True,False,7,
717519,101,N,7,37,44000.0,24.45,25.809,34.168519,-118.590528,0.68,ML,5,DE SOTO,3406,,,,True,True,54,89,717517,776073,24.759,26.119,1.0500000000000007,0.3099999999999987,False,False,717517,776073,False,False,True,8,Fwy_101_N_physical_run_8
776073,101,N,7,37,44000.0,24.76,26.119,34.169341,-118.595856,0.405,ML,5,CANOGA,3411,,,,True,False,55,89,717519,776052,25.809,26.619,0.3099999999999987,0.5,True,False,717519,776052,True,False,False,8,
776052,101,N,7,37,44000.0,25.26,26.619,34.170656,-118.604454,0.345,ML,5,TOPANGA 1,3410,,,,True,False,56,89,776073,717522,26.119,26.809,0.5,0.19000000000000128,False,False,776073,717522,False,False,False,8,
717522,101,N,7,37,44000.0,25.45,26.809,34.170894,-118.607747,0.67,ML,4,TOPANGA CYN,4156,,,,True,False,57,89,776052,772583,26.619,27.959,0.19000000000000128,1.1499999999999986,False,False,776052,772583,False,False,False,8,
772583,101,N,7,37,44000.0,26.6,27.959,34.163866,-118.625655,0.705,ML,4,FALLBROOK,2498,,,,True,False,58,89,717522,717524,26.809,28.219,1.1499999999999986,0.26000000000000156,False,False,717522,717524,False,False,False,8,
717524,101,N,7,37,44000.0,26.86,28.219,34.162351,-118.629794,0.455,ML,4,WOODLAKE,4157,,,,True,False,59,89,772583,760002,27.959,28.869,0.26000000000000156,0.6499999999999986,False,False,772583,760002,False,False,False,8,
760002,101,N,7,37,44000.0,27.51,28.869,34.158544,-118.640131,0.37,ML,4,LONG VALLEY,4158,,,,True,False,60,89,717524,772354,28.219,28.959,0.6499999999999986,0.08999999999999986,False,False,717524,772354,False,False,False,8,
772354,101,N,7,37,44000.0,27.6,28.959,34.158019,-118.641563,0.415,ML,4,CRAFTMAN,2005,,,,True,False,61,89,760002,776313,28.869,29.699,0.08999999999999986,0.740000000000002,False,False,760002,776313,False,False,False,8,
776313,101,N,7,37,90310.0,28.34,29.699,34.153134,-118.653016,0.41,ML,4,CALABASAS 1,4155,,,,True,False,62,89,772354,770611,28.959,29.779,0.740000000000002,0.0799999999999983,False,False,772354,770611,False,False,False,8,
770611,101,N,7,37,90310.0,28.42,29.779,34.152719,-118.65432,1.33,ML,4,CALABASAS ROAD,2633,,,,True,False,63,89,776313,737433,29.699,32.359,0.0799999999999983,2.580000000000002,False,False,776313,737433,False,False,False,8,
737433,101,N,7,37,90310.0,31.0,32.359,34.149171,-118.69734,1.84,ML,4,LAS VIRGENES RD,4160,,,,True,False,64,89,770611,776457,29.779,33.459,2.580000000000002,1.1000000000000014,False,False,770611,776457,False,False,False,8,
776457,101,N,7,37,90310.0,32.1,33.459,34.140004,-118.712596,0.95,ML,4,LOST HILLS,4180,,,,True,False,65,89,737433,768253,32.359,34.259,1.1000000000000014,0.7999999999999972,False,False,737433,768253,False,False,False,8,
768253,101,N,7,37,394.0,32.9,34.259,34.138072,-118.726233,0.835,ML,4,LIBERTY CANYON RD 2,4162,,,,True,False,66,89,776457,764958,33.459,35.129,0.7999999999999972,0.8699999999999974,False,False,776457,764958,False,False,False,8,
764958,101,N,7,37,394.0,33.77,35.129,34.143303,-118.739457,1.04,ML,4,PALO COMADO CYN,4163,,,,True,False,67,89,768253,764963,34.259,36.339,0.8699999999999974,1.2100000000000009,False,False,768253,764963,False,False,False,8,
764963,101,N,7,37,394.0,34.98,36.339,34.146034,-118.760227,0.715,ML,4,KANAN,4164,,,,True,False,68,89,764958,772340,35.129,36.559,1.2100000000000009,0.21999999999999886,False,False,764958,772340,False,False,False,8,
772340,101,N,7,37,394.0,35.2,36.559,34.14652,-118.764022,0.65,ML,4,KANAN 2,4149,,,,True,False,69,89,764963,759271,36.339,37.639,0.21999999999999886,1.0800000000000054,False,False,764963,759271,False,False,False,8,
759271,101,N,7,37,394.0,36.28,37.639,34.14691,-118.782745,1.14,ML,4,REYES ADOBE,4165,,,,True,False,70,89,772340,765101,36.559,38.839,1.0800000000000054,1.1999999999999957,False,False,772340,765101,False,False,False,8,
765101,101,N,7,37,84438.0,37.48,38.839,34.148901,-118.803161,0.71,ML,4,LINDERO 1,4166,,,,True,False,71,89,759271,765472,37.639,39.059,1.1999999999999957,0.21999999999999886,False,False,759271,765472,False,False,False,8,
765472,101,N,7,37,84438.0,37.7,39.059,34.150034,-118.806843,0.651,ML,4,LINDERO 2,4167,,,,True,False,72,89,765101,764803,38.839,40.469,0.21999999999999886,1.4100000000000037,False,True,765101,764803,False,True,False,8,
764803,101,N,7,111,78582.0,0.92,40.469,34.159878,-118.82825,0.879,ML,5,WESTLAKE 1,4503,,,,True,True,73,89,765472,764808,39.059,40.489,1.4100000000000037,0.01999999999999602,False,True,765472,764808,False,True,True,9,Fwy_101_N_physical_run_9
764808,101,N,7,111,78582.0,0.94,40.489,34.160056,-118.828523,0.425,ML,5,WESTLAKE 2,4502,,,,True,True,74,89,764803,764819,40.469,41.319,0.01999999999999602,0.8300000000000054,True,True,764803,764819,True,True,False,9,Fwy_101_N_physical_run_9
764819,101,N,7,111,78582.0,1.77,41.319,34.167524,-118.839757,1.115,ML,5,HAMPSHIRE,4501,,,,True,True,75,89,764808,764829,40.489,42.719,0.8300000000000054,1.3999999999999986,True,False,764808,764829,True,False,False,9,Fwy_101_N_physical_run_9
764829,101,N,7,111,78582.0,3.17,42.719,34.176331,-118.860741,0.835,ML,4,RANCHO,4500,,,,True,False,76,89,764819,776465,41.319,42.989,1.3999999999999986,0.269999999999996,True,True,764819,776465,True,True,False,9,
776465,101,N,7,111,78582.0,3.44,42.989,34.176675,-118.865433,0.53,ML,4,RTE 23 CN,4571,,,,True,True,77,89,764829,764839,42.719,43.779,0.269999999999996,0.7900000000000063,False,True,764829,764839,False,True,True,10,Fwy_101_N_physical_run_10
764839,101,N,7,111,78582.0,4.23,43.779,34.1778,-118.879126,0.865,ML,4,MOORPARK,4497,,,,True,True,78,89,776465,764863,42.989,44.719,0.7900000000000063,0.9399999999999977,True,True,776465,764863,True,True,False,10,Fwy_101_N_physical_run_10
764863,101,N,7,111,78582.0,5.17,44.719,34.184342,-118.893462,0.96,ML,3,LYNN RD,4496,,,,True,True,79,89,764839,764879,43.779,45.699,0.9399999999999977,0.9799999999999969,True,False,764839,764879,True,False,False,10,Fwy_101_N_physical_run_10
764879,101,N,7,111,78582.0,6.15,45.699,34.184484,-118.910472,0.585,ML,3,VENTURA PARK 1,4495,,,,True,False,80,89,764863,764891,44.719,45.889,0.9799999999999969,0.19000000000000483,True,False,764863,764891,True,False,False,10,
764891,101,N,7,111,78582.0,6.34,45.889,34.184452,-118.913787,0.54,ML,4,VENTURA PARK 2,4494,,,,True,False,81,89,764879,764900,45.699,46.779,0.19000000000000483,0.8900000000000006,False,False,764879,764900,False,False,False,10,
764900,101,N,7,111,78582.0,7.23,46.779,34.185571,-118.929061,0.76,ML,3,BORCHARD,4492,,,,True,False,82,89,764891,764910,45.889,47.409,0.8900000000000006,0.6299999999999955,False,False,764891,764910,False,False,False,10,
764910,101,N,7,111,78582.0,7.86,47.409,34.18968,-118.938878,0.415,ML,3,WENDY 1,4491,,,,True,False,83,89,764900,764915,46.779,47.609,0.6299999999999955,0.20000000000000284,False,True,764900,764915,False,True,False,10,
764915,101,N,7,111,78582.0,8.06,47.609,34.191042,-118.941959,1.475,ML,4,WENDY 2,4490,,,,True,True,84,89,764910,764921,47.409,50.359,0.20000000000000284,2.75,False,False,764910,764921,False,False,True,11,Fwy_101_N_physical_run_11
764921,101,N,7,111,10046.0,10.81,50.359,34.205441,-118.984481,2.105,ML,3,CAMARILLO,4649,,,,True,False,85,89,764915,764932,47.609,51.819,2.75,1.4600000000000009,True,True,764915,764932,True,True,False,11,
764932,101,N,7,111,10046.0,12.27,51.819,34.213624,-119.007232,3.23,ML,3,PLEASANT VALLEY,4488,,,,True,True,86,89,764921,775302,50.359,59.579,1.4600000000000009,7.759999999999998,False,False,764921,775302,False,False,True,12,Fwy_101_N_physical_run_12
775302,101,N,7,111,54652.0,20.03,59.579,34.222669,-119.141683,2.56,ML,3,RICE 1,4484,,,,True,False,87,89,764932,775365,51.819,59.699,7.759999999999998,0.11999999999999744,True,False,764932,775365,True,False,False,12,
775365,101,N,7,111,54652.0,20.15,59.699,34.222807,-119.143772,2.085,ML,4,RICE 2,4483,,,,True,False,88,89,775302,767810,59.579,63.749,0.11999999999999744,4.050000000000004,False,True,775302,767810,False,True,False,12,
767810,101,N,7,111,65042.0,,63.749,34.249209,-119.204207,4.525,ML,3,S/O VICTORIA,2750,,,,True,True,89,89,775365,,59.699,,4.050000000000004,,False,False,775365,,False,False,True,13,Fwy_101_N_physical_run_13
773062,101,S,7,37,44000.0,0.45,1.798,34.053512,-118.232514,1.893,ML,4,GAREY STREET,4183,,,,True,False,1,98,,776328,,1.988,,0.18999999999999995,False,False,776328,,False,False,False,0,
776328,101,S,7,37,44000.0,0.64,1.988,34.053705,-118.235846,0.275,ML,4,LOS ANGELES ST,3291,,,,True,False,2,98,773062,776751,1.798,2.348,0.18999999999999995,0.3599999999999999,False,True,776751,773062,True,False,False,0,
776751,101,S,7,37,44000.0,1.0,2.348,34.056156,-118.241309,0.22,ML,4,FIRST STREET,2002,,,,True,True,3,98,776328,773024,1.988,2.428,0.3599999999999999,0.08000000000000007,False,False,773024,776328,False,False,True,1,Fwy_101_S_physical_run_1
773024,101,S,7,37,44000.0,1.08,2.428,34.056861,-118.242427,0.415,ML,4,BROADWAY,4147,,,,True,False,4,98,776751,764853,2.348,3.178,0.08000000000000007,0.75,True,False,764853,776751,False,True,False,1,
764853,101,S,7,37,44000.0,1.83,3.178,34.064756,-118.251325,0.5,ML,5,N OF 110,2385,,,,True,False,5,98,773024,716328,2.428,3.428,0.75,0.25,False,True,716328,773024,True,False,False,1,
716328,101,S,7,37,44000.0,2.08,3.428,34.067067,-118.254688,0.365,ML,4,EDGEWARE,2076,,,,True,True,6,98,764853,716331,3.178,3.908,0.25,0.48,False,False,716331,764853,False,False,True,2,Fwy_101_S_physical_run_2
716331,101,S,7,37,44000.0,2.56,3.908,34.070002,-118.262279,0.355,ML,4,GLENDALE,3004,,,,True,False,7,98,716328,717446,3.428,4.138,0.48,0.22999999999999998,True,False,717446,716328,False,True,False,2,
717446,101,S,7,37,44000.0,2.79,4.138,34.071462,-118.265891,0.36,ML,4,ALVARADO,3281,,,,True,False,8,98,716331,717450,3.908,4.628,0.22999999999999998,0.4900000000000002,False,False,717450,716331,False,False,False,2,
717450,101,S,7,37,44000.0,3.28,4.628,34.074797,-118.273463,0.47,ML,4,RAMPART,3280,,,,True,False,9,98,717446,717453,4.138,5.078,0.4900000000000002,0.4500000000000002,False,False,717453,717446,False,False,False,2,
717453,101,S,7,37,44000.0,3.73,5.078,34.076926,-118.280908,0.46,ML,4,SILVER LAKE,3003,,,,True,False,10,98,717450,716339,4.628,5.548,0.4500000000000002,0.46999999999999975,False,False,716339,717450,False,False,False,2,
716339,101,S,7,37,44000.0,4.2,5.548,34.078365,-118.288977,0.525,ML,4,VERMONT,3002,,,,True,False,11,98,717453,717458,5.078,6.128,0.46999999999999975,0.5800000000000001,False,False,717458,717453,False,False,False,2,
717458,101,S,7,37,44000.0,4.78,6.128,34.082786,-118.297762,0.445,ML,4,MELROSE,3279,,,,True,False,12,98,716339,717461,5.548,6.438,0.5800000000000001,0.3099999999999996,False,False,717461,716339,False,False,False,2,
717461,101,S,7,37,44000.0,5.09,6.438,34.085657,-118.301901,0.35,ML,4,NORMANDIE,3289,,,,True,False,13,98,717458,717462,6.128,6.828,0.3099999999999996,0.39000000000000057,False,False,717462,717458,False,False,False,2,
717462,101,S,7,37,44000.0,5.48,6.828,34.089949,-118.306085,0.405,ML,4,SANTA MONICA,3278,,,,True,False,14,98,717461,717466,6.438,7.248,0.39000000000000057,0.41999999999999993,False,False,717466,717461,False,False,False,2,
717466,101,S,7,37,44000.0,5.9,7.248,34.094488,-118.310649,0.31,ML,4,WESTERN,3290,,,,True,False,15,98,717462,717468,6.828,7.448,0.41999999999999993,0.20000000000000018,False,False,717468,717462,False,False,False,2,
717468,101,S,7,37,44000.0,6.1,7.448,34.096382,-118.313222,0.23,ML,4,SUNSET,3277,,,,True,False,16,98,717466,717472,7.248,7.708,0.20000000000000018,0.2599999999999998,False,True,717472,717466,True,False,False,2,
717472,101,S,7,37,44000.0,6.36,7.708,34.099575,-118.315495,0.2,ML,4,HOLLYWOOD,3159,,,,True,True,17,98,717468,769373,7.448,7.848,0.2599999999999998,0.13999999999999968,False,False,769373,717468,False,False,True,3,Fwy_101_S_physical_run_3
769373,101,S,7,37,44000.0,6.5,7.848,34.101382,-118.316558,0.315,ML,4,HOLLYWOOD,160,,,,True,False,18,98,717472,717479,7.708,8.338,0.13999999999999968,0.4899999999999993,True,True,717479,717472,True,True,False,3,
717479,101,S,7,37,44000.0,6.99,8.338,34.104365,-118.323801,0.385,ML,4,ARGYLE,3162,,,,True,True,19,98,769373,717481,7.848,8.618,0.4899999999999993,0.28000000000000114,False,False,717481,769373,False,False,True,4,Fwy_101_S_physical_run_4
717481,101,S,7,37,44000.0,7.27,8.618,34.106229,-118.328138,0.355,ML,4,CAHUENGA 1,3163,,,,True,False,20,98,717479,769388,8.338,9.048,0.28000000000000114,0.4299999999999997,True,False,769388,717479,False,True,False,4,
769388,101,S,7,37,44000.0,7.7,9.048,34.110032,-118.334114,0.42,ML,4,HIGHLAND,164,,,,True,False,21,98,717481,717484,8.618,9.458,0.4299999999999997,0.41000000000000014,False,True,717484,717481,True,False,False,4,
717484,101,S,7,37,44000.0,8.11,9.458,34.115404,-118.336938,0.45,ML,4,CAHUENGA,3165,,,,True,True,22,98,769388,769403,9.048,9.948,0.41000000000000014,0.4900000000000002,False,False,769403,769388,False,False,True,5,Fwy_101_S_physical_run_5
769403,101,S,7,37,44000.0,8.6,9.948,34.121802,-118.340349,0.395,ML,4,N/O HIGHLAND,2078,,,,True,False,23,98,717484,769405,9.458,10.248,0.4900000000000002,0.29999999999999893,True,False,769405,717484,False,True,False,5,
769405,101,S,7,37,44000.0,8.9,10.248,34.125019,-118.343858,0.355,ML,5,N/O MULHOLLAND,2079,,,,True,False,24,98,769403,717486,9.948,10.658,0.29999999999999893,0.41000000000000014,False,False,717486,769403,False,False,False,5,
717486,101,S,7,37,44000.0,9.31,10.658,34.129747,-118.348132,0.4,ML,5,BARHAM,3166,,,,True,False,25,98,769405,775990,10.248,11.048,0.41000000000000014,0.39000000000000057,False,False,775990,769405,False,False,False,5,
775990,101,S,7,37,44000.0,9.7,11.048,34.13332,-118.353249,0.26,ML,5,UNIVERSAL CITY DR,3164,,,,True,False,26,98,717486,764766,10.658,11.178,0.39000000000000057,0.13000000000000078,False,False,764766,717486,False,False,False,5,
764766,101,S,7,37,44000.0,9.83,11.178,34.133863,-118.35542,0.17,ML,5,UNIVERSAL 2,4556,,,,True,False,27,98,775990,717488,11.048,11.388,0.13000000000000078,0.20999999999999908,False,False,717488,775990,False,False,False,5,
717488,101,S,7,37,44000.0,10.04,11.388,34.134933,-118.358849,0.35,ML,5,LANKERSHIM,3168,,,,True,False,28,98,764766,717489,11.178,11.878,0.20999999999999908,0.4900000000000002,False,False,717489,764766,False,False,False,5,
717489,101,S,7,37,44000.0,10.53,11.878,34.139513,-118.36535,0.565,ML,5,VENTURA,3170,,,,True,False,29,98,717488,717490,11.388,12.518,0.4900000000000002,0.6400000000000006,False,False,717490,717488,False,False,False,5,
717490,101,S,7,37,44000.0,11.17,12.518,34.147297,-118.371049,0.5,ML,5,VINELAND,3171,,,,True,False,30,98,717489,768066,11.878,12.878,0.6400000000000006,0.35999999999999943,False,False,768066,717489,False,False,False,5,
768066,101,S,7,37,44000.0,11.53,12.878,34.151183,-118.375172,0.39,ML,6,MOORPARK,3172,,,,True,False,31,98,717490,768477,12.518,13.297,0.35999999999999943,0.4190000000000005,False,False,768477,717490,False,False,False,5,
768477,101,S,7,37,44000.0,11.98,13.297,34.154294,-118.38111,0.594,ML,3,TUJUNGA,3397,,,,True,False,32,98,768066,717493,12.878,14.067,0.4190000000000005,0.7699999999999996,False,False,717493,768066,False,False,False,5,
717493,101,S,7,37,44000.0,12.75,14.067,34.154314,-118.394541,0.76,ML,5,LAUREL CANYON,3423,,,,True,False,33,98,768477,769345,13.297,14.817,0.7699999999999996,0.75,False,False,769345,768477,False,False,False,5,
769345,101,S,7,37,44000.0,13.5,14.817,34.156606,-118.407038,0.525,ML,5,WHITSETT AVE,2649,,,,True,False,34,98,717493,717495,14.067,15.117,0.75,0.3000000000000007,False,False,717495,717493,False,False,False,5,
717495,101,S,7,37,44000.0,13.8,15.117,34.156627,-118.412272,0.45,ML,5,COLDWATER CANYON,3422,,,,True,False,35,98,769345,769359,14.817,15.717,0.3000000000000007,0.5999999999999996,False,False,769359,769345,False,False,False,5,
769359,101,S,7,37,44000.0,14.4,15.717,34.1565,-118.422723,0.45,ML,5,FULTON AVE,2650,,,,True,False,36,98,717495,760013,15.117,16.017,0.5999999999999996,0.29999999999999893,False,False,760013,717495,False,False,False,5,
760013,101,S,7,37,44000.0,14.7,16.017,34.155572,-118.427822,0.45,ML,5,WOODMAN,3421,,,,True,False,37,98,769359,769444,15.717,16.617,0.29999999999999893,0.6000000000000014,False,False,769444,769359,False,False,False,5,
769444,101,S,7,37,44000.0,15.3,16.617,34.155559,-118.438288,0.555,ML,5,HAZELTINE,2651,,,,True,False,38,98,760013,717499,16.017,17.127,0.6000000000000014,0.509999999999998,False,True,717499,760013,True,False,False,5,
717499,101,S,7,37,44000.0,15.81,17.127,34.156121,-118.44689,0.55,ML,5,VAN NUYS,3420,,,,True,True,39,98,769444,769430,16.617,17.717,0.509999999999998,0.5899999999999999,False,False,769430,769444,False,False,True,6,Fwy_101_S_physical_run_6
769430,101,S,7,37,44000.0,16.4,17.717,34.158236,-118.456755,0.445,ML,6,KESTER,2652,,,,True,False,40,98,717499,760024,17.127,18.017,0.5899999999999999,0.3000000000000007,True,False,760024,717499,False,True,False,6,
760024,101,S,7,37,44000.0,16.7,18.017,34.159347,-118.461778,0.2,ML,6,SEPULVEDA,3419,,,,True,False,41,98,769430,717813,17.717,18.117,0.3000000000000007,0.10000000000000142,False,False,717813,769430,False,False,False,6,
717813,101,S,7,37,44000.0,16.8,18.117,34.159355,-118.463521,0.275,ML,3,GREENLEAF/SEPULVEDA,3392,,,,True,False,42,98,760024,764781,18.017,18.567,0.10000000000000142,0.4499999999999993,False,True,764781,760024,True,False,False,6,
764781,101,S,7,37,44000.0,17.25,18.567,34.160984,-118.470704,0.395,ML,5,RT 405 CN,2389,,,,True,True,43,98,717813,772140,18.117,18.907,0.4499999999999993,0.33999999999999986,False,False,772140,717813,False,False,True,7,Fwy_101_S_physical_run_7
772140,101,S,7,37,44000.0,17.59,18.907,34.164781,-118.474288,0.432,ML,6,HASKELL,3032,,,,True,False,44,98,764781,772167,18.567,19.432,0.33999999999999986,0.5249999999999986,True,False,772167,764781,False,True,False,7,
772167,101,S,7,37,44000.0,18.1,19.432,34.165169,-118.483356,0.462,ML,6,WOODLEY,2668,,,,True,False,45,98,772140,717504,18.907,19.832,0.5249999999999986,0.40000000000000213,False,False,717504,772140,False,False,False,7,
717504,101,S,7,37,44000.0,18.5,19.832,34.165142,-118.49033,0.475,ML,5,HAYVENHURST,3418,,,,True,False,46,98,772167,772151,19.432,20.382,0.40000000000000213,0.5500000000000007,False,False,772151,772167,False,False,False,7,
772151,101,S,7,37,44000.0,19.05,20.382,34.168861,-118.498546,0.65,ML,5,BALBOA,3417,,,,True,False,47,98,717504,772597,19.832,21.132,0.5500000000000007,0.75,False,False,772597,717504,False,False,False,7,
772597,101,S,7,37,44000.0,19.8,21.132,34.171083,-118.510919,0.55,ML,5,LOUISE,2001,,,,True,False,48,98,772151,717508,20.382,21.482,0.75,0.34999999999999787,False,False,717508,772151,False,False,False,7,
717508,101,S,7,37,44000.0,20.15,21.482,34.171108,-118.517031,0.58,ML,5,WHITE OAK,3416,,,,True,False,49,98,772597,717511,21.132,22.292,0.34999999999999787,0.8100000000000023,False,False,717511,772597,False,False,False,7,
717511,101,S,7,37,44000.0,20.96,22.292,34.171531,-118.531109,0.96,ML,5,BURBANK,3415,,,,True,False,50,98,717508,717514,21.482,23.402,0.8100000000000023,1.1099999999999994,False,True,717514,717508,True,False,False,7,
717514,101,S,7,37,44000.0,22.07,23.402,34.173426,-118.550079,0.87,ML,5,TAMPA,3414,,,,True,True,51,98,717511,772610,22.292,24.032,1.1099999999999994,0.629999999999999,False,True,772610,717511,True,False,True,8,Fwy_101_S_physical_run_8
772610,101,S,7,37,44000.0,22.7,24.032,34.173421,-118.561073,0.575,ML,5,CORBIN,2669,,,,True,True,52,98,717514,717516,23.402,24.552,0.629999999999999,0.5199999999999996,True,False,717516,717514,False,True,False,8,Fwy_101_S_physical_run_8
717516,101,S,7,37,44000.0,23.22,24.552,34.172374,-118.570043,0.765,ML,5,WINNETKA,3413,,,,True,False,53,98,772610,717518,24.032,25.562,0.5199999999999996,1.0100000000000016,True,True,717518,772610,True,True,False,8,
717518,101,S,7,37,44000.0,24.23,25.562,34.167855,-118.586613,0.77,ML,5,DE SOTO,3412,,,,True,True,54,98,717516,717520,24.552,26.092,1.0100000000000016,0.5299999999999976,False,False,717520,717516,False,False,True,9,Fwy_101_S_physical_run_9
717520,101,S,7,37,44000.0,24.76,26.092,34.16912,-118.595733,0.515,ML,5,CANOGA,3411,,,,True,False,55,98,717518,718142,25.562,26.592,0.5299999999999976,0.5,True,False,718142,717518,False,True,False,9,
718142,101,S,7,37,44000.0,25.26,26.592,34.17043,-118.60432,0.315,ML,4,TOPANGA 1,3410,,,,True,False,56,98,717520,718143,26.092,26.722,0.5,0.13000000000000256,False,False,718143,717520,False,False,False,9,
718143,101,S,7,37,44000.0,25.39,26.722,34.170677,-118.606564,0.205,ML,4,TOPANGA 2,3409,,,,True,False,57,98,718142,718144,26.592,27.002,0.13000000000000256,0.2799999999999976,False,False,718144,718142,False,False,False,9,
718144,101,S,7,37,44000.0,25.67,27.002,34.169734,-118.611241,0.605,ML,4,VENTURA 1,3408,,,,True,False,58,98,718143,772582,26.722,27.932,0.2799999999999976,0.9299999999999997,False,False,772582,718143,False,False,False,9,
772582,101,S,7,37,44000.0,26.6,27.932,34.163717,-118.62555,0.795,ML,4,FALLBROOK,2498,,,,True,False,59,98,718144,718146,27.002,28.592,0.9299999999999997,0.6600000000000001,False,False,718146,718144,False,False,False,9,
718146,101,S,7,37,44000.0,27.26,28.592,34.159836,-118.636043,0.4,ML,4,MULHOLLAND,3407,,,,True,False,60,98,772582,772208,27.932,28.732,0.6600000000000001,0.14000000000000057,False,False,772208,772582,False,False,False,9,
772208,101,S,7,37,44000.0,27.4,28.732,34.159019,-118.638271,0.17,ML,4,VALLEY CIRCLE,3071,,,,True,False,61,98,718146,772355,28.592,28.932,0.14000000000000057,0.1999999999999993,False,False,772355,718146,False,False,False,9,
772355,101,S,7,37,44000.0,27.6,28.932,34.157863,-118.64146,0.36,ML,4,CRAFTMAN,2005,,,,True,False,62,98,772208,718148,28.732,29.452,0.1999999999999993,0.5200000000000031,False,False,718148,772208,False,False,False,9,
718148,101,S,7,37,90310.0,28.12,29.452,34.1544,-118.649487,0.41,ML,4,PKWY CALABASAS 1,4177,,,,True,False,63,98,772355,765444,28.932,29.752,0.5200000000000031,0.29999999999999716,False,False,765444,772355,False,False,False,9,
765444,101,S,7,37,90310.0,28.42,29.752,34.152479,-118.654183,0.54,ML,4,PKWY CALABASAS 2,4178,,,,True,False,64,98,718148,770610,29.452,29.752,0.29999999999999716,0.0,False,False,770610,718148,False,False,False,9,
770610,101,S,7,37,90310.0,28.42,29.752,34.152479,-118.654183,0.15,ML,4,CALABASAS ROAD,2633,,,,True,False,65,98,765444,716390,29.752,30.832,0.0,1.0800000000000018,False,False,716390,765444,False,False,False,9,
716390,101,S,7,37,90310.0,29.5,30.832,34.149135,-118.672472,0.79,ML,5,CALABASAS,2634,,,,True,False,66,98,770610,716391,29.752,31.332,1.0800000000000018,0.5,False,False,716391,770610,False,False,False,9,
716391,101,S,7,37,90310.0,30.0,31.332,34.151032,-118.680765,0.76,ML,4,TRUCK STOP,2635,,,,True,False,67,98,716390,716392,30.832,32.352,0.5,1.019999999999996,False,False,716392,716390,False,False,False,9,
716392,101,S,7,37,90310.0,31.02,32.352,34.148836,-118.697394,0.6,ML,4,LAS VIRGENES 1,4176,,,,True,False,68,98,716391,764646,31.332,32.532,1.019999999999996,0.17999999999999972,False,False,764646,716391,False,False,False,9,
764646,101,S,7,37,90310.0,31.2,32.532,34.146784,-118.699337,0.115,ML,4,LAS VIRGENES 2,4175,,,,True,False,69,98,716392,772564,32.352,32.582,0.17999999999999972,0.05000000000000426,False,False,772564,716392,False,False,False,9,
772564,101,S,7,37,90310.0,31.25,32.582,34.14622,-118.699888,0.315,ML,4,LAS VIRGENES,2421,,,,True,False,70,98,764646,776440,32.532,33.162,0.05000000000000426,0.5799999999999983,False,False,776440,764646,False,False,False,9,
776440,101,S,7,37,,31.83,33.162,34.141371,-118.708131,0.65,ML,4,LOST HILLS,4179,,,,True,False,71,98,772564,764637,32.582,33.882,0.5799999999999983,0.7199999999999989,False,False,764637,772564,False,False,False,9,
764637,101,S,7,37,,32.55,33.882,34.138582,-118.720114,0.515,ML,4,LIBERTY CANYON RD 1,4173,,,,True,False,72,98,776440,768265,33.162,34.192,0.7199999999999989,0.3100000000000023,False,False,768265,776440,False,False,False,9,
768265,101,S,7,37,394.0,32.86,34.192,34.137921,-118.725469,0.605,ML,4,LIBERTY CANYON RD 2,2632,,,,True,False,73,98,764637,764632,33.882,35.092,0.3100000000000023,0.8999999999999986,False,False,764632,764637,False,False,False,9,
764632,101,S,7,37,394.0,33.76,35.092,34.143077,-118.739279,0.56,ML,4,PALO COMADO CYN,4172,,,,True,False,74,98,768265,765100,34.192,35.312,0.8999999999999986,0.21999999999999886,False,False,765100,768265,False,False,False,9,
765100,101,S,7,37,394.0,33.98,35.312,34.143067,-118.743123,0.57,ML,4,LEWIS,2582,,,,True,False,75,98,764632,772193,35.092,36.232,0.21999999999999886,0.9200000000000017,False,False,772193,764632,False,False,False,9,
772193,101,S,7,37,394.0,34.9,36.232,34.145632,-118.758879,0.465,ML,4,KANAN 2,4150,,,,True,False,76,98,765100,718149,35.312,36.242,0.9200000000000017,0.00999999999999801,False,False,718149,765100,False,False,False,9,
718149,101,S,7,37,394.0,34.91,36.242,34.145654,-118.759052,0.585,ML,4,KANAN,4171,,,,True,False,77,98,772193,718150,36.232,37.402,0.00999999999999801,1.1600000000000037,False,False,718150,772193,False,False,False,9,
718150,101,S,7,37,394.0,36.07,37.402,34.146952,-118.779156,1.23,ML,4,REYES ADOBE,4170,,,,True,False,78,98,718149,764627,36.242,38.702,1.1600000000000037,1.2999999999999972,False,False,764627,718149,False,False,False,9,
764627,101,S,7,37,84438.0,37.37,38.702,34.148124,-118.801429,0.755,ML,4,LINDERO 1,4168,,,,True,False,79,98,718150,764622,37.402,38.912,1.2999999999999972,0.21000000000000085,False,False,764622,718150,False,False,False,9,
764622,101,S,7,37,84438.0,37.58,38.912,34.149194,-118.804893,0.793,ML,4,LINDERO 2,4169,,,,True,False,80,98,764627,765150,38.702,40.002,0.21000000000000085,1.0900000000000034,False,True,765150,764627,True,False,False,9,
765150,101,S,7,111,78582.0,0.48,40.002,34.1557,-118.822425,0.487,ML,5,WESTLAKE 1,4474,,,,True,True,81,98,764622,764798,38.912,40.172,1.0900000000000034,0.1699999999999946,False,True,764798,764622,True,False,True,10,Fwy_101_S_physical_run_10
764798,101,S,7,111,78582.0,0.65,40.172,34.157232,-118.824716,0.515,ML,5,WESTLAKE 2,4473,,,,True,True,82,98,765150,764814,40.002,41.032,0.1699999999999946,0.8599999999999994,True,True,764814,765150,True,True,False,10,Fwy_101_S_physical_run_10
764814,101,S,7,111,78582.0,1.51,41.032,34.164951,-118.836331,1.01,ML,4,HAMPSHIRE,4475,,,,True,True,83,98,764798,764834,40.172,42.192,0.8599999999999994,1.1600000000000037,True,False,764834,764798,False,True,False,10,Fwy_101_S_physical_run_10
764834,101,S,7,111,78582.0,2.67,42.192,34.175043,-118.852242,0.775,ML,3,RT 23 CN,2462,,,,True,False,84,98,764814,764824,41.032,42.582,1.1600000000000037,0.39000000000000057,True,True,764824,764814,True,True,False,10,
764824,101,S,7,111,78582.0,3.06,42.582,34.175975,-118.85885,0.625,ML,4,RANCHO,4476,,,,True,True,85,98,764834,764848,42.192,43.442,0.39000000000000057,0.8599999999999994,False,True,764848,764834,True,False,True,11,Fwy_101_S_physical_run_11
764848,101,S,7,111,78582.0,3.92,43.442,34.17712,-118.873779,0.89,ML,4,MOORPARK,4479,,,,True,True,86,98,764824,764868,42.582,44.362,0.8599999999999994,0.9200000000000017,True,False,764868,764824,False,True,False,11,Fwy_101_S_physical_run_11
764868,101,S,7,111,78582.0,4.84,44.362,34.181854,-118.888445,0.545,ML,4,LYNN 1,4480,,,,True,False,87,98,764848,764874,43.442,44.532,0.9200000000000017,0.1699999999999946,True,False,764874,764848,False,True,False,11,
764874,101,S,7,111,78582.0,5.01,44.532,34.18312,-118.890989,0.61,ML,3,LYNN 2,4636,,,,True,False,88,98,764868,764885,44.362,45.582,0.1699999999999946,1.0500000000000043,False,False,764885,764868,False,False,False,11,
764885,101,S,7,111,78582.0,6.06,45.582,34.184302,-118.908919,0.605,ML,4,VENTURA PARK 1,4481,,,,True,False,89,98,764874,765106,44.532,45.742,1.0500000000000043,0.1599999999999966,False,False,765106,764874,False,False,False,11,
765106,101,S,7,111,78582.0,6.22,45.742,34.184275,-118.911709,0.82,ML,3,VENTURA PARK 2,4482,,,,True,False,90,98,764885,764905,45.582,47.222,0.1599999999999966,1.480000000000004,False,False,764905,764885,False,False,False,11,
764905,101,S,7,111,78582.0,7.7,47.222,34.188438,-118.936403,2.3,ML,3,WENDY DR,4485,,,,True,False,91,98,765106,764927,45.742,50.342,1.480000000000004,3.1199999999999974,False,False,764927,765106,False,False,False,11,
764927,101,S,7,111,10046.0,10.82,50.342,34.205276,-118.984649,2.31,ML,4,CAMARILLO,4648,,,,True,False,92,98,764905,764937,47.222,51.842,3.1199999999999974,1.5,False,False,764937,764905,False,False,False,11,
764937,101,S,7,111,10046.0,12.32,51.842,34.213685,-119.008009,3.25,ML,3,PLEASANT VALLEY,4487,,,,True,False,93,98,764927,775314,50.342,59.552,1.5,7.710000000000001,False,False,775314,764927,False,False,False,11,
775314,101,S,7,111,54652.0,20.03,59.552,34.22247,-119.141616,4.585,ML,3,RICE,4486,,,,True,False,94,98,764937,767811,51.842,63.722,7.710000000000001,4.170000000000002,False,True,767811,764937,True,False,False,11,
767811,101,S,7,111,65042.0,,63.722,34.248926,-119.204264,4.585,ML,3,S/O VICTORIA,2750,,,,True,True,95,98,775314,767801,59.552,69.721,4.170000000000002,5.999000000000002,False,False,767801,775314,False,False,True,12,Fwy_101_S_physical_run_12
767801,101,S,7,111,65042.0,30.2,69.721,34.277376,-119.293883,5.0,ML,3,N/O CALIFORNIA,2751,,,,True,False,96,98,767811,776628,63.722,82.914,5.999000000000002,13.192999999999998,True,False,776628,767811,False,True,False,12,
776628,101,S,7,111,,,82.914,34.375862,-119.476139,0.186,ML,2,BATES RD,4650,,,,True,False,97,98,767801,776629,69.721,82.914,13.192999999999998,0.0,False,False,776629,767801,False,False,False,12,
776629,101,S,7,111,,,82.914,34.375862,-119.476139,2.5,ML,2,BATES RD,4650,,,,True,False,98,98,776628,,82.914,,0.0,,False,False,,776628,False,False,False,12,
760046,105,E,7,37,44000.0,,0.9,33.931132,-118.389223,1.065,ML,3,HUGHES,4584,,,,True,False,1,40,,773047,,1.23,,0.32999999999999996,False,False,,773047,False,False,False,0,
773047,105,E,7,37,44000.0,,1.23,33.931041,-118.38349,0.2,ML,3,DOUGLAS / NASH ST,3070,,,,True,False,2,40,760046,766875,0.9,1.3,0.32999999999999996,0.07000000000000006,False,False,760046,766875,False,False,False,0,
766875,105,E,7,37,44000.0,,1.3,33.931058,-118.382272,0.285,ML,1,DOUGLAS,4584,,,,True,False,3,40,773047,760063,1.23,1.8,0.07000000000000006,0.5,False,False,773047,760063,False,False,False,0,
760063,105,E,7,37,44000.0,,1.8,33.929816,-118.373757,0.6,ML,3,IMPERIAL 1,4585,,,,True,False,4,40,766875,767838,1.3,2.5,0.5,0.7,False,False,766875,767838,False,False,False,0,
767838,105,E,7,37,,,2.5,33.931513,-118.361927,0.51,ML,3,FM 405 NB,2907,,,,True,False,5,40,760063,773656,1.8,2.82,0.7,0.31999999999999984,False,False,760063,773656,False,False,False,0,
773656,105,E,7,37,32548.0,,2.82,33.933059,-118.356686,0.3,ML,3,SB 405 TO EB 105,2916,,,,True,False,6,40,767838,760074,2.5,3.1,0.31999999999999984,0.28000000000000025,False,False,767838,760074,False,False,False,0,
760074,105,E,7,37,32548.0,,3.1,33.933294,-118.351898,0.39,ML,4,HAWTHORNE,4807,,,,True,False,7,40,773656,760080,2.82,3.6,0.28000000000000025,0.5,False,False,773656,760080,False,False,False,0,
760080,105,E,7,37,32548.0,,3.6,33.930073,-118.344285,0.55,ML,3,IMPERIAL 3,4669,,,,True,False,8,40,760074,716414,3.1,4.2,0.5,0.6000000000000001,False,False,760074,716414,False,False,False,0,
716414,105,E,7,37,36546.0,,4.2,33.924911,-118.335537,0.5,ML,4,YUKON,2614,,,,True,False,9,40,760080,760101,3.6,4.6,0.6000000000000001,0.39999999999999947,False,False,760080,760101,False,False,False,0,
760101,105,E,7,37,36546.0,,4.6,33.924855,-118.32862,0.35,ML,3,CRENSHAW 1,4810,,,,True,False,10,40,716414,760112,4.2,4.9,0.39999999999999947,0.3000000000000007,False,False,716414,760112,False,False,False,0,
760112,105,E,7,37,32548.0,,4.9,33.925162,-118.323479,0.45,ML,4,CRENSHAW 2,4812,,,,True,False,11,40,760101,716419,4.6,5.5,0.3000000000000007,0.5999999999999996,False,False,760101,716419,False,False,False,0,
716419,105,E,7,37,32548.0,,5.5,33.925238,-118.313092,0.55,ML,4,WILTON,2585,,,,True,False,12,40,760112,716421,4.9,6.0,0.5999999999999996,0.5,False,False,760112,716421,False,False,False,0,
716421,105,E,7,37,,,6.0,33.926392,-118.304528,0.55,ML,4,NORMANDIE,2587,,,,True,False,13,40,716419,716424,5.5,6.6,0.5,0.5999999999999996,False,False,716419,716424,False,False,False,0,
716424,105,E,7,37,,,6.6,33.928424,-118.29444,0.6,ML,5,VERMONT,2589,,,,True,False,14,40,716421,774614,6.0,7.2,0.5999999999999996,0.6000000000000005,False,False,716421,774614,False,False,False,0,
774614,105,E,7,37,44000.0,,7.2,33.928478,-118.284031,0.475,ML,3,HOOVER,4816,,,,True,False,15,40,716424,765476,6.6,7.55,0.6000000000000005,0.34999999999999964,False,False,716424,765476,False,False,False,0,
765476,105,E,7,37,44000.0,,7.55,33.928419,-118.277962,0.18,ML,3,FM 110 SB,2920,,,,True,False,16,40,774614,760167,7.2,7.56,0.34999999999999964,0.009999999999999787,False,False,774614,760167,False,False,False,0,
760167,105,E,7,37,44000.0,,7.56,33.928407,-118.277789,0.125,ML,3,FM 110 NB,2911,,,,True,False,17,40,765476,716427,7.55,7.8,0.009999999999999787,0.2400000000000002,False,False,765476,716427,False,False,False,0,
716427,105,E,7,37,44000.0,,7.8,33.927891,-118.273645,0.32,ML,3,MAIN,2637,,,,True,False,18,40,760167,716431,7.56,8.2,0.2400000000000002,0.39999999999999947,False,False,760167,716431,False,False,False,0,
716431,105,E,7,37,44000.0,,8.2,33.927305,-118.266557,0.3,ML,4,AVALON,2638,,,,True,False,19,40,716427,716433,7.8,8.4,0.39999999999999947,0.20000000000000107,False,False,716427,716433,False,False,False,0,
716433,105,E,7,37,44000.0,,8.4,33.927289,-118.263121,0.3,ML,4,STANFORD,2639,,,,True,False,20,40,716431,776826,8.2,8.8,0.20000000000000107,0.40000000000000036,False,False,716431,776826,False,False,False,0,
776826,105,E,7,37,44000.0,,8.8,33.927658,-118.256273,0.3,ML,3,CENTRAL,4834,,,,True,False,21,40,716433,760187,8.4,9.0,0.40000000000000036,0.1999999999999993,False,False,716433,760187,False,False,False,0,
760187,105,E,7,37,,,9.0,33.928141,-118.252891,0.45,ML,3,CENTRAL,4835,,,,True,False,22,40,776826,760196,8.8,9.7,0.1999999999999993,0.6999999999999993,False,False,776826,760196,False,False,False,0,
760196,105,E,7,37,,,9.7,33.928223,-118.240518,0.75,ML,3,WILMINGTON,4836,,,,True,False,23,40,760187,716440,9.0,10.5,0.6999999999999993,0.8000000000000007,False,False,760187,716440,False,False,False,0,
716440,105,E,7,37,,,10.5,33.929161,-118.226832,0.6,ML,3,MONA,2642,,,,True,False,24,40,760196,716442,9.7,10.9,0.8000000000000007,0.40000000000000036,False,False,760196,716442,False,False,False,0,
716442,105,E,7,37,,,10.9,33.929098,-118.220055,0.6,ML,3,STATE,2643,,,,True,False,25,40,716440,760226,10.5,11.7,0.40000000000000036,0.7999999999999989,False,False,716440,760226,False,False,False,0,
760226,105,E,7,37,44574.0,,11.7,33.923785,-118.207757,0.5,ML,3,LONG BEACH 1,4840,,,,True,False,26,40,716442,760236,10.9,11.9,0.7999999999999989,0.20000000000000107,False,False,716442,760236,False,False,False,0,
760236,105,E,7,37,44574.0,,11.9,33.922422,-118.20466,0.45,ML,3,LONG BEACH 2,4841,,,,True,False,27,40,760226,716449,11.7,12.6,0.20000000000000107,0.6999999999999993,False,False,760226,716449,False,False,False,0,
716449,105,E,7,37,44574.0,,12.6,33.917731,-118.194032,0.65,ML,4,HARRIS,2646,,,,True,False,28,40,760236,718155,11.9,13.2,0.6999999999999993,0.5999999999999996,False,False,760236,718155,False,False,False,0,
718155,105,E,7,37,44574.0,,13.2,33.914156,-118.184451,0.6,ML,3,WRIGHT,2630,,,,True,False,29,40,716449,716453,12.6,13.8,0.5999999999999996,0.6000000000000014,False,False,716449,716453,False,False,False,0,
716453,105,E,7,37,44574.0,,13.8,33.911105,-118.174619,0.305,ML,3,GARFIELD 1,2636,,,,True,False,30,40,718155,767857,13.2,13.81,0.6000000000000014,0.009999999999999787,False,False,718155,767857,False,False,False,0,
767857,105,E,7,37,55618.0,,13.81,33.911091,-118.174445,0.03,ML,3,FM 710 NB,2905,,,,True,False,31,40,716453,767868,13.8,13.86,0.009999999999999787,0.049999999999998934,False,False,716453,767868,False,False,False,0,
767868,105,E,7,37,55618.0,,13.86,33.911021,-118.173573,0.295,ML,3,FM 710 SB,2906,,,,True,False,32,40,767857,716456,13.81,14.4,0.049999999999998934,0.5400000000000009,False,False,767857,716456,False,False,False,0,
716456,105,E,7,37,55618.0,,14.4,33.91131,-118.164179,0.47,ML,5,FACADE,2592,,,,True,False,33,40,767868,760283,13.86,14.8,0.5400000000000009,0.40000000000000036,False,False,767868,760283,False,False,False,0,
760283,105,E,7,37,73080.0,,14.8,33.912001,-118.157276,0.45,ML,3,PARAMOUNT,4578,,,,True,False,34,40,716456,716460,14.4,15.3,0.40000000000000036,0.5,False,False,716456,716460,False,False,False,0,
716460,105,E,7,37,73080.0,,15.3,33.912739,-118.148633,0.4,ML,3,GARDENDALE,2595,,,,True,False,35,40,760283,760301,14.8,15.6,0.5,0.29999999999999893,False,False,760283,760301,False,False,False,0,
760301,105,E,7,37,19766.0,,15.6,33.9129,-118.143428,0.3,ML,3,LAKEWOOD 1,4579,,,,True,False,36,40,716460,760315,15.3,15.9,0.29999999999999893,0.3000000000000007,False,False,716460,760315,False,False,False,0,
760315,105,E,7,37,19766.0,,15.9,33.91291,-118.138216,0.35,ML,4,LAKEWOOD 2,4581,,,,True,False,37,40,760301,716466,15.6,16.3,0.3000000000000007,0.40000000000000036,False,False,760301,716466,False,False,False,0,
716466,105,E,7,37,19766.0,,16.3,33.912952,-118.131271,0.45,ML,3,ARDIS,2598,,,,True,False,38,40,760315,760330,15.9,16.8,0.40000000000000036,0.5,False,False,760315,760330,False,False,False,0,
760330,105,E,7,37,19766.0,,16.8,33.91319,-118.122603,0.5,ML,3,BELLFLOWER 2,4582,,,,True,False,39,40,716466,716470,16.3,17.3,0.5,0.5,False,False,716466,716470,False,False,False,0,
716470,105,E,7,37,19766.0,,17.3,33.913689,-118.113948,0.665,ML,4,CARFAX,2557,,,,True,False,40,40,760330,,16.8,,0.5,,False,False,760330,,False,False,False,0,
716402,105,W,7,37,44000.0,,0.6,33.931618,-118.394435,0.75,ML,3,SEPULVEDA / SELBY,2599,,,,True,False,1,39,,716404,,0.9,,0.30000000000000004,False,False,716404,,False,False,False,0,
716404,105,W,7,37,44000.0,,0.9,33.931388,-118.389223,0.35,ML,3,HUGHES,4584,,,,True,False,2,39,716402,716405,0.6,1.3,0.30000000000000004,0.4,False,False,716405,716402,False,False,False,0,
716405,105,W,7,37,44000.0,,1.3,33.931349,-118.382283,0.45,ML,4,DOUGLAS,2600,,,,True,False,3,39,716404,716407,0.9,1.8,0.4,0.5,False,False,716407,716404,False,False,False,0,
716407,105,W,7,37,44000.0,,1.8,33.93015,-118.373771,0.65,ML,3,IMPERIAL 1,4585,,,,True,False,4,39,716405,716409,1.3,2.6,0.5,0.8,False,False,716409,716405,False,False,False,0,
716409,105,W,7,37,32548.0,,2.6,33.932384,-118.3602,0.75,ML,3,INGLEWOOD,2612,,,,True,False,5,39,716407,760426,1.8,3.3,0.8,0.6999999999999997,False,False,760426,716407,False,False,False,0,
760426,105,W,7,37,,,3.3,33.932736,-118.3484,0.7,ML,3,IMPERIAL 3,4808,,,,True,False,6,39,716409,716413,2.6,4.0,0.6999999999999997,0.7000000000000002,False,False,716413,716409,False,False,False,0,
716413,105,W,7,37,32548.0,,4.0,33.926558,-118.338643,0.6,ML,4,118TH,2613,,,,True,False,7,39,760426,760440,3.3,4.5,0.7000000000000002,0.5,False,False,760440,760426,False,False,False,0,
760440,105,W,7,37,36546.0,,4.5,33.925127,-118.330354,0.4,ML,4,CRENSHAW 1,4809,,,,True,False,8,39,716413,760452,4.0,4.8,0.5,0.2999999999999998,False,False,760452,716413,False,False,False,0,
760452,105,W,7,37,32548.0,,4.8,33.925436,-118.325192,0.5,ML,3,CRENSHAW 2,4811,,,,True,False,9,39,760440,716420,4.5,5.5,0.2999999999999998,0.7000000000000002,False,False,716420,760440,False,False,False,0,
716420,105,W,7,37,32548.0,,5.5,33.925579,-118.313116,0.6,ML,4,WILTON,2586,,,,True,False,10,39,760452,716422,4.8,6.0,0.7000000000000002,0.5,False,False,716422,760452,False,False,False,0,
716422,105,W,7,37,,,6.0,33.926754,-118.304542,0.5,ML,4,NORMANDIE,2588,,,,True,False,11,39,716420,760473,5.5,6.5,0.5,0.5,False,False,760473,716420,False,False,False,0,
760473,105,W,7,37,,,6.5,33.928605,-118.29615,0.405,ML,4,VERMONT,4570,,,,True,False,12,39,716422,760481,6.0,6.81,0.5,0.3099999999999996,False,False,760481,716422,False,False,False,0,
760481,105,W,7,37,,,6.81,33.928912,-118.290792,0.3,ML,3,FM 110 SB,2912,,,,True,False,13,39,760473,716426,6.5,7.1,0.3099999999999996,0.29000000000000004,False,False,716426,760473,False,False,False,0,
716426,105,W,7,37,44000.0,,7.1,33.928915,-118.285761,0.495,ML,4,HOOVER,2590,,,,True,False,14,39,760481,716428,6.81,7.8,0.29000000000000004,0.7000000000000002,False,False,716428,760481,False,False,False,0,
716428,105,W,7,37,44000.0,,7.8,33.928261,-118.273648,0.55,ML,3,MAIN,2637,,,,True,False,15,39,716426,760496,7.1,8.2,0.7000000000000002,0.39999999999999947,False,False,760496,716426,False,False,False,0,
760496,105,W,7,37,44000.0,,8.2,33.927683,-118.266559,0.3,ML,5,AVALON,2638,,,,True,False,16,39,716428,716434,7.8,8.4,0.39999999999999947,0.20000000000000107,False,False,716434,716428,False,False,False,0,
716434,105,W,7,37,44000.0,,8.4,33.927654,-118.263124,0.3,ML,4,STANFORD,2640,,,,True,False,17,39,760496,760512,8.2,8.8,0.20000000000000107,0.40000000000000036,False,False,760512,760496,False,False,False,0,
760512,105,W,7,37,44000.0,,8.8,33.92794,-118.256279,0.55,ML,3,CENTRAL,4834,,,,True,False,18,39,716434,716437,8.4,9.5,0.40000000000000036,0.6999999999999993,False,False,716437,716434,False,False,False,0,
716437,105,W,7,37,,,9.5,33.928838,-118.244115,0.65,ML,3,COMPTON,2641,,,,True,False,19,39,760512,760535,8.8,10.1,0.6999999999999993,0.5999999999999996,False,False,760535,760512,False,False,False,0,
760535,105,W,7,37,,,10.1,33.928184,-118.233573,0.5,ML,3,WILMINGTON,4837,,,,True,False,20,39,716437,716441,9.5,10.5,0.5999999999999996,0.40000000000000036,False,False,716441,716437,False,False,False,0,
716441,105,W,7,37,,,10.5,33.929479,-118.226883,0.4,ML,3,MONA,2642,,,,True,False,21,39,760535,716443,10.1,10.9,0.40000000000000036,0.40000000000000036,False,False,716443,760535,False,False,False,0,
716443,105,W,7,37,,,10.9,33.929386,-118.220032,0.45,ML,3,STATE,2643,,,,True,False,22,39,716441,760558,10.5,11.4,0.40000000000000036,0.5,False,False,760558,716441,False,False,False,0,
760558,105,W,7,37,44574.0,,11.4,33.926113,-118.212249,0.35,ML,4,LONG BEACH 1,4838,,,,True,False,23,39,716443,760568,10.9,11.6,0.5,0.1999999999999993,False,False,760568,716443,False,False,False,0,
760568,105,W,7,37,44574.0,,11.6,33.924777,-118.209134,0.35,ML,3,LONG BEACH 2,4839,,,,True,False,24,39,760558,716448,11.4,12.1,0.1999999999999993,0.5,False,False,716448,760558,False,False,False,0,
716448,105,W,7,37,44574.0,,12.1,33.921331,-118.201425,0.5,ML,3,BULLIS,2644,,,,True,False,25,39,760568,716450,11.6,12.6,0.5,0.5,False,False,716450,760568,False,False,False,0,
716450,105,W,7,37,44574.0,,12.6,33.918043,-118.193865,0.455,ML,4,HARRIS,2645,,,,True,False,26,39,716448,760599,12.1,13.01,0.5,0.41000000000000014,False,False,760599,716448,False,False,False,0,
760599,105,W,7,37,44574.0,,13.01,33.915511,-118.187405,0.3,ML,3,FM 710 NB,2903,,,,True,False,27,39,716450,763712,12.6,13.2,0.41000000000000014,0.1899999999999995,False,False,763712,716450,False,False,False,0,
763712,105,W,7,37,44574.0,,13.2,33.91443,-118.184361,0.1,ML,3,WRIGHT,2630,,,,True,False,28,39,760599,760606,13.01,13.21,0.1899999999999995,0.010000000000001563,False,False,760606,760599,False,False,False,0,
760606,105,W,7,37,44574.0,,13.21,33.914378,-118.184198,0.3,ML,3,FM 710 SB,2904,,,,True,False,29,39,763712,760619,13.2,13.8,0.010000000000001563,0.5899999999999999,False,False,760619,763712,False,False,False,0,
760619,105,W,7,37,44574.0,,13.8,33.911423,-118.174572,0.595,ML,3,GARFIELD 1,4833,,,,True,False,30,39,760606,716457,13.21,14.4,0.5899999999999999,0.5999999999999996,False,False,716457,760606,False,False,False,0,
716457,105,W,7,37,55618.0,,14.4,33.911652,-118.164198,0.55,ML,5,FACADE,2593,,,,True,False,31,39,760619,716459,13.8,14.9,0.5999999999999996,0.5,False,False,716459,760619,False,False,False,0,
716459,105,W,7,37,73080.0,,14.9,33.912441,-118.155588,0.45,ML,3,MERKEL,2594,,,,True,False,32,39,716457,716461,14.4,15.3,0.5,0.40000000000000036,False,False,716461,716457,False,False,False,0,
716461,105,W,7,37,73080.0,,15.3,33.913023,-118.148672,0.35,ML,3,GARDENDALE,2596,,,,True,False,33,39,716459,760398,14.9,15.6,0.40000000000000036,0.29999999999999893,False,False,760398,716459,False,False,False,0,
760398,105,W,7,37,19766.0,,15.6,33.913204,-118.143449,0.35,ML,3,LAKEWOOD 1,4580,,,,True,False,34,39,716461,760384,15.3,16.0,0.29999999999999893,0.40000000000000036,False,False,760384,716461,False,False,False,0,
760384,105,W,7,37,19766.0,,16.0,33.913209,-118.136477,0.45,ML,3,HANWELL,2597,,,,True,False,35,39,760398,760375,15.6,16.5,0.40000000000000036,0.5,False,True,760375,760398,True,False,False,0,
760375,105,W,7,37,19766.0,,16.5,33.913234,-118.12779,0.4,ML,4,BELLFLOWER 1,4583,,,,True,True,36,39,760384,760369,16.0,16.8,0.5,0.3000000000000007,False,False,760369,760384,False,False,True,1,Fwy_105_W_physical_run_1
760369,105,W,7,37,19766.0,,16.8,33.91352,-118.122596,0.4,ML,4,BELLFLOWER 2,4582,,,,True,False,37,39,760375,716471,16.5,17.3,0.3000000000000007,0.5,True,False,716471,760375,False,True,False,1,
716471,105,W,7,37,19766.0,,17.3,33.914009,-118.113945,0.55,ML,4,CARFAX,2557,,,,True,False,38,39,760369,760358,16.8,17.9,0.5,0.5999999999999979,False,False,760358,760369,False,False,False,1,
760358,105,W,7,37,52526.0,,17.9,33.914273,-118.103564,0.415,ML,2,HOXIE,4668,,,,True,False,39,39,716471,,17.3,,0.5999999999999979,,False,False,,716471,False,False,False,1,
763498,110,N,7,37,44000.0,,1.58,33.758627,-118.28954,2.08,ML,3,JS GIBSON,3829,,,,True,False,1,50,,775773,,2.58,,1.0,False,False,,775773,False,False,False,0,
775773,110,N,7,37,44000.0,2.65,2.58,33.770321,-118.280319,0.595,ML,4,S/O HARRY BRIDGES,3837,,,,True,False,2,50,763498,763502,1.58,2.77,1.0,0.18999999999999995,False,False,763498,763502,False,False,False,0,
763502,110,N,7,37,44000.0,2.84,2.77,33.772948,-118.279693,0.365,ML,4,Harry S. Bridges,3830,,,,True,False,3,50,775773,763507,2.58,3.31,0.18999999999999995,0.54,False,False,775773,763507,False,False,False,0,
763507,110,N,7,37,44000.0,3.38,3.31,33.78064,-118.280253,0.665,ML,4,ANAHEIM,3831,,,,True,False,4,50,763502,763512,2.77,4.1,0.54,0.7899999999999996,False,False,763502,763512,False,False,False,0,
763512,110,N,7,37,44000.0,4.17,4.1,33.791949,-118.282519,1.0,ML,4,PCH,3832,,,,True,False,5,50,763507,763517,3.31,5.31,0.7899999999999996,1.21,False,False,763507,763517,False,False,False,0,
763517,110,N,7,37,,5.38,5.31,33.807904,-118.287726,0.715,ML,4,SEPULVEDA 1,3833,,,,True,False,6,50,763512,763522,4.1,5.53,1.21,0.22000000000000064,False,False,763512,763522,False,False,False,0,
763522,110,N,7,37,,5.6,5.53,33.81107,-118.287268,0.73,ML,4,SEPULVEDA 2,3834,,,,True,False,7,50,763517,763527,5.31,6.77,0.22000000000000064,1.2399999999999993,False,False,763517,763527,False,False,False,0,
763527,110,N,7,37,,6.84,6.77,33.82907,-118.28727,1.19,ML,4,220TH,3835,,,,True,False,8,50,763522,763532,5.53,7.91,1.2399999999999993,1.1400000000000006,False,False,763522,763532,False,False,False,0,
763532,110,N,7,37,,7.98,7.91,33.845433,-118.285155,0.91,ML,4,TORRANCE,3836,,,,True,False,9,50,763527,766336,6.77,8.59,1.1400000000000006,0.6799999999999997,False,False,763527,766336,False,False,False,0,
766336,110,N,7,37,,8.66,8.59,33.855279,-118.284699,0.615,ML,3,S OF 405,2337,,,,True,False,10,50,763532,763354,7.91,9.14,0.6799999999999997,0.5500000000000007,False,False,763532,763354,False,False,False,0,
763354,110,N,7,37,44000.0,9.21,9.14,33.863231,-118.284914,0.51,ML,6,190TH,3173,,,,True,False,11,50,766336,763663,8.59,9.61,0.5500000000000007,0.46999999999999886,False,False,766336,763663,False,False,False,0,
763663,110,N,7,37,44000.0,9.68,9.61,33.870044,-118.28482,0.75,ML,5,S OF 91,2259,,,,True,False,12,50,763354,716484,9.14,10.64,0.46999999999999886,1.0300000000000011,False,False,763354,716484,False,False,False,0,
716484,110,N,7,37,44000.0,10.71,10.64,33.884861,-118.285153,0.77,ML,5,GARDENA,2242,,,,True,False,13,50,763663,763626,9.61,11.15,1.0300000000000011,0.5099999999999998,False,False,763663,763626,False,False,False,0,
763626,110,N,7,37,44000.0,11.22,11.15,33.892333,-118.285489,0.56,ML,4,REDONDO BEACH,4444,,,,True,False,14,50,716484,775825,10.64,11.76,0.5099999999999998,0.6099999999999994,False,False,716484,775825,False,False,False,0,
775825,110,N,7,37,44000.0,11.83,11.76,33.901039,-118.286407,0.375,ML,4,ROSECRANS E/B,3176,,,,True,False,15,50,763626,763361,11.15,11.9,0.6099999999999994,0.14000000000000057,False,False,763626,763361,False,False,False,0,
763361,110,N,7,37,44000.0,11.97,11.9,33.903061,-118.2864,0.205,ML,5,ROSECRANS 2,3177,,,,True,False,16,50,775825,716490,11.76,12.17,0.14000000000000057,0.2699999999999996,False,False,775825,716490,False,False,False,0,
716490,110,N,7,37,44000.0,12.24,12.17,33.90698,-118.286419,0.445,ML,5,137TH,2195,,,,True,False,17,50,763361,763367,11.9,12.79,0.2699999999999996,0.6199999999999992,False,True,763361,763367,False,True,False,0,
763367,110,N,7,37,44000.0,12.86,12.79,33.915926,-118.285841,0.445,ML,4,EL SEGUNDO,3178,,,,True,True,18,50,716490,716495,12.17,13.06,0.6199999999999992,0.27000000000000135,False,False,716490,716495,False,False,True,1,Fwy_110_N_physical_run_1
716495,110,N,7,37,44000.0,13.13,13.06,33.919346,-118.283589,0.27,ML,5,126TH,2243,,,,True,False,19,50,763367,774704,12.79,13.33,0.27000000000000135,0.2699999999999996,True,False,763367,774704,True,False,False,1,
774704,110,N,7,37,44000.0,13.4,13.33,33.922709,-118.281293,0.34,ML,5,120TH STREET,2584,,,,True,False,20,50,716495,763304,13.06,13.74,0.2699999999999996,0.41000000000000014,False,False,716495,763304,False,False,False,1,
763304,110,N,7,37,44000.0,13.81,13.74,33.928629,-118.280397,0.445,ML,4,IMPERIAL 1,3067,,,,True,False,21,50,774704,763372,13.33,14.22,0.41000000000000014,0.4800000000000004,False,False,774704,763372,False,False,False,1,
763372,110,N,7,37,44000.0,14.29,14.22,33.93561,-118.27973,0.345,ML,4,IMPERIAL 2,3179,,,,True,False,22,50,763304,763720,13.74,14.43,0.4800000000000004,0.20999999999999908,False,False,763304,763720,False,False,False,1,
763720,110,N,7,37,44000.0,14.5,14.43,33.938699,-118.279654,0.405,ML,4,FM RT 105,2914,,,,True,False,23,50,763372,763384,14.22,15.03,0.20999999999999908,0.5999999999999996,False,False,763372,763384,False,False,False,1,
763384,110,N,7,37,44000.0,15.1,15.03,33.947463,-118.279359,0.43,ML,4,CENTURY,3180,,,,True,False,24,50,763720,716499,14.43,15.29,0.5999999999999996,0.2599999999999998,False,False,763720,716499,False,False,False,1,
716499,110,N,7,37,44000.0,15.36,15.29,33.951161,-118.279899,0.39,ML,5,94TH,2244,,,,True,False,25,50,763384,763392,15.03,15.81,0.2599999999999998,0.5200000000000014,False,False,763384,763392,False,False,False,1,
763392,110,N,7,37,44000.0,15.88,15.81,33.958618,-118.280545,0.33,ML,4,MANCHESTER1,3181,,,,True,False,26,50,716499,763400,15.29,15.95,0.5200000000000014,0.1399999999999988,False,False,716499,763400,False,False,False,1,
763400,110,N,7,37,44000.0,16.02,15.95,33.960648,-118.280531,0.625,ML,4,MANCHESTER2,3182,,,,True,False,27,50,763392,763408,15.81,17.06,0.1399999999999988,1.1099999999999994,False,True,763392,763408,False,True,False,1,
763408,110,N,7,37,44000.0,17.13,17.06,33.976848,-118.280643,0.83,ML,4,FLORENCE,3183,,,,True,True,28,50,763400,763419,15.95,17.61,1.1099999999999994,0.5500000000000007,False,False,763400,763419,False,False,True,2,Fwy_110_N_physical_run_2
763419,110,N,7,37,44000.0,17.68,17.61,33.984847,-118.280312,0.42,ML,4,GAGE,3184,,,,True,False,29,50,763408,718164,17.06,17.9,0.5500000000000007,0.28999999999999915,True,False,763408,718164,True,False,False,2,
718164,110,N,7,37,44000.0,17.97,17.9,33.989159,-118.280238,0.48,ML,4,SLAUSON,3185,,,,True,False,30,50,763419,763424,17.61,18.57,0.28999999999999915,0.6700000000000017,False,False,763419,763424,False,False,False,2,
763424,110,N,7,37,44000.0,18.64,18.57,33.998622,-118.280613,0.595,ML,4,51ST,3186,,,,True,False,31,50,718164,763429,17.9,19.09,0.6700000000000017,0.5199999999999996,False,False,718164,763429,False,False,False,2,
763429,110,N,7,37,44000.0,19.16,19.09,34.006152,-118.280854,0.415,ML,4,VERNON,3187,,,,True,False,32,50,763424,763434,18.57,19.4,0.5199999999999996,0.3099999999999987,False,False,763424,763434,False,False,False,2,
763434,110,N,7,37,44000.0,19.47,19.4,34.010617,-118.280787,0.42,ML,4,KING,3188,,,,True,False,33,50,763429,763439,19.09,19.93,0.3099999999999987,0.5300000000000011,False,False,763429,763439,False,False,False,2,
763439,110,N,7,37,44000.0,20.0,19.93,34.018144,-118.279568,0.565,ML,4,EXPOSITION2,3189,,,,True,False,34,50,763434,764032,19.4,20.53,0.5300000000000011,0.6000000000000014,False,False,763434,764032,False,False,False,2,
764032,110,N,7,37,44000.0,20.6,20.53,34.026085,-118.275163,0.5,ML,5,ADAMS,2194,,,,True,False,35,50,763439,775637,19.93,20.93,0.6000000000000014,0.3999999999999986,False,False,763439,775637,False,False,False,2,
775637,110,N,7,37,44000.0,21.0,20.93,34.031804,-118.274441,0.38,ML,3,21ST STREET,2335,,,,True,False,36,50,764032,718165,20.53,21.29,0.3999999999999986,0.35999999999999943,False,False,764032,718165,False,False,False,2,
718165,110,N,7,37,44000.0,21.36,21.29,34.037093,-118.274088,0.35,ML,3,WASHINGTON2,3190,,,,True,False,37,50,775637,774672,20.93,21.63,0.35999999999999943,0.33999999999999986,False,False,775637,774672,False,False,False,2,
774672,110,N,7,37,44000.0,21.7,21.63,34.041951,-118.273107,0.37,ML,3,14TH STREET,2608,,,,True,False,38,50,718165,774685,21.29,22.03,0.33999999999999986,0.40000000000000213,False,False,718165,774685,False,False,False,2,
774685,110,N,7,37,44000.0,22.1,22.03,34.046357,-118.268913,0.305,ML,5,11TH STREET,3842,,,,True,False,39,50,774672,774658,21.63,22.24,0.40000000000000213,0.2099999999999973,False,False,774672,774658,False,False,False,2,
774658,110,N,7,37,44000.0,22.31,22.24,34.048162,-118.265992,0.55,ML,4,8TH,3490,,,,True,False,40,50,774685,772501,22.03,23.13,0.2099999999999973,0.8900000000000006,False,False,774685,772501,False,False,False,2,
772501,110,N,7,37,44000.0,23.2,23.13,34.057029,-118.254921,1.075,ML,5,3RD ST,3846,,,,True,False,41,50,774658,718046,22.24,24.39,0.8900000000000006,1.2600000000000016,False,False,774658,718046,False,False,False,2,
718046,110,N,7,37,44000.0,24.46,24.39,34.067909,-118.23795,0.75,ML,3,STADUIM,3493,,,,True,False,42,50,772501,772513,23.13,24.63,1.2600000000000016,0.23999999999999844,False,False,772501,772513,False,False,False,2,
772513,110,N,7,37,44000.0,24.7,24.63,34.070398,-118.235253,0.31,ML,4,STADIUM WAY,3851,,,,True,False,43,50,718046,771667,24.39,25.01,0.23999999999999844,0.38000000000000256,False,False,718046,771667,False,False,False,2,
771667,110,N,7,37,44000.0,25.08,25.01,34.075092,-118.232059,0.35,ML,4,SOLANO AVE,2503,,,,True,False,44,50,772513,771673,24.63,25.33,0.38000000000000256,0.31999999999999673,False,False,772513,771673,False,False,False,2,
771673,110,N,7,37,44000.0,25.4,25.33,34.078403,-118.228171,0.165,ML,4,SO OF N/B 5,2504,,,,True,False,45,50,771667,772669,25.01,25.34,0.31999999999999673,0.010000000000001563,False,False,771667,772669,False,False,False,2,
772669,110,N,7,37,44000.0,25.41,25.34,34.078503,-118.228045,0.3,ML,8,DLC 110 NB TO 5 NB,2900,,,,True,False,46,50,771673,773013,25.33,25.93,0.010000000000001563,0.5899999999999999,False,False,771673,773013,False,False,False,2,
773013,110,N,7,37,44000.0,26.0,25.93,34.084087,-118.220354,0.845,ML,3,N/O 5,2250,,,,True,False,47,50,772669,767751,25.34,27.03,0.5899999999999999,1.1000000000000014,False,False,772669,767751,False,False,False,2,
767751,110,N,7,37,44000.0,27.1,27.03,34.09296,-118.206232,1.75,ML,3,AVE 43,3867,,,,True,False,48,50,773013,767760,25.93,29.43,1.1000000000000014,2.3999999999999986,False,True,773013,767760,False,True,False,2,
767760,110,N,7,37,44000.0,29.5,29.43,34.112828,-118.177006,1.7,ML,3,YORK BLVD,3862,,,,True,True,49,50,767751,767768,27.03,30.43,2.3999999999999986,1.0,False,False,767751,767768,False,False,True,3,Fwy_110_N_physical_run_3
767768,110,N,7,37,73220.0,30.5,30.43,34.119072,-118.16196,1.913,ML,3,ORANGE GROVE,3861,,,,True,False,50,50,767760,,29.43,,1.0,,True,False,767760,,True,False,False,3,
775752,110,S,7,37,44000.0,,1.58,33.758642,-118.289784,2.08,ML,4,JS GIBSON,3829,,,,True,False,1,40,,775774,,2.58,,1.0,False,False,775774,,False,False,False,0,
775774,110,S,7,37,44000.0,2.65,2.58,33.770329,-118.280609,3.0,ML,4,S/O HARRY BRIDGES,3837,,,,True,False,2,40,775752,766337,1.58,8.59,1.0,6.01,False,False,766337,775752,False,False,False,0,
766337,110,S,7,37,,8.66,8.59,33.855273,-118.2849,2.85,ML,3,S OF 405,2337,,,,True,False,3,40,775774,716481,2.58,9.29,6.01,0.6999999999999993,False,False,716481,775774,False,False,False,0,
716481,110,S,7,37,44000.0,9.36,9.29,33.865396,-118.285083,0.67,ML,3,S OF 91,2258,,,,True,False,4,40,766337,766988,8.59,9.93,0.6999999999999993,0.6400000000000006,False,False,766988,766337,False,False,False,0,
766988,110,S,7,37,44000.0,10.0,9.93,33.874645,-118.28514,0.675,ML,4,N OF 91,2260,,,,True,False,5,40,716481,716485,9.29,10.64,0.6400000000000006,0.7100000000000009,False,False,716485,716481,False,False,False,0,
716485,110,S,7,37,44000.0,10.71,10.64,33.884866,-118.28555,0.555,ML,6,GARDENA,2242,,,,True,False,6,40,766988,763621,9.93,11.04,0.7100000000000009,0.3999999999999986,False,False,763621,766988,False,False,False,0,
763621,110,S,7,37,44000.0,11.11,11.04,33.890677,-118.285802,0.51,ML,4,REDONDO BEACH,4443,,,,True,False,7,40,716485,763314,10.64,11.66,0.3999999999999986,0.620000000000001,False,False,763314,716485,False,False,False,0,
763314,110,S,7,37,44000.0,11.73,11.66,33.899562,-118.286804,0.565,ML,4,ROSECRANS,3069,,,,True,False,8,40,763621,716491,11.04,12.17,0.620000000000001,0.5099999999999998,False,False,716491,763621,False,False,False,0,
716491,110,S,7,37,44000.0,12.24,12.17,33.906991,-118.286756,0.515,ML,5,137TH,2195,,,,True,False,9,40,763314,763309,11.66,12.69,0.5099999999999998,0.5199999999999996,False,False,763309,763314,False,False,False,0,
763309,110,S,7,37,44000.0,12.76,12.69,33.914535,-118.286578,0.445,ML,4,EL SEGUNDO,3068,,,,True,False,10,40,716491,716494,12.17,13.06,0.5199999999999996,0.370000000000001,False,False,716494,716491,False,False,False,0,
716494,110,S,7,37,44000.0,13.13,13.06,33.919393,-118.284015,0.32,ML,5,126TH,2243,,,,True,False,11,40,763309,774703,12.69,13.33,0.370000000000001,0.2699999999999996,False,False,774703,763309,False,False,False,0,
774703,110,S,7,37,44000.0,13.4,13.33,33.922722,-118.281671,0.155,ML,4,120TH STREET,2584,,,,True,False,12,40,716494,759418,13.06,13.37,0.2699999999999996,0.03999999999999915,False,False,759418,716494,False,False,False,0,
759418,110,S,7,37,44000.0,13.44,13.37,33.923292,-118.281555,0.025,ML,5,FM 105 WB,2919,,,,True,False,13,40,774703,759416,13.33,13.38,0.03999999999999915,0.010000000000001563,False,False,759416,774703,False,False,False,0,
759416,110,S,7,37,44000.0,13.45,13.38,33.923435,-118.281525,0.185,ML,4,FM 105 EB,2913,,,,True,False,14,40,759418,763299,13.37,13.74,0.010000000000001563,0.35999999999999943,False,False,763299,759418,False,False,False,0,
763299,110,S,7,37,44000.0,13.81,13.74,33.928643,-118.281065,0.42,ML,4,IMPERIAL 1,3067,,,,True,False,15,40,759416,763377,13.38,14.22,0.35999999999999943,0.4800000000000004,False,False,763377,759416,False,False,False,0,
763377,110,S,7,37,44000.0,14.29,14.22,33.935598,-118.280279,0.775,ML,6,IMPERIAL 2,3179,,,,True,False,16,40,763299,716500,13.74,15.29,0.4800000000000004,1.0699999999999985,False,False,716500,763299,False,False,False,0,
716500,110,S,7,37,44000.0,15.36,15.29,33.95115,-118.280258,0.795,ML,6,94TH,2244,,,,True,False,17,40,763377,763294,14.22,15.81,1.0699999999999985,0.5200000000000014,False,False,763294,763377,False,False,False,0,
763294,110,S,7,37,44000.0,15.88,15.81,33.958616,-118.281057,0.4,ML,4,MANCHESTER1,3066,,,,True,False,18,40,716500,763286,15.29,16.09,0.5200000000000014,0.27999999999999936,False,False,763286,716500,False,False,False,0,
763286,110,S,7,37,44000.0,16.16,16.09,33.962692,-118.280984,0.35,ML,4,MANCHESTER2,3065,,,,True,False,19,40,763294,763275,15.81,16.51,0.27999999999999936,0.4200000000000017,False,False,763275,763294,False,False,False,0,
763275,110,S,7,37,44000.0,16.58,16.51,33.968828,-118.28101,0.6,ML,4,76TH,3064,,,,True,False,20,40,763286,763267,16.09,17.29,0.4200000000000017,0.7799999999999976,False,False,763267,763286,False,False,False,0,
763267,110,S,7,37,44000.0,17.36,17.29,33.980182,-118.281036,0.65,ML,4,GAGE,3063,,,,True,False,21,40,763275,763259,16.51,17.81,0.7799999999999976,0.5199999999999996,False,False,763259,763275,False,False,False,0,
763259,110,S,7,37,44000.0,17.88,17.81,33.987824,-118.280807,0.765,ML,4,SLAUSON,3062,,,,True,False,22,40,763267,763251,17.29,18.82,0.5199999999999996,1.0100000000000016,False,False,763251,763267,False,False,False,0,
763251,110,S,7,37,44000.0,18.89,18.82,34.002226,-118.28122,0.745,ML,4,VERNON,3061,,,,True,False,23,40,763259,718041,17.81,19.3,1.0100000000000016,0.4800000000000004,False,False,718041,763259,False,False,False,0,
718041,110,S,7,37,44000.0,19.37,19.3,34.009215,-118.281288,0.455,ML,5,KING BLVD,3060,,,,True,False,24,40,763251,763246,18.82,19.73,0.4800000000000004,0.4299999999999997,False,False,763246,763251,False,False,False,0,
763246,110,S,7,37,44000.0,19.8,19.73,34.015503,-118.281106,0.315,ML,4,EXPOSITION1,3059,,,,True,False,25,40,718041,763447,19.3,19.93,0.4299999999999997,0.1999999999999993,False,False,763447,718041,False,False,False,0,
763447,110,S,7,37,44000.0,20.0,19.93,34.018314,-118.280127,0.4,ML,5,EXPOSITION2,3189,,,,True,False,26,40,763246,764037,19.73,20.53,0.1999999999999993,0.6000000000000014,False,False,764037,763246,False,False,False,0,
764037,110,S,7,37,44000.0,20.6,20.53,34.026164,-118.275402,0.5,ML,5,ADAMS,2194,,,,True,False,27,40,763447,775636,19.93,20.93,0.6000000000000014,0.3999999999999986,False,False,775636,763447,False,False,False,0,
775636,110,S,7,37,44000.0,21.0,20.93,34.031839,-118.274646,0.38,ML,3,21ST STREET,2335,,,,True,False,28,40,764037,718166,20.53,21.29,0.3999999999999986,0.35999999999999943,False,False,718166,764037,False,False,False,0,
718166,110,S,7,37,44000.0,21.36,21.29,34.03711,-118.274257,0.3,ML,3,WASHINGTON2,3190,,,,True,False,29,40,775636,760635,20.93,21.53,0.35999999999999943,0.240000000000002,False,False,760635,775636,False,False,False,0,
760635,110,S,7,37,44000.0,21.6,21.53,34.040612,-118.27373,0.17,ML,6,11TH,3489,,,,True,False,30,40,718166,774671,21.29,21.63,0.240000000000002,0.09999999999999787,False,False,774671,718166,False,False,False,0,
774671,110,S,7,37,44000.0,21.7,21.63,34.042012,-118.273319,0.355,ML,3,14TH STREET,2608,,,,True,False,31,40,760635,760643,21.53,22.24,0.09999999999999787,0.6099999999999994,False,False,760643,760635,False,False,False,0,
760643,110,S,7,37,44000.0,22.31,22.24,34.04828,-118.266145,0.675,ML,5,8TH,3490,,,,True,False,32,40,774671,718173,21.63,22.98,0.6099999999999994,0.740000000000002,False,False,718173,774671,False,False,False,0,
718173,110,S,7,37,44000.0,23.05,22.98,34.055433,-118.256754,0.745,ML,3,THIRD,3492,,,,True,False,33,40,760643,775610,22.24,23.73,0.740000000000002,0.75,False,False,775610,760643,False,False,False,0,
775610,110,S,7,37,44000.0,23.8,23.73,34.063457,-118.247963,0.705,ML,3,SUNSET,2392,,,,True,False,34,40,718173,718045,22.98,24.39,0.75,0.6600000000000001,False,False,718045,718173,False,False,False,0,
718045,110,S,7,37,44000.0,24.46,24.39,34.068002,-118.238015,0.6,ML,3,STADUIM,3493,,,,True,False,35,40,775610,760650,23.73,24.93,0.6600000000000001,0.5399999999999991,False,False,760650,775610,False,False,False,0,
760650,110,S,7,37,44000.0,25.0,24.93,34.074472,-118.233103,0.746,ML,5,AMADOR,3494,,,,True,False,36,40,718045,773012,24.39,25.882,0.5399999999999991,0.9520000000000017,False,False,773012,718045,False,False,False,0,
773012,110,S,7,37,44000.0,26.0,25.882,34.084203,-118.220447,1.026,ML,3,N/O 5,2250,,,,True,False,37,40,760650,767750,24.93,26.982,0.9520000000000017,1.0999999999999979,False,False,767750,760650,False,False,False,0,
767750,110,S,7,37,44000.0,27.1,26.982,34.093121,-118.206362,1.75,ML,3,AVE 43,3867,,,,True,False,38,40,773012,767759,25.882,29.382,1.0999999999999979,2.400000000000002,False,True,767759,773012,True,False,False,0,
767759,110,S,7,37,44000.0,29.5,29.382,34.112945,-118.177303,1.7,ML,3,YORK BLVD,3862,,,,True,True,39,40,767750,767767,26.982,30.382,2.400000000000002,1.0,False,False,767767,767750,False,False,True,1,Fwy_110_S_physical_run_1
767767,110,S,7,37,73220.0,30.5,30.382,34.119213,-118.161998,1.918,ML,2,ORANGE GROVE,3861,,,,True,False,40,40,767759,,29.382,,1.0,,True,False,,767759,False,True,False,1,
760686,118,E,7,111,49138.0,,20.289,34.292788,-118.854026,2.78,ML,2,PRINCETON/LA AVE,4575,,,,True,True,1,56,,760693,,20.849,,0.5599999999999987,False,True,,760693,False,True,True,1,Fwy_118_E_physical_run_1
760693,118,E,7,111,49138.0,,20.849,34.293197,-118.84425,0.571,ML,2,COLLINS,4577,,,,True,True,2,56,760686,772132,20.289,21.431,0.5599999999999987,0.5820000000000007,True,False,760686,772132,True,False,False,1,Fwy_118_E_physical_run_1
772132,118,E,7,111,49138.0,,21.431,34.292667,-118.834172,0.791,ML,2,E/O COLLINS DR.,2520,,,,True,False,3,56,760693,772125,20.849,22.431,0.5820000000000007,1.0,True,False,760693,772125,True,False,False,1,
772125,118,E,7,111,49138.0,,22.431,34.291143,-118.816801,0.965,ML,2,W/O ALMOS CYN ACCESS,2528,,,,True,False,4,56,772132,772118,21.431,23.361,1.0,0.9299999999999997,False,True,772132,772118,False,True,False,1,
772118,118,E,7,111,49138.0,,23.361,34.287992,-118.801315,0.715,ML,2,W/O DUMP SITE ACCESS,2550,,,,True,True,5,56,772125,760812,22.431,23.861,0.9299999999999997,0.5,False,False,772125,760812,False,False,True,2,Fwy_118_E_physical_run_2
760812,118,E,7,111,72016.0,,23.861,34.284287,-118.793847,0.375,ML,2,MADERA 1,4818,,,,True,False,6,56,772118,760814,23.361,24.111,0.5,0.25,True,True,772118,760814,True,True,False,2,
760814,118,E,7,111,72016.0,,24.111,34.28279,-118.789901,0.235,ML,2,MADERA 2,4550,,,,True,True,7,56,760812,764081,23.861,24.331,0.25,0.21999999999999886,False,True,760812,764081,False,True,True,3,Fwy_118_E_physical_run_3
764081,118,E,7,111,72016.0,,24.331,34.2822,-118.786152,0.3,ML,3,E OF MADERA,2628,,,,True,True,8,56,760814,760801,24.111,24.711,0.21999999999999886,0.379999999999999,True,True,760814,760801,True,True,False,3,Fwy_118_E_physical_run_3
760801,118,E,7,111,72016.0,,24.711,34.282155,-118.779539,0.285,ML,3,FIRST 1,4548,,,,True,True,9,56,764081,760794,24.331,24.901,0.379999999999999,0.19000000000000128,True,False,764081,760794,True,False,False,3,Fwy_118_E_physical_run_3
760794,118,E,7,111,72016.0,,24.901,34.28215,-118.776188,0.21,ML,3,FIRST 2,4546,,,,True,False,10,56,760801,764072,24.711,25.131,0.19000000000000128,0.23000000000000043,True,True,760801,764072,True,True,False,3,
764072,118,E,7,111,72016.0,,25.131,34.282147,-118.772116,0.405,ML,3,CALDWELL,2629,,,,True,True,11,56,760794,760782,24.901,25.711,0.23000000000000043,0.5799999999999983,False,True,760794,760782,False,True,True,4,Fwy_118_E_physical_run_4
760782,118,E,7,111,72016.0,,25.711,34.282158,-118.761848,0.385,ML,3,ERRINGER 1,4544,,,,True,True,12,56,764072,760774,25.131,25.901,0.5799999999999983,0.19000000000000128,True,True,764072,760774,True,True,False,4,Fwy_118_E_physical_run_4
760774,118,E,7,111,72016.0,,25.901,34.282158,-118.75852,0.16,ML,3,ERRINGER 2,4542,,,,True,True,13,56,760782,764068,25.711,26.031,0.19000000000000128,0.129999999999999,True,True,760782,764068,True,True,False,4,Fwy_118_E_physical_run_4
764068,118,E,7,111,72016.0,,26.031,34.28215,-118.756247,0.405,ML,3,ATHERWOOD,2621,,,,True,True,14,56,760774,760765,25.901,26.711,0.129999999999999,0.6799999999999997,True,True,760774,760765,True,True,False,4,Fwy_118_E_physical_run_4
760765,118,E,7,111,72016.0,,26.711,34.282139,-118.744365,0.44,ML,3,SYCAMORE 1,4540,,,,True,True,15,56,764068,760756,26.031,26.911,0.6799999999999997,0.20000000000000284,True,True,764068,760756,True,True,False,4,Fwy_118_E_physical_run_4
760756,118,E,7,111,72016.0,,26.911,34.28213,-118.740869,0.285,ML,3,SYCAMORE 2,4538,,,,True,True,16,56,760765,759142,26.711,27.281,0.20000000000000284,0.36999999999999744,True,False,760765,759142,True,False,False,4,Fwy_118_E_physical_run_4
759142,118,E,7,111,72016.0,,27.281,34.282136,-118.734404,0.41,ML,3,GALENA,2622,,,,True,False,17,56,760756,764193,26.911,27.731,0.36999999999999744,0.45000000000000284,True,False,760756,764193,True,False,False,4,
764193,118,E,7,111,72016.0,,27.731,34.282131,-118.72654,0.47,ML,3,COPPERFIELD,2623,,,,True,False,18,56,759142,760746,27.281,28.221,0.45000000000000284,0.48999999999999844,False,True,759142,760746,False,True,False,4,
760746,118,E,7,111,72016.0,,28.221,34.281623,-118.718019,0.34,ML,4,TAPO CYN 1,4536,,,,True,True,19,56,764193,760738,27.731,28.411,0.48999999999999844,0.19000000000000128,False,True,764193,760738,False,True,True,5,Fwy_118_E_physical_run_5
760738,118,E,7,111,72016.0,,28.411,34.281529,-118.714692,0.26,ML,4,TAPO CYN 2,4534,,,,True,True,20,56,760746,764185,28.221,28.741,0.19000000000000128,0.3299999999999983,True,True,760746,764185,True,True,False,5,Fwy_118_E_physical_run_5
764185,118,E,7,111,72016.0,,28.741,34.281508,-118.708898,0.41,ML,4,TAPO ST,2624,,,,True,True,21,56,760738,764181,28.411,29.231,0.3299999999999983,0.490000000000002,True,True,760738,764181,True,True,False,5,Fwy_118_E_physical_run_5
764181,118,E,7,111,72016.0,,29.231,34.281491,-118.700296,0.49,ML,4,KADOTA,2625,,,,True,True,22,56,764185,760726,28.741,29.721,0.490000000000002,0.48999999999999844,True,True,764185,760726,True,True,False,5,Fwy_118_E_physical_run_5
760726,118,E,7,111,72016.0,,29.721,34.281486,-118.691694,0.34,ML,4,STEARNS 1,4532,,,,True,True,23,56,764181,760718,29.231,29.911,0.48999999999999844,0.19000000000000128,True,False,764181,760718,True,False,False,5,Fwy_118_E_physical_run_5
760718,118,E,7,111,72016.0,,29.911,34.28146,-118.68836,0.255,ML,4,STEARNS 2,4530,,,,True,False,24,56,760726,764173,29.721,30.231,0.19000000000000128,0.3200000000000003,True,False,760726,764173,True,False,False,5,
764173,118,E,7,111,72016.0,,30.231,34.281476,-118.682746,0.275,ML,4,STOW,2626,,,,True,False,25,56,760718,717553,29.911,30.461,0.3200000000000003,0.22999999999999687,False,True,760718,717553,False,True,False,5,
717553,118,E,7,111,72016.0,,30.461,34.28145,-118.678709,0.215,ML,4,YOSEMITE 1,4528,,,,True,True,26,56,764173,717560,30.231,30.661,0.22999999999999687,0.20000000000000284,False,False,764173,717560,False,False,True,6,Fwy_118_E_physical_run_6
717560,118,E,7,111,72016.0,,30.661,34.281433,-118.675198,0.215,ML,4,YOSEMITE 2,4526,,,,True,False,27,56,717553,764165,30.461,30.891,0.20000000000000284,0.22999999999999687,True,True,717553,764165,True,True,False,6,
764165,118,E,7,111,72016.0,,30.891,34.28077,-118.671276,0.545,ML,4,COCHRAN,2627,,,,True,True,28,56,717560,717565,30.661,31.751,0.22999999999999687,0.860000000000003,False,False,717560,717565,False,False,True,7,Fwy_118_E_physical_run_7
717565,118,E,7,111,72016.0,,31.751,34.276128,-118.658042,0.68,ML,4,KUEHNER,4524,,,,True,False,29,56,764165,772107,30.891,32.251,0.860000000000003,0.49999999999999645,True,False,764165,772107,True,False,False,7,
772107,118,E,7,111,,,32.251,34.270739,-118.652796,0.855,ML,4,E/O KEUHNER DR.,2556,,,,True,False,30,56,717565,717568,31.751,33.461,0.49999999999999645,1.2100000000000009,False,False,717565,717568,False,False,False,7,
717568,118,E,7,111,,,33.461,34.268955,-118.634171,0.744,ML,4,ROCKY PEAK 2,4523,,,,True,False,31,56,772107,772487,32.251,33.961,1.2100000000000009,0.5,False,True,772107,772487,False,True,False,7,
772487,118,E,7,37,,,33.961,34.273908,-118.627732,0.696,ML,4,E/O  ROCKY PEAK,2336,,,,True,True,32,56,717568,765920,33.461,34.631,0.5,0.6700000000000017,False,True,717568,765920,False,True,True,8,Fwy_118_E_physical_run_8
765920,118,E,7,37,,,34.631,34.276428,-118.616547,0.76,ML,4,INVERSON RD,2226,,,,True,True,33,56,772487,717525,33.961,35.481,0.6700000000000017,0.8500000000000014,True,False,772487,717525,True,False,False,8,Fwy_118_E_physical_run_8
717525,118,E,7,37,,,35.481,34.276735,-118.602125,0.55,ML,4,TOPANGA CYN,3528,,,,True,False,34,56,765920,765978,34.631,35.731,0.8500000000000014,0.25,True,False,765920,765978,True,False,False,8,
765978,118,E,7,37,,,35.731,34.275246,-118.598163,0.425,ML,5,CANOGA AVE,2227,,,,True,False,35,56,717525,717530,35.481,36.331,0.25,0.6000000000000014,False,False,717525,717530,False,False,False,8,
717530,118,E,7,37,44000.0,,36.331,34.273354,-118.588108,0.5,ML,4,DE SOTO,3527,,,,True,False,36,56,765978,765941,35.731,36.731,0.6000000000000014,0.3999999999999986,False,False,765978,765941,False,False,False,8,
765941,118,E,7,37,44000.0,,36.731,34.273305,-118.581148,0.55,ML,4,MASON AVE,2228,,,,True,False,37,56,717530,771706,36.331,37.431,0.3999999999999986,0.6999999999999957,False,True,717530,771706,False,True,False,8,
771706,118,E,7,37,44000.0,,37.431,34.273315,-118.56897,0.5,ML,4,PORTER RANCH,3526,,,,True,True,38,56,765941,765995,36.731,37.731,0.6999999999999957,0.30000000000000426,False,True,765941,765995,False,True,True,9,Fwy_118_E_physical_run_9
765995,118,E,7,37,44000.0,,37.731,34.272999,-118.563764,0.39,ML,5,CORBIN AVE,2229,,,,True,True,39,56,771706,717533,37.431,38.211,0.30000000000000426,0.4799999999999969,True,True,771706,717533,True,True,False,9,Fwy_118_E_physical_run_9
717533,118,E,7,37,44000.0,,38.211,34.272223,-118.555464,0.5,ML,4,TAMPA,3525,,,,True,True,40,56,765995,765958,37.731,38.731,0.4799999999999969,0.5200000000000031,True,True,765995,765958,True,True,False,9,Fwy_118_E_physical_run_9
765958,118,E,7,37,44000.0,,38.731,34.273995,-118.546706,0.575,ML,4,WILBUR AVE,2230,,,,True,True,41,56,717533,717536,38.211,39.361,0.5200000000000031,0.6299999999999955,True,True,717533,717536,True,True,False,9,Fwy_118_E_physical_run_9
717536,118,E,7,37,44000.0,,39.361,34.275083,-118.535822,0.6,ML,4,RESEDA,3524,,,,True,True,42,56,765958,766012,38.731,39.931,0.6299999999999955,0.5700000000000003,True,False,765958,766012,True,False,False,9,Fwy_118_E_physical_run_9
766012,118,E,7,37,44000.0,,39.931,34.278074,-118.526592,0.535,ML,4,CHIMINEAS,2231,,,,True,False,43,56,717536,766029,39.361,40.431,0.5700000000000003,0.5,True,True,717536,766029,True,True,False,9,
766029,118,E,7,37,44000.0,,40.431,34.277793,-118.517876,0.5,ML,4,WHITE OAK AVE,2132,,,,True,True,44,56,766012,766046,39.931,40.931,0.5,0.5,False,False,766012,766046,False,False,True,10,Fwy_118_E_physical_run_10
766046,118,E,7,37,44000.0,,40.931,34.277783,-118.509148,0.415,ML,4,LOUISE AVE,2232,,,,True,False,45,56,766029,717539,40.431,41.261,0.5,0.3300000000000054,True,True,766029,717539,True,True,False,10,
717539,118,E,7,37,44000.0,,41.261,34.277904,-118.503383,0.295,ML,4,BALBOA 1,3523,,,,True,True,46,56,766046,717541,40.931,41.521,0.3300000000000054,0.259999999999998,False,True,766046,717541,False,True,True,11,Fwy_118_E_physical_run_11
717541,118,E,7,37,44000.0,,41.521,34.277556,-118.498886,0.39,ML,5,BALBOA 2,3522,,,,True,True,47,56,717539,717543,41.261,42.041,0.259999999999998,0.519999999999996,True,True,717539,717543,True,True,False,11,Fwy_118_E_physical_run_11
717543,118,E,7,37,44000.0,,42.041,34.273127,-118.491528,0.47,ML,5,HAYVENHURST,3521,,,,True,True,48,56,717541,717547,41.521,42.461,0.519999999999996,0.4200000000000017,True,False,717541,717547,True,False,False,11,Fwy_118_E_physical_run_11
717547,118,E,7,37,44000.0,,42.461,34.268787,-118.486194,0.495,ML,5,WOODLEY,3529,,,,True,False,49,56,717543,766062,42.041,43.031,0.4200000000000017,0.5700000000000003,True,False,717543,766062,True,False,False,11,
766062,118,E,7,37,44000.0,,43.031,34.265948,-118.477329,0.535,ML,4,HASKELL AVE,2730,,,,True,False,50,56,717547,766138,42.461,43.531,0.5700000000000003,0.5,False,False,717547,766138,False,False,False,11,
766138,118,E,7,37,44000.0,,43.531,34.265847,-118.468667,0.4,ML,6,SEPULVEDA BLVD,3616,,,,True,False,51,56,766062,766170,43.031,43.831,0.5,0.30000000000000426,False,False,766062,766170,False,False,False,11,
766170,118,E,7,37,44000.0,,43.831,34.265805,-118.463409,0.4,ML,6,COLUMBUS,2131,,,,True,False,52,56,766138,771690,43.531,44.331,0.30000000000000426,0.5,False,False,766138,771690,False,False,False,11,
771690,118,E,7,37,44000.0,,44.331,34.265724,-118.454632,0.65,ML,6,FOX,2234,,,,True,False,53,56,766170,766185,43.831,45.131,0.5,0.7999999999999972,False,False,766170,766185,False,False,False,11,
766185,118,E,7,37,44000.0,,45.131,34.267093,-118.440661,0.5,ML,3,LAUREL CYN BLVD,3617,,,,True,False,54,56,771690,766112,44.331,45.331,0.7999999999999972,0.20000000000000284,False,False,771690,766112,False,False,False,11,
766112,118,E,7,37,44000.0,,45.331,34.267722,-118.437268,0.35,ML,5,ONEIDA,2235,,,,True,False,55,56,766185,766153,45.131,45.831,0.20000000000000284,0.5,False,False,766185,766153,False,False,False,11,
766153,118,E,7,37,44000.0,,45.831,34.271535,-118.429947,2.377,ML,4,SAN FERNANDO RD,3618,,,,True,False,56,56,766112,,45.331,,0.5,,False,False,766112,,False,False,False,11,
717554,118,W,7,111,49138.0,,19.949,34.292599,-118.860081,2.935,ML,2,PRINCETON/LA AVE,4574,,,,True,True,1,54,,717566,,20.819,,0.8699999999999974,False,True,717566,,True,False,True,1,Fwy_118_W_physical_run_1
717566,118,W,7,111,49138.0,,20.819,34.293436,-118.844767,0.741,ML,2,COLLINS,4576,,,,True,True,2,54,717554,772133,19.949,21.431,0.8699999999999974,0.6120000000000019,True,False,772133,717554,False,True,False,1,Fwy_118_W_physical_run_1
772133,118,W,7,111,49138.0,,21.431,34.292952,-118.834105,0.806,ML,2,E/O COLLINS DR.,2520,,,,True,False,3,54,717566,772126,20.819,22.431,0.6120000000000019,1.0,True,False,772126,717566,False,True,False,1,
772126,118,W,7,111,49138.0,,22.431,34.291452,-118.816751,0.965,ML,2,W/O ALMOS CYN ACCESS,2528,,,,True,False,4,54,772133,772119,21.431,23.361,1.0,0.9299999999999997,False,True,772119,772133,True,False,False,1,
772119,118,W,7,111,49138.0,,23.361,34.288377,-118.801243,0.68,ML,2,W/O DUMP SITE ACCESS,2550,,,,True,True,5,54,772126,760869,22.431,23.791,0.9299999999999997,0.4299999999999997,False,True,760869,772126,True,False,True,2,Fwy_118_W_physical_run_2
760869,118,W,7,111,72016.0,,23.791,34.285131,-118.79486,0.485,ML,3,MADERA 1,4819,,,,True,True,6,54,772119,764085,23.361,24.331,0.4299999999999997,0.5399999999999991,True,True,764085,772119,True,True,False,2,Fwy_118_W_physical_run_2
764085,118,W,7,111,72016.0,,24.331,34.282499,-118.786157,0.38,ML,4,E OF MADERA,2628,,,,True,True,7,54,760869,760971,23.791,24.551,0.5399999999999991,0.21999999999999886,True,True,760971,760869,True,True,False,2,Fwy_118_W_physical_run_2
760971,118,W,7,111,72016.0,,24.551,34.282452,-118.782329,0.245,ML,3,FIRST 1,4549,,,,True,True,8,54,764085,760959,24.331,24.821,0.21999999999999886,0.2700000000000031,True,True,760959,764085,True,True,False,2,Fwy_118_W_physical_run_2
760959,118,W,7,111,72016.0,,24.821,34.282447,-118.777608,0.29,ML,3,FIRST 2,4547,,,,True,True,9,54,760971,764076,24.551,25.131,0.2700000000000031,0.3099999999999987,True,True,764076,760971,True,True,False,2,Fwy_118_W_physical_run_2
764076,118,W,7,111,72016.0,,25.131,34.28245,-118.77212,0.39,ML,3,CALDWELL,2629,,,,True,True,10,54,760959,760951,24.821,25.601,0.3099999999999987,0.46999999999999886,True,False,760951,760959,False,True,False,2,Fwy_118_W_physical_run_2
760951,118,W,7,111,72016.0,,25.601,34.282441,-118.7638,0.325,ML,3,ERRINGER 1,4545,,,,True,False,11,54,764076,760941,25.131,25.781,0.46999999999999886,0.17999999999999972,True,True,760941,764076,True,True,False,2,
760941,118,W,7,111,72016.0,,25.781,34.28245,-118.760625,0.215,ML,3,ERRINGER 2,4543,,,,True,True,12,54,760951,764064,25.601,26.031,0.17999999999999972,0.25,False,True,764064,760951,True,False,True,3,Fwy_118_W_physical_run_3
764064,118,W,7,111,72016.0,,26.031,34.282447,-118.756252,0.41,ML,3,ATHERWOOD,2621,,,,True,True,13,54,760941,760932,25.781,26.601,0.25,0.5700000000000003,True,True,760932,760941,True,True,False,3,Fwy_118_W_physical_run_3
760932,118,W,7,111,72016.0,,26.601,34.28243,-118.746287,0.38,ML,3,SYCAMORE 1,4541,,,,True,True,14,54,764064,760921,26.031,26.791,0.5700000000000003,0.19000000000000128,True,False,760921,764064,False,True,False,3,Fwy_118_W_physical_run_3
760921,118,W,7,111,72016.0,,26.791,34.282439,-118.742964,0.34,ML,3,SYCAMORE 2,4539,,,,True,False,15,54,760932,759165,26.601,27.281,0.19000000000000128,0.48999999999999844,True,False,759165,760932,False,True,False,3,
759165,118,W,7,111,72016.0,,27.281,34.282445,-118.734398,0.47,ML,3,GALENA,2622,,,,True,False,16,54,760921,764197,26.791,27.731,0.48999999999999844,0.45000000000000284,False,False,764197,760921,False,False,False,3,
764197,118,W,7,111,72016.0,,27.731,34.282423,-118.726531,0.405,ML,3,COPPERFIELD,2623,,,,True,False,17,54,759165,760911,27.281,28.091,0.45000000000000284,0.35999999999999943,False,True,760911,759165,True,False,False,3,
760911,118,W,7,111,72016.0,,28.091,34.282189,-118.720254,0.275,ML,4,TAPO CYN 1,4537,,,,True,True,18,54,764197,760900,27.731,28.281,0.35999999999999943,0.18999999999999773,False,True,760900,764197,True,False,True,4,Fwy_118_W_physical_run_4
760900,118,W,7,111,72016.0,,28.281,34.281851,-118.716955,0.325,ML,4,TAPO CYN 2,4535,,,,True,True,19,54,760911,764189,28.091,28.741,0.18999999999999773,0.46000000000000085,True,True,764189,760911,True,True,False,4,Fwy_118_W_physical_run_4
764189,118,W,7,111,72016.0,,28.741,34.281806,-118.708876,0.475,ML,4,TAPO ST,2624,,,,True,True,20,54,760900,764177,28.281,29.231,0.46000000000000085,0.490000000000002,True,True,764177,760900,True,True,False,4,Fwy_118_W_physical_run_4
764177,118,W,7,111,72016.0,,29.231,34.281788,-118.700269,0.43,ML,4,KADOTA,2625,,,,True,True,21,54,764189,760892,28.741,29.601,0.490000000000002,0.36999999999999744,True,True,760892,764189,True,True,False,4,Fwy_118_W_physical_run_4
760892,118,W,7,111,72016.0,,29.601,34.28177,-118.693769,0.28,ML,4,STEARNS 1,4533,,,,True,True,22,54,764177,717558,29.231,29.791,0.36999999999999744,0.19000000000000128,True,False,717558,764177,False,True,False,4,Fwy_118_W_physical_run_4
717558,118,W,7,111,72016.0,,29.791,34.281761,-118.690432,0.315,ML,4,STEARNS 2,4531,,,,True,False,23,54,760892,764169,29.601,30.231,0.19000000000000128,0.4400000000000013,True,False,764169,760892,False,True,False,4,
764169,118,W,7,111,72016.0,,30.231,34.281773,-118.682707,0.25,ML,4,STOW,2626,,,,True,False,24,54,717558,717549,29.791,30.291,0.4400000000000013,0.05999999999999872,False,True,717549,717558,True,False,False,4,
717549,118,W,7,111,72016.0,,30.291,34.281753,-118.681653,0.1,ML,4,YOSEMITE 1,4529,,,,True,True,25,54,764169,717557,30.231,30.431,0.05999999999999872,0.14000000000000057,False,False,717557,764169,False,False,True,5,Fwy_118_W_physical_run_5
717557,118,W,7,111,72016.0,,30.431,34.28175,-118.679194,0.3,ML,4,YOSEMITE 2,4527,,,,True,False,26,54,717549,764161,30.291,30.891,0.14000000000000057,0.4599999999999973,True,True,764161,717549,True,True,False,5,
764161,118,W,7,111,72016.0,,30.891,34.281084,-118.671219,0.44,ML,4,COCHRAN,2627,,,,True,True,27,54,717557,717562,30.431,31.311,0.4599999999999973,0.4200000000000017,False,False,717562,717557,False,False,True,6,Fwy_118_W_physical_run_6
717562,118,W,7,111,72016.0,,31.311,34.279351,-118.664241,1.26,ML,4,KUEHNER,4525,,,,True,False,28,54,764161,772092,30.891,33.411,0.4200000000000017,2.1000000000000014,True,True,772092,764161,True,True,False,6,
772092,118,W,7,111,,,33.411,34.268605,-118.634966,1.075,ML,3,ROCKY PEAK 1,4152,,,,True,True,29,54,717562,760706,31.311,33.461,2.1000000000000014,0.04999999999999716,False,False,760706,717562,False,False,True,7,Fwy_118_W_physical_run_7
760706,118,W,7,111,,,33.461,34.269157,-118.634264,0.164,ML,4,ROCKY PEAK 2,4523,,,,True,False,30,54,772092,772488,33.411,33.961,0.04999999999999716,0.5,True,True,772488,772092,True,True,False,7,
772488,118,W,7,37,,,33.961,34.274157,-118.627753,0.696,ML,4,E/O  ROCKY PEAK,2336,,,,True,True,31,54,760706,765922,33.461,34.631,0.5,0.6700000000000017,False,True,765922,760706,True,False,True,8,Fwy_118_W_physical_run_8
765922,118,W,7,37,,,34.631,34.276649,-118.616557,0.64,ML,4,INVERSON RD,2226,,,,True,True,32,54,772488,760828,33.961,35.241,0.6700000000000017,0.6099999999999994,True,False,760828,772488,False,True,False,8,Fwy_118_W_physical_run_8
760828,118,W,7,37,,,35.241,34.277998,-118.606079,0.55,ML,4,TOPANGA CYN,3515,,,,True,False,33,54,765922,765976,34.631,35.731,0.6099999999999994,0.490000000000002,True,False,765976,765922,False,True,False,8,
765976,118,W,7,37,,,35.731,34.275485,-118.598169,0.545,ML,5,CANOGA AVE,2227,,,,True,False,34,54,760828,717528,35.241,36.331,0.490000000000002,0.6000000000000014,False,False,717528,760828,False,False,False,8,
717528,118,W,7,37,44000.0,,36.331,34.273553,-118.588111,0.5,ML,4,DE SOTO,3516,,,,True,False,35,54,765976,765943,35.731,36.731,0.6000000000000014,0.3999999999999986,False,False,765943,765976,False,False,False,8,
765943,118,W,7,37,44000.0,,36.731,34.273529,-118.581144,0.53,ML,4,MASON AVE,2228,,,,True,False,36,54,717528,771721,36.331,37.391,0.3999999999999986,0.6599999999999966,False,True,771721,717528,True,False,False,8,
771721,118,W,7,37,44000.0,,37.391,34.273598,-118.56965,0.5,ML,4,PORTER RANCH,3517,,,,True,True,37,54,765943,765993,36.731,37.731,0.6599999999999966,0.3400000000000034,False,True,765993,765943,True,False,True,9,Fwy_118_W_physical_run_9
765993,118,W,7,37,44000.0,,37.731,34.273216,-118.563746,0.33,ML,5,CORBIN AVE,2229,,,,True,True,38,54,771721,717532,37.391,38.051,0.3400000000000034,0.3200000000000003,True,False,717532,771721,False,True,False,9,Fwy_118_W_physical_run_9
717532,118,W,7,37,44000.0,,38.051,34.272684,-118.558209,0.5,ML,4,TAMPA,3518,,,,True,False,39,54,765993,765960,37.731,38.731,0.3200000000000003,0.6799999999999997,True,True,765960,765993,True,True,False,9,
765960,118,W,7,37,44000.0,,38.731,34.27423,-118.546666,0.565,ML,5,WILBUR AVE,2230,,,,True,True,40,54,717532,717535,38.051,39.181,0.6799999999999997,0.44999999999999574,False,True,717535,717532,True,False,True,10,Fwy_118_W_physical_run_10
717535,118,W,7,37,44000.0,,39.181,34.274745,-118.538826,0.6,ML,4,RESEDA,3519,,,,True,True,41,54,765960,766010,38.731,39.931,0.44999999999999574,0.75,True,False,766010,765960,False,True,False,10,Fwy_118_W_physical_run_10
766010,118,W,7,37,44000.0,,39.931,34.278307,-118.526519,0.625,ML,5,CHIMINEAS,2231,,,,True,False,42,54,717535,766027,39.181,40.431,0.75,0.5,True,True,766027,717535,True,True,False,10,
766027,118,W,7,37,44000.0,,40.431,34.278043,-118.517789,0.5,ML,5,WHITE OAK AVE,2132,,,,True,True,43,54,766010,766044,39.931,40.931,0.5,0.5,False,False,766044,766010,False,False,True,11,Fwy_118_W_physical_run_11
766044,118,W,7,37,44000.0,,40.931,34.278039,-118.509048,0.39,ML,5,LOUISE AVE,2232,,,,True,False,44,54,766027,717537,40.431,41.211,0.5,0.28000000000000114,True,True,717537,766027,True,True,False,11,
717537,118,W,7,37,44000.0,,41.211,34.27815,-118.504149,0.555,ML,4,BALBOA 1,3520,,,,True,True,45,54,766044,717544,40.931,42.041,0.28000000000000114,0.8299999999999983,False,True,717544,766044,True,False,True,12,Fwy_118_W_physical_run_12
717544,118,W,7,37,44000.0,,42.041,34.273353,-118.491355,0.625,ML,5,HAYVENHURST,3521,,,,True,True,46,54,717537,717546,41.211,42.461,0.8299999999999983,0.4200000000000017,True,False,717546,717537,False,True,False,12,Fwy_118_W_physical_run_12
717546,118,W,7,37,44000.0,,42.461,34.268987,-118.485999,0.495,ML,5,WOODLEY,3529,,,,True,False,47,54,717544,766060,42.041,43.031,0.4200000000000017,0.5700000000000003,True,False,766060,717544,False,True,False,12,
766060,118,W,7,37,44000.0,,43.031,34.266157,-118.47724,0.685,ML,4,HASKELL AVE,2730,,,,True,False,48,54,717546,766096,42.461,43.831,0.5700000000000003,0.8000000000000043,False,False,766096,717546,False,False,False,12,
766096,118,W,7,37,44000.0,,43.831,34.266055,-118.463188,0.55,ML,4,COLUMBUS,2131,,,,True,False,49,54,766060,766124,43.031,44.131,0.8000000000000043,0.29999999999999716,False,False,766124,766060,False,False,False,12,
766124,118,W,7,37,44000.0,,44.131,34.266023,-118.457798,0.25,ML,4,SEPULVEDA BLVD,3615,,,,True,False,50,54,766096,771691,43.831,44.331,0.29999999999999716,0.20000000000000284,False,False,771691,766096,False,False,False,12,
771691,118,W,7,37,44000.0,,44.331,34.266037,-118.454234,0.5,ML,6,FOX,2234,,,,True,False,51,54,766124,766184,44.131,45.131,0.20000000000000284,0.7999999999999972,False,False,766184,766124,False,False,False,12,
766184,118,W,7,37,44000.0,,45.131,34.267413,-118.440737,0.5,ML,4,LAUREL CYN BLVD,3617,,,,True,False,52,54,771691,766110,44.331,45.331,0.7999999999999972,0.20000000000000284,False,False,766110,771691,False,False,False,12,
766110,118,W,7,37,44000.0,,45.331,34.267929,-118.437323,0.348,ML,4,ONEIDA,2235,,,,True,False,53,54,766184,766167,45.131,45.827,0.20000000000000284,0.4959999999999951,False,False,766167,766184,False,False,False,12,
766167,118,W,7,37,44000.0,,45.827,34.271697,-118.430141,2.379,ML,5,SAN FERNANDO RD,3619,,,,True,False,54,54,766110,,45.331,,0.4959999999999951,,False,False,,766110,False,False,False,12,
775961,126,E,7,37,,4.9,39.398,34.435404,-118.618054,1.076,ML,3,COMMERCE CENTER DR,2695,,,,True,False,1,2,,775975,,39.398,,0.0,False,False,,775975,False,False,False,0,
775975,126,E,7,37,,4.9,39.398,34.435404,-118.618054,2.5,ML,4,COMMERCE CENTER DR.2,2696,,,,True,False,2,2,775961,,39.398,,0.0,,False,False,775961,,False,False,False,0,
775949,126,W,7,37,,4.98,39.478,34.436159,-118.616969,3.496,ML,3,COMMERCE CENTER DR,2694,,,,True,False,1,1,,,,,,,False,False,,,False,False,False,0,
761016,134,E,7,37,44000.0,0.59,0.59,34.153108,-118.366127,0.77,ML,4,VINELAND AVE,3106,,,,True,False,1,27,,717570,,0.95,,0.36,False,False,,717570,False,False,False,0,
717570,134,E,7,37,44000.0,0.95,0.95,34.153063,-118.359904,0.705,ML,4,CAHUENGA,3107,,,,True,False,2,27,761016,773880,0.59,2.0,0.36,1.05,False,False,761016,773880,False,False,False,0,
773880,134,E,7,37,44000.0,2.0,2.0,34.153816,-118.341876,0.58,ML,4,W/O PASS,2700,,,,True,False,3,27,717570,760987,0.95,2.11,1.05,0.10999999999999988,False,True,717570,760987,False,True,False,0,
760987,134,E,7,37,44000.0,2.11,2.11,34.153535,-118.339979,0.15,ML,4,HOLLYWOOD WAY,3108,,,,True,True,4,27,773880,773890,2.0,2.3,0.10999999999999988,0.18999999999999995,False,True,773880,773890,False,True,True,1,Fwy_134_E_physical_run_1
773890,134,E,7,37,44000.0,2.3,2.3,34.152957,-118.336851,0.465,ML,4,W/O BOB HOPE,2701,,,,True,True,5,27,760987,717573,2.11,3.04,0.18999999999999995,0.7400000000000002,True,False,760987,717573,True,False,False,1,Fwy_134_E_physical_run_1
717573,134,E,7,37,8954.0,3.04,3.04,34.154023,-118.324031,0.55,ML,4,BUENA VISTA,3109,,,,True,False,6,27,773890,773869,2.3,3.4,0.7400000000000002,0.3599999999999999,True,False,773890,773869,True,False,False,1,
773869,134,E,7,37,8954.0,3.4,3.4,34.154966,-118.317908,0.42,ML,4,PARISH PL,2704,,,,True,False,7,27,717573,761003,3.04,3.88,0.3599999999999999,0.48,False,True,717573,761003,False,True,False,1,
761003,134,E,7,37,44000.0,3.88,3.88,34.155121,-118.309741,0.645,ML,4,FOREST LAWN,3110,,,,True,True,8,27,773869,718204,3.4,4.69,0.48,0.8100000000000005,False,False,773869,718204,False,False,True,2,Fwy_134_E_physical_run_2
718204,134,E,7,37,44000.0,4.69,4.69,34.155439,-118.295974,0.46,ML,4,RIVERSIDE,3498,,,,True,False,9,27,761003,773904,3.88,4.8,0.8100000000000005,0.10999999999999943,True,True,761003,773904,True,True,False,2,
773904,134,E,7,37,44000.0,4.8,4.8,34.155227,-118.294082,0.155,ML,4,W/O RIVERSIDE,2523,,,,True,True,10,27,718204,773953,4.69,5.0,0.10999999999999943,0.20000000000000018,False,False,718204,773953,False,False,True,3,Fwy_134_E_physical_run_3
773953,134,E,7,37,44000.0,5.0,5.0,34.155081,-118.290573,0.35,ML,4,W/O VICTORY,2004,,,,True,False,11,27,773904,773916,4.8,5.5,0.20000000000000018,0.5,True,False,773904,773916,True,False,False,3,
773916,134,E,7,37,44000.0,,5.5,34.152202,-118.282684,0.35,ML,3,RTE 5 SB,2394,,,,True,False,12,27,773953,773927,5.0,5.7,0.5,0.20000000000000018,False,True,773953,773927,False,True,False,3,
773927,134,E,7,37,44000.0,,5.7,34.152895,-118.279266,0.3,ML,4,RTE 5 / ZOO DR,2395,,,,True,True,13,27,773916,717578,5.5,6.1,0.20000000000000018,0.39999999999999947,False,True,773916,717578,False,True,True,4,Fwy_134_E_physical_run_4
717578,134,E,7,37,30000.0,,6.1,34.154438,-118.272455,0.39,ML,4,SAN FERNANDO,4191,,,,True,True,14,27,773927,717580,5.7,6.48,0.39999999999999947,0.3800000000000008,True,True,773927,717580,True,True,False,4,Fwy_134_E_physical_run_4
717580,134,E,7,37,30000.0,,6.48,34.155877,-118.266072,0.655,ML,4,PACIFIC,4192,,,,True,True,15,27,717578,717583,6.1,7.41,0.3800000000000008,0.9299999999999997,True,True,717578,717583,True,True,False,4,Fwy_134_E_physical_run_4
717583,134,E,7,37,30000.0,,7.41,34.156268,-118.25012,0.68,ML,4,BRAND,4194,,,,True,True,16,27,717580,717585,6.48,7.84,0.9299999999999997,0.4299999999999997,True,False,717580,717585,True,False,False,4,Fwy_134_E_physical_run_4
717585,134,E,7,37,30000.0,,7.84,34.155839,-118.242691,0.285,ML,4,GLENDALE 1,4195,,,,True,False,17,27,717583,717587,7.41,7.98,0.4299999999999997,0.14000000000000057,True,False,717583,717587,True,False,False,4,
717587,134,E,7,37,30000.0,,7.98,34.15489,-118.240354,0.29,ML,5,GLENDALE 2,4196,,,,True,False,18,27,717585,774054,7.84,8.42,0.14000000000000057,0.4399999999999995,False,False,717585,774054,False,False,False,4,
774054,134,E,7,37,30000.0,,8.42,34.15068,-118.234471,0.47,ML,4,FM 2 SB TO 134,2402,,,,True,False,19,27,717587,717592,7.98,8.92,0.4399999999999995,0.5,False,False,717587,717592,False,False,False,4,
717592,134,E,7,37,30000.0,,8.92,34.146882,-118.227103,0.405,ML,4,HARVEY,4197,,,,True,False,20,27,774054,773974,8.42,9.23,0.5,0.3100000000000005,False,False,774054,773974,False,False,False,4,
773974,134,E,7,37,44000.0,,9.23,34.145484,-118.221919,0.335,ML,4,OAKVIEW,2396,,,,True,False,21,27,717592,773995,8.92,9.59,0.3100000000000005,0.35999999999999943,False,False,717592,773995,False,False,False,4,
773995,134,E,7,37,44000.0,,9.59,34.144881,-118.215655,0.715,ML,5,FM 2 NB TO 134 EB,2397,,,,True,False,22,27,773974,774011,9.23,10.66,0.35999999999999943,1.0700000000000003,False,False,773974,774011,False,False,False,4,
774011,134,E,7,37,44000.0,,10.66,34.147884,-118.197557,0.965,ML,4,TOWNSEND,2225,,,,True,False,23,27,773995,717595,9.59,11.52,1.0700000000000003,0.8599999999999994,False,False,773995,717595,False,False,False,4,
717595,134,E,7,37,44000.0,,11.52,34.142229,-118.18445,0.49,ML,4,FIGUEROA,4201,,,,True,False,24,27,774011,774031,10.66,11.64,0.8599999999999994,0.120000000000001,False,False,774011,774031,False,False,False,4,
774031,134,E,7,37,44000.0,,11.64,34.141573,-118.182594,0.465,ML,4,COLORADO,4200,,,,True,False,25,27,717595,717601,11.52,12.45,0.120000000000001,0.8099999999999987,False,False,717595,717601,False,False,False,4,
717601,134,E,7,37,56000.0,,12.45,34.144583,-118.1678,0.77,ML,4,SAN RAFAEL,4202,,,,True,False,26,27,774031,717606,11.64,13.18,0.8099999999999987,0.7300000000000004,False,False,774031,717606,False,False,False,4,
717606,134,E,7,37,56000.0,,13.18,34.148278,-118.157788,0.526,ML,4,ORANGE GROVE,4203,,,,True,False,27,27,717601,,12.45,,0.7300000000000004,,False,False,717601,,False,False,False,4,
773939,134,W,7,37,44000.0,0.38,0.38,34.153052,-118.36974,0.665,ML,3,VINELAND NB,4217,,,,True,False,1,24,,717571,,0.95,,0.57,False,False,717571,,False,False,False,0,
717571,134,W,7,37,44000.0,0.95,0.95,34.153255,-118.359896,0.76,ML,4,CAHUENGA,3107,,,,True,False,2,24,773939,718496,0.38,1.9,0.57,0.95,False,True,718496,773939,True,False,False,0,
718496,134,W,7,37,44000.0,1.9,1.9,34.154195,-118.343722,0.485,ML,4,ALAMEDA SB,3495,,,,True,True,3,24,717571,774204,0.95,1.92,0.95,0.020000000000000018,False,True,774204,717571,True,False,True,1,Fwy_134_W_physical_run_1
774204,134,W,7,37,44000.0,1.92,1.92,34.154161,-118.343375,0.48,ML,4,ALAMEDA 2 NB,3160,,,,True,True,4,24,718496,717572,1.9,2.86,0.020000000000000018,0.94,True,False,717572,718496,False,True,False,1,Fwy_134_W_physical_run_1
717572,134,W,7,37,8954.0,2.86,2.86,34.153625,-118.327063,0.74,ML,4,BUENA VISTA,3496,,,,True,False,5,24,774204,773870,1.92,3.4,0.94,0.54,True,False,773870,774204,False,True,False,1,
773870,134,W,7,37,8954.0,3.4,3.4,34.155158,-118.317885,0.445,ML,4,PARISH PL,2704,,,,True,False,6,24,717572,718499,2.86,3.75,0.54,0.3500000000000001,False,True,718499,717572,True,False,False,1,
718499,134,W,7,37,44000.0,3.75,3.75,34.154816,-118.311893,0.645,ML,4,FOREST LAWN,3497,,,,True,True,7,24,773870,717576,3.4,4.69,0.3500000000000001,0.9400000000000004,False,False,717576,773870,False,False,True,2,Fwy_134_W_physical_run_2
717576,134,W,7,37,44000.0,4.69,4.69,34.15564,-118.29597,0.525,ML,4,RIVERSIDE,3498,,,,True,False,8,24,718499,773906,3.75,4.8,0.9400000000000004,0.10999999999999943,True,True,773906,718499,True,True,False,2,
773906,134,W,7,37,44000.0,4.8,4.8,34.155435,-118.294082,0.155,ML,4,W/O RIVERSIDE,2523,,,,True,True,9,24,717576,773954,4.69,5.0,0.10999999999999943,0.20000000000000018,False,False,773954,717576,False,False,True,3,Fwy_134_W_physical_run_3
773954,134,W,7,37,44000.0,5.0,5.0,34.155428,-118.29055,0.295,ML,4,W/O VICTORY,2004,,,,True,False,10,24,773906,774067,4.8,5.39,0.20000000000000018,0.3899999999999997,True,False,774067,773906,False,True,False,3,
774067,134,W,7,37,44000.0,,5.39,34.153547,-118.284244,0.491,ML,3,FM 5 NB,2399,,,,True,False,11,24,773954,716551,5.0,5.983,0.3899999999999997,0.593,False,True,716551,773954,True,False,False,3,
716551,134,W,7,37,30000.0,,5.983,34.154235,-118.274159,0.556,ML,4,SAN FERNANDO,3111,,,,True,True,12,24,774067,716554,5.39,6.503,0.593,0.5200000000000005,False,True,716554,774067,True,False,True,4,Fwy_134_W_physical_run_4
716554,134,W,7,37,30000.0,,6.503,34.156198,-118.265345,0.355,ML,4,PACIFIC,3112,,,,True,True,13,24,716551,717582,5.983,6.693,0.5200000000000005,0.1899999999999995,True,True,717582,716551,True,True,False,4,Fwy_134_W_physical_run_4
717582,134,W,7,37,30000.0,,6.693,34.156458,-118.262159,0.585,ML,4,CENTRAL,3113,,,,True,True,14,24,716554,717099,6.503,7.673,0.1899999999999995,0.9800000000000004,True,False,717099,716554,False,True,False,4,Fwy_134_W_physical_run_4
717099,134,W,7,37,30000.0,,7.673,34.156447,-118.245195,0.855,ML,4,GLENDALE 1,4215,,,,True,False,15,24,717582,774053,6.693,8.403,0.9800000000000004,0.7300000000000004,True,False,774053,717582,False,True,False,4,
774053,134,W,7,37,30000.0,,8.403,34.15084,-118.234258,0.535,ML,4,FM 2 SB TO 134,2402,,,,True,False,16,24,717099,717590,7.673,8.743,0.7300000000000004,0.33999999999999986,False,False,717590,717099,False,False,False,4,
717590,134,W,7,37,30000.0,,8.743,34.148123,-118.229499,0.405,ML,4,HARVEY,4213,,,,True,False,17,24,774053,773975,8.403,9.213,0.33999999999999986,0.46999999999999886,False,False,773975,774053,False,False,False,4,
773975,134,W,7,37,44000.0,,9.213,34.14568,-118.221874,0.415,ML,4,OAKVIEW,2396,,,,True,False,18,24,717590,773996,8.743,9.573,0.46999999999999886,0.3600000000000012,False,False,773996,717590,False,False,False,4,
773996,134,W,7,37,44000.0,,9.573,34.145076,-118.215608,0.715,ML,5,FM 2 NB TO 134 EB,2397,,,,True,False,19,24,773975,774012,9.213,10.643,0.3600000000000012,1.0700000000000003,False,False,774012,773975,False,False,False,4,
774012,134,W,7,37,44000.0,,10.643,34.148107,-118.197509,0.95,ML,4,TOWNSEND,2225,,,,True,False,20,24,773996,717597,9.573,11.473,1.0700000000000003,0.8300000000000001,False,False,717597,773996,False,False,False,4,
717597,134,W,7,37,44000.0,,11.473,34.142674,-118.184801,0.49,ML,4,FIGUEROA,4211,,,,True,False,21,24,774012,774032,10.643,11.623,0.8300000000000001,0.14999999999999858,False,False,774032,774012,False,False,False,4,
774032,134,W,7,37,44000.0,,11.623,34.141843,-118.182666,0.39,ML,4,COLORADO,4200,,,,True,False,22,24,717597,717599,11.473,12.253,0.14999999999999858,0.6300000000000008,False,False,717599,717597,False,False,False,4,
717599,134,W,7,37,56000.0,,12.253,34.142896,-118.172193,0.57,ML,4,SAN RAFAEL,4210,,,,True,False,23,24,774032,717603,11.623,12.763,0.6300000000000008,0.5099999999999998,False,False,717603,774032,False,False,False,4,
717603,134,W,7,37,56000.0,,12.763,34.146519,-118.162409,0.833,ML,5,ORANGE GROVE,4209,,,,True,False,24,24,717599,,12.253,,0.5099999999999998,,False,False,,717599,False,False,False,4,
764106,170,N,7,37,44000.0,,3.046,34.171717,-118.388072,4.33,ML,4,BURBANK,3390,,,,True,False,1,3,,763995,,6.706,,3.6600000000000006,False,False,,763995,False,False,False,0,
763995,170,N,7,37,44000.0,,6.706,34.220025,-118.409585,2.155,ML,3,ROSCOE 1,3501,,,,True,False,2,3,764106,764430,3.046,7.356,3.6600000000000006,0.6499999999999995,False,False,764106,764430,False,False,False,0,
764430,170,N,7,37,44000.0,,7.356,34.230591,-118.409589,0.606,ML,2,ARLETA,3499,,,,True,False,3,3,763995,,6.706,,0.6499999999999995,,False,False,763995,,False,False,False,0,
764101,170,S,7,37,44000.0,,2.346,34.163266,-118.382094,2.696,ML,4,MAGNOLIA,3391,,,,True,False,1,9,,717608,,3.046,,0.6999999999999997,False,False,717608,,False,False,False,0,
717608,170,S,7,37,44000.0,,3.046,34.171634,-118.388333,0.67,ML,4,BURBANK,3390,,,,True,False,2,9,764101,717610,2.346,3.686,0.6999999999999997,0.6400000000000001,False,False,717610,764101,False,False,False,0,
717610,170,S,7,37,44000.0,,3.686,34.178734,-118.394967,0.6,ML,4,OXNARD,3389,,,,True,False,3,9,717608,717612,3.046,4.246,0.6400000000000001,0.5600000000000005,False,False,717612,717608,False,False,False,0,
717612,170,S,7,37,44000.0,,4.246,34.185249,-118.400787,0.35,ML,4,VICTORY 1,3388,,,,True,False,4,9,717610,761070,3.686,4.386,0.5600000000000005,0.13999999999999968,False,False,761070,717610,False,False,False,0,
761070,170,S,7,37,44000.0,,4.386,34.187159,-118.401618,0.515,ML,4,VICTORY 2,3387,,,,True,False,5,9,717612,716571,4.246,5.276,0.13999999999999968,0.8899999999999997,False,False,716571,717612,False,False,False,0,
716571,170,S,7,37,44000.0,,5.276,34.19999,-118.403413,1.16,ML,4,SHERMAN WAY,3386,,,,True,False,6,9,761070,717613,4.386,6.706,0.8899999999999997,1.4300000000000006,False,False,717613,761070,False,False,False,0,
717613,170,S,7,37,44000.0,,6.706,34.219986,-118.409792,0.805,ML,3,ROSCOE 1,3501,,,,True,False,7,9,716571,716573,5.276,6.886,1.4300000000000006,0.17999999999999972,False,False,716573,716571,False,False,False,0,
716573,170,S,7,37,44000.0,,6.886,34.222738,-118.410536,0.325,ML,3,ROSCOE 2,3500,,,,True,False,8,9,717613,717614,6.706,7.356,0.17999999999999972,0.46999999999999975,False,False,717614,717613,False,False,False,0,
717614,170,S,7,37,44000.0,,7.356,34.23061,-118.410097,0.516,ML,3,ARLETA,3499,,,,True,False,9,9,716573,,6.886,,0.46999999999999975,,False,False,,716573,False,False,False,0,
770599,210,E,7,37,44000.0,,0.32,34.31759,-118.486117,0.66,ML,4,W/B 210  TO N/B 5,6508,,,,True,False,1,82,,768297,,1.0,,0.6799999999999999,False,True,,768297,False,True,False,0,
768297,210,E,7,37,44000.0,,1.0,34.323046,-118.476388,0.89,ML,3,YARNELL ST,4228,,,,True,True,2,82,770599,768283,0.32,2.1,0.6799999999999999,1.1,False,False,770599,768283,False,False,True,1,Fwy_210_E_physical_run_1
768283,210,E,7,37,44000.0,,2.1,34.323367,-118.457366,0.875,ML,3,ROXFORD ST,4229,,,,True,False,3,82,768297,770587,1.0,2.75,1.1,0.6499999999999999,True,False,768297,770587,True,False,False,1,
770587,210,E,7,37,44000.0,,2.75,34.321653,-118.446679,0.65,ML,3,BLEDSOE ST.,6502,,,,True,False,4,82,768283,770012,2.1,3.4,0.6499999999999999,0.6499999999999999,False,False,768283,770012,False,False,False,1,
770012,210,E,7,37,44000.0,,3.4,34.315198,-118.43844,0.725,ML,3,POLK,4230,,,,True,False,5,82,770587,770024,2.75,4.2,0.6499999999999999,0.8000000000000003,False,False,770587,770024,False,False,False,1,
770024,210,E,7,37,44000.0,,4.2,34.307175,-118.428329,0.85,ML,3,HUBBARD,4231,,,,True,False,6,82,770012,770036,3.4,5.1,0.8000000000000003,0.8999999999999995,False,False,770012,770036,False,False,False,1,
770036,210,E,7,37,44000.0,,5.1,34.297523,-118.41772,0.655,ML,3,MACLAY,4655,,,,True,False,7,82,770024,770354,4.2,5.51,0.8999999999999995,0.41000000000000014,False,False,770024,770354,False,False,False,1,
770354,210,E,7,37,44000.0,,5.51,34.293047,-118.412995,0.55,ML,3,EB 118 TO WB 210 CON,4331,,,,True,False,8,82,770036,770048,5.1,6.2,0.41000000000000014,0.6900000000000004,False,False,770036,770048,False,False,False,1,
770048,210,E,7,37,44000.0,,6.2,34.285556,-118.405022,0.495,ML,3,PAXTON,4667,,,,True,False,9,82,770354,770331,5.51,6.5,0.6900000000000004,0.2999999999999998,False,False,770354,770331,False,False,False,1,
770331,210,E,7,37,44000.0,,6.5,34.282287,-118.401572,0.495,ML,3,EB 118 TO EB 210 CON,4332,,,,True,False,10,82,770048,770544,6.2,7.19,0.2999999999999998,0.6900000000000004,False,True,770048,770544,False,True,False,1,
770544,210,E,7,37,44000.0,,7.19,34.277404,-118.391732,0.75,ML,4,TERRA BELLA,6503,,,,True,True,11,82,770331,770061,6.5,8.0,0.6900000000000004,0.8099999999999996,False,True,770331,770061,False,True,True,2,Fwy_210_E_physical_run_2
770061,210,E,7,37,44000.0,,8.0,34.27436,-118.37804,0.705,ML,4,OSBORNE / FOOTHILL,4656,,,,True,True,12,82,770544,770556,7.19,8.6,0.8099999999999996,0.5999999999999996,True,False,770544,770556,True,False,False,2,Fwy_210_E_physical_run_2
770556,210,E,7,37,44000.0,,8.6,34.273581,-118.367587,0.75,ML,4,ORCAS AVE,6504,,,,True,False,13,82,770061,770076,8.0,9.5,0.5999999999999996,0.9000000000000004,True,False,770061,770076,True,False,False,2,
770076,210,E,7,37,44000.0,,9.5,34.271968,-118.351971,1.2,ML,4,WHEATLAND,4665,,,,True,False,14,82,770556,770089,8.6,11.0,0.9000000000000004,1.5,False,True,770556,770089,False,True,False,2,
770089,210,E,7,37,44000.0,,11.0,34.2608,-118.331009,0.9,ML,4,SUNLAND SB,4658,,,,True,True,15,82,770076,770103,9.5,11.3,1.5,0.3000000000000007,False,False,770076,770103,False,False,True,3,Fwy_210_E_physical_run_3
770103,210,E,7,37,44000.0,,11.3,34.257404,-118.327764,1.695,ML,4,SUNLAND NB,4660,,,,True,False,16,82,770089,770116,11.0,14.39,0.3000000000000007,3.09,True,False,770089,770116,True,False,False,3,
770116,210,E,7,37,44000.0,,14.39,34.234317,-118.286992,2.19,ML,4,LA TUNA CANYON,4663,,,,True,False,17,82,770103,769895,11.3,15.68,3.09,1.2899999999999991,False,True,770103,769895,False,True,False,3,
769895,210,E,7,37,30000.0,,15.68,34.230849,-118.265101,1.295,ML,4,LOWELL / HONOLULU,4233,,,,True,True,18,82,770116,769880,14.39,16.98,1.2899999999999991,1.3000000000000007,False,True,770116,769880,False,True,True,4,Fwy_210_E_physical_run_4
769880,210,E,7,37,,,16.98,34.221426,-118.245718,0.85,ML,4,PENNSYLVANIA,4325,,,,True,True,19,82,769895,769866,15.68,17.38,1.3000000000000007,0.3999999999999986,True,True,769895,769866,True,True,False,4,Fwy_210_E_physical_run_4
769866,210,E,7,37,,,17.38,34.218398,-118.239738,0.6,ML,4,LA CRESCENTA,4236,,,,True,True,20,82,769880,769847,16.98,18.18,0.3999999999999986,0.8000000000000007,True,True,769880,769847,True,True,False,4,Fwy_210_E_physical_run_4
769847,210,E,7,37,,,18.18,34.211728,-118.228265,0.85,ML,4,OCEAN VIEW,4237,,,,True,True,21,82,769866,770385,17.38,19.08,0.8000000000000007,0.8999999999999986,True,True,769866,770385,True,True,False,4,Fwy_210_E_physical_run_4
770385,210,E,7,37,39003.0,,19.08,34.206925,-118.21372,0.8,ML,4,EB/NB 2 TO EB 210 CN,4334,,,,True,True,22,82,769847,769831,18.18,19.78,0.8999999999999986,0.7000000000000028,True,True,769847,769831,True,True,False,4,Fwy_210_E_physical_run_4
769831,210,E,7,37,39003.0,,19.78,34.206745,-118.201533,0.45,ML,4,ANGELES CREST HWY SB,4239,,,,True,True,23,82,770385,769819,19.08,19.98,0.7000000000000028,0.1999999999999993,True,True,770385,769819,True,True,False,4,Fwy_210_E_physical_run_4
769819,210,E,7,37,39003.0,,19.98,34.205892,-118.198234,0.31,ML,4,ANGELES CREST HWY NB,4240,,,,True,True,24,82,769831,769984,19.78,20.4,0.1999999999999993,0.41999999999999815,True,False,769831,769984,True,False,False,4,Fwy_210_E_physical_run_4
769984,210,E,7,37,39003.0,,20.4,34.202989,-118.191827,0.5,ML,4,GOULD,4319,,,,True,False,25,82,769819,769806,19.98,20.98,0.41999999999999815,0.5800000000000018,True,True,769819,769806,True,True,False,4,
769806,210,E,7,37,39003.0,,20.98,34.196934,-118.185042,0.59,ML,4,FOOTHILL,4241,,,,True,True,26,82,769984,769788,20.4,21.58,0.5800000000000018,0.5999999999999979,False,True,769984,769788,False,True,True,5,Fwy_210_E_physical_run_5
769788,210,E,7,37,39003.0,,21.58,34.189219,-118.180753,0.81,ML,4,BERKSHIRE,4242,,,,True,True,27,82,769806,717617,20.98,22.6,0.5999999999999979,1.0200000000000031,True,True,769806,717617,True,True,False,5,Fwy_210_E_physical_run_5
717617,210,E,7,37,56000.0,,22.6,34.179921,-118.167405,0.78,ML,4,ARROYO,4243,,,,True,True,28,82,769788,717620,21.58,23.14,1.0200000000000031,0.5399999999999991,True,False,769788,717620,True,False,False,5,Fwy_210_E_physical_run_5
717620,210,E,7,37,56000.0,,23.14,34.174756,-118.160407,0.78,ML,4,LINCOLN 1,4244,,,,True,False,29,82,717617,717625,22.6,24.16,0.5399999999999991,1.0199999999999996,True,False,717617,717625,True,False,False,5,
717625,210,E,7,37,56000.0,,24.16,34.160546,-118.158748,0.651,ML,4,MOUNTAIN 2,4245,,,,True,False,30,82,717620,770578,23.14,24.442,1.0199999999999996,0.28200000000000003,False,False,717620,770578,False,False,False,5,
770578,210,E,7,37,56000.0,,24.442,34.156489,-118.158295,0.325,ML,2,WINONA WAY,2413,,,,True,False,31,82,717625,717628,24.16,24.81,0.28200000000000003,0.36799999999999855,False,False,717625,717628,False,False,False,5,
717628,210,E,7,37,56000.0,,24.81,34.152216,-118.156144,0.339,ML,1,WALNUT,4312,,,,True,False,32,82,770578,717631,24.442,25.12,0.36799999999999855,0.3100000000000023,False,False,770578,717631,False,False,False,5,
717631,210,E,7,37,56000.0,,25.12,34.15099,-118.152369,0.455,ML,4,FAIR OAKS 1,4311,,,,True,False,33,82,717628,717633,24.81,25.72,0.3100000000000023,0.5999999999999979,False,False,717628,717633,False,False,False,5,
717633,210,E,7,37,56000.0,,25.72,34.151691,-118.142523,0.675,ML,6,MARENGO,4522,,,,True,False,34,82,717631,717635,25.12,26.47,0.5999999999999979,0.75,False,False,717631,717635,False,False,False,5,
717635,210,E,7,37,56000.0,,26.47,34.151658,-118.12944,0.71,ML,5,LAKE 2,4248,,,,True,False,35,82,717633,717638,25.72,27.14,0.75,0.6700000000000017,False,True,717633,717638,False,True,False,5,
717638,210,E,7,37,56000.0,,27.14,34.152187,-118.117782,0.58,ML,5,HILL 1,4249,,,,True,True,36,82,717635,717640,26.47,27.63,0.6700000000000017,0.48999999999999844,False,True,717635,717640,False,True,True,6,Fwy_210_E_physical_run_6
717640,210,E,7,37,56000.0,,27.63,34.152301,-118.109239,0.77,ML,5,ALLEN,4250,,,,True,True,37,82,717638,717646,27.14,28.68,0.48999999999999844,1.0500000000000007,True,True,717638,717646,True,True,False,6,Fwy_210_E_physical_run_6
717646,210,E,7,37,56000.0,,28.68,34.151406,-118.091041,0.905,ML,5,SAN GABRIEL,4251,,,,True,True,38,82,717640,717650,27.63,29.44,1.0500000000000007,0.7600000000000016,True,True,717640,717650,True,True,False,6,Fwy_210_E_physical_run_6
717650,210,E,7,37,56000.0,,29.44,34.147621,-118.079037,0.675,ML,5,SIERRA MADRE V2,4252,,,,True,True,39,82,717646,717654,28.68,30.029,0.7600000000000016,0.5889999999999986,True,True,717646,717654,True,True,False,6,Fwy_210_E_physical_run_6
717654,210,E,7,37,,,30.029,34.148522,-118.068683,0.429,ML,4,ROSEMEAD 1,4253,,,,True,True,40,82,717650,717659,29.44,30.299,0.5889999999999986,0.2699999999999996,True,True,717650,717659,True,True,False,6,Fwy_210_E_physical_run_6
717659,210,E,7,37,2462.0,,30.299,34.148554,-118.064055,0.33,ML,4,MICHILLINDA,4254,,,,True,True,41,82,717654,773154,30.029,30.689,0.2699999999999996,0.39000000000000057,True,False,717654,773154,True,False,False,6,Fwy_210_E_physical_run_6
773154,210,E,7,37,2462.0,,30.689,34.148585,-118.057432,0.47,ML,5,VAQUERO,2116,,,,True,False,42,82,717659,717667,30.299,31.239,0.39000000000000057,0.5500000000000007,True,False,717659,717667,True,False,False,6,
717667,210,E,7,37,2462.0,,31.239,34.148636,-118.048053,0.83,ML,4,BALDWIN,4255,,,,True,False,43,82,773154,717672,30.689,32.349,0.5500000000000007,1.1099999999999959,False,True,773154,717672,False,True,False,6,
717672,210,E,7,37,2462.0,,32.349,34.146752,-118.029146,0.775,ML,4,SANTA ANITA 2,4256,,,,True,True,44,82,717667,773193,31.239,32.789,1.1099999999999959,0.44000000000000483,False,False,717667,773193,False,False,True,7,Fwy_210_E_physical_run_7
773193,210,E,7,37,2462.0,,32.789,34.143558,-118.022467,0.4,ML,4,E OF SECOND,2117,,,,True,False,45,82,717672,761128,32.349,33.149,0.44000000000000483,0.35999999999999943,True,False,717672,761128,True,False,False,7,
761128,210,E,7,37,48648.0,,33.149,34.140676,-118.017243,0.295,ML,4,HUNTINGTON 1,4257,,,,True,False,46,82,773193,761141,32.789,33.379,0.35999999999999943,0.22999999999999687,False,False,773193,761141,False,False,False,7,
761141,210,E,7,37,48648.0,,33.379,34.138178,-118.014556,0.645,ML,4,HUNTINGTON 2,4258,,,,True,False,47,82,761128,761152,33.149,34.439,0.22999999999999687,1.0600000000000023,False,False,761128,761152,False,False,False,7,
761152,210,E,7,37,48648.0,,34.439,34.135316,-117.996727,1.015,ML,4,MYRTLE AV,4259,,,,True,False,48,82,761141,761165,33.379,35.409,1.0600000000000023,0.9699999999999989,False,True,761141,761165,False,True,False,7,
761165,210,E,7,37,19990.0,,35.409,34.135219,-117.979798,0.605,ML,4,MOUNTAIN,4260,,,,True,True,49,82,761152,761177,34.439,35.649,0.9699999999999989,0.240000000000002,False,True,761152,761177,False,True,True,8,Fwy_210_E_physical_run_8
761177,210,E,7,37,19990.0,,35.649,34.135237,-117.975628,0.34,ML,5,BUENA VISTA,4261,,,,True,True,50,82,761165,769701,35.409,36.089,0.240000000000002,0.4399999999999977,True,False,761165,769701,True,False,False,8,Fwy_210_E_physical_run_8
769701,210,E,7,37,19990.0,,36.089,34.135426,-117.967987,0.485,ML,4,HIGHLAND,2412,,,,True,False,51,82,761177,761191,35.649,36.619,0.4399999999999977,0.5300000000000011,True,True,761177,761191,True,True,False,8,
761191,210,E,7,37,19990.0,,36.619,34.13449,-117.958916,0.4,ML,4,MOUNT OLIVE DR / 605,4262,,,,True,True,52,82,769701,769772,36.089,36.889,0.5300000000000011,0.2700000000000031,False,True,769701,769772,False,True,True,9,Fwy_210_E_physical_run_9
769772,210,E,7,37,36826.0,,36.889,34.133397,-117.954412,0.385,ML,4,NB 605 TO EB 210 CON,2416,,,,True,True,53,82,761191,772857,36.619,37.389,0.2700000000000031,0.5,True,True,761191,772857,True,True,False,9,Fwy_210_E_physical_run_9
772857,210,E,7,37,36826.0,,37.389,34.130657,-117.946351,0.45,ML,5,SAN GABRIEL RIVER,2119,,,,True,True,54,82,769772,772872,36.889,37.789,0.5,0.3999999999999986,True,False,769772,772872,True,False,False,9,Fwy_210_E_physical_run_9
772872,210,E,7,37,36826.0,,37.789,34.128708,-117.939757,0.455,ML,4,W/O IRWINDALE,2120,,,,True,False,55,82,772857,761206,37.389,38.298,0.3999999999999986,0.5090000000000003,True,True,772857,761206,True,True,False,9,
761206,210,E,7,37,36826.0,,38.298,34.130297,-117.931111,0.5,ML,4,IRWINDALE,4264,,,,True,True,56,82,772872,772887,37.789,38.789,0.5090000000000003,0.49099999999999966,False,False,772872,772887,False,False,True,10,Fwy_210_E_physical_run_10
772887,210,E,7,37,36826.0,,38.789,34.128935,-117.923112,0.52,ML,4,ZACHARY PADILLA,2121,,,,True,False,57,82,761206,761220,38.298,39.339,0.49099999999999966,0.5499999999999972,True,True,761206,761220,True,True,False,10,
761220,210,E,7,37,36826.0,,39.339,34.125143,-117.915079,0.57,ML,4,VERNON,4265,,,,True,True,58,82,772887,765477,38.789,39.929,0.5499999999999972,0.5900000000000034,False,True,772887,765477,False,True,True,11,Fwy_210_E_physical_run_11
765477,210,E,7,37,3386.0,,39.929,34.120571,-117.906859,0.33,ML,4,AZUSA 1,4266,,,,True,True,59,82,761220,717684,39.339,39.999,0.5900000000000034,0.07000000000000028,True,True,761220,717684,True,True,False,11,Fwy_210_E_physical_run_11
717684,210,E,7,37,3386.0,,39.999,34.120654,-117.905646,0.13,ML,4,AZUSA 2,4267,,,,True,True,60,82,765477,772903,39.929,40.189,0.07000000000000028,0.18999999999999773,True,True,765477,772903,True,True,False,11,Fwy_210_E_physical_run_11
772903,210,E,7,37,3386.0,,40.189,34.120955,-117.902358,0.427,ML,4,PASADENA AVE,2122,,,,True,True,61,82,717684,765486,39.999,40.853,0.18999999999999773,0.6640000000000015,True,False,717684,765486,True,False,False,11,Fwy_210_E_physical_run_11
765486,210,E,7,37,3386.0,,40.853,34.120787,-117.890798,0.4,ML,4,CITRUS 1,4268,,,,True,False,62,82,772903,718469,40.189,40.989,0.6640000000000015,0.13599999999999568,True,True,772903,718469,True,True,False,11,
718469,210,E,7,37,3386.0,,40.989,34.120764,-117.88843,0.268,ML,4,CITRUS 2,4269,,,,True,True,63,82,765486,772917,40.853,41.389,0.13599999999999568,0.4000000000000057,False,True,765486,772917,False,True,True,12,Fwy_210_E_physical_run_12
772917,210,E,7,37,3386.0,,41.389,34.120865,-117.881465,0.495,ML,4,E/B 210-W/O BARRANCA,2133,,,,True,True,64,82,718469,717692,40.989,41.979,0.4000000000000057,0.5899999999999963,True,False,718469,717692,True,False,False,12,Fwy_210_E_physical_run_12
717692,210,E,7,37,30014.0,,41.979,34.120461,-117.871209,0.6,ML,4,GRAND AV,4270,,,,True,False,65,82,772917,772932,41.389,42.589,0.5899999999999963,0.6099999999999994,True,True,772917,772932,True,True,False,12,
772932,210,E,7,37,30014.0,,42.589,34.117037,-117.861494,0.455,ML,4,E/O GLENDORA,2134,,,,True,True,66,82,717692,772953,41.979,42.889,0.6099999999999994,0.30000000000000426,False,True,717692,772953,False,True,True,13,Fwy_210_E_physical_run_13
772953,210,E,7,37,30014.0,,42.889,34.117359,-117.85626,0.5,ML,4,BONNIE COVE,2135,,,,True,True,67,82,772932,716142,42.589,43.589,0.30000000000000426,0.6999999999999957,True,True,772932,716142,True,True,False,13,Fwy_210_E_physical_run_13
716142,210,E,7,37,30014.0,,43.589,34.117595,-117.844142,0.8,ML,4,SUNFLOWER AV,4271,,,,True,True,68,82,772953,716143,42.889,44.489,0.6999999999999957,0.8999999999999986,True,False,772953,716143,True,False,False,13,Fwy_210_E_physical_run_13
716143,210,E,7,37,30014.0,,44.489,34.120911,-117.829234,0.65,ML,4,LONE HILL AV,4451,,,,True,False,69,82,716142,769758,43.589,44.889,0.8999999999999986,0.4000000000000057,True,False,716142,769758,True,False,False,13,
769758,210,E,7,37,30014.0,,44.889,34.120306,-117.822311,0.25,ML,4,NB 57 TO EB 210 CON,2431,,,,True,False,70,82,716143,772966,44.489,44.989,0.4000000000000057,0.09999999999999432,False,False,716143,772966,False,False,False,13,
772966,210,E,7,37,30014.0,,44.989,34.120153,-117.820582,0.53,ML,4,AMELIA,2408,,,,True,False,71,82,769758,771603,44.889,45.949,0.09999999999999432,0.9600000000000009,False,False,769758,771603,False,False,False,13,
771603,210,E,7,37,66070.0,,45.949,34.11972,-117.803812,1.15,ML,3,SAN DIMAS AVE,6008,,,,True,False,72,82,772966,767883,44.989,47.289,0.9600000000000009,1.3400000000000034,False,False,772966,767883,False,False,False,13,
767883,210,E,7,37,40830.0,,47.289,34.119703,-117.780403,0.92,ML,3,FOOTHILL BL,4586,,,,True,False,73,82,771603,767896,45.949,47.789,1.3400000000000034,0.5,False,False,771603,767896,False,False,False,13,
767896,210,E,7,37,40830.0,,47.789,34.119372,-117.771695,0.6,ML,3,BIXBY DR,2714,,,,True,False,74,82,767883,767925,47.289,48.489,0.5,0.6999999999999957,False,False,767883,767925,False,False,False,13,
767925,210,E,7,37,40830.0,,48.489,34.119291,-117.759529,0.65,ML,3,FRUIT ST,4563,,,,True,False,75,82,767896,767942,47.789,49.089,0.6999999999999957,0.6000000000000014,False,False,767896,767942,False,False,False,13,
767942,210,E,7,37,40830.0,,49.089,34.119475,-117.749005,0.74,ML,4,LIVE OAK CANYON,2715,,,,True,False,76,82,767925,767970,48.489,49.969,0.6000000000000014,0.8800000000000026,False,False,767925,767970,False,False,False,13,
767970,210,E,7,37,13756.0,,49.969,34.120394,-117.733824,0.6,ML,4,TOWNE AV,4707,,,,True,False,77,82,767942,767984,49.089,50.289,0.8800000000000026,0.3200000000000003,False,False,767942,767984,False,False,False,13,
767984,210,E,7,37,13756.0,,50.289,34.120261,-117.728252,0.39,ML,4,MOUNTAIN AV,2708,,,,True,False,78,82,767970,767998,49.969,50.749,0.3200000000000003,0.46000000000000085,False,False,767970,767998,False,False,False,13,
767998,210,E,7,37,13756.0,,50.749,34.120158,-117.72024,0.5,ML,4,INDIAN HILL BL,2709,,,,True,False,79,82,767984,768012,50.289,51.289,0.46000000000000085,0.5399999999999991,False,False,767984,768012,False,False,False,13,
768012,210,E,7,37,13756.0,,51.289,34.120041,-117.710836,0.52,ML,4,MILLS AV,2710,,,,True,False,80,82,767998,768026,50.749,51.789,0.5399999999999991,0.5,False,False,767998,768026,False,False,False,13,
768026,210,E,7,37,13756.0,,51.789,34.119816,-117.702095,0.425,ML,4,E/O MILLS AV,2711,,,,True,False,81,82,768012,768041,51.289,52.139,0.5,0.3500000000000014,False,False,768012,768041,False,False,False,13,
768041,210,E,7,37,13756.0,,52.139,34.121357,-117.696262,0.536,ML,4,BASELINE RD,4712,,,,True,False,82,82,768026,,51.789,,0.3500000000000014,,False,False,768026,,False,False,False,13,
770598,210,W,7,37,44000.0,,0.32,34.318013,-118.486171,0.56,ML,3,W/B 210  TO N/B 5,6508,,,,True,False,1,90,,770315,,0.8,,0.48000000000000004,False,False,770315,,False,False,False,0,
770315,210,W,7,37,44000.0,,0.8,34.32289,-118.479923,0.715,ML,3,YARNELL,4330,,,,True,False,2,90,770598,770303,0.32,1.75,0.48000000000000004,0.95,False,False,770303,770598,False,False,False,0,
770303,210,W,7,37,44000.0,,1.75,34.323885,-118.463369,0.975,ML,3,ROXFORD,4329,,,,True,False,3,90,770315,770588,0.8,2.75,0.95,1.0,False,False,770588,770315,False,False,False,0,
770588,210,W,7,37,44000.0,,2.75,34.321808,-118.446543,0.675,ML,3,BLEDSOE ST.,6502,,,,True,False,4,90,770303,770215,1.75,3.1,1.0,0.3500000000000001,False,False,770215,770303,False,False,False,0,
770215,210,W,7,37,44000.0,,3.1,34.31834,-118.442088,0.375,ML,3,POLK,4328,,,,True,False,5,90,770588,770229,2.75,3.5,0.3500000000000001,0.3999999999999999,False,False,770229,770588,False,False,False,0,
770229,210,W,7,37,44000.0,,3.5,34.314344,-118.436994,0.8,ML,3,HUBBARD,4327,,,,True,False,6,90,770215,770243,3.1,4.7,0.3999999999999999,1.2000000000000002,False,True,770243,770215,True,False,False,0,
770243,210,W,7,37,44000.0,,4.7,34.302019,-118.422166,1.005,ML,3,MACLAY,4326,,,,True,True,7,90,770229,770353,3.5,5.51,1.2000000000000002,0.8099999999999996,False,False,770353,770229,False,False,True,1,Fwy_210_W_physical_run_1
770353,210,W,7,37,44000.0,,5.51,34.293217,-118.412767,0.61,ML,3,EB 118 TO WB 210 CON,4331,,,,True,False,8,90,770243,770259,4.7,5.92,0.8099999999999996,0.41000000000000014,True,False,770259,770243,False,True,False,1,
770259,210,W,7,37,44000.0,,5.92,34.288741,-118.408086,0.495,ML,3,PAXTON,4666,,,,True,False,9,90,770353,770332,5.51,6.5,0.41000000000000014,0.5800000000000001,False,False,770332,770353,False,False,False,1,
770332,210,W,7,37,44000.0,,6.5,34.282467,-118.401379,0.635,ML,4,EB 118 TO EB 210 CON,4332,,,,True,False,10,90,770259,770545,5.92,7.19,0.5800000000000001,0.6900000000000004,False,True,770545,770259,True,False,False,1,
770545,210,W,7,37,44000.0,,7.19,34.277612,-118.391579,0.615,ML,4,TERRA BELLA,6503,,,,True,True,11,90,770332,770275,6.5,7.73,0.6900000000000004,0.54,False,True,770275,770332,True,False,True,2,Fwy_210_W_physical_run_2
770275,210,W,7,37,44000.0,,7.73,34.275519,-118.38254,0.705,ML,4,OSBORNE / FOOTHILL,4232,,,,True,True,12,90,770545,770555,7.19,8.6,0.54,0.8699999999999992,True,False,770555,770545,False,True,False,2,Fwy_210_W_physical_run_2
770555,210,W,7,37,44000.0,,8.6,34.273773,-118.367538,0.785,ML,4,ORCAS AVE,6504,,,,True,False,13,90,770275,770290,7.73,9.3,0.8699999999999992,0.7000000000000011,True,True,770290,770275,True,True,False,2,
770290,210,W,7,37,44000.0,,9.3,34.272608,-118.355391,1.15,ML,4,WHEATLAND,4664,,,,True,True,14,90,770555,770200,8.6,10.9,0.7000000000000011,1.5999999999999996,False,False,770200,770555,False,False,True,3,Fwy_210_W_physical_run_3
770200,210,W,7,37,44000.0,,10.9,34.262037,-118.331922,0.9,ML,4,SUNLAND SB,4657,,,,True,False,15,90,770290,770187,9.3,11.1,1.5999999999999996,0.1999999999999993,True,True,770187,770290,True,True,False,3,
770187,210,W,7,37,44000.0,,11.1,34.259795,-118.329713,1.54,ML,4,SUNLAND NB,4659,,,,True,True,16,90,770200,770141,10.9,13.98,0.1999999999999993,2.880000000000001,False,True,770141,770200,True,False,True,4,Fwy_210_W_physical_run_4
770141,210,W,7,37,44000.0,,13.98,34.234987,-118.294031,1.54,ML,4,LA TUNA CANYON SB,4661,,,,True,True,17,90,770187,770129,11.1,14.18,2.880000000000001,0.1999999999999993,True,True,770129,770187,True,True,False,4,Fwy_210_W_physical_run_4
770129,210,W,7,37,44000.0,,14.18,34.234984,-118.290562,0.65,ML,4,LA TUNA CANYON NB,4662,,,,True,True,18,90,770141,769965,13.98,15.28,0.1999999999999993,1.0999999999999996,True,True,769965,770141,True,True,False,4,Fwy_210_W_physical_run_4
769965,210,W,7,37,44000.0,,15.28,34.232554,-118.271772,1.2,ML,4,HONOLULU,4234,,,,True,True,19,90,770129,769911,14.18,16.58,1.0999999999999996,1.299999999999999,True,True,769911,770129,True,True,False,4,Fwy_210_W_physical_run_4
769911,210,W,7,37,30000.0,,16.58,34.224897,-118.251344,1.05,ML,5,PENNSYLVANIA,4324,,,,True,True,20,90,769965,769867,15.28,17.38,1.299999999999999,0.8000000000000007,True,True,769867,769965,True,True,False,4,Fwy_210_W_physical_run_4
769867,210,W,7,37,,,17.38,34.218652,-118.239558,0.65,ML,4,LA CRESCENTA,4236,,,,True,True,21,90,769911,769926,16.58,17.88,0.8000000000000007,0.5,True,True,769926,769911,True,True,False,4,Fwy_210_W_physical_run_4
769926,210,W,7,37,,,17.88,34.214462,-118.232443,0.47,ML,6,OCEAN VIEW,4323,,,,True,True,22,90,769867,770401,17.38,18.32,0.5,0.4400000000000013,True,False,770401,769867,False,True,False,4,Fwy_210_W_physical_run_4
770401,210,W,7,37,,,18.32,34.211095,-118.225948,0.6,ML,4,EB/NB 2 TO WB 210 CN,4333,,,,True,False,23,90,769926,770386,17.88,19.08,0.4400000000000013,0.759999999999998,True,False,770386,769926,False,True,False,4,
770386,210,W,7,37,39003.0,,19.08,34.207155,-118.2137,0.63,ML,4,EB/NB 2 TO EB 210 CN,4334,,,,True,False,24,90,770401,769941,18.32,19.58,0.759999999999998,0.5,False,False,769941,770401,False,False,False,4,
769941,210,W,7,37,39003.0,,19.58,34.207101,-118.204943,0.35,ML,4,ANGELES CREST HWY SB,4321,,,,True,False,25,90,770386,769953,19.08,19.78,0.5,0.20000000000000284,False,True,769953,770386,True,False,False,4,
769953,210,W,7,37,39003.0,,19.78,34.206998,-118.201441,0.41,ML,4,ANGELES CREST HWY NB,4320,,,,True,True,26,90,769941,769983,19.58,20.4,0.20000000000000284,0.6199999999999974,False,False,769983,769941,False,False,True,5,Fwy_210_W_physical_run_5
769983,210,W,7,37,39003.0,,20.4,34.203186,-118.191671,0.6,ML,4,GOULD,4319,,,,True,False,27,90,769953,769807,19.78,20.98,0.6199999999999974,0.5800000000000018,True,True,769807,769953,True,True,False,5,
769807,210,W,7,37,39003.0,,20.98,34.197068,-118.184827,0.495,ML,4,FOOTHILL,4241,,,,True,True,28,90,769983,770000,20.4,21.39,0.5800000000000018,0.41000000000000014,False,True,770000,769983,True,False,True,6,Fwy_210_W_physical_run_6
770000,210,W,7,37,39003.0,,21.39,34.19198,-118.181214,0.66,ML,4,BERKSHIRE,4318,,,,True,True,29,90,769807,717615,20.98,22.3,0.41000000000000014,0.9100000000000001,True,False,717615,769807,False,True,False,6,Fwy_210_W_physical_run_6
717615,210,W,7,37,56000.0,,22.3,34.182539,-118.171545,0.805,ML,4,ARROYO 1,4317,,,,True,False,30,90,770000,717622,21.39,23.0,0.9100000000000001,0.6999999999999993,True,True,717622,770000,True,True,False,6,
717622,210,W,7,37,56000.0,,23.0,34.176273,-118.161942,0.745,ML,4,LINCOLN 1,4315,,,,True,True,31,90,717615,770568,22.3,23.79,0.6999999999999993,0.7899999999999991,False,True,770568,717615,True,False,True,7,Fwy_210_W_physical_run_7
770568,210,W,7,37,56000.0,,23.79,34.165953,-118.157943,0.45,ML,4,HAMMOND ST.,2216,,,,True,True,32,90,717622,717624,23.0,23.9,0.7899999999999991,0.10999999999999943,True,False,717624,717622,False,True,False,7,Fwy_210_W_physical_run_7
717624,210,W,7,37,56000.0,,23.9,34.164368,-118.158093,0.326,ML,5,MOUNTAIN 1,4314,,,,True,False,33,90,770568,770579,23.79,24.442,0.10999999999999943,0.5420000000000016,True,False,770579,770568,False,True,False,7,
770579,210,W,7,37,56000.0,,24.442,34.156597,-118.157944,0.5,ML,4,WINONA WAY,2413,,,,True,False,34,90,717624,717627,23.9,24.9,0.5420000000000016,0.4579999999999984,False,False,717627,717624,False,False,False,7,
717627,210,W,7,37,56000.0,,24.9,34.15225,-118.154678,0.479,ML,2,WALNUT,4312,,,,True,False,35,90,770579,717630,24.442,25.4,0.4579999999999984,0.5,False,False,717630,770579,False,False,False,7,
717630,210,W,7,37,56000.0,,25.4,34.152218,-118.14821,0.39,ML,4,FAIR OAKS 1,4311,,,,True,False,36,90,717627,764137,24.9,25.68,0.5,0.28000000000000114,False,False,764137,717627,False,False,False,7,
764137,210,W,7,37,56000.0,,25.68,34.152092,-118.143249,0.36,ML,6,MARENGO,2548,,,,True,False,37,90,717630,717634,25.4,26.12,0.28000000000000114,0.4400000000000013,False,False,717634,717630,False,False,False,7,
717634,210,W,7,37,56000.0,,26.12,34.15195,-118.13555,0.56,ML,5,LAKE 1,4309,,,,True,False,38,90,764137,717637,25.68,26.8,0.4400000000000013,0.6799999999999997,False,True,717637,764137,True,False,False,7,
717637,210,W,7,37,56000.0,,26.8,34.152357,-118.123714,0.955,ML,5,HILL,4308,,,,True,True,39,90,717634,717642,26.12,28.03,0.6799999999999997,1.2300000000000004,False,True,717642,717634,True,False,True,8,Fwy_210_W_physical_run_8
717642,210,W,7,37,56000.0,,28.03,34.1527,-118.102255,0.735,ML,5,ALTADENA,4307,,,,True,True,40,90,717637,717644,26.8,28.27,1.2300000000000004,0.23999999999999844,True,False,717644,717637,False,True,False,8,Fwy_210_W_physical_run_8
717644,210,W,7,37,56000.0,,28.27,34.152727,-118.098063,0.57,ML,5,SAN GABRIEL,4306,,,,True,False,41,90,717642,717649,28.03,29.17,0.23999999999999844,0.9000000000000021,True,True,717649,717642,True,True,False,8,
717649,210,W,7,37,56000.0,,29.17,34.148074,-118.08377,0.805,ML,5,SIERRA MADRE V1,4305,,,,True,True,42,90,717644,717653,28.27,29.879,0.9000000000000021,0.7089999999999996,False,False,717653,717644,False,False,True,9,Fwy_210_W_physical_run_9
717653,210,W,7,37,,,29.879,34.148737,-118.071321,0.414,ML,5,ROSEMEAD 1,4304,,,,True,False,43,90,717649,717657,29.17,29.999,0.7089999999999996,0.11999999999999744,True,False,717657,717649,False,True,False,9,
717657,210,W,7,37,,,29.999,34.148823,-118.069206,0.13,ML,4,ROSEMEAD 2,4569,,,,True,False,44,90,717653,717661,29.879,30.139,0.11999999999999744,0.14000000000000057,False,True,717661,717653,True,False,False,9,
717661,210,W,7,37,2462.0,,30.139,34.148876,-118.066773,0.345,ML,4,MICHILLINDA,4516,,,,True,True,45,90,717657,773179,29.999,30.689,0.14000000000000057,0.5500000000000007,False,False,773179,717657,False,False,True,10,Fwy_210_W_physical_run_10
773179,210,W,7,37,2462.0,,30.689,34.148892,-118.057432,0.32,ML,4,VAQUERO,2672,,,,True,False,46,90,717661,717663,30.139,30.779,0.5500000000000007,0.08999999999999986,True,True,717663,717661,True,True,False,10,
717663,210,W,7,37,2462.0,,30.779,34.14889,-118.055903,0.155,ML,4,BALDWIN 1,4303,,,,True,True,47,90,773179,717664,30.689,30.999,0.08999999999999986,0.21999999999999886,False,True,717664,773179,True,False,True,11,Fwy_210_W_physical_run_11
717664,210,W,7,37,2462.0,,30.999,34.148916,-118.052166,0.62,ML,4,BALDWIN 2,4302,,,,True,True,48,90,717663,717669,30.779,32.019,0.21999999999999886,1.0199999999999996,True,True,717669,717663,True,True,False,11,Fwy_210_W_physical_run_11
717669,210,W,7,37,2462.0,,32.019,34.148355,-118.034499,0.6,ML,4,SANTA ANITA 1,4301,,,,True,True,49,90,717664,764146,30.999,32.199,1.0199999999999996,0.17999999999999972,True,False,764146,717664,False,True,False,11,Fwy_210_W_physical_run_11
764146,210,W,7,37,2462.0,,32.199,34.14791,-118.031417,0.385,ML,4,SANTA ANITA 2,4300,,,,True,False,50,90,717669,773194,32.019,32.789,0.17999999999999972,0.5900000000000034,True,False,773194,717669,False,True,False,11,
773194,210,W,7,37,2462.0,,32.789,34.143728,-118.022315,0.425,ML,5,E OF SECOND,2117,,,,True,False,51,90,764146,761342,32.199,33.049,0.5900000000000034,0.259999999999998,False,False,761342,764146,False,False,False,11,
761342,210,W,7,37,48648.0,,33.049,34.141791,-118.018365,0.63,ML,4,HUNTINGTON 1,4299,,,,True,False,52,90,773194,761356,32.789,34.049,0.259999999999998,1.0,False,True,761356,773194,True,False,False,11,
761356,210,W,7,37,48648.0,,34.049,34.135576,-118.003558,0.925,ML,4,MYRTLE AV,4298,,,,True,True,53,90,761342,718210,33.049,34.899,1.0,0.8500000000000014,False,True,718210,761342,True,False,True,12,Fwy_210_W_physical_run_12
718210,210,W,7,37,48648.0,,34.899,34.135547,-117.988695,0.68,ML,4,MOUNTAIN AV,4297,,,,True,True,54,90,761356,761374,34.049,35.409,0.8500000000000014,0.509999999999998,True,True,761374,761356,True,True,False,12,Fwy_210_W_physical_run_12
761374,210,W,7,37,19990.0,,35.409,34.135484,-117.97979,0.595,ML,4,BUENA VISTA,4296,,,,True,True,55,90,718210,769702,34.899,36.089,0.509999999999998,0.6799999999999997,True,False,769702,718210,False,True,False,12,Fwy_210_W_physical_run_12
769702,210,W,7,37,19990.0,,36.089,34.13568,-117.967942,0.44,ML,4,HIGHLAND,2412,,,,True,False,56,90,761374,769722,35.409,36.289,0.6799999999999997,0.20000000000000284,True,True,769722,761374,True,True,False,12,
769722,210,W,7,37,19990.0,,36.289,34.135685,-117.964445,0.25,ML,4,NB 605 TO WB 210 CON,2415,,,,True,True,57,90,769702,717673,36.089,36.589,0.20000000000000284,0.29999999999999716,False,True,717673,769702,True,False,True,13,Fwy_210_W_physical_run_13
717673,210,W,7,37,19990.0,,36.589,34.13492,-117.959306,0.3,ML,4,MOUNT OLIVE DR / 605,4294,,,,True,True,58,90,769722,775795,36.289,36.889,0.29999999999999716,0.30000000000000426,True,True,775795,769722,True,True,False,13,Fwy_210_W_physical_run_13
775795,210,W,7,37,36826.0,,36.889,34.133605,-117.954304,0.4,ML,2,NB 605 TO WB 210,2407,,,,True,True,59,90,717673,772858,36.589,37.389,0.30000000000000426,0.5,True,True,772858,717673,True,True,False,13,Fwy_210_W_physical_run_13
772858,210,W,7,37,36826.0,,37.389,34.130886,-117.946237,0.45,ML,5,SAN GABRIEL RIVER,2119,,,,True,True,60,90,775795,772873,36.889,37.789,0.5,0.3999999999999986,True,False,772873,775795,False,True,False,13,Fwy_210_W_physical_run_13
772873,210,W,7,37,36826.0,,37.789,34.129017,-117.939742,0.34,ML,5,W/O IRWINDALE,2120,,,,True,False,61,90,772858,717674,37.389,38.069,0.3999999999999986,0.28000000000000114,True,True,717674,772858,True,True,False,13,
717674,210,W,7,37,36826.0,,38.069,34.129595,-117.935,0.21,ML,4,IRWINDALE 1,4293,,,,True,True,62,90,772873,717675,37.789,38.208,0.28000000000000114,0.1389999999999958,False,True,717675,772873,True,False,True,14,Fwy_210_W_physical_run_14
717675,210,W,7,37,36826.0,,38.208,34.130142,-117.932676,0.359,ML,4,IRWINDALE 2,4292,,,,True,True,63,90,717674,772888,38.069,38.789,0.1389999999999958,0.5810000000000031,True,False,772888,717674,False,True,False,14,Fwy_210_W_physical_run_14
772888,210,W,7,37,36826.0,,38.789,34.129156,-117.923041,0.475,ML,4,ZACHARY PADILLA,2121,,,,True,False,64,90,717675,717676,38.208,39.159,0.5810000000000031,0.36999999999999744,True,True,717676,717675,True,True,False,14,
717676,210,W,7,37,36826.0,,39.159,34.12721,-117.917059,0.51,ML,4,VERNON,4291,,,,True,True,65,90,772888,717678,38.789,39.809,0.36999999999999744,0.6499999999999986,False,True,717678,772888,True,False,True,15,Fwy_210_W_physical_run_15
717678,210,W,7,37,3386.0,,39.809,34.120999,-117.908877,0.375,ML,5,AZUSA 1,4290,,,,True,True,66,90,717676,717682,39.159,39.909,0.6499999999999986,0.10000000000000142,True,True,717682,717676,True,True,False,15,Fwy_210_W_physical_run_15
717682,210,W,7,37,3386.0,,39.909,34.120813,-117.90718,0.19,ML,4,AZUSA 2,4289,,,,True,True,67,90,717678,772902,39.809,40.189,0.10000000000000142,0.28000000000000114,True,True,772902,717678,True,True,False,15,Fwy_210_W_physical_run_15
772902,210,W,7,37,3386.0,,40.189,34.121215,-117.902335,0.32,ML,4,PASADENA AVE,2122,,,,True,True,68,90,717682,717685,39.909,40.549,0.28000000000000114,0.35999999999999943,True,True,717685,717682,True,True,False,15,Fwy_210_W_physical_run_15
717685,210,W,7,37,3386.0,,40.549,34.121161,-117.896071,0.6,ML,4,CITRUS,4288,,,,True,True,69,90,772902,772918,40.189,41.389,0.35999999999999943,0.8400000000000034,True,False,772918,772902,False,True,False,15,Fwy_210_W_physical_run_15
772918,210,W,7,37,3386.0,,41.389,34.121071,-117.881454,0.62,ML,4,E/B 210-W/O BARRANCA,2133,,,,True,False,70,90,717685,717686,40.549,41.789,0.8400000000000034,0.3999999999999986,True,True,717686,717685,True,True,False,15,
717686,210,W,7,37,3386.0,,41.789,34.120839,-117.874498,0.29,ML,4,GRAND 1,4287,,,,True,True,71,90,772918,717688,41.389,41.969,0.3999999999999986,0.17999999999999972,False,True,717688,772918,True,False,True,16,Fwy_210_W_physical_run_16
717688,210,W,7,37,30014.0,,41.969,34.120655,-117.871352,0.4,ML,4,GRAND 2,4286,,,,True,True,72,90,717686,772933,41.789,42.589,0.17999999999999972,0.6199999999999974,True,True,772933,717686,True,True,False,16,Fwy_210_W_physical_run_16
772933,210,W,7,37,30014.0,,42.589,34.117234,-117.861438,0.46,ML,4,E/O GLENDORA,2134,,,,True,True,73,90,717688,772954,41.969,42.889,0.6199999999999974,0.30000000000000426,True,False,772954,717688,False,True,False,16,Fwy_210_W_physical_run_16
772954,210,W,7,37,30014.0,,42.889,34.117587,-117.856255,0.4,ML,4,BONNIE COVE,2135,,,,True,False,74,90,772933,717694,42.589,43.389,0.30000000000000426,0.5,True,True,717694,772933,True,True,False,16,
717694,210,W,7,37,30014.0,,43.389,34.117701,-117.847619,0.65,ML,4,SUNFLOWER AV,4285,,,,True,True,75,90,772954,769744,42.889,44.189,0.5,0.7999999999999972,False,False,769744,772954,False,False,True,17,Fwy_210_W_physical_run_17
769744,210,W,7,37,30014.0,,44.189,34.121013,-117.834452,0.5,ML,4,NB 57 TO WB 210 CONN,2430,,,,True,False,76,90,717694,718047,43.389,44.389,0.7999999999999972,0.20000000000000284,True,False,718047,717694,False,True,False,17,
718047,210,W,7,37,30014.0,,44.389,34.121259,-117.830969,0.4,ML,4,LONE HILL AV,4283,,,,True,False,77,90,769744,772967,44.189,44.989,0.20000000000000284,0.5999999999999943,False,False,772967,769744,False,False,False,17,
772967,210,W,7,37,30014.0,,44.989,34.120411,-117.820528,0.605,ML,4,AMELIA,2408,,,,True,False,78,90,718047,771618,44.389,45.599,0.5999999999999943,0.6099999999999994,False,False,771618,718047,False,False,False,17,
771618,210,W,7,37,30014.0,,45.599,34.119932,-117.809917,0.88,ML,4,SAN DIMAS AVE,6009,,,,True,False,79,90,772967,769136,44.989,46.749,0.6099999999999994,1.1500000000000057,False,False,769136,772967,False,False,False,17,
769136,210,W,7,37,,,46.749,34.120043,-117.789799,0.67,ML,3,FOOTHILL BLVD SB,4797,,,,True,False,80,90,771618,769150,45.599,46.939,1.1500000000000057,0.18999999999999773,False,False,769150,771618,False,False,False,17,
769150,210,W,7,37,40830.0,,46.939,34.120189,-117.786499,0.52,ML,3,FOOTHILL BLVD NB,4796,,,,True,False,81,90,769136,767898,46.749,47.789,0.18999999999999773,0.8500000000000014,False,False,767898,769136,False,False,False,17,
767898,210,W,7,37,40830.0,,47.789,34.119589,-117.771693,0.625,ML,3,BIXBY DR,2714,,,,True,False,82,90,769150,767910,46.939,48.189,0.8500000000000014,0.3999999999999986,False,False,767910,769150,False,False,False,17,
767910,210,W,7,37,40830.0,,48.189,34.119673,-117.76472,0.65,ML,3,FRUIT ST,4553,,,,True,False,83,90,767898,767940,47.789,49.089,0.3999999999999986,0.8999999999999986,False,False,767940,767898,False,False,False,17,
767940,210,W,7,37,40830.0,,49.089,34.119659,-117.748981,0.85,ML,4,LIVE OAK CANYON,2715,,,,True,False,84,90,767910,767955,48.189,49.889,0.8999999999999986,0.8000000000000043,False,False,767955,767910,False,False,False,17,
767955,210,W,7,37,13756.0,,49.889,34.120595,-117.735211,0.6,ML,3,TOWNE AV,4706,,,,True,False,85,90,767940,767986,49.089,50.289,0.8000000000000043,0.3999999999999986,False,False,767986,767940,False,False,False,17,
767986,210,W,7,37,13756.0,,50.289,34.120489,-117.728247,0.43,ML,3,MOUNTAIN AV,2708,,,,True,False,86,90,767955,768000,49.889,50.749,0.3999999999999986,0.46000000000000085,False,False,768000,767955,False,False,False,17,
768000,210,W,7,37,13756.0,,50.749,34.120381,-117.720237,0.5,ML,3,INDIAN HILL BL,2709,,,,True,False,87,90,767986,768014,50.289,51.289,0.46000000000000085,0.5399999999999991,False,False,768014,767986,False,False,False,17,
768014,210,W,7,37,13756.0,,51.289,34.120213,-117.710836,0.52,ML,3,MILLS AV,2710,,,,True,False,88,90,768000,768028,50.749,51.789,0.5399999999999991,0.5,False,False,768028,768000,False,False,False,17,
768028,210,W,7,37,13756.0,,51.789,34.120029,-117.702145,0.47,ML,3,E/O MILLS AV,2711,,,,True,False,89,90,768014,768055,51.289,52.229,0.5,0.4399999999999977,False,False,768055,768014,False,False,False,17,
768055,210,W,7,37,13756.0,,52.229,34.122146,-117.695126,0.491,ML,3,BASELINE RD,4713,,,,True,False,90,90,768028,,51.789,,0.4399999999999977,,False,False,,768028,False,False,False,17,
771826,405,N,7,37,43000.0,0.11,24.058,33.787054,-118.094505,0.303,ML,4,N. OF 605,2418,,,,True,False,1,105,,717696,,24.548,,0.48999999999999844,False,False,,717696,False,False,False,0,
717696,405,N,7,37,43000.0,0.6,24.548,33.791829,-118.100867,0.495,ML,4,STUDEBAKER,3006,,,,True,False,2,105,771826,718219,24.058,25.048,0.48999999999999844,0.5,False,False,771826,718219,False,False,False,0,
718219,405,N,7,37,43000.0,1.1,25.048,33.796718,-118.107431,0.565,ML,4,PALO VERDE,3008,,,,True,False,3,105,717696,717701,24.548,25.678,0.5,0.6300000000000026,False,False,717696,717701,False,False,False,0,
717701,405,N,7,37,43000.0,1.73,25.678,33.802431,-118.115997,0.675,ML,4,WOODRUFF,3010,,,,True,False,4,105,718219,717703,25.048,26.398,0.6300000000000026,0.7199999999999989,False,False,718219,717703,False,False,False,0,
717703,405,N,7,37,43000.0,2.45,26.398,33.802865,-118.128314,0.505,ML,4,BELLFLOWER 2,3014,,,,True,False,5,105,717701,718227,25.678,26.688,0.7199999999999989,0.28999999999999915,False,False,717701,718227,False,False,False,0,
718227,405,N,7,37,43000.0,2.74,26.688,33.802923,-118.133344,0.415,ML,5,CLARK,2049,,,,True,False,6,105,717703,717706,26.398,27.228,0.28999999999999915,0.5400000000000027,False,False,717703,717706,False,False,False,0,
717706,405,N,7,37,43000.0,3.28,27.228,33.805639,-118.141821,0.35,ML,5,LAKEWOOD 1,3016,,,,True,False,7,105,718227,717709,26.688,27.388,0.5400000000000027,0.16000000000000014,False,False,718227,717709,False,False,False,0,
717709,405,N,7,37,43000.0,3.44,27.388,33.806208,-118.144497,0.27,ML,5,LAKEWOOD 2,3018,,,,True,False,8,105,717706,716632,27.228,27.768,0.16000000000000014,0.379999999999999,False,False,717706,716632,False,False,False,0,
716632,405,N,7,37,43000.0,3.82,27.768,33.807173,-118.150983,0.385,ML,5,REDONDO,2048,,,,True,False,9,105,717709,771845,27.388,28.158,0.379999999999999,0.39000000000000057,False,False,717709,771845,False,False,False,0,
771845,405,N,7,37,43000.0,4.21,28.158,33.809267,-118.157166,0.375,ML,5,TEMPLE,2123,,,,True,False,10,105,716632,717711,27.768,28.518,0.39000000000000057,0.35999999999999943,False,False,716632,717711,False,False,False,0,
717711,405,N,7,37,43000.0,4.57,28.518,33.812037,-118.162485,0.3,ML,4,SPRING,3020,,,,True,False,11,105,771845,717713,28.158,28.758,0.35999999999999943,0.23999999999999844,False,False,771845,717713,False,False,False,0,
717713,405,N,7,37,43000.0,4.81,28.758,33.813266,-118.166414,0.175,ML,4,CHERRY 1,3021,,,,True,False,12,105,717711,717715,28.518,28.868,0.23999999999999844,0.10999999999999943,False,False,717711,717715,False,False,False,0,
717715,405,N,7,37,43000.0,4.92,28.868,33.813802,-118.168227,0.325,ML,4,CHERRY 2,3023,,,,True,False,13,105,717713,717717,28.758,29.408,0.10999999999999943,0.5400000000000027,False,False,717713,717717,False,False,False,0,
717717,405,N,7,37,71876.0,5.46,29.408,33.814416,-118.177538,0.447,ML,5,ORANGE,3025,,,,True,False,14,105,717715,717719,28.868,29.762,0.5400000000000027,0.3539999999999992,False,False,717715,717719,False,False,False,0,
717719,405,N,7,37,71876.0,5.99,29.762,33.814996,-118.183577,0.317,ML,5,ATLANTIC 1,3027,,,,True,False,15,105,717717,717720,29.408,30.042,0.3539999999999992,0.28000000000000114,False,False,717717,717720,False,False,False,0,
717720,405,N,7,37,71876.0,6.27,30.042,33.816753,-118.18802,0.285,ML,4,LONG BEACH,2535,,,,True,False,16,105,717719,717721,29.762,30.332,0.28000000000000114,0.28999999999999915,False,False,717719,717721,False,False,False,0,
717721,405,N,7,37,43000.0,6.56,30.332,33.819612,-118.191829,0.255,ML,5,WARDLOW,3030,,,,True,False,17,105,717720,771863,30.042,30.552,0.28999999999999915,0.21999999999999886,False,False,717720,771863,False,False,False,0,
771863,405,N,7,37,43000.0,6.78,30.552,33.821489,-118.195048,0.33,ML,6,PACIFIC 1,2476,,,,True,False,18,105,717721,717723,30.332,30.992,0.21999999999999886,0.4400000000000013,False,False,717721,717723,False,False,False,0,
717723,405,N,7,37,43000.0,7.22,30.992,33.824899,-118.20179,0.425,ML,4,PACIFIC,3031,,,,True,False,19,105,771863,771877,30.552,31.402,0.4400000000000013,0.41000000000000014,False,False,771863,771877,False,False,False,0,
771877,405,N,7,37,43000.0,7.63,31.402,33.826587,-118.208548,0.4,ML,4,SO. OF 710,2429,,,,True,False,20,105,717723,717727,30.992,31.792,0.41000000000000014,0.39000000000000057,False,False,717723,717727,False,False,False,0,
717727,405,N,7,37,43000.0,8.02,31.792,33.825614,-118.215047,0.41,ML,4,SANTA FE,3079,,,,True,False,21,105,771877,771898,31.402,32.222,0.39000000000000057,0.4299999999999997,False,False,771877,771898,False,False,False,0,
771898,405,N,7,37,43000.0,8.45,32.222,33.825373,-118.222223,0.335,ML,5,RIVER AVE,2124,,,,True,False,22,105,717727,717729,31.792,32.462,0.4299999999999997,0.240000000000002,False,False,717727,717729,False,False,False,0,
717729,405,N,7,37,43000.0,8.69,32.462,33.825518,-118.226232,0.32,ML,5,ALAMEDA,3080,,,,True,False,23,105,771898,771915,32.222,32.862,0.240000000000002,0.3999999999999986,False,False,771898,771915,False,False,False,0,
771915,405,N,7,37,11530.0,9.09,32.862,33.825932,-118.233155,0.39,ML,5,WESTWARD,2047,,,,True,False,24,105,717729,718251,32.462,33.242,0.3999999999999986,0.37999999999999545,False,False,717729,718251,False,False,False,0,
718251,405,N,7,37,11530.0,9.47,33.242,33.825976,-118.240051,0.205,ML,4,WILMINGTON,3081,,,,True,False,25,105,771915,776739,32.862,33.272,0.37999999999999545,0.030000000000001137,False,False,771915,776739,False,False,False,0,
776739,405,N,7,37,11530.0,9.5,33.272,33.825976,-118.240596,0.28,ML,4,WILMINGTON AVE,3001,,,,True,False,26,105,718251,775936,33.242,33.802,0.030000000000001137,0.5300000000000011,False,False,718251,775936,False,False,False,0,
775936,405,N,7,37,11530.0,10.03,33.802,33.826405,-118.249664,0.58,ML,4,LUCERNE ST,2125,,,,True,False,27,105,776739,717733,33.272,34.432,0.5300000000000011,0.6300000000000026,False,False,776739,717733,False,False,False,0,
717733,405,N,7,37,11530.0,10.66,34.432,33.832936,-118.25697,0.435,ML,4,CARSON,3082,,,,True,False,28,105,775936,771939,33.802,34.672,0.6300000000000026,0.23999999999999488,False,False,775936,771939,False,False,False,0,
771939,405,N,7,37,11530.0,10.9,34.672,33.835595,-118.259571,0.33,ML,4,213TH ST,2046,,,,True,False,29,105,717733,717735,34.432,35.092,0.23999999999999488,0.4200000000000017,False,False,717733,717735,False,False,False,0,
717735,405,N,7,37,11530.0,11.32,35.092,33.840237,-118.264144,0.46,ML,4,AVALON,3083,,,,True,False,30,105,771939,716659,34.672,35.592,0.4200000000000017,0.5,False,False,771939,716659,False,False,False,0,
716659,405,N,7,37,11530.0,11.82,35.592,33.845809,-118.269724,0.365,ML,5,TRUCK SCALE 1,2045,,,,True,False,31,105,717735,766505,35.092,35.822,0.5,0.23000000000000398,False,False,717735,766505,False,False,False,0,
766505,405,N,7,37,11530.0,12.05,35.822,33.848064,-118.272687,0.375,ML,5,TRUCK SCALE 2,2044,,,,True,False,32,105,716659,718259,35.592,36.342,0.23000000000000398,0.519999999999996,False,True,716659,718259,False,True,False,0,
718259,405,N,7,37,11530.0,12.57,36.342,33.852884,-118.279686,0.275,ML,5,MAIN,3073,,,,True,True,33,105,766505,773000,35.822,36.372,0.519999999999996,0.030000000000001137,False,False,766505,773000,False,False,True,1,Fwy_405_N_physical_run_1
773000,405,N,7,37,11530.0,12.6,36.372,33.853172,-118.280079,0.305,ML,3,FROM NB 110 CONN,2264,,,,True,False,34,105,718259,716663,36.342,36.952,0.030000000000001137,0.5799999999999983,True,False,718259,716663,True,False,False,1,
716663,405,N,7,37,,13.18,36.952,33.858551,-118.287766,0.355,ML,4,N OF 110,2480,,,,True,False,35,105,773000,717740,36.372,37.082,0.5799999999999983,0.13000000000000256,False,False,773000,717740,False,False,False,1,
717740,405,N,7,37,,13.31,37.082,33.859338,-118.289828,0.315,ML,5,VERMONT,3046,,,,True,False,36,105,716663,717742,36.952,37.582,0.13000000000000256,0.5,False,False,716663,717742,False,False,False,1,
717742,405,N,7,37,44000.0,13.81,37.582,33.859963,-118.298466,0.515,ML,4,NORMANDIE1,3047,,,,True,False,37,105,717740,717744,37.082,38.112,0.5,0.5300000000000011,False,False,717740,717744,False,False,False,1,
717744,405,N,7,37,44000.0,14.34,38.112,33.859955,-118.307741,0.575,ML,4,WESTERN,3048,,,,True,False,38,105,717742,716670,37.582,38.732,0.5300000000000011,0.6199999999999974,False,False,717742,716670,False,False,False,1,
716670,405,N,7,37,80000.0,14.96,38.732,33.862176,-118.318174,0.545,ML,4,VAN NESS,2043,,,,True,False,39,105,717744,718266,38.112,39.202,0.6199999999999974,0.46999999999999886,False,False,717744,718266,False,False,False,1,
718266,405,N,7,37,80000.0,15.43,39.202,33.86453,-118.3259,0.52,ML,4,CRENSHAW BLVD,3049,,,,True,False,40,105,716670,718267,38.732,39.772,0.46999999999999886,0.5700000000000003,False,False,716670,718267,False,False,False,1,
718267,405,N,7,37,80000.0,16.0,39.772,33.867312,-118.335177,0.615,ML,4,YUKON,2042,,,,True,False,41,105,718266,717750,39.202,40.432,0.5700000000000003,0.6600000000000037,False,False,718266,717750,False,False,False,1,
717750,405,N,7,37,80000.0,16.66,40.432,33.873958,-118.342856,0.505,ML,4,ARTESIA 2,3050,,,,True,False,42,105,718267,717752,39.772,40.782,0.6600000000000037,0.3499999999999943,False,False,718267,717752,False,False,False,1,
717752,405,N,7,37,40886.0,17.01,40.782,33.878338,-118.345949,0.43,ML,4,REDONDO BEACH BL,3051,,,,True,False,43,105,717750,717755,40.432,41.292,0.3499999999999943,0.5100000000000051,False,True,717750,717755,False,True,False,1,
717755,405,N,7,37,40886.0,17.52,41.292,33.884045,-118.351506,0.595,ML,4,HAWTHORNE BLVD,3052,,,,True,True,44,105,717752,717758,40.782,41.972,0.5100000000000051,0.6799999999999997,False,False,717752,717758,False,False,True,2,Fwy_405_N_physical_run_2
717758,405,N,7,37,40886.0,18.2,41.972,33.890483,-118.360485,0.415,ML,4,INGLEWOOD 1,3053,,,,True,False,45,105,717755,717760,41.292,42.122,0.6799999999999997,0.14999999999999858,True,True,717755,717760,True,True,False,2,
717760,405,N,7,37,60018.0,18.35,42.122,33.8919,-118.362464,0.48,ML,4,INGLEWOOD 2,3054,,,,True,True,46,105,717758,717763,41.972,42.932,0.14999999999999858,0.8100000000000023,False,True,717758,717763,False,True,True,3,Fwy_405_N_physical_run_3
717763,405,N,7,37,32548.0,19.16,42.932,33.900921,-118.370315,0.505,ML,4,ROSECRANS 1,3055,,,,True,True,47,105,717760,717765,42.122,43.132,0.8100000000000023,0.19999999999999574,True,False,717760,717765,True,False,False,3,Fwy_405_N_physical_run_3
717765,405,N,7,37,32548.0,19.36,43.132,33.903819,-118.370313,0.205,ML,4,ROSECRANS 2,3056,,,,True,False,48,105,717763,716689,42.932,43.342,0.19999999999999574,0.21000000000000085,True,True,717763,716689,True,True,False,3,
716689,405,N,7,37,32548.0,19.57,43.342,33.906863,-118.370302,0.385,ML,5,137TH,2054,,,,True,True,49,105,717765,717769,43.132,43.902,0.21000000000000085,0.5600000000000023,False,False,717765,717769,False,False,True,4,Fwy_405_N_physical_run_4
717769,405,N,7,37,32548.0,20.13,43.902,33.915198,-118.370234,0.41,ML,4,EL SEGUNDO 1,3057,,,,True,False,50,105,716689,761455,43.342,44.162,0.5600000000000023,0.259999999999998,True,False,716689,761455,True,False,False,4,
761455,405,N,7,37,,20.39,44.162,33.918874,-118.36955,0.235,ML,4,EL SEGUNDO 2,3058,,,,True,False,51,105,717769,716694,43.902,44.372,0.259999999999998,0.21000000000000085,False,False,717769,716694,False,False,False,4,
716694,405,N,7,37,,20.6,44.372,33.921751,-118.368902,0.488,ML,5,122ND,2055,,,,True,False,52,105,761455,759427,44.162,45.137,0.21000000000000085,0.7650000000000006,False,False,761455,759427,False,False,False,4,
759427,405,N,7,37,,,45.137,33.932781,-118.368223,0.869,ML,4,FM 105 WB,2915,,,,True,False,53,105,716694,769228,44.372,46.112,0.7650000000000006,0.9750000000000014,False,False,716694,769228,False,False,False,4,
769228,405,N,7,37,36546.0,22.34,46.112,33.946811,-118.368252,0.657,ML,4,OLIVE / MANCHESTER,3361,,,,True,False,54,105,759427,761482,45.137,46.452,0.9750000000000014,0.3399999999999963,False,False,759427,761482,False,False,False,4,
761482,405,N,7,37,36546.0,22.68,46.452,33.951752,-118.368991,0.18,ML,6,CENTURY 1,3354,,,,True,False,55,105,769228,761492,46.112,46.472,0.3399999999999963,0.020000000000003126,False,False,769228,761492,False,False,False,4,
761492,405,N,7,37,36546.0,22.7,46.472,33.952042,-118.369045,0.33,ML,6,CENTURY 2,3355,,,,True,False,56,105,761482,776844,46.452,46.472,0.020000000000003126,0.0,False,False,761482,776844,False,False,False,4,
776844,405,N,7,37,36546.0,22.7,46.472,33.952042,-118.369045,0.01,ML,4,ARBOR VITAE,2057,,,,True,False,57,105,761492,717776,46.472,47.132,0.0,0.6599999999999966,False,False,761492,717776,False,False,False,4,
717776,405,N,7,37,36546.0,23.36,47.132,33.961638,-118.36932,0.385,ML,4,MANCHESTER 1,3356,,,,True,False,58,105,776844,717777,46.472,47.242,0.6599999999999966,0.10999999999999943,False,False,776844,717777,False,False,False,4,
717777,405,N,7,37,36546.0,23.47,47.242,33.963205,-118.369661,0.125,ML,4,MANCHESTER 2,3357,,,,True,False,59,105,717776,764583,47.132,47.382,0.10999999999999943,0.14000000000000057,False,True,717776,764583,False,True,False,4,
764583,405,N,7,37,36546.0,23.61,47.382,33.965167,-118.370291,0.39,ML,4,LA CIENEGA,3360,,,,True,True,60,105,717777,717779,47.242,48.022,0.14000000000000057,0.6400000000000006,False,False,717777,717779,False,False,True,5,Fwy_405_N_physical_run_5
717779,405,N,7,37,36546.0,24.25,48.022,33.971707,-118.377522,0.745,ML,4,LA TIJERA,3358,,,,True,False,61,105,764583,771969,47.382,48.872,0.6400000000000006,0.8500000000000014,True,False,764583,771969,True,False,False,5,
771969,405,N,7,37,44000.0,25.1,48.872,33.978135,-118.390097,0.58,ML,4,HOWARD HUGHES PKWY,4555,,,,True,False,62,105,717779,718291,48.022,49.182,0.8500000000000014,0.3100000000000023,False,False,717779,718291,False,False,False,5,
718291,405,N,7,37,,25.41,49.182,33.981278,-118.393836,0.45,ML,5,CENTINELA,2251,,,,True,False,63,105,771969,769496,48.872,49.772,0.3100000000000023,0.5899999999999963,False,False,771969,769496,False,False,False,5,
769496,405,N,7,37,17568.0,26.0,49.772,33.98849,-118.399537,0.37,ML,4,JEFFERSON,3197,,,,True,False,64,105,718291,718292,49.182,49.922,0.5899999999999963,0.14999999999999858,False,False,718291,718292,False,False,False,5,
718292,405,N,7,37,17568.0,26.15,49.922,33.990323,-118.400988,0.42,ML,4,N OF 90,2420,,,,True,False,65,105,769496,768643,49.772,50.612,0.14999999999999858,0.6900000000000048,False,False,769496,768643,False,False,False,5,
768643,405,N,7,37,44000.0,26.84,50.612,33.998742,-118.407685,0.6,ML,5,BRADDOCK,3194,,,,True,False,66,105,718292,717787,49.922,51.122,0.6900000000000048,0.509999999999998,False,False,718292,717787,False,False,False,5,
717787,405,N,7,37,17568.0,27.35,51.122,34.004889,-118.412552,0.485,ML,5,CULVER,3199,,,,True,False,67,105,768643,717790,50.612,51.582,0.509999999999998,0.46000000000000085,False,True,768643,717790,False,True,False,5,
717790,405,N,7,37,17568.0,27.81,51.582,34.010379,-118.41687,0.375,ML,5,VENICE,3193,,,,True,True,68,105,717787,772437,51.122,51.872,0.46000000000000085,0.28999999999999915,False,False,717787,772437,False,False,True,6,Fwy_405_N_physical_run_6
772437,405,N,7,37,44000.0,28.1,51.872,34.013859,-118.419645,0.355,ML,6,N/O VENICE,2448,,,,True,False,69,105,717790,716714,51.582,52.292,0.28999999999999915,0.4200000000000017,True,False,717790,716714,True,False,False,6,
716714,405,N,7,37,44000.0,28.52,52.292,34.018964,-118.42366,0.22,ML,5,WESTMINSTER,2059,,,,True,False,70,105,772437,772455,51.872,52.312,0.4200000000000017,0.01999999999999602,False,True,772437,772455,False,True,False,6,
772455,405,N,7,37,44000.0,28.54,52.312,34.019206,-118.423854,0.32,ML,5,PALMS BLVD,2442,,,,True,True,71,105,716714,718500,52.292,52.932,0.01999999999999602,0.6200000000000045,False,False,716714,718500,False,False,True,7,Fwy_405_N_physical_run_7
718500,405,N,7,37,44000.0,29.16,52.932,34.026728,-118.429807,0.48,ML,4,NATIONAL,3192,,,,True,False,72,105,772455,768969,52.312,53.272,0.6200000000000045,0.3399999999999963,True,False,772455,768969,True,False,False,7,
768969,405,N,7,37,44000.0,29.5,53.272,34.030852,-118.433072,0.485,ML,4,S OF 10,2426,,,,True,False,73,105,718500,717794,52.932,53.902,0.3399999999999963,0.6300000000000026,False,False,718500,717794,False,False,False,7,
717794,405,N,7,37,44000.0,30.13,53.902,34.038204,-118.439159,0.485,ML,5,PICO / OLYMPIC,3201,,,,True,False,74,105,768969,716720,53.272,54.242,0.6300000000000026,0.3399999999999963,False,False,768969,716720,False,False,False,7,
716720,405,N,7,37,44000.0,30.47,54.242,34.042287,-118.44249,0.41,ML,6,LA GRANGE,2060,,,,True,False,75,105,717794,717797,53.902,54.722,0.3399999999999963,0.480000000000004,False,False,717794,717797,False,False,False,7,
717797,405,N,7,37,44000.0,30.95,54.722,34.047963,-118.44737,0.415,ML,5,SANTA MONICA,3202,,,,True,False,76,105,716720,775155,54.242,55.072,0.480000000000004,0.3500000000000014,False,False,716720,775155,False,False,False,7,
775155,405,N,7,37,,31.3,55.072,34.052632,-118.449662,0.31,ML,6,NO OF SANTA MONICA,2061,,,,True,False,77,105,717797,717798,54.722,55.342,0.3500000000000014,0.269999999999996,False,False,717797,717798,False,False,False,7,
717798,405,N,7,37,,31.57,55.342,34.055946,-118.452118,0.405,ML,5,WILSHIRE2,3204,,,,True,False,78,105,775155,775261,55.072,55.882,0.269999999999996,0.5399999999999991,False,False,775155,775261,False,False,False,7,
775261,405,N,7,37,,32.11,55.882,34.0624,-118.457437,0.415,ML,5,WATERFORD,3426,,,,True,False,79,105,717798,717799,55.342,56.172,0.5399999999999991,0.28999999999999915,False,False,717798,717799,False,False,False,7,
717799,405,N,7,37,,32.4,56.172,34.065808,-118.460396,0.425,ML,4,CASHMERE,2062,,,,True,False,80,105,775261,717800,55.882,56.732,0.28999999999999915,0.5600000000000023,False,False,775261,717800,False,False,False,7,
717800,405,N,7,37,44000.0,32.96,56.732,34.07238,-118.466123,0.51,ML,5,SUNSET,3205,,,,True,False,81,105,717799,717801,56.172,57.192,0.5600000000000023,0.46000000000000085,False,True,717799,717801,False,True,False,7,
717801,405,N,7,37,44000.0,33.42,57.192,34.077939,-118.470493,0.615,ML,5,MORAGA,3206,,,,True,True,82,105,717800,775137,56.732,57.962,0.46000000000000085,0.7700000000000031,False,True,717800,775137,False,True,True,8,Fwy_405_N_physical_run_8
775137,405,N,7,37,44000.0,34.19,57.962,34.088064,-118.475109,0.645,ML,5,SO OF GETTY CNTR DR,2064,,,,True,True,83,105,717801,717804,57.192,58.482,0.7700000000000031,0.519999999999996,True,False,717801,717804,True,False,False,8,Fwy_405_N_physical_run_8
717804,405,N,7,37,44000.0,34.71,58.482,34.095833,-118.476524,0.515,ML,5,GETTY / SEPULVEDA,3207,,,,True,False,84,105,775137,775183,57.962,58.992,0.519999999999996,0.509999999999998,True,False,775137,775183,True,False,False,8,
775183,405,N,7,37,44000.0,35.22,58.992,34.102985,-118.477246,0.545,ML,5,N/O SEPULVEDA,2065,,,,True,False,85,105,717804,716733,58.482,59.572,0.509999999999998,0.5800000000000054,False,False,717804,716733,False,False,False,8,
716733,405,N,7,37,44000.0,35.8,59.572,34.11048,-118.481488,0.59,ML,5,BEL AIR CR,2066,,,,True,False,86,105,775183,775120,58.992,60.172,0.5800000000000054,0.5999999999999943,False,True,775183,775120,False,True,False,8,
775120,405,N,7,37,44000.0,36.4,60.172,34.11879,-118.481253,0.565,ML,5,SO. OF SKIRBALL,2067,,,,True,True,87,105,716733,717806,59.572,60.702,0.5999999999999943,0.5300000000000011,False,False,716733,717806,False,False,True,9,Fwy_405_N_physical_run_9
717806,405,N,7,37,44000.0,36.93,60.702,34.125144,-118.47636,0.585,ML,5,SKIRBALL/MULHOLLAND,3208,,,,True,False,88,105,775120,716738,60.172,61.342,0.5300000000000011,0.6400000000000006,True,False,775120,716738,True,False,False,9,
716738,405,N,7,37,44000.0,37.57,61.342,34.133767,-118.472292,0.605,ML,6,ROYAL RIDGE,2068,,,,True,False,89,105,717806,716739,60.702,61.912,0.6400000000000006,0.5700000000000003,False,False,717806,716739,False,False,False,9,
716739,405,N,7,37,44000.0,38.14,61.912,34.141958,-118.471286,0.425,ML,6,WOODCREST,2069,,,,True,False,90,105,716738,775225,61.342,62.192,0.5700000000000003,0.28000000000000114,False,False,716738,775225,False,False,False,9,
775225,405,N,7,37,44000.0,38.42,62.192,34.145971,-118.470484,0.3,ML,6,VALLEY VISTA,3514,,,,True,False,91,105,716739,717814,61.912,62.512,0.28000000000000114,0.3200000000000003,False,True,716739,717814,False,True,False,9,
717814,405,N,7,37,44000.0,38.74,62.512,34.150297,-118.468373,0.54,ML,4,VENTURA,3393,,,,True,True,92,105,775225,777065,62.192,63.272,0.3200000000000003,0.759999999999998,False,False,775225,777065,False,False,True,10,Fwy_405_N_physical_run_10
777065,405,N,7,37,44000.0,39.5,63.272,34.161136,-118.469426,0.63,ML,3,NORTH OF 101,2423,,,,True,False,93,105,717814,767812,62.512,63.772,0.759999999999998,0.5,True,False,717814,767812,True,False,False,10,
767812,405,N,7,37,44000.0,40.0,63.772,34.168209,-118.468498,0.415,ML,4,BURBANK 1,2070,,,,True,False,94,105,777065,717818,63.272,64.102,0.5,0.3300000000000054,False,False,777065,717818,False,False,False,10,
717818,405,N,7,37,44000.0,40.33,64.102,34.172831,-118.467569,0.45,ML,4,BURBANK 2,3512,,,,True,False,95,105,767812,767351,63.772,64.672,0.3300000000000054,0.5699999999999932,False,False,767812,767351,False,False,False,10,
767351,405,N,7,37,44000.0,40.9,64.672,34.180527,-118.470463,0.575,ML,4,OXNARD ST,2071,,,,True,False,96,105,717818,717819,64.102,65.252,0.5699999999999932,0.5799999999999983,False,False,717818,717819,False,False,False,10,
717819,405,N,7,37,44000.0,41.48,65.252,34.188192,-118.474075,0.78,ML,4,VICTORY,3511,,,,True,False,97,105,767351,717823,64.672,66.232,0.5799999999999983,0.980000000000004,False,False,767351,717823,False,False,False,10,
717823,405,N,7,37,44000.0,42.46,66.232,34.202543,-118.473233,0.86,ML,4,SHERMAN WAY,3509,,,,True,False,98,105,717819,767367,65.252,66.972,0.980000000000004,0.7399999999999949,False,False,717819,767367,False,False,False,10,
767367,405,N,7,37,44000.0,43.2,66.972,34.213275,-118.473134,0.705,ML,4,STAGG ST,2073,,,,True,False,99,105,717823,717825,66.232,67.642,0.7399999999999949,0.6700000000000017,False,False,717823,717825,False,False,False,10,
717825,405,N,7,37,44000.0,43.87,67.642,34.222979,-118.473083,0.835,ML,4,ROSCOE,3506,,,,True,False,100,105,767367,717827,66.972,68.642,0.6700000000000017,1.0,False,False,767367,717827,False,False,False,10,
717827,405,N,7,37,44000.0,44.87,68.642,34.237367,-118.472933,0.915,ML,4,NORDHOFF,3504,,,,True,False,101,105,717825,771808,67.642,69.472,1.0,0.8299999999999983,False,False,717825,771808,False,False,False,10,
771808,405,N,7,37,44000.0,45.7,69.472,34.249268,-118.472234,0.665,ML,4,LASSEN,2075,,,,True,False,102,105,717827,771767,68.642,69.972,0.8299999999999983,0.5,False,True,717827,771767,False,True,False,10,
771767,405,N,7,37,44000.0,46.2,69.972,34.256535,-118.472044,1.12,ML,6,DEVONSHIRE 1,4371,,,,True,True,103,105,771808,772011,69.472,71.712,0.5,1.740000000000009,False,True,771808,772011,False,True,True,11,Fwy_405_N_physical_run_11
772011,405,N,7,37,44000.0,47.94,71.712,34.281744,-118.468905,1.05,ML,3,RINALDI,4373,,,,True,True,104,105,771767,772024,69.972,72.072,1.740000000000009,0.35999999999999943,True,True,771767,772024,True,True,False,11,Fwy_405_N_physical_run_11
772024,405,N,7,37,44000.0,48.3,72.072,34.287473,-118.467596,0.523,ML,3,FM 5 to 405,2424,,,,True,True,105,105,772011,,71.712,,0.35999999999999943,,True,False,772011,,True,False,False,11,Fwy_405_N_physical_run_11
771825,405,S,7,37,43000.0,0.11,24.058,33.786942,-118.094686,0.303,ML,4,N. OF 605,2418,,,,True,False,1,114,,717697,,24.548,,0.48999999999999844,False,False,717697,,False,False,False,0,
717697,405,S,7,37,43000.0,0.6,24.548,33.79164,-118.10099,0.395,ML,4,STUDEBAKER,3006,,,,True,False,2,114,771825,717699,24.058,24.848,0.48999999999999844,0.3000000000000007,False,False,717699,771825,False,False,False,0,
717699,405,S,7,37,43000.0,0.9,24.848,33.794536,-118.10487,0.45,ML,4,STEARNS,3007,,,,True,False,3,114,717697,718221,24.548,25.448,0.3000000000000007,0.6000000000000014,False,False,718221,717697,False,False,False,0,
718221,405,S,7,37,43000.0,1.5,25.448,33.800308,-118.112651,0.645,ML,4,WOODRUFF,3009,,,,True,False,4,114,717699,718223,24.848,26.138,0.6000000000000014,0.6900000000000013,False,False,718223,717699,False,False,False,0,
718223,405,S,7,37,43000.0,2.19,26.138,33.802629,-118.12381,0.475,ML,4,BELLFLOWER 1,3011,,,,True,False,5,114,718221,718226,25.448,26.398,0.6900000000000013,0.259999999999998,False,False,718226,718221,False,False,False,0,
718226,405,S,7,37,43000.0,2.45,26.398,33.802649,-118.128338,0.275,ML,4,BELLFLOWER 2,3013,,,,True,False,6,114,718223,716626,26.138,26.688,0.259999999999998,0.28999999999999915,False,False,716626,718223,False,False,False,0,
716626,405,S,7,37,43000.0,2.74,26.688,33.802703,-118.13339,0.26,ML,5,CLARK,2049,,,,True,False,7,114,718226,718229,26.398,26.918,0.28999999999999915,0.23000000000000043,False,False,718229,718226,False,False,False,0,
718229,405,S,7,37,43000.0,2.97,26.918,33.803094,-118.137329,0.315,ML,5,WILLOW,3015,,,,True,False,8,114,716626,718232,26.688,27.318,0.23000000000000043,0.40000000000000213,False,False,718232,716626,False,False,False,0,
718232,405,S,7,37,43000.0,3.37,27.318,33.805815,-118.143415,0.425,ML,4,LAKEWOOD 1,3017,,,,True,False,9,114,718229,717710,26.918,27.768,0.40000000000000213,0.4499999999999993,False,False,717710,718229,False,False,False,0,
717710,405,S,7,37,43000.0,3.82,27.768,33.806934,-118.151138,0.42,ML,5,REDONDO,2048,,,,True,False,10,114,718232,771846,27.318,28.158,0.4499999999999993,0.39000000000000057,False,False,771846,718232,False,False,False,0,
771846,405,S,7,37,43000.0,4.21,28.158,33.809074,-118.157336,0.325,ML,5,TEMPLE,2123,,,,True,False,11,114,717710,718235,27.768,28.418,0.39000000000000057,0.259999999999998,False,False,718235,717710,False,False,False,0,
718235,405,S,7,37,43000.0,4.47,28.418,33.811173,-118.161074,0.3,ML,5,SPRING,3019,,,,True,False,12,114,771846,718238,28.158,28.758,0.259999999999998,0.33999999999999986,False,False,718238,771846,False,False,False,0,
718238,405,S,7,37,43000.0,4.81,28.758,33.813053,-118.166482,0.455,ML,5,CHERRY 1,3022,,,,True,False,13,114,718235,718240,28.418,29.328,0.33999999999999986,0.5700000000000003,False,False,718240,718235,False,False,False,0,
718240,405,S,7,37,43000.0,5.38,29.328,33.814193,-118.176143,0.507,ML,4,ORANGE,3024,,,,True,False,14,114,718238,718243,28.758,29.772,0.5700000000000003,0.44399999999999906,False,False,718243,718238,False,False,False,0,
718243,405,S,7,37,71876.0,6.0,29.772,33.814807,-118.183838,0.297,ML,5,ATLANTIC 1,3026,,,,True,False,15,114,718240,718242,29.328,29.922,0.44399999999999906,0.15000000000000213,False,False,718242,718240,False,False,False,0,
718242,405,S,7,37,71876.0,6.15,29.922,33.815698,-118.186295,0.21,ML,5,ATLANTIC 2,3028,,,,True,False,16,114,718243,718245,29.772,30.192,0.15000000000000213,0.2699999999999996,False,False,718245,718243,False,False,False,0,
718245,405,S,7,37,43000.0,6.42,30.192,33.818022,-118.190184,0.315,ML,5,LONG BEACH,3029,,,,True,False,17,114,718242,771864,29.922,30.552,0.2699999999999996,0.35999999999999943,False,False,771864,718242,False,False,False,0,
771864,405,S,7,37,43000.0,6.78,30.552,33.821302,-118.195219,0.4,ML,5,PACIFIC 1,2476,,,,True,False,18,114,718245,717724,30.192,30.992,0.35999999999999943,0.4400000000000013,False,False,717724,718245,False,False,False,0,
717724,405,S,7,37,43000.0,7.22,30.992,33.824728,-118.201883,0.425,ML,4,PACIFIC,3031,,,,True,False,19,114,771864,771879,30.552,31.402,0.4400000000000013,0.41000000000000014,False,False,771879,771864,False,False,False,0,
771879,405,S,7,37,43000.0,7.63,31.402,33.826384,-118.20858,0.415,ML,3,SO. OF 710,2429,,,,True,False,20,114,717724,718247,30.992,31.822,0.41000000000000014,0.41999999999999815,False,False,718247,717724,False,False,False,0,
718247,405,S,7,37,43000.0,8.05,31.822,33.825332,-118.215513,0.41,ML,4,SANTA FE,3078,,,,True,False,21,114,771879,771897,31.402,32.222,0.41999999999999815,0.40000000000000213,False,False,771897,771879,False,False,False,0,
771897,405,S,7,37,43000.0,8.45,32.222,33.82515,-118.222222,0.29,ML,5,RIVER AVE,2124,,,,True,False,22,114,718247,718249,31.822,32.402,0.40000000000000213,0.17999999999999972,False,False,718249,718247,False,False,False,0,
718249,405,S,7,37,43000.0,8.63,32.402,33.825229,-118.225244,0.32,ML,5,ALAMEDA,3077,,,,True,False,23,114,771897,771914,32.222,32.862,0.17999999999999972,0.46000000000000085,False,False,771914,771897,False,False,False,0,
771914,405,S,7,37,11530.0,9.09,32.862,33.825703,-118.233178,0.42,ML,5,WESTWARD,2047,,,,True,False,24,114,718249,717731,32.402,33.242,0.46000000000000085,0.37999999999999545,False,False,717731,718249,False,False,False,0,
717731,405,S,7,37,11530.0,9.47,33.242,33.825757,-118.24005,0.47,ML,4,WILMINGTON,3076,,,,True,False,25,114,771914,771925,32.862,33.802,0.37999999999999545,0.5600000000000023,False,False,771925,771914,False,False,False,0,
771925,405,S,7,37,11530.0,10.03,33.802,33.826193,-118.24972,0.51,ML,4,LUCERNE ST,2125,,,,True,False,26,114,717731,718253,33.242,34.262,0.5600000000000023,0.46000000000000085,False,False,718253,717731,False,False,False,0,
718253,405,S,7,37,11530.0,10.49,34.262,33.830851,-118.255253,0.435,ML,4,CARSON,3075,,,,True,False,27,114,771925,771938,33.802,34.672,0.46000000000000085,0.4099999999999966,False,False,771938,771925,False,False,False,0,
771938,405,S,7,37,11530.0,10.9,34.672,33.835431,-118.259732,0.355,ML,4,213TH ST,2046,,,,True,False,28,114,718253,774327,34.262,34.972,0.4099999999999966,0.30000000000000426,False,False,774327,718253,False,False,False,0,
774327,405,S,7,37,11530.0,11.2,34.972,33.838786,-118.263002,0.21,ML,4,AVALON 1,3209,,,,True,False,29,114,771938,718256,34.672,35.092,0.30000000000000426,0.11999999999999744,False,True,718256,771938,True,False,False,0,
718256,405,S,7,37,11530.0,11.32,35.092,33.840128,-118.264312,0.31,ML,4,AVALON 2,3074,,,,True,True,30,114,774327,766493,34.972,35.592,0.11999999999999744,0.5,False,False,766493,774327,False,False,True,1,Fwy_405_S_physical_run_1
766493,405,S,7,37,11530.0,11.82,35.592,33.845636,-118.269942,0.365,ML,5,TRUCK SCALE 1,2045,,,,True,False,31,114,718256,716660,35.092,35.822,0.5,0.23000000000000398,True,False,716660,718256,False,True,False,1,
716660,405,S,7,37,11530.0,12.05,35.822,33.847883,-118.272889,0.375,ML,5,TRUCK SCALE 2,2044,,,,True,False,32,114,766493,718258,35.592,36.342,0.23000000000000398,0.519999999999996,False,False,718258,766493,False,False,False,1,
718258,405,S,7,37,11530.0,12.57,36.342,33.852707,-118.279831,0.275,ML,5,MAIN,3073,,,,True,False,33,114,716660,772999,35.822,36.372,0.519999999999996,0.030000000000001137,False,False,772999,716660,False,False,False,1,
772999,405,S,7,37,11530.0,12.6,36.372,33.852994,-118.280221,0.305,ML,5,FROM NB 110 CONN,2264,,,,True,False,34,114,718258,769248,36.342,36.952,0.030000000000001137,0.5799999999999983,False,False,769248,718258,False,False,False,1,
769248,405,S,7,37,,13.18,36.952,33.858342,-118.287867,0.355,ML,3,N OF 110,2480,,,,True,False,35,114,772999,769195,36.372,37.082,0.5799999999999983,0.13000000000000256,False,False,769195,772999,False,False,False,1,
769195,405,S,7,37,,13.31,37.082,33.85914,-118.289912,0.315,ML,4,VERMONT,3046,,,,True,False,36,114,769248,761526,36.952,37.582,0.13000000000000256,0.5,False,False,761526,769248,False,False,False,1,
761526,405,S,7,37,44000.0,13.81,37.582,33.859717,-118.298546,0.605,ML,4,NORMANDIE 1,3374,,,,True,False,37,114,769195,718262,37.082,38.292,0.5,0.7100000000000009,False,False,718262,769195,False,False,False,1,
718262,405,S,7,37,80000.0,14.52,38.292,33.85998,-118.31095,0.575,ML,4,190TH,3373,,,,True,False,38,114,761526,717746,37.582,38.732,0.7100000000000009,0.4399999999999977,False,False,717746,761526,False,False,False,1,
717746,405,S,7,37,80000.0,14.96,38.732,33.861991,-118.318254,0.495,ML,4,VAN NESS,2043,,,,True,False,39,114,718262,718265,38.292,39.282,0.4399999999999977,0.5499999999999972,False,False,718265,718262,False,False,False,1,
718265,405,S,7,37,80000.0,15.51,39.282,33.864701,-118.327312,0.52,ML,4,CRENSHAW,3372,,,,True,False,40,114,717746,716674,38.732,39.772,0.5499999999999972,0.490000000000002,False,False,716674,717746,False,False,False,1,
716674,405,S,7,37,80000.0,16.0,39.772,33.867122,-118.335344,0.48,ML,4,YUKON,2042,,,,True,False,41,114,718265,764604,39.282,40.242,0.490000000000002,0.46999999999999886,False,False,764604,718265,False,False,False,1,
764604,405,S,7,37,80000.0,16.47,40.242,33.871474,-118.341378,0.33,ML,4,ARTESIA 1,3371,,,,True,False,42,114,716674,717751,39.772,40.432,0.46999999999999886,0.19000000000000483,False,False,717751,716674,False,False,False,1,
717751,405,S,7,37,80000.0,16.66,40.432,33.873847,-118.343065,0.27,ML,4,ARTESIA 2,3050,,,,True,False,43,114,764604,717753,40.242,40.782,0.19000000000000483,0.3499999999999943,False,False,717753,764604,False,False,False,1,
717753,405,S,7,37,40886.0,17.01,40.782,33.878203,-118.346171,0.49,ML,4,REDONDO BEACH BL,3051,,,,True,False,44,114,717751,718275,40.432,41.412,0.3499999999999943,0.6300000000000026,False,False,718275,717751,False,False,False,1,
718275,405,S,7,37,40886.0,17.64,41.412,33.885033,-118.353285,0.595,ML,4,HAWTHORNE BLVD,3370,,,,True,False,45,114,717753,718479,40.782,41.972,0.6300000000000026,0.5600000000000023,False,False,718479,717753,False,False,False,1,
718479,405,S,7,37,40886.0,18.2,41.972,33.89032,-118.360662,0.33,ML,4,INGLEWOOD 1,3369,,,,True,False,46,114,718275,718277,41.412,42.072,0.5600000000000023,0.10000000000000142,False,False,718277,718275,False,False,False,1,
718277,405,S,7,37,60018.0,18.3,42.072,33.891266,-118.361985,0.48,ML,4,INGLEWOOD 2,3368,,,,True,False,47,114,718479,718280,41.972,42.932,0.10000000000000142,0.8599999999999994,False,False,718280,718479,False,False,False,1,
718280,405,S,7,37,32548.0,19.16,42.932,33.90085,-118.370549,0.635,ML,4,ROSECRANS1,3367,,,,True,False,48,114,718277,717766,42.072,43.342,0.8599999999999994,0.4099999999999966,False,True,717766,718277,True,False,False,1,
717766,405,S,7,37,32548.0,19.57,43.342,33.90684,-118.370538,0.47,ML,5,137TH,2054,,,,True,True,49,114,718280,759422,42.932,43.872,0.4099999999999966,0.5300000000000011,False,False,759422,718280,False,False,True,2,Fwy_405_S_physical_run_2
759422,405,S,7,37,32548.0,20.1,43.872,33.914766,-118.370486,0.365,ML,4,FM RT 105,2918,,,,True,False,50,114,717766,761541,43.342,44.072,0.5300000000000011,0.20000000000000284,True,False,761541,717766,False,True,False,2,
761541,405,S,7,37,,20.3,44.072,33.91767,-118.370052,0.25,ML,4,EL SEGUNDO 1,3366,,,,True,False,51,114,759422,761552,43.872,44.372,0.20000000000000284,0.29999999999999716,False,True,761552,759422,True,False,False,2,
761552,405,S,7,37,,20.6,44.372,33.921786,-118.369125,0.39,ML,4,125TH,4521,,,,True,True,52,114,761541,764598,44.072,44.852,0.29999999999999716,0.4799999999999969,False,False,764598,761541,False,False,True,3,Fwy_405_S_physical_run_3
764598,405,S,7,37,,,44.852,33.928621,-118.368522,0.295,ML,5,IMPERIAL EB,3365,,,,True,False,53,114,761552,764590,44.372,44.962,0.4799999999999969,0.11000000000000654,True,False,764590,761552,False,True,False,3,
764590,405,S,7,37,44000.0,,44.962,33.930217,-118.368535,0.143,ML,5,IMPERIAL WB,3364,,,,True,False,54,114,764598,767827,44.852,45.137,0.11000000000000654,0.17499999999999716,False,False,767827,764598,False,False,False,3,
767827,405,S,7,37,,,45.137,33.932756,-118.368505,0.404,ML,4,FM 105 WB,2915,,,,True,False,55,114,764590,718284,44.962,45.772,0.17499999999999716,0.634999999999998,False,False,718284,764590,False,False,False,3,
718284,405,S,7,37,,22.0,45.772,33.941969,-118.368525,0.517,ML,4,102ND / CENTURY,3363,,,,True,False,56,114,767827,765153,45.137,46.172,0.634999999999998,0.3999999999999986,False,True,765153,767827,True,False,False,3,
765153,405,S,7,37,36546.0,22.4,46.172,33.947774,-118.368562,0.35,ML,4,98TH / WB CENTURY,4517,,,,True,True,57,114,718284,776843,45.772,46.472,0.3999999999999986,0.30000000000000426,False,False,776843,718284,False,False,True,4,Fwy_405_S_physical_run_4
776843,405,S,7,37,36546.0,22.7,46.472,33.952079,-118.369273,0.445,ML,4,ARBOR VITAE,2057,,,,True,False,58,114,765153,717772,46.172,47.062,0.30000000000000426,0.5899999999999963,True,False,717772,765153,False,True,False,4,
717772,405,S,7,37,36546.0,23.29,47.062,33.960581,-118.36949,0.385,ML,5,OLIVE / MANCHESTER,3361,,,,True,False,59,114,776843,764572,46.472,47.242,0.5899999999999963,0.17999999999999972,False,False,764572,776843,False,False,False,4,
764572,405,S,7,37,36546.0,23.47,47.242,33.963142,-118.369897,0.16,ML,5,MANCHESTER 2,3357,,,,True,False,60,114,717772,764578,47.062,47.382,0.17999999999999972,0.14000000000000057,False,True,764578,717772,True,False,False,4,
764578,405,S,7,37,36546.0,23.61,47.382,33.965086,-118.370528,0.39,ML,4,LA CIENEGA,3360,,,,True,True,61,114,764572,718287,47.242,48.022,0.14000000000000057,0.6400000000000006,False,True,718287,764572,True,False,True,5,Fwy_405_S_physical_run_5
718287,405,S,7,37,36546.0,24.25,48.022,33.971543,-118.377669,0.645,ML,4,LA TIJERA,3359,,,,True,True,62,114,764578,771954,47.382,48.672,0.6400000000000006,0.6499999999999986,True,False,771954,764578,False,True,False,5,Fwy_405_S_physical_run_5
771954,405,S,7,37,44000.0,24.9,48.672,33.976541,-118.387273,0.58,ML,5,HOWARD HUGHES PKWY,3196,,,,True,False,63,114,718287,718290,48.022,49.182,0.6499999999999986,0.5100000000000051,True,False,718290,718287,False,True,False,5,
718290,405,S,7,37,,25.41,49.182,33.981148,-118.394054,0.465,ML,5,CENTINELA,2251,,,,True,False,64,114,771954,764567,48.672,49.602,0.5100000000000051,0.4199999999999946,False,False,764567,771954,False,False,False,5,
764567,405,S,7,37,,25.83,49.602,33.986242,-118.398076,0.37,ML,4,JEFFERSON,3195,,,,True,False,65,114,718290,764671,49.182,49.922,0.4199999999999946,0.3200000000000003,False,False,764671,718290,False,False,False,5,
764671,405,S,7,37,17568.0,26.15,49.922,33.990121,-118.401139,0.505,ML,4,N OF 90,2420,,,,True,False,66,114,764567,761500,49.602,50.612,0.3200000000000003,0.6900000000000048,False,False,761500,764567,False,False,False,5,
761500,405,S,7,37,44000.0,26.84,50.612,33.998479,-118.407756,0.6,ML,5,BRADDOCK,3194,,,,True,False,67,114,764671,717788,49.922,51.122,0.6900000000000048,0.509999999999998,False,False,717788,764671,False,False,False,5,
717788,405,S,7,37,17568.0,27.35,51.122,34.004651,-118.412662,0.48,ML,5,CULVER,3199,,,,True,False,68,114,761500,718296,50.612,51.572,0.509999999999998,0.45000000000000284,False,False,718296,761500,False,False,False,5,
718296,405,S,7,37,17568.0,27.8,51.572,34.010121,-118.416943,0.375,ML,5,VENICE,3200,,,,True,False,69,114,717788,772438,51.122,51.872,0.45000000000000284,0.29999999999999716,False,False,772438,717788,False,False,False,5,
772438,405,S,7,37,44000.0,28.1,51.872,34.01375,-118.419839,0.36,ML,6,N/O VENICE,2448,,,,True,False,70,114,718296,772527,51.572,52.292,0.29999999999999716,0.4200000000000017,False,False,772527,718296,False,False,False,5,
772527,405,S,7,37,44000.0,28.52,52.292,34.018854,-118.423874,0.22,ML,5,WESTMINSTER,2059,,,,True,False,71,114,772438,772454,51.872,52.312,0.4200000000000017,0.01999999999999602,False,True,772454,772438,True,False,False,5,
772454,405,S,7,37,44000.0,28.54,52.312,34.019097,-118.424066,0.32,ML,5,PALMS BLVD,2442,,,,True,True,72,114,772527,718297,52.292,52.932,0.01999999999999602,0.6200000000000045,False,False,718297,772527,False,False,True,6,Fwy_405_S_physical_run_6
718297,405,S,7,37,44000.0,29.16,52.932,34.026631,-118.430023,0.48,ML,4,NATIONAL,3192,,,,True,False,73,114,772454,768968,52.312,53.272,0.6200000000000045,0.3399999999999963,True,False,768968,772454,False,True,False,6,
768968,405,S,7,37,44000.0,29.5,53.272,34.030752,-118.433309,0.305,ML,4,S OF 10,2426,,,,True,False,74,114,718297,775165,52.932,53.542,0.3399999999999963,0.2700000000000031,False,False,775165,718297,False,False,False,6,
775165,405,S,7,37,44000.0,29.77,53.542,34.033563,-118.436492,0.315,ML,4,S/B 405 - NO OF 10,2051,,,,True,False,75,114,768968,717795,53.272,53.902,0.2700000000000031,0.35999999999999943,False,False,717795,768968,False,False,False,6,
717795,405,S,7,37,44000.0,30.13,53.902,34.038114,-118.439397,0.35,ML,6,PICO,3201,,,,True,False,76,114,775165,716719,53.542,54.242,0.35999999999999943,0.3399999999999963,False,False,716719,775165,False,False,False,6,
716719,405,S,7,37,44000.0,30.47,54.242,34.042214,-118.442698,0.335,ML,5,LA GRANGE,2060,,,,True,False,77,114,717795,718300,53.902,54.572,0.3399999999999963,0.3300000000000054,False,False,718300,717795,False,False,False,6,
718300,405,S,7,37,44000.0,30.8,54.572,34.046105,-118.44607,0.41,ML,5,SANTA MONICA,3429,,,,True,False,78,114,716719,718302,54.242,55.062,0.3300000000000054,0.4899999999999949,False,False,718302,716719,False,False,False,6,
718302,405,S,7,37,,31.29,55.062,34.052401,-118.449849,0.25,ML,5,WILSHIRE 1,3428,,,,True,False,79,114,718300,775156,54.572,55.072,0.4899999999999949,0.010000000000005116,False,False,775156,718300,False,False,False,6,
775156,405,S,7,37,,31.3,55.072,34.052538,-118.449904,0.185,ML,6,NO OF SANTA MONICA,2061,,,,True,False,80,114,718302,718304,55.062,55.432,0.010000000000005116,0.35999999999999943,False,False,718304,718302,False,False,False,6,
718304,405,S,7,37,,31.66,55.432,34.056927,-118.453241,0.405,ML,5,WILSHIRE 2,3427,,,,True,False,81,114,775156,718308,55.072,55.882,0.35999999999999943,0.44999999999999574,False,False,718308,775156,False,False,False,6,
718308,405,S,7,37,,32.11,55.882,34.062316,-118.45765,0.37,ML,6,WATERFORD,3426,,,,True,False,82,114,718304,775249,55.432,56.172,0.44999999999999574,0.28999999999999915,False,False,775249,718304,False,False,False,6,
775249,405,S,7,37,,32.4,56.172,34.065723,-118.460607,0.395,ML,4,CASHMERE,2062,,,,True,False,83,114,718308,775239,55.882,56.672,0.28999999999999915,0.5,False,False,775239,718308,False,False,False,6,
775239,405,S,7,37,44000.0,32.9,56.672,34.071567,-118.465753,0.32,ML,4,SUNSET 1,3191,,,,True,False,84,114,775249,718310,56.172,56.812,0.5,0.14000000000000057,False,False,718310,775249,False,False,False,6,
718310,405,S,7,37,44000.0,33.04,56.812,34.073269,-118.467097,0.645,ML,4,SUNSET WB / CHURCH,3425,,,,True,False,85,114,775239,775136,56.672,57.962,0.14000000000000057,1.1500000000000057,False,True,775136,775239,True,False,False,6,
775136,405,S,7,37,44000.0,34.19,57.962,34.088256,-118.475372,0.845,ML,4,SO OF GETTY CNTR DR,2064,,,,True,True,86,114,718310,718312,56.812,58.502,1.1500000000000057,0.5399999999999991,False,False,718312,718310,False,False,True,7,Fwy_405_S_physical_run_7
718312,405,S,7,37,44000.0,34.73,58.502,34.096057,-118.47685,0.515,ML,4,GETTY / SEPULVEDA,3424,,,,True,False,87,114,775136,775184,57.962,58.992,0.5399999999999991,0.4899999999999949,True,False,775184,775136,False,True,False,7,
775184,405,S,7,37,44000.0,35.22,58.992,34.102911,-118.477469,0.535,ML,4,N/O SEPULVEDA,2065,,,,True,False,88,114,718312,718314,58.502,59.572,0.4899999999999949,0.5800000000000054,False,False,718314,718312,False,False,False,7,
718314,405,S,7,37,44000.0,35.8,59.572,34.110424,-118.481702,0.59,ML,4,BEL AIR CR,2066,,,,True,False,89,114,775184,775121,58.992,60.172,0.5800000000000054,0.5999999999999943,False,True,775121,775184,True,False,False,7,
775121,405,S,7,37,44000.0,36.4,60.172,34.118968,-118.481445,0.375,ML,4,SO. OF SKIRBALL,2067,,,,True,True,90,114,718314,718315,59.572,60.322,0.5999999999999943,0.15000000000000568,False,False,718315,718314,False,False,True,8,Fwy_405_S_physical_run_8
718315,405,S,7,37,44000.0,36.55,60.322,34.120834,-118.480151,0.585,ML,4,SKIRBALL/MULHOLLAND,3385,,,,True,False,91,114,775121,717807,60.172,61.342,0.15000000000000568,1.019999999999996,True,False,717807,775121,False,True,False,8,
717807,405,S,7,37,44000.0,37.57,61.342,34.133964,-118.47252,0.795,ML,5,ROYAL RIDGE,2068,,,,True,False,92,114,718315,764754,60.322,61.912,1.019999999999996,0.5700000000000003,False,False,764754,718315,False,False,False,8,
764754,405,S,7,37,44000.0,38.14,61.912,34.142078,-118.471554,0.425,ML,6,WOODCREST,2069,,,,True,False,93,114,717807,717809,61.342,62.192,0.5700000000000003,0.28000000000000114,False,False,717809,717807,False,False,False,8,
717809,405,S,7,37,44000.0,38.42,62.192,34.146041,-118.470721,0.475,ML,5,VALLEY VISTA,3514,,,,True,False,94,114,764754,717816,61.912,62.862,0.28000000000000114,0.6700000000000017,False,False,717816,764754,False,False,False,8,
717816,405,S,7,37,44000.0,39.09,62.862,34.155321,-118.468529,0.54,ML,5,VENTURA,3513,,,,True,False,95,114,717809,777066,62.192,63.272,0.6700000000000017,0.4099999999999966,False,False,777066,717809,False,False,False,8,
777066,405,S,7,37,44000.0,39.5,63.272,34.161152,-118.469631,0.455,ML,3,NORTH OF 101,2423,,,,True,False,96,114,717816,765171,62.862,63.772,0.4099999999999966,0.5,False,False,765171,717816,False,False,False,8,
765171,405,S,7,37,44000.0,40.0,63.772,34.168246,-118.468752,0.29,ML,4,BURBANK 1,2070,,,,True,False,97,114,777066,767053,63.272,63.852,0.5,0.0799999999999983,False,False,767053,777066,False,False,False,8,
767053,405,S,7,37,44000.0,40.08,63.852,34.169308,-118.468207,0.45,ML,4,BURBANK 2,3396,,,,True,False,98,114,765171,767350,63.772,64.672,0.0799999999999983,0.8200000000000003,False,False,767350,765171,False,False,False,8,
767350,405,S,7,37,44000.0,40.9,64.672,34.18056,-118.470784,0.615,ML,4,OXNARD ST,2071,,,,True,False,99,114,767053,765265,63.852,65.082,0.8200000000000003,0.4099999999999966,False,False,765265,767053,False,False,False,8,
765265,405,S,7,37,44000.0,41.31,65.082,34.185796,-118.47407,0.29,ML,4,VICTORY 1,3394,,,,True,False,100,114,767350,765273,64.672,65.252,0.4099999999999966,0.1700000000000017,False,False,765273,767350,False,False,False,8,
765273,405,S,7,37,44000.0,41.48,65.252,34.188237,-118.474342,0.475,ML,4,VICTORY 2,3395,,,,True,False,101,114,765265,717821,65.082,66.032,0.1700000000000017,0.7800000000000011,False,False,717821,765265,False,False,False,8,
717821,405,S,7,37,44000.0,42.26,66.032,34.199504,-118.473939,0.485,ML,4,SHERMAN WAY 1,3510,,,,True,False,102,114,765273,737529,65.252,66.222,0.7800000000000011,0.18999999999999773,False,False,737529,765273,False,False,False,8,
737529,405,S,7,37,44000.0,42.45,66.222,34.202228,-118.473512,0.47,ML,4,SHERMAN WAY 2,3508,,,,True,False,103,114,717821,767366,66.032,66.972,0.18999999999999773,0.75,False,False,767366,717821,False,False,False,8,
767366,405,S,7,37,44000.0,43.2,66.972,34.21309,-118.473357,0.615,ML,4,STAGG ST,2073,,,,True,False,104,114,737529,717824,66.222,67.452,0.75,0.480000000000004,False,False,717824,737529,False,False,False,8,
717824,405,S,7,37,44000.0,43.68,67.452,34.220042,-118.473313,0.5,ML,4,ROSCOE,3507,,,,True,False,105,114,767366,777061,66.972,67.972,0.480000000000004,0.519999999999996,False,False,777061,767366,False,False,False,8,
777061,405,S,7,37,44000.0,44.2,67.972,34.227573,-118.473245,0.49,ML,3,PARTHENIA,2074,,,,True,False,106,114,717824,717826,67.452,68.432,0.519999999999996,0.46000000000000796,False,False,717826,717824,False,False,False,8,
717826,405,S,7,37,44000.0,44.66,68.432,34.234235,-118.473205,0.335,ML,4,NORDHOFF ON,3505,,,,True,False,107,114,777061,768626,67.972,68.642,0.46000000000000796,0.20999999999999375,False,False,768626,777061,False,False,False,8,
768626,405,S,7,37,44000.0,44.87,68.642,34.237277,-118.473175,0.52,ML,4,NORDHOFF,3504,,,,True,False,108,114,717826,771807,68.432,69.472,0.20999999999999375,0.8299999999999983,False,False,771807,717826,False,False,False,8,
771807,405,S,7,37,44000.0,45.7,69.472,34.249256,-118.472492,0.615,ML,4,LASSEN,2075,,,,True,False,109,114,768626,717828,68.642,69.872,0.8299999999999983,0.4000000000000057,False,False,717828,768626,False,False,False,8,
717828,405,S,7,37,44000.0,46.1,69.872,34.255035,-118.472413,0.255,ML,6,DEVONSHIRE 1,3503,,,,True,False,110,114,771807,717829,69.472,69.982,0.4000000000000057,0.10999999999999943,False,False,717829,771807,False,False,False,8,
717829,405,S,7,37,44000.0,46.21,69.982,34.256625,-118.472419,0.755,ML,6,DEVONSHIRE 2,3502,,,,True,False,111,114,717828,771997,69.872,71.382,0.10999999999999943,1.4000000000000057,False,False,771997,717828,False,False,False,8,
771997,405,S,7,37,44000.0,47.61,71.382,34.276797,-118.470607,0.795,ML,4,SAN FERNANDO,4377,,,,True,False,112,114,717829,771981,69.982,71.572,1.4000000000000057,0.18999999999999773,False,False,771981,717829,False,False,False,8,
771981,405,S,7,37,44000.0,47.8,71.572,34.279568,-118.469694,0.345,ML,3,RINALDI,4376,,,,True,False,113,114,771997,772025,71.382,72.072,0.18999999999999773,0.5,False,False,772025,771997,False,False,False,8,
772025,405,S,7,37,44000.0,48.3,72.072,34.28742,-118.467814,0.593,ML,4,FM 5 to 405,2424,,,,True,False,114,114,771981,,71.572,,0.5,,False,False,,771981,False,False,False,8,
717831,605,N,7,37,70686.0,,2.282,33.809588,-118.081304,1.057,ML,4,SPRING 1,3435,,,,True,True,1,58,,773712,,2.432,,0.1499999999999999,False,False,,773712,False,False,True,1,Fwy_605_N_physical_run_1
773712,605,N,7,37,70686.0,,2.432,33.811752,-118.081294,0.4,ML,4,SPRING STREET,2658,,,,True,False,2,58,717831,761844,2.282,3.082,0.1499999999999999,0.6499999999999999,True,True,717831,761844,True,True,False,1,
761844,605,N,7,37,43000.0,,3.082,33.821171,-118.081273,0.56,ML,4,WARDLOW,2137,,,,True,True,3,58,773712,773723,2.432,3.552,0.6499999999999999,0.4700000000000002,False,True,773712,773723,False,True,True,2,Fwy_605_N_physical_run_2
773723,605,N,7,37,43000.0,,3.552,33.827898,-118.082496,0.325,ML,4,223RD STREET,2659,,,,True,True,4,58,761844,717836,3.082,3.732,0.4700000000000002,0.18000000000000016,True,True,761844,717836,True,True,False,2,Fwy_605_N_physical_run_2
717836,605,N,7,37,43000.0,,3.732,33.830383,-118.083453,0.175,ML,4,CARSON EB,3436,,,,True,True,5,58,773723,717839,3.552,3.902,0.18000000000000016,0.16999999999999993,True,False,773723,717839,True,False,False,2,Fwy_605_N_physical_run_2
717839,605,N,7,37,39892.0,,3.902,33.832657,-118.084601,0.3,ML,4,CARSON 2,3437,,,,True,False,6,58,717836,716760,3.732,4.332,0.16999999999999993,0.4299999999999997,True,False,717836,716760,True,False,False,2,
716760,605,N,7,37,39892.0,,4.332,33.838278,-118.087885,0.47,ML,4,CENTRALIA,2138,,,,True,False,7,58,717839,717143,3.902,4.842,0.4299999999999997,0.5099999999999998,False,True,717839,717143,False,True,False,2,
717143,605,N,7,37,39892.0,,4.842,33.844957,-118.091715,0.325,ML,4,DEL AMO 1,3438,,,,True,True,8,58,716760,717844,4.332,4.982,0.5099999999999998,0.14000000000000057,False,True,716760,717844,False,True,True,3,Fwy_605_N_physical_run_3
717844,605,N,7,37,12552.0,,4.982,33.84679,-118.092752,0.255,ML,4,DEL AMO 2,3439,,,,True,True,9,58,717143,773736,4.842,5.352,0.14000000000000057,0.3700000000000001,True,False,717143,773736,True,False,False,3,Fwy_605_N_physical_run_3
773736,605,N,7,37,12552.0,,5.352,33.851922,-118.09452,0.375,ML,4,195TH STREET,2660,,,,True,False,10,58,717844,717850,4.982,5.732,0.3700000000000001,0.3799999999999999,True,True,717844,717850,True,True,False,3,
717850,605,N,7,37,12552.0,,5.732,33.857321,-118.09579,0.26,ML,4,SOUTH 1,3440,,,,True,True,11,58,773736,717851,5.352,5.872,0.3799999999999999,0.13999999999999968,False,False,773736,717851,False,False,True,4,Fwy_605_N_physical_run_4
717851,605,N,7,37,12552.0,,5.872,33.859308,-118.096265,0.315,ML,4,SOUTH 2,3441,,,,True,False,12,58,717850,717854,5.732,6.362,0.13999999999999968,0.4900000000000002,True,False,717850,717854,True,False,False,4,
717854,605,N,7,37,12552.0,,6.362,33.86612,-118.098646,0.49,ML,5,183RD,2139,,,,True,False,13,58,717851,767233,5.872,6.852,0.4900000000000002,0.4900000000000002,False,False,717851,767233,False,False,False,4,
767233,605,N,7,37,12552.0,,6.852,33.872931,-118.101112,0.395,ML,3,ARTESIA,2373,,,,True,False,14,58,717854,773743,6.362,7.152,0.4900000000000002,0.2999999999999998,False,False,717854,773743,False,False,False,4,
773743,605,N,7,37,12552.0,,7.152,33.877092,-118.102657,0.2,ML,4,ROUTE 605 / ROUTE 91,2450,,,,True,False,15,58,767233,773749,6.852,7.252,0.2999999999999998,0.09999999999999964,False,False,767233,773749,False,False,False,4,
773749,605,N,7,37,12552.0,,7.252,33.878493,-118.103113,0.165,ML,4,ROUTE 605 / ROUTE 91,2439,,,,True,False,16,58,773743,717857,7.152,7.482,0.09999999999999964,0.23000000000000043,False,False,773743,717857,False,False,False,4,
717857,605,N,7,37,12552.0,,7.482,33.881766,-118.103878,0.285,ML,6,N OF 91 (3),2440,,,,True,False,17,58,773749,717858,7.252,7.822,0.23000000000000043,0.33999999999999986,False,False,773749,717858,False,False,False,4,
717858,605,N,7,37,12552.0,,7.822,33.886691,-118.104261,0.245,ML,5,ALONDRA 1,3244,,,,True,False,18,58,717857,717863,7.482,7.972,0.33999999999999986,0.15000000000000036,False,True,717857,717863,False,True,False,4,
717863,605,N,7,37,12552.0,,7.972,33.888878,-118.104376,0.26,ML,5,ALONDRA 2,3245,,,,True,True,19,58,717858,716784,7.822,8.342,0.15000000000000036,0.3700000000000001,False,False,717858,716784,False,False,True,5,Fwy_605_N_physical_run_5
716784,605,N,7,37,12552.0,,8.342,33.894297,-118.104669,0.465,ML,5,FAIRTON,2140,,,,True,False,20,58,717863,766851,7.972,8.902,0.3700000000000001,0.5599999999999987,True,False,717863,766851,True,False,False,5,
766851,605,N,7,37,52526.0,,8.902,33.902407,-118.105114,0.32,ML,4,ROSECRANS 1,3246,,,,True,False,21,58,716784,716788,8.342,8.982,0.5599999999999987,0.08000000000000007,False,True,716784,716788,False,True,False,5,
716788,605,N,7,37,52526.0,,8.982,33.903565,-118.10513,0.24,ML,5,ROSECRANS 2,3247,,,,True,True,22,58,766851,717864,8.902,9.382,0.08000000000000007,0.40000000000000036,False,False,766851,717864,False,False,True,6,Fwy_605_N_physical_run_6
717864,605,N,7,37,52526.0,,9.382,33.909354,-118.104924,0.435,ML,5,FOSTER,2141,,,,True,False,23,58,716788,761675,8.982,9.852,0.40000000000000036,0.47000000000000064,True,False,716788,761675,True,False,False,6,
761675,605,N,7,37,52526.0,,9.852,33.916153,-118.104585,0.435,ML,4,IMPERIAL,3248,,,,True,False,24,58,717864,718466,9.382,10.252,0.47000000000000064,0.40000000000000036,False,False,717864,718466,False,False,False,6,
718466,605,N,7,37,52526.0,,10.252,33.92193,-118.104318,0.35,ML,4,FM 105 EB,2910,,,,True,False,25,58,761675,717875,9.852,10.552,0.40000000000000036,0.29999999999999893,False,False,761675,717875,False,False,False,6,
717875,605,N,7,37,52526.0,,10.552,33.926206,-118.1036,0.55,ML,5,FIRESTONE,3249,,,,True,False,26,58,718466,769513,10.252,11.352,0.29999999999999893,0.8000000000000007,False,False,718466,769513,False,False,False,6,
769513,605,N,7,37,52526.0,,11.352,33.936927,-118.098751,0.625,ML,3,FLORENCE,3250,,,,True,False,27,58,717875,717879,10.552,11.802,0.8000000000000007,0.4499999999999993,False,False,717875,717879,False,False,False,6,
717879,605,N,7,37,19766.0,,11.802,33.942882,-118.09562,0.547,ML,4,N OF 5,2454,,,,True,False,28,58,769513,717881,11.352,12.447,0.4499999999999993,0.6449999999999996,False,False,769513,717881,False,False,False,6,
717881,605,N,7,37,69154.0,,12.447,33.951332,-118.090846,0.579,ML,4,TELEGRAPH,3333,,,,True,False,29,58,717879,716800,11.802,12.962,0.6449999999999996,0.5150000000000006,False,False,717879,716800,False,False,False,6,
716800,605,N,7,37,69154.0,,12.962,33.958124,-118.087014,0.557,ML,4,PLACITA,2144,,,,True,False,30,58,717881,717888,12.447,13.562,0.5150000000000006,0.5999999999999996,False,False,717881,717888,False,False,False,6,
717888,605,N,7,37,,,13.562,33.966404,-118.083604,0.54,ML,4,SLAUSON,3350,,,,True,False,31,58,716800,717893,12.962,14.042,0.5999999999999996,0.4800000000000004,False,False,716800,717893,False,False,False,6,
717893,605,N,7,37,,,14.042,33.972857,-118.080336,0.485,ML,4,S OF WASHINGTON,3334,,,,True,False,32,58,717888,717897,13.562,14.532,0.4800000000000004,0.4900000000000002,False,False,717888,717897,False,False,False,6,
717897,605,N,7,37,,,14.532,33.979377,-118.077076,0.505,ML,4,SARAGOSA,3335,,,,True,False,33,58,717893,717903,14.042,15.052,0.4900000000000002,0.5199999999999996,False,False,717893,717903,False,False,False,6,
717903,605,N,7,37,,,15.052,33.9855,-118.071807,0.5,ML,4,ROSEHEDGE,2145,,,,True,False,34,58,717897,717906,14.532,15.532,0.5199999999999996,0.4800000000000004,False,False,717897,717906,False,False,False,6,
717906,605,N,7,37,,,15.532,33.992148,-118.069414,0.324,ML,4,WHITTIER 1,3336,,,,True,False,35,58,717903,717909,15.052,15.7,0.4800000000000004,0.16799999999999926,False,False,717903,717909,False,False,False,6,
717909,605,N,7,37,85292.0,,15.7,33.994533,-118.068855,0.413,ML,4,WHITTIER 2,3337,,,,True,False,36,58,717906,717915,15.532,16.359,0.16799999999999926,0.6590000000000025,False,False,717906,717915,False,False,False,6,
717915,605,N,7,37,56924.0,,16.359,34.003288,-118.064985,0.431,ML,4,BEVERLY 1,3345,,,,True,False,37,58,717909,717922,15.7,16.562,0.6590000000000025,0.2029999999999994,False,False,717909,717922,False,False,False,6,
717922,605,N,7,37,56924.0,,16.562,34.005361,-118.06248,0.291,ML,4,BEVERLY 2,3338,,,,True,False,38,58,717915,716819,16.359,16.942,0.2029999999999994,0.379999999999999,False,False,717915,716819,False,False,False,6,
716819,605,N,7,37,,,16.942,34.009316,-118.057906,0.473,ML,4,NOYES,2146,,,,True,False,39,58,717922,717926,16.562,17.508,0.379999999999999,0.565999999999999,False,False,717922,717926,False,False,False,6,
717926,605,N,7,37,36490.0,,17.508,34.01677,-118.05412,0.385,ML,4,ROSE HILL1,3343,,,,True,False,40,58,716819,717929,16.942,17.712,0.565999999999999,0.20400000000000063,False,False,716819,717929,False,False,False,6,
717929,605,N,7,37,56924.0,,17.712,34.018698,-118.051437,0.562,ML,4,ROSE HILL2,3339,,,,True,False,41,58,717926,717934,17.508,18.632,0.20400000000000063,0.9200000000000017,False,False,717926,717934,False,False,False,6,
717934,605,N,7,37,36490.0,,18.632,34.026653,-118.038537,0.55,ML,4,PECK 1,3342,,,,True,False,42,58,717929,717940,17.712,18.812,0.9200000000000017,0.17999999999999972,False,False,717929,717940,False,False,False,6,
717940,605,N,7,37,36490.0,,18.812,34.028108,-118.035925,0.26,ML,5,PECK 2,3340,,,,True,False,43,58,717934,716829,18.632,19.152,0.17999999999999972,0.33999999999999986,False,False,717934,716829,False,False,False,6,
716829,605,N,7,37,36490.0,,19.152,34.030914,-118.031047,0.97,ML,3,S OF 60,2449,,,,True,False,44,58,717940,775689,18.812,20.752,0.33999999999999986,1.5999999999999979,False,False,717940,775689,False,False,False,6,
775689,605,N,7,37,36490.0,,20.752,34.044907,-118.009503,1.132,ML,4,S/O VALLEY,2149,,,,True,False,45,58,716829,716834,19.152,21.417,1.5999999999999979,0.6650000000000027,False,False,716829,716834,False,False,False,6,
716834,605,N,7,37,,,21.417,34.053746,-118.004464,0.401,ML,4,VALLEY 1,4424,,,,True,False,46,58,775689,717945,20.752,21.554,0.6650000000000027,0.1369999999999969,False,True,775689,717945,False,True,False,6,
717945,605,N,7,37,,,21.554,34.05556,-118.003436,0.312,ML,4,VALLEY 2,4423,,,,True,True,47,58,716834,763683,21.417,22.042,0.1369999999999969,0.4880000000000031,False,True,716834,763683,False,True,True,7,Fwy_605_N_physical_run_7
763683,605,N,7,37,3666.0,,22.042,34.062218,-118.000416,0.599,ML,3,N OF 10,2447,,,,True,True,48,58,717945,776020,21.554,22.752,0.4880000000000031,0.7099999999999973,True,False,717945,776020,True,False,False,7,Fwy_605_N_physical_run_7
776020,605,N,7,37,3666.0,20.7,22.752,34.07235,-117.999431,0.62,ML,5,S/O RAMONA BLVD,2150,,,,True,False,49,58,763683,776487,22.042,23.283,0.7099999999999973,0.5310000000000024,True,True,763683,776487,True,True,False,7,
776487,605,N,7,37,3666.0,21.231,23.283,34.079858,-117.997784,0.45,ML,4,RAMONA,4426,,,,True,True,50,58,776020,773774,22.752,23.652,0.5310000000000024,0.3689999999999998,False,False,776020,773774,False,False,True,8,Fwy_605_N_physical_run_8
773774,605,N,7,37,3666.0,21.6,23.652,34.085033,-117.996438,0.567,ML,4,RAMONA BOULEVARD,2444,,,,True,False,51,58,776487,717956,23.283,24.418,0.3689999999999998,0.7659999999999982,True,True,776487,717956,True,True,False,8,
717956,605,N,7,37,3666.0,22.366,24.418,34.093924,-117.988767,0.55,ML,4,LOWER AZUSA,4427,,,,True,True,52,58,773774,773785,23.652,24.752,0.7659999999999982,0.33399999999999963,False,False,773774,773785,False,False,True,9,Fwy_605_N_physical_run_9
773785,605,N,7,37,36826.0,22.7,24.752,34.097894,-117.98553,0.467,ML,4,RIVERGRADE ROAD,2151,,,,True,False,53,58,717956,767678,24.418,25.352,0.33399999999999963,0.6000000000000014,True,True,717956,767678,True,True,False,9,
767678,605,N,7,37,36826.0,23.3,25.352,34.106202,-117.982407,0.626,ML,4,LIVE OAK,4432,,,,True,True,54,58,773785,716841,24.752,26.004,0.6000000000000014,0.652000000000001,False,False,773785,716841,False,False,True,10,Fwy_605_N_physical_run_10
716841,605,N,7,37,36826.0,23.952,26.004,34.114761,-117.977832,0.426,ML,4,ARROW 1,4428,,,,True,False,55,58,767678,717958,25.352,26.204,0.652000000000001,0.1999999999999993,True,True,767678,717958,True,True,False,10,
717958,605,N,7,37,36826.0,24.152,26.204,34.11687,-117.975459,0.274,ML,4,ARROW 2,4429,,,,True,True,56,58,716841,773795,26.004,26.552,0.1999999999999993,0.347999999999999,False,False,716841,773795,False,False,True,11,Fwy_605_N_physical_run_11
773795,605,N,7,37,36826.0,24.5,26.552,34.12006,-117.970742,0.424,ML,4,ARROW HIGHWAY,2152,,,,True,False,57,58,717958,773807,26.204,27.052,0.347999999999999,0.5,True,False,717958,773807,True,False,False,11,
773807,605,N,7,37,36826.0,25.0,27.052,34.125482,-117.964907,1.25,ML,4,ROUTE 605/ ROUTE 210,2443,,,,True,False,58,58,773795,,26.552,,0.5,,False,False,773795,,False,False,False,11,
717832,605,S,7,37,70686.0,,2.252,33.80915,-118.081596,1.042,ML,4,SPRING 1,3435,,,,True,True,1,55,,773711,,2.432,,0.18000000000000016,False,False,773711,,False,False,True,1,Fwy_605_S_physical_run_1
773711,605,S,7,37,70686.0,,2.432,33.811752,-118.08157,0.415,ML,4,SPRING STREET,2658,,,,True,False,2,55,717832,737504,2.252,3.082,0.18000000000000016,0.6499999999999999,True,True,737504,717832,True,True,False,1,
737504,605,S,7,37,43000.0,,3.082,33.821152,-118.081557,0.56,ML,4,WARDLOW,2137,,,,True,True,3,55,773711,773724,2.432,3.552,0.6499999999999999,0.4700000000000002,False,False,773724,773711,False,False,True,2,Fwy_605_S_physical_run_2
773724,605,S,7,37,43000.0,,3.552,33.827839,-118.082741,0.32,ML,4,223RD STREET,2659,,,,True,False,4,55,737504,717833,3.082,3.722,0.4700000000000002,0.16999999999999993,True,True,717833,737504,True,True,False,2,
717833,605,S,7,37,43000.0,,3.722,33.830177,-118.08363,0.175,ML,4,CARSON 1,3447,,,,True,True,5,55,773724,717838,3.552,3.902,0.16999999999999993,0.18000000000000016,False,True,717838,773724,True,False,True,3,Fwy_605_S_physical_run_3
717838,605,S,7,37,39892.0,,3.902,33.832579,-118.084831,0.305,ML,4,CARSON 2,3446,,,,True,True,6,55,717833,717842,3.722,4.332,0.18000000000000016,0.4299999999999997,True,False,717842,717833,False,True,False,3,Fwy_605_S_physical_run_3
717842,605,S,7,37,39892.0,,4.332,33.838214,-118.088062,0.47,ML,4,CENTRALIA,2138,,,,True,False,7,55,717838,717843,3.902,4.842,0.4299999999999997,0.5099999999999998,True,False,717843,717838,False,True,False,3,
717843,605,S,7,37,39892.0,,4.842,33.844875,-118.091947,0.325,ML,4,DEL AMO 1,3445,,,,True,False,8,55,717842,717846,4.332,4.982,0.5099999999999998,0.14000000000000057,False,True,717846,717842,True,False,False,3,
717846,605,S,7,37,12552.0,,4.982,33.846711,-118.092994,0.255,ML,4,DEL AMO 2,3444,,,,True,True,9,55,717843,773737,4.842,5.352,0.14000000000000057,0.3700000000000001,False,False,773737,717843,False,False,True,4,Fwy_605_S_physical_run_4
773737,605,S,7,37,12552.0,,5.352,33.851874,-118.094684,0.375,ML,4,195TH STREET,2660,,,,True,False,10,55,717846,717847,4.982,5.732,0.3700000000000001,0.3799999999999999,True,False,717847,717846,False,True,False,4,
717847,605,S,7,37,12552.0,,5.732,33.857271,-118.09599,0.265,ML,4,SOUTH 1,3443,,,,True,False,11,55,773737,717853,5.352,5.882,0.3799999999999999,0.14999999999999947,False,True,717853,773737,True,False,False,4,
717853,605,S,7,37,12552.0,,5.882,33.859402,-118.096491,0.315,ML,4,SOUTH 2,3442,,,,True,True,12,55,717847,716775,5.732,6.362,0.14999999999999947,0.4800000000000004,False,False,716775,717847,False,False,True,5,Fwy_605_S_physical_run_5
716775,605,S,7,37,12552.0,,6.362,33.866067,-118.098862,0.535,ML,5,183RD,2139,,,,True,False,13,55,717853,716776,5.882,6.952,0.4800000000000004,0.5899999999999999,True,False,716776,717853,False,True,False,5,
716776,605,S,7,37,12552.0,,6.952,33.87427,-118.101893,0.56,ML,4,ARTESIA,2373,,,,True,False,14,55,716775,716778,6.362,7.482,0.5899999999999999,0.5300000000000002,False,False,716778,716775,False,False,False,5,
716778,605,S,7,37,12552.0,,7.482,33.881753,-118.104077,0.42,ML,6,N OF 91 (3),2440,,,,True,False,15,55,716776,717859,6.952,7.792,0.5300000000000002,0.3099999999999996,False,False,717859,716776,False,False,False,5,
717859,605,S,7,37,12552.0,,7.792,33.886248,-118.104435,0.225,ML,5,ALONDRA 1,3384,,,,True,False,16,55,716778,717862,7.482,7.932,0.3099999999999996,0.14000000000000057,False,False,717862,716778,False,False,False,5,
717862,605,S,7,37,12552.0,,7.932,33.888287,-118.10455,0.275,ML,5,ALONDRA 2,3383,,,,True,False,17,55,717859,717865,7.792,8.342,0.14000000000000057,0.41000000000000014,False,False,717865,717859,False,False,False,5,
717865,605,S,7,37,12552.0,,8.342,33.894293,-118.104912,0.42,ML,5,FAIRTON,2140,,,,True,False,18,55,717862,717867,7.932,8.772,0.41000000000000014,0.4299999999999997,False,True,717867,717862,True,False,False,5,
717867,605,S,7,37,52526.0,,8.772,33.900526,-118.105238,0.275,ML,5,ROSECRANS 1,3382,,,,True,True,19,55,717865,717871,8.342,8.892,0.4299999999999997,0.11999999999999922,False,False,717871,717865,False,False,True,6,Fwy_605_S_physical_run_6
717871,605,S,7,37,52526.0,,8.892,33.902261,-118.105349,0.24,ML,5,ROSECRANS 2,3381,,,,True,False,20,55,717867,717848,8.772,9.252,0.11999999999999922,0.3600000000000012,True,False,717848,717867,False,True,False,6,
717848,605,S,7,37,52526.0,,9.252,33.907474,-118.105239,0.23,ML,4,SB 605 AT 105,2909,,,,True,False,21,55,717871,764001,8.892,9.352,0.3600000000000012,0.09999999999999964,False,True,764001,717871,True,False,False,6,
764001,605,S,7,37,52526.0,,9.352,33.908921,-118.10517,0.35,ML,4,FOSTER,2141,,,,True,True,22,55,717848,737152,9.252,9.952,0.09999999999999964,0.5999999999999996,False,False,737152,717848,False,False,True,7,Fwy_605_S_physical_run_7
737152,605,S,7,37,52526.0,,9.952,33.917606,-118.104793,0.52,ML,4,IMPERIAL,3379,,,,True,False,23,55,764001,717872,9.352,10.392,0.5999999999999996,0.4399999999999995,True,False,717872,764001,False,True,False,7,
717872,605,S,7,37,52526.0,,10.392,33.923989,-118.104406,0.632,ML,4,FIRESTONE,3378,,,,True,False,24,55,737152,717877,9.952,11.216,0.4399999999999995,0.8239999999999998,False,False,717877,737152,False,False,False,7,
717877,605,S,7,37,19766.0,,11.216,33.935212,-118.099885,0.705,ML,4,FLORENCE,3377,,,,True,False,25,55,717872,716797,10.392,11.802,0.8239999999999998,0.5860000000000003,False,False,716797,717872,False,False,False,7,
716797,605,S,7,37,19766.0,,11.802,33.942967,-118.095825,0.598,ML,3,N OF 5,2454,,,,True,False,26,55,717877,717884,11.216,12.412,0.5860000000000003,0.6100000000000012,False,False,717884,717877,False,False,False,7,
717884,605,S,7,37,69154.0,,12.412,33.950974,-118.091381,0.58,ML,4,TELEGRAPH,3351,,,,True,False,27,55,716797,717885,11.802,12.962,0.6100000000000012,0.5499999999999989,False,False,717885,716797,False,False,False,7,
717885,605,S,7,37,69154.0,,12.962,33.958207,-118.087265,0.575,ML,4,PLACITA,2144,,,,True,False,28,55,717884,717887,12.412,13.562,0.5499999999999989,0.5999999999999996,False,False,717887,717884,False,False,False,7,
717887,605,S,7,37,,,13.562,33.966467,-118.083807,0.525,ML,4,SLAUSON,3350,,,,True,False,29,55,717885,717894,12.962,14.012,0.5999999999999996,0.45000000000000107,False,False,717894,717885,False,False,False,7,
717894,605,S,7,37,,,14.012,33.972515,-118.080722,0.305,ML,4,WASHINGTON 1,3349,,,,True,False,30,55,717887,717896,13.562,14.172,0.45000000000000107,0.16000000000000014,False,False,717896,717887,False,False,False,7,
717896,605,S,7,37,,,14.172,33.974742,-118.079877,0.307,ML,4,WASHINGTON 2,3348,,,,True,False,31,55,717894,717898,14.012,14.625,0.16000000000000014,0.4529999999999994,False,False,717898,717894,False,False,False,7,
717898,605,S,7,37,,,14.625,33.980513,-118.076242,0.439,ML,4,WASHINGTON 3,3335,,,,True,False,32,55,717896,716810,14.172,15.052,0.4529999999999994,0.4269999999999996,False,False,716810,717896,False,False,False,7,
716810,605,S,7,37,,,15.052,33.985594,-118.072012,0.453,ML,4,ROSEHEDGE,2145,,,,True,False,33,55,717898,717907,14.625,15.532,0.4269999999999996,0.4800000000000004,False,False,717907,717898,False,False,False,7,
717907,605,S,7,37,,,15.532,33.992205,-118.069649,0.306,ML,4,WHITTIER 1,3347,,,,True,False,34,55,716810,717912,15.052,15.664,0.4800000000000004,0.13199999999999967,False,False,717912,716810,False,False,False,7,
717912,605,S,7,37,85292.0,,15.664,33.994073,-118.069196,0.455,ML,4,WHITTIER 2,3346,,,,True,False,35,55,717907,717914,15.532,16.442,0.13199999999999967,0.7780000000000005,False,True,717914,717907,True,False,False,7,
717914,605,S,7,37,56924.0,,16.442,34.004272,-118.064134,0.414,ML,4,BEVERLY 1,3345,,,,True,True,36,55,717912,764021,15.664,16.492,0.7780000000000005,0.05000000000000071,False,True,764021,717912,True,False,True,8,Fwy_605_S_physical_run_8
764021,605,S,7,37,56924.0,,16.492,34.004792,-118.063514,0.25,ML,4,BEVERLY 2,3344,,,,True,True,37,55,717914,717924,16.442,16.942,0.05000000000000071,0.4499999999999993,True,False,717924,717914,False,True,False,8,Fwy_605_S_physical_run_8
717924,605,S,7,37,,,16.942,34.009472,-118.058066,0.52,ML,4,NOYES,2146,,,,True,False,38,55,764021,717925,16.492,17.532,0.4499999999999993,0.5899999999999999,True,False,717925,764021,False,True,False,8,
717925,605,S,7,37,36490.0,,17.532,34.01717,-118.05398,0.385,ML,4,ROSE HILL1,3343,,,,True,False,39,55,717924,717930,16.942,17.712,0.5899999999999999,0.17999999999999972,False,False,717930,717924,False,False,False,8,
717930,605,S,7,37,56924.0,,17.712,34.01886,-118.051593,0.55,ML,4,ROSE HILL2,3339,,,,True,False,40,55,717925,717933,17.532,18.632,0.17999999999999972,0.9200000000000017,False,False,717933,717925,False,False,False,8,
717933,605,S,7,37,36490.0,,18.632,34.026807,-118.038666,0.55,ML,4,PECK 1,3342,,,,True,False,41,55,717930,717942,17.712,18.812,0.9200000000000017,0.17999999999999972,False,False,717942,717930,False,False,False,8,
717942,605,S,7,37,36490.0,,18.812,34.028263,-118.036063,0.26,ML,4,PECK 2,3341,,,,True,False,42,55,717933,717943,18.632,19.152,0.17999999999999972,0.33999999999999986,False,False,717943,717933,False,False,False,8,
717943,605,S,7,37,36490.0,,19.152,34.031082,-118.03122,0.97,ML,3,S OF 60,2449,,,,True,False,43,55,717942,775690,18.812,20.752,0.33999999999999986,1.5999999999999979,False,False,775690,717942,False,False,False,8,
775690,605,S,7,37,36490.0,,20.752,34.045005,-118.009709,1.098,ML,4,S/O VALLEY,2149,,,,True,False,44,55,717943,766937,19.152,21.349,1.5999999999999979,0.5970000000000013,False,False,766937,717943,False,False,False,8,
766937,605,S,7,37,,,21.349,34.052932,-118.005202,0.645,ML,4,VALLEY 2,4437,,,,True,False,45,55,775690,763689,20.752,22.042,0.5970000000000013,0.6930000000000014,False,False,763689,775690,False,False,False,8,
763689,605,S,7,37,3666.0,,22.042,34.062222,-118.000626,0.701,ML,3,S OF 10,2447,,,,True,False,46,55,766937,776019,21.349,22.752,0.6930000000000014,0.7099999999999973,False,False,776019,766937,False,False,False,8,
776019,605,S,7,37,3666.0,20.7,22.752,34.072359,-117.999767,0.446,ML,5,S/O RAMONA BLVD,2150,,,,True,False,47,55,763689,717951,22.042,22.934,0.7099999999999973,0.18200000000000216,False,False,717951,763689,False,False,False,8,
717951,605,S,7,37,3666.0,20.882,22.934,34.074896,-117.998897,0.45,ML,4,RAMONA,4434,,,,True,False,48,55,776019,773773,22.752,23.652,0.18200000000000216,0.718,False,False,773773,776019,False,False,False,8,
773773,605,S,7,37,3666.0,21.6,23.652,34.085128,-117.996724,0.535,ML,4,RAMONA BOULEVARD,2444,,,,True,False,49,55,717951,765501,22.934,24.003,0.718,0.3509999999999991,False,True,765501,717951,True,False,False,8,
765501,605,S,7,37,3666.0,21.951,24.003,34.089665,-117.99394,0.549,ML,4,LOWER AZUSA,4433,,,,True,True,50,55,773773,773784,23.652,24.752,0.3509999999999991,0.7489999999999988,False,False,773784,773773,False,False,True,9,Fwy_605_S_physical_run_9
773784,605,S,7,37,36826.0,22.7,24.752,34.09799,-117.985785,0.697,ML,4,RIVERGRADE ROAD,2151,,,,True,False,51,55,765501,763616,24.003,25.398,0.7489999999999988,0.6460000000000008,True,True,763616,765501,True,True,False,9,
763616,605,S,7,37,36826.0,23.346,25.398,34.106905,-117.982368,0.626,ML,4,LIVE OAK,4432,,,,True,True,52,55,773784,717957,24.752,26.004,0.6460000000000008,0.6060000000000016,False,False,717957,773784,False,False,True,10,Fwy_605_S_physical_run_10
717957,605,S,7,37,36826.0,23.952,26.004,34.114904,-117.97806,0.577,ML,4,ARROW 1,4428,,,,True,False,53,55,763616,773796,25.398,26.552,0.6060000000000016,0.5479999999999983,True,False,773796,763616,False,True,False,10,
773796,605,S,7,37,36826.0,24.5,26.552,34.120181,-117.970962,0.524,ML,4,ARROW HIGHWAY,2152,,,,True,False,54,55,717957,773798,26.004,27.052,0.5479999999999983,0.5,False,False,773798,717957,False,False,False,10,
773798,605,S,7,37,36826.0,25.0,27.052,34.125606,-117.965149,1.25,ML,4,ROUTE 605/ ROUTE 210,2443,,,,True,False,55,55,773796,,26.552,,0.5,,False,False,,773796,False,False,False,10,
777204,710,N,7,37,43000.0,5.13,0.17,33.766621,-118.210746,0.267,ML,4,E. of Route 43 Exit,2303,,,,True,False,1,43,,777212,,0.364,,0.19399999999999998,False,True,,777212,False,True,False,0,
777212,710,N,7,37,43000.0,5.324,0.364,33.767621,-118.207815,0.195,ML,3,E. Of Route 43 Exit,2304,,,,True,True,2,43,777204,777223,0.17,0.56,0.19399999999999998,0.19600000000000006,False,False,777204,777223,False,False,True,1,Fwy_710_N_physical_run_1
777223,710,N,7,37,43000.0,5.52,0.56,33.770274,-118.20707,0.457,ML,3,Pier S Ln,2306,,,,True,False,3,43,777212,777233,0.364,1.278,0.19600000000000006,0.718,True,False,777212,777233,True,False,False,1,
777233,710,N,7,37,43000.0,6.238,1.278,33.780572,-118.20738,0.6,ML,3,N. Of Alpine Way,2307,,,,True,False,4,43,777223,777243,0.56,1.76,0.718,0.482,False,True,777223,777243,False,True,False,1,
777243,710,N,7,37,43000.0,,1.76,33.787577,-118.207552,0.281,ML,3,On Pico Ave,2308,,,,True,True,5,43,777233,772689,1.278,1.84,0.482,0.08000000000000007,False,False,777233,772689,False,False,True,2,Fwy_710_N_physical_run_2
772689,710,N,7,37,43000.0,6.8,1.84,33.788736,-118.207663,0.04,ML,4,E/B ANAHEIM - N/B710,3086,,,,True,False,6,43,777243,772980,1.76,1.84,0.08000000000000007,0.0,True,False,777243,772980,True,False,False,2,
772980,710,N,7,37,43000.0,6.8,1.84,33.788736,-118.207663,0.115,ML,4,W/B ANAHEIM- N/B 710,3089,,,,True,False,7,43,772689,777253,1.84,2.07,0.0,0.22999999999999976,False,False,772689,777253,False,False,False,2,
777253,710,N,7,37,43000.0,,2.07,33.792058,-118.207497,0.15,ML,3,Pier D St.,2309,,,,True,False,8,43,772980,777262,1.84,2.14,0.22999999999999976,0.07000000000000028,False,False,772980,777262,False,False,False,2,
777262,710,N,7,37,43000.0,,2.14,33.793053,-118.207266,0.49,ML,3,S. Of Anaheim Exit,2310,,,,True,False,9,43,777253,774411,2.07,3.05,0.07000000000000028,0.9099999999999997,False,False,777253,774411,False,False,False,2,
774411,710,N,7,37,43000.0,8.01,3.05,33.806183,-118.207214,1.075,ML,3,WILLOW STREET,3693,,,,True,False,10,43,777262,774444,2.14,4.29,0.9099999999999997,1.2400000000000002,False,False,777262,774444,False,False,False,2,
774444,710,N,7,37,43000.0,9.25,4.29,33.82419,-118.20687,1.495,ML,3,SO OF 405,2315,,,,True,False,11,43,774411,717962,3.05,6.04,1.2400000000000002,1.75,False,False,774411,717962,False,False,False,2,
717962,710,N,7,37,43000.0,11.0,6.04,33.849095,-118.205202,1.44,ML,4,DEL AMO 2,3452,,,,True,False,12,43,774444,717966,4.29,7.17,1.75,1.13,False,False,774444,717966,False,False,False,2,
717966,710,N,7,37,43000.0,12.13,7.17,33.864017,-118.19821,0.75,ML,5,LONG BEACH,3453,,,,True,False,13,43,717962,774373,6.04,7.54,1.13,0.3700000000000001,False,False,717962,774373,False,False,False,2,
774373,710,N,7,37,43000.0,12.5,7.54,33.868842,-118.1953,0.58,ML,6,NORTH OF LONG BEACH,2702,,,,True,False,14,43,717966,717968,7.17,8.33,0.3700000000000001,0.79,False,False,717966,717968,False,False,False,2,
717968,710,N,7,37,43000.0,13.29,8.33,33.879953,-118.191917,0.8,ML,3,ATLANTIC,3454,,,,True,False,15,43,774373,761734,7.54,9.14,0.79,0.8100000000000005,False,False,774373,761734,False,False,False,2,
761734,710,N,7,37,15044.0,14.1,9.14,33.891258,-118.18823,0.545,ML,5,ALONDRA,3455,,,,True,False,16,43,717968,718488,8.33,9.42,0.8100000000000005,0.27999999999999936,False,True,717968,718488,False,True,False,2,
718488,710,N,7,37,15044.0,14.38,9.42,33.89529,-118.187593,0.4,ML,6,COMPTON,2209,,,,True,True,17,43,761734,717770,9.14,9.94,0.27999999999999936,0.5199999999999996,False,False,761734,717770,False,False,True,3,Fwy_710_N_physical_run_3
717770,710,N,7,37,15044.0,14.9,9.94,33.902585,-118.185914,0.36,ML,4,ROSECRANS 1,3456,,,,True,False,18,43,718488,718102,9.42,10.14,0.5199999999999996,0.20000000000000107,True,False,718488,718102,True,False,False,3,
718102,710,N,7,37,55618.0,,10.14,33.905011,-118.184089,0.2,ML,4,ROSECRANS 2,3457,,,,True,False,19,43,717770,718492,9.94,10.34,0.20000000000000107,0.1999999999999993,False,False,717770,718492,False,False,False,3,
718492,710,N,7,37,55618.0,,10.34,33.907361,-118.181983,0.4,ML,4,S OF 105,2647,,,,True,False,20,43,718102,717977,10.14,10.94,0.1999999999999993,0.5999999999999996,False,False,718102,717977,False,False,False,3,
717977,710,N,7,37,55618.0,,10.94,33.915802,-118.179338,0.4,ML,4,KING 1,3458,,,,True,False,21,43,718492,717660,10.34,11.14,0.5999999999999996,0.20000000000000107,False,False,718492,717660,False,False,False,3,
717660,710,N,7,37,55618.0,,11.14,33.918675,-118.178732,0.3,ML,4,FM RT 105,2902,,,,True,False,22,43,717977,768984,10.94,11.54,0.20000000000000107,0.3999999999999986,False,False,717977,768984,False,False,False,3,
768984,710,N,7,37,44574.0,,11.54,33.924434,-118.177677,0.383,ML,5,KING 2,2210,,,,True,False,23,43,717660,718151,11.14,11.907,0.3999999999999986,0.3670000000000009,False,True,717660,718151,False,True,False,3,
718151,710,N,7,37,44574.0,16.9,11.907,33.929626,-118.178731,0.258,ML,4,IMPERIAL 1,3462,,,,True,True,24,43,768984,717983,11.54,12.057,0.3670000000000009,0.15000000000000036,False,True,768984,717983,False,True,True,4,Fwy_710_N_physical_run_4
717983,710,N,7,37,44574.0,17.05,12.057,33.931754,-118.178439,0.4,ML,4,IMPERIAL 2,3463,,,,True,True,25,43,718151,774359,11.907,12.707,0.15000000000000036,0.6500000000000004,True,False,718151,774359,True,False,False,4,Fwy_710_N_physical_run_4
774359,710,N,7,37,73080.0,17.7,12.707,33.939137,-118.171805,0.685,ML,4,NORTH OF MILLER WAY,2212,,,,True,False,26,43,717983,717992,12.057,13.427,0.6500000000000004,0.7199999999999989,True,True,717983,717992,True,True,False,4,
717992,710,N,7,37,73080.0,18.42,13.427,33.949445,-118.170327,0.405,ML,4,FIRESTONE 1,3464,,,,True,True,27,43,774359,717995,12.707,13.517,0.7199999999999989,0.08999999999999986,False,True,774359,717995,False,True,True,5,Fwy_710_N_physical_run_5
717995,710,N,7,37,73080.0,18.51,13.517,33.950741,-118.170417,0.54,ML,4,FIRESTONE 2,3465,,,,True,True,28,43,717992,776266,13.427,14.507,0.08999999999999986,0.9900000000000002,True,False,717992,776266,True,False,False,5,Fwy_710_N_physical_run_5
776266,710,N,7,37,73080.0,19.5,14.507,33.964927,-118.168788,0.625,ML,4,FLORENCE 1,3466,,,,True,False,29,43,717995,718147,13.517,14.767,0.9900000000000002,0.2599999999999998,True,True,717995,718147,True,True,False,5,
718147,710,N,7,37,73080.0,19.76,14.767,33.968571,-118.167682,1.09,ML,4,FLORENCE 2,3467,,,,True,True,30,43,776266,776290,14.507,16.687,0.2599999999999998,1.9200000000000017,False,False,776266,776290,False,False,True,6,Fwy_710_N_physical_run_6
776290,710,N,7,37,4870.0,21.68,16.687,33.994181,-118.17643,1.19,ML,4,ATLANTIC 1,3477,,,,True,False,31,43,718147,718320,14.767,17.147,1.9200000000000017,0.4599999999999973,True,False,718147,718320,True,False,False,6,
718320,710,N,7,37,82422.0,22.14,17.147,34.000423,-118.174959,0.43,ML,5,ATLANTIC 2,3695,,,,True,False,32,43,776290,776493,16.687,17.547,0.4599999999999973,0.40000000000000213,False,True,776290,776493,False,True,False,6,
776493,710,N,7,37,14974.0,22.54,17.547,34.005883,-118.172597,0.23,ML,5,WASHINGTON,3468,,,,True,True,33,43,718320,776203,17.147,17.607,0.40000000000000213,0.05999999999999872,False,False,718320,776203,False,False,True,7,Fwy_710_N_physical_run_7
776203,710,N,7,37,14974.0,22.6,17.607,34.006745,-118.172418,0.31,ML,4,SLAUSON,2215,,,,True,False,34,43,776493,763468,17.547,18.167,0.05999999999999872,0.5600000000000023,True,False,776493,763468,True,False,False,7,
763468,710,N,7,37,14974.0,23.16,18.167,34.014914,-118.172242,0.45,ML,3,S OF 5,2312,,,,True,False,35,43,776203,718014,17.607,18.507,0.5600000000000023,0.33999999999999986,False,False,776203,718014,False,False,False,7,
718014,710,N,7,37,,23.5,18.507,34.019763,-118.173271,0.274,ML,4,OLYMPIC,3469,,,,True,False,36,43,763468,768978,18.167,18.714,0.33999999999999986,0.2069999999999972,False,False,763468,768978,False,False,False,7,
768978,710,N,7,37,,23.707,18.714,34.022735,-118.172717,0.25,ML,5,EASTERN,2255,,,,True,False,37,43,718014,776221,18.507,19.007,0.2069999999999972,0.2930000000000028,False,False,718014,776221,False,False,False,7,
776221,710,N,7,37,,24.0,19.007,34.026922,-118.172165,0.296,ML,5,N/O WHITTIER,2705,,,,True,False,38,43,768978,776228,18.714,19.307,0.2930000000000028,0.29999999999999716,False,False,768978,776228,False,False,False,7,
776228,710,N,7,37,,24.3,19.307,34.031074,-118.170833,0.215,ML,3,N/B 710-FM 60,2253,,,,True,False,39,43,776221,718016,19.007,19.437,0.29999999999999716,0.13000000000000256,False,False,776221,718016,False,False,False,7,
718016,710,N,7,37,,24.43,19.437,34.032849,-118.170134,0.5,ML,3,THIRD,3470,,,,True,False,40,43,776228,776242,19.307,20.307,0.13000000000000256,0.8699999999999974,False,False,776228,776242,False,False,False,7,
776242,710,N,7,37,,25.3,20.307,34.04534,-118.169425,0.735,ML,4,FLORAL DR,3471,,,,True,False,41,43,718016,776196,19.437,20.907,0.8699999999999974,0.6000000000000014,False,False,718016,776196,False,False,False,7,
776196,710,N,7,37,,25.9,20.907,34.052413,-118.164153,0.55,ML,3,S/O RAMONA,2648,,,,True,False,42,43,776242,776188,20.307,21.407,0.6000000000000014,0.5,False,False,776242,776188,False,False,False,7,
776188,710,N,7,37,48914.0,26.4,21.407,34.059988,-118.165192,2.75,ML,2,N/O RAMONA,2305,,,,True,False,43,43,776196,,20.907,,0.5,,False,False,776196,,False,False,False,7,
777203,710,S,7,37,43000.0,5.13,0.17,33.767072,-118.21011,0.267,ML,4,E. of Route 43 Exit,2303,,,,True,False,1,42,,777213,,0.364,,0.19399999999999998,False,True,777213,,True,False,False,0,
777213,710,S,7,37,43000.0,5.324,0.364,33.76833,-118.207637,0.195,ML,3,E. Of Route 43 Exit,2304,,,,True,True,2,42,777203,777224,0.17,0.56,0.19399999999999998,0.19600000000000006,False,False,777224,777203,False,False,True,1,Fwy_710_S_physical_run_1
777224,710,S,7,37,43000.0,5.52,0.56,33.770893,-118.207158,0.457,ML,3,Pier S Ln,2306,,,,True,False,3,42,777213,777232,0.364,1.278,0.19600000000000006,0.718,True,False,777232,777213,False,True,False,1,
777232,710,S,7,37,43000.0,6.238,1.278,33.780573,-118.207865,0.6,ML,3,N. Of Alpine Way,2307,,,,True,False,4,42,777224,777245,0.56,1.76,0.718,0.482,False,True,777245,777224,True,False,False,1,
777245,710,S,7,37,43000.0,,1.76,33.787581,-118.207796,0.281,ML,3,On Pico Ave,2308,,,,True,True,5,42,777232,772701,1.278,1.84,0.482,0.08000000000000007,False,False,772701,777232,False,False,True,2,Fwy_710_S_physical_run_2
772701,710,S,7,37,43000.0,6.8,1.84,33.788737,-118.207896,0.115,ML,5,E/B ANAHEIM - S/B710,3085,,,,True,False,6,42,777245,772711,1.76,1.84,0.08000000000000007,0.0,True,False,772711,777245,False,True,False,2,
772711,710,S,7,37,43000.0,6.8,1.84,33.788737,-118.207896,0.04,ML,4,W/B ANAHEIM - S/B710,3072,,,,True,False,7,42,772701,777254,1.84,2.07,0.0,0.22999999999999976,False,False,777254,772701,False,False,False,2,
777254,710,S,7,37,43000.0,,2.07,33.792054,-118.207728,0.15,ML,3,Pier D St.,2309,,,,True,False,8,42,772711,777263,1.84,2.14,0.22999999999999976,0.07000000000000028,False,False,777263,772711,False,False,False,2,
777263,710,S,7,37,43000.0,,2.14,33.79305,-118.207495,0.49,ML,3,S. Of Anaheim Exit,2310,,,,True,False,9,42,777254,774389,2.07,3.05,0.07000000000000028,0.9099999999999997,False,False,774389,777254,False,False,False,2,
774389,710,S,7,37,43000.0,8.01,3.05,33.806185,-118.207378,1.075,ML,3,WILLOW STREET,3711,,,,True,False,10,42,777263,774445,2.14,4.29,0.9099999999999997,1.2400000000000002,False,False,774445,777263,False,False,False,2,
774445,710,S,7,37,43000.0,9.25,4.29,33.824173,-118.207084,1.47,ML,3,SO OF 405,2315,,,,True,False,11,42,774389,717960,3.05,5.99,1.2400000000000002,1.7000000000000002,False,False,717960,774389,False,False,False,2,
717960,710,S,7,37,43000.0,10.95,5.99,33.848404,-118.20545,1.32,ML,4,DEL AMO 1,3084,,,,True,False,12,42,774445,717963,4.29,6.93,1.7000000000000002,0.9399999999999995,False,False,717963,774445,False,False,False,2,
717963,710,S,7,37,43000.0,11.89,6.93,33.861086,-118.200442,0.775,ML,4,LONG BEACH,3088,,,,True,False,13,42,717960,774372,5.99,7.54,0.9399999999999995,0.6100000000000003,False,False,774372,717960,False,False,False,2,
774372,710,S,7,37,43000.0,12.5,7.54,33.868933,-118.195568,0.61,ML,5,NORTH OF LONG BEACH,2702,,,,True,False,14,42,717963,716847,6.93,8.15,0.6100000000000003,0.6100000000000003,False,False,716847,717963,False,False,False,2,
716847,710,S,7,37,43000.0,13.11,8.15,33.877433,-118.192776,0.665,ML,4,N OF 91,2313,,,,True,False,15,42,774372,717970,7.54,8.87,0.6100000000000003,0.7199999999999989,False,False,717970,774372,False,False,False,2,
717970,710,S,7,37,15044.0,13.83,8.87,33.887504,-118.18958,0.635,ML,5,ALONDRA,3461,,,,True,False,16,42,716847,761851,8.15,9.42,0.7199999999999989,0.5500000000000007,False,True,761851,716847,True,False,False,2,
761851,710,S,7,37,15044.0,14.38,9.42,33.8953,-118.187843,0.45,ML,6,COMPTON,2209,,,,True,True,17,42,717970,717975,8.87,9.77,0.5500000000000007,0.34999999999999964,False,False,717975,717970,False,False,True,3,Fwy_710_S_physical_run_3
717975,710,S,7,37,15044.0,14.73,9.77,33.900287,-118.18707,0.315,ML,6,ROSECRANS 1,3460,,,,True,False,18,42,761851,717972,9.42,10.05,0.34999999999999964,0.28000000000000114,True,True,717972,761851,True,True,False,3,
717972,710,S,7,37,55618.0,15.01,10.05,33.903982,-118.185282,0.26,ML,6,ROSECRANS 2,3459,,,,True,True,19,42,717975,761761,9.77,10.29,0.28000000000000114,0.23999999999999844,False,False,761761,717975,False,False,True,4,Fwy_710_S_physical_run_4
761761,710,S,7,37,55618.0,,10.29,33.906773,-118.182716,0.145,ML,4,FM RTE 105,2901,,,,True,False,20,42,717972,718493,10.05,10.34,0.23999999999999844,0.05000000000000071,True,False,718493,717972,False,True,False,4,
718493,710,S,7,37,55618.0,,10.34,33.907395,-118.182244,0.325,ML,4,S OF 105,2647,,,,True,False,21,42,761761,717978,10.29,10.94,0.05000000000000071,0.5999999999999996,False,False,717978,761761,False,False,False,4,
717978,710,S,7,37,55618.0,,10.94,33.915832,-118.179574,0.6,ML,4,KING 1,3458,,,,True,False,22,42,718493,716857,10.34,11.54,0.5999999999999996,0.5999999999999996,False,False,716857,718493,False,False,False,4,
716857,710,S,7,37,44574.0,,11.54,33.924409,-118.177989,0.493,ML,5,KING 2,2210,,,,True,False,23,42,717978,717980,10.94,11.927,0.5999999999999996,0.38700000000000045,False,False,717980,717978,False,False,False,4,
717980,710,S,7,37,44574.0,16.92,11.927,33.92992,-118.178962,0.223,ML,4,IMPERIAL 1,3483,,,,True,False,24,42,716857,761776,11.54,11.987,0.38700000000000045,0.0600000000000005,False,True,761776,716857,True,False,False,4,
761776,710,S,7,37,44574.0,16.98,11.987,33.93079,-118.178918,0.39,ML,4,IMPERIAL 2,3482,,,,True,True,25,42,717980,774358,11.927,12.707,0.0600000000000005,0.7200000000000006,False,False,774358,717980,False,False,True,5,Fwy_710_S_physical_run_5
774358,710,S,7,37,73080.0,17.7,12.707,33.9392,-118.171985,0.72,ML,4,NORTH OF MILLER WAY,2212,,,,True,False,26,42,761776,717986,11.987,13.427,0.7200000000000006,0.7199999999999989,True,True,717986,761776,True,True,False,5,
717986,710,S,7,37,73080.0,18.42,13.427,33.949462,-118.170596,0.405,ML,4,FIRESTONE 1,3481,,,,True,True,27,42,774358,717989,12.707,13.517,0.7199999999999989,0.08999999999999986,False,True,717989,774358,True,False,True,6,Fwy_710_S_physical_run_6
717989,710,S,7,37,73080.0,18.51,13.517,33.950759,-118.170667,0.54,ML,4,FIRESTONE 2,3480,,,,True,True,28,42,717986,776295,13.427,14.507,0.08999999999999986,0.9900000000000002,True,False,776295,717986,False,True,False,6,Fwy_710_S_physical_run_6
776295,710,S,7,37,73080.0,19.5,14.507,33.964963,-118.169033,0.54,ML,4,FLORENCE 1,3479,,,,True,False,29,42,717989,718002,13.517,14.597,0.9900000000000002,0.08999999999999986,True,False,718002,717989,False,True,False,6,
718002,710,S,7,37,73080.0,19.59,14.597,33.966186,-118.168485,1.09,ML,4,FLORENCE 2,3478,,,,True,False,30,42,776295,776289,14.507,16.687,0.08999999999999986,2.0900000000000016,False,False,776289,776295,False,False,False,6,
776289,710,S,7,37,4870.0,21.68,16.687,33.994201,-118.176658,1.145,ML,4,ATLANTIC 1,3477,,,,True,False,31,42,718002,718008,14.597,16.887,2.0900000000000016,0.1999999999999993,False,False,718008,718002,False,False,False,6,
718008,710,S,7,37,4870.0,21.88,16.887,33.997066,-118.176999,0.425,ML,4,ATLANTIC 2,3476,,,,True,False,32,42,776289,718012,16.687,17.537,0.1999999999999993,0.6499999999999986,False,True,718012,776289,True,False,False,6,
718012,710,S,7,37,14974.0,22.53,17.537,34.005785,-118.172807,0.36,ML,5,WASHINGTON,3475,,,,True,True,33,42,718008,776208,16.887,17.607,0.6499999999999986,0.07000000000000028,False,False,776208,718008,False,False,True,7,Fwy_710_S_physical_run_7
776208,710,S,7,37,14974.0,22.6,17.607,34.006795,-118.172616,0.315,ML,4,SLAUSON,2215,,,,True,False,34,42,718012,716891,17.537,18.167,0.07000000000000028,0.5600000000000023,True,False,716891,718012,False,True,False,7,
716891,710,S,7,37,14974.0,23.16,18.167,34.014955,-118.172721,0.435,ML,3,S OF 5,2312,,,,True,False,35,42,776208,718321,17.607,18.477,0.5600000000000023,0.3099999999999987,False,False,718321,776208,False,False,False,7,
718321,710,S,7,37,,23.47,18.477,34.019379,-118.17355,0.274,ML,4,OLYMPIC,3474,,,,True,False,36,42,716891,716875,18.167,18.714,0.3099999999999987,0.23699999999999832,False,False,716875,716891,False,False,False,7,
716875,710,S,7,37,,23.707,18.714,34.022791,-118.172955,0.265,ML,4,EASTERN,2255,,,,True,False,37,42,718321,776215,18.477,19.007,0.23699999999999832,0.2930000000000028,False,False,776215,718321,False,False,False,7,
776215,710,S,7,37,,24.0,19.007,34.026963,-118.1724,0.296,ML,5,N/O WHITTIER,2705,,,,True,False,38,42,716875,776253,18.714,19.307,0.2930000000000028,0.29999999999999716,False,False,776253,716875,False,False,False,7,
776253,710,S,7,37,,24.3,19.307,34.031085,-118.171069,0.27,ML,3,S/B 710 - 3RD ST OFF,2311,,,,True,False,39,42,776215,718017,19.007,19.547,0.29999999999999716,0.240000000000002,False,False,718017,776215,False,False,False,7,
718017,710,S,7,37,,24.54,19.547,34.0344,-118.170119,0.295,ML,3,THIRD,3473,,,,True,False,40,42,776253,718018,19.307,19.897,0.240000000000002,0.34999999999999787,False,False,718018,776253,False,False,False,7,
718018,710,S,7,37,,24.89,19.897,34.039459,-118.170157,0.68,ML,3,CESAR CHAVEZ AV,3472,,,,True,False,41,42,718017,776197,19.547,20.907,0.34999999999999787,1.0100000000000016,False,False,776197,718017,False,False,False,7,
776197,710,S,7,37,,25.9,20.907,34.052438,-118.164419,3.005,ML,3,S/O RAMONA,2648,,,,True,False,42,42,718018,,19.897,,1.0100000000000016,,False,False,,718018,False,False,False,7,
