hour,zero_rows,positive_rows,invalid_coverage_rows,rows,stations_present,stations_all_zero,date,zero_pct_all_rows,positive_pct_all_rows,shared_zero_diagnostic
0,18689,4303,0,22992,1916,1557,2026-02-01,81.2847947112039,18.715205288796103,False
1,18688,4304,0,22992,1916,1557,2026-02-01,81.2804453723034,18.71955462769659,False
2,18684,4308,0,22992,1916,1557,2026-02-01,81.26304801670146,18.73695198329854,False
3,18684,4308,0,22992,1916,1557,2026-02-01,81.26304801670146,18.73695198329854,False
4,18686,4306,0,22992,1916,1557,2026-02-01,81.27174669450244,18.728253305497564,False
5,18689,4303,0,22992,1916,1557,2026-02-01,81.2847947112039,18.715205288796103,False
6,18690,4302,0,22992,1916,1557,2026-02-01,81.28914405010438,18.710855949895617,False
7,18695,4297,0,22992,1916,1557,2026-02-01,81.31089074460682,18.68910925539318,False
8,18695,4297,0,22992,1916,1557,2026-02-01,81.31089074460682,18.68910925539318,False
9,18696,4296,0,22992,1916,1558,2026-02-01,81.3152400835073,18.684759916492695,False
10,18696,4296,0,22992,1916,1558,2026-02-01,81.3152400835073,18.684759916492695,False
11,18696,4296,0,22992,1916,1558,2026-02-01,81.3152400835073,18.684759916492695,False
12,21560,1432,0,22992,1916,1558,2026-02-01,93.77174669450244,6.228253305497565,False
13,19770,3222,0,22992,1916,1558,2026-02-01,85.98643006263048,14.01356993736952,False
14,18696,4296,0,22992,1916,1558,2026-02-01,81.3152400835073,18.684759916492695,False
15,18696,4296,0,22992,1916,1558,2026-02-01,81.3152400835073,18.684759916492695,False
16,18696,4296,0,22992,1916,1558,2026-02-01,81.3152400835073,18.684759916492695,False
17,18696,4296,0,22992,1916,1558,2026-02-01,81.3152400835073,18.684759916492695,False
18,18696,4296,0,22992,1916,1558,2026-02-01,81.3152400835073,18.684759916492695,False
19,18695,4297,0,22992,1916,1557,2026-02-01,81.31089074460682,18.68910925539318,False
20,18695,4297,0,22992,1916,1557,2026-02-01,81.31089074460682,18.68910925539318,False
21,18695,4297,0,22992,1916,1557,2026-02-01,81.31089074460682,18.68910925539318,False
22,18691,4301,0,22992,1916,1557,2026-02-01,81.29349338900487,18.706506610995127,False
23,18689,4303,0,22992,1916,1557,2026-02-01,81.2847947112039,18.715205288796103,False
0,18613,4379,0,22992,1916,1551,2026-02-02,80.95424495476688,19.045755045233125,False
1,18612,4380,0,22992,1916,1551,2026-02-02,80.94989561586638,19.05010438413361,False
2,18612,4380,0,22992,1916,1551,2026-02-02,80.94989561586638,19.05010438413361,False
3,18615,4377,0,22992,1916,1551,2026-02-02,80.96294363256784,19.03705636743215,False
4,18622,4370,0,22992,1916,1551,2026-02-02,80.99338900487126,19.00661099512874,False
5,18624,4368,0,22992,1916,1552,2026-02-02,81.00208768267224,18.997912317327767,False
6,18624,4368,0,22992,1916,1552,2026-02-02,81.00208768267224,18.997912317327767,False
7,18624,4368,0,22992,1916,1552,2026-02-02,81.00208768267224,18.997912317327767,False
8,18624,4368,0,22992,1916,1552,2026-02-02,81.00208768267224,18.997912317327767,False
9,18624,4368,0,22992,1916,1552,2026-02-02,81.00208768267224,18.997912317327767,False
10,18624,4368,0,22992,1916,1552,2026-02-02,81.00208768267224,18.997912317327767,False
11,18624,4368,0,22992,1916,1552,2026-02-02,81.00208768267224,18.997912317327767,False
12,18624,4368,0,22992,1916,1552,2026-02-02,81.00208768267224,18.997912317327767,False
13,18624,4368,0,22992,1916,1552,2026-02-02,81.00208768267224,18.997912317327767,False
14,18624,4368,0,22992,1916,1552,2026-02-02,81.00208768267224,18.997912317327767,False
15,18624,4368,0,22992,1916,1552,2026-02-02,81.00208768267224,18.997912317327767,False
16,18624,4368,0,22992,1916,1552,2026-02-02,81.00208768267224,18.997912317327767,False
17,18632,4360,0,22992,1916,1552,2026-02-02,81.03688239387613,18.96311760612387,False
18,18631,4361,0,22992,1916,1552,2026-02-02,81.03253305497564,18.967466945024356,False
19,18628,4364,0,22992,1916,1552,2026-02-02,81.01948503827418,18.980514961725817,False
20,18624,4368,0,22992,1916,1551,2026-02-02,81.00208768267224,18.997912317327767,False
21,18626,4366,0,22992,1916,1551,2026-02-02,81.0107863604732,18.989213639526792,False
22,18621,4371,0,22992,1916,1551,2026-02-02,80.98903966597078,19.010960334029228,False
23,18619,4373,0,22992,1916,1551,2026-02-02,80.9803409881698,19.019659011830203,False
0,18708,4284,0,22992,1916,1559,2026-02-03,81.36743215031315,18.632567849686847,False
1,18708,4284,0,22992,1916,1559,2026-02-03,81.36743215031315,18.632567849686847,False
2,18708,4284,0,22992,1916,1559,2026-02-03,81.36743215031315,18.632567849686847,False
3,18709,4283,0,22992,1916,1559,2026-02-03,81.37178148921365,18.62821851078636,False
4,18714,4278,0,22992,1916,1559,2026-02-03,81.39352818371607,18.606471816283925,False
5,18729,4263,0,22992,1916,1560,2026-02-03,81.45876826722338,18.54123173277662,False
6,18727,4265,0,22992,1916,1560,2026-02-03,81.45006958942241,18.54993041057759,False
7,18720,4272,0,22992,1916,1560,2026-02-03,81.419624217119,18.580375782881003,False
8,18720,4272,0,22992,1916,1560,2026-02-03,81.419624217119,18.580375782881003,False
9,18720,4272,0,22992,1916,1560,2026-02-03,81.419624217119,18.580375782881003,False
10,18720,4272,0,22992,1916,1560,2026-02-03,81.419624217119,18.580375782881003,False
11,18722,4270,0,22992,1916,1560,2026-02-03,81.42832289491997,18.571677105080028,False
12,18720,4272,0,22992,1916,1560,2026-02-03,81.419624217119,18.580375782881003,False
13,18720,4272,0,22992,1916,1560,2026-02-03,81.419624217119,18.580375782881003,False
14,18720,4272,0,22992,1916,1560,2026-02-03,81.419624217119,18.580375782881003,False
15,18720,4272,0,22992,1916,1560,2026-02-03,81.419624217119,18.580375782881003,False
16,18720,4272,0,22992,1916,1560,2026-02-03,81.419624217119,18.580375782881003,False
17,18720,4272,0,22992,1916,1560,2026-02-03,81.419624217119,18.580375782881003,False
18,18720,4272,0,22992,1916,1560,2026-02-03,81.419624217119,18.580375782881003,False
19,18720,4272,0,22992,1916,1560,2026-02-03,81.419624217119,18.580375782881003,False
20,18720,4272,0,22992,1916,1560,2026-02-03,81.419624217119,18.580375782881003,False
21,18717,4275,0,22992,1916,1559,2026-02-03,81.40657620041753,18.593423799582464,False
22,18717,4275,0,22992,1916,1559,2026-02-03,81.40657620041753,18.593423799582464,False
23,18712,4280,0,22992,1916,1559,2026-02-03,81.3848295059151,18.6151704940849,False
0,19008,3984,0,22992,1916,1584,2026-02-04,82.6722338204593,17.32776617954071,False
1,19009,3983,0,22992,1916,1584,2026-02-04,82.67658315935978,17.323416840640224,False
2,19008,3984,0,22992,1916,1584,2026-02-04,82.6722338204593,17.32776617954071,False
3,19011,3981,0,22992,1916,1584,2026-02-04,82.68528183716076,17.31471816283925,False
4,19019,3973,0,22992,1916,1584,2026-02-04,82.72007654836464,17.27992345163535,False
5,19020,3972,0,22992,1916,1585,2026-02-04,82.72442588726514,17.275574112734866,False
6,19020,3972,0,22992,1916,1585,2026-02-04,82.72442588726514,17.275574112734866,False
7,19020,3972,0,22992,1916,1585,2026-02-04,82.72442588726514,17.275574112734866,False
8,19020,3972,0,22992,1916,1585,2026-02-04,82.72442588726514,17.275574112734866,False
9,19020,3972,0,22992,1916,1585,2026-02-04,82.72442588726514,17.275574112734866,False
10,19020,3972,0,22992,1916,1585,2026-02-04,82.72442588726514,17.275574112734866,False
11,19020,3972,0,22992,1916,1585,2026-02-04,82.72442588726514,17.275574112734866,False
12,19020,3972,0,22992,1916,1585,2026-02-04,82.72442588726514,17.275574112734866,False
13,19020,3972,0,22992,1916,1585,2026-02-04,82.72442588726514,17.275574112734866,False
14,19020,3972,0,22992,1916,1585,2026-02-04,82.72442588726514,17.275574112734866,False
15,19020,3972,0,22992,1916,1585,2026-02-04,82.72442588726514,17.275574112734866,False
16,19020,3972,0,22992,1916,1585,2026-02-04,82.72442588726514,17.275574112734866,False
17,19020,3972,0,22992,1916,1585,2026-02-04,82.72442588726514,17.275574112734866,False
18,19020,3972,0,22992,1916,1585,2026-02-04,82.72442588726514,17.275574112734866,False
19,19020,3972,0,22992,1916,1585,2026-02-04,82.72442588726514,17.275574112734866,False
20,19020,3972,0,22992,1916,1585,2026-02-04,82.72442588726514,17.275574112734866,False
21,19020,3972,0,22992,1916,1585,2026-02-04,82.72442588726514,17.275574112734866,False
22,19018,3974,0,22992,1916,1584,2026-02-04,82.71572720946416,17.284272790535837,False
23,19017,3975,0,22992,1916,1584,2026-02-04,82.71137787056368,17.288622129436327,False
0,18888,4104,0,22992,1916,1574,2026-02-05,82.15031315240084,17.849686847599166,False
1,18888,4104,0,22992,1916,1574,2026-02-05,82.15031315240084,17.849686847599166,False
2,18888,4104,0,22992,1916,1574,2026-02-05,82.15031315240084,17.849686847599166,False
3,18891,4101,0,22992,1916,1574,2026-02-05,82.1633611691023,17.836638830897705,False
4,18900,4092,0,22992,1916,1575,2026-02-05,82.20250521920669,17.79749478079332,False
5,18900,4092,0,22992,1916,1575,2026-02-05,82.20250521920669,17.79749478079332,False
6,18905,4087,0,22992,1916,1575,2026-02-05,82.22425191370911,17.775748086290882,False
7,18912,4080,0,22992,1916,1576,2026-02-05,82.25469728601253,17.745302713987474,False
8,18900,4092,0,22992,1916,1575,2026-02-05,82.20250521920669,17.79749478079332,False
9,18900,4092,0,22992,1916,1575,2026-02-05,82.20250521920669,17.79749478079332,False
10,18900,4092,0,22992,1916,1575,2026-02-05,82.20250521920669,17.79749478079332,False
11,18900,4092,0,22992,1916,1575,2026-02-05,82.20250521920669,17.79749478079332,False
12,18900,4092,0,22992,1916,1575,2026-02-05,82.20250521920669,17.79749478079332,False
13,18900,4092,0,22992,1916,1575,2026-02-05,82.20250521920669,17.79749478079332,False
14,18900,4092,0,22992,1916,1575,2026-02-05,82.20250521920669,17.79749478079332,False
15,18900,4092,0,22992,1916,1575,2026-02-05,82.20250521920669,17.79749478079332,False
16,18900,4092,0,22992,1916,1575,2026-02-05,82.20250521920669,17.79749478079332,False
17,18900,4092,0,22992,1916,1575,2026-02-05,82.20250521920669,17.79749478079332,False
18,18900,4092,0,22992,1916,1575,2026-02-05,82.20250521920669,17.79749478079332,False
19,18898,4094,0,22992,1916,1574,2026-02-05,82.1938065414057,17.806193458594294,False
20,18900,4092,0,22992,1916,1575,2026-02-05,82.20250521920669,17.79749478079332,False
21,18898,4094,0,22992,1916,1574,2026-02-05,82.1938065414057,17.806193458594294,False
22,18896,4096,0,22992,1916,1574,2026-02-05,82.18510786360473,17.81489213639527,False
23,18890,4102,0,22992,1916,1574,2026-02-05,82.1590118302018,17.84098816979819,False
0,18672,4320,0,22992,1916,1556,2026-02-06,81.21085594989562,18.789144050104383,False
1,18672,4320,0,22992,1916,1556,2026-02-06,81.21085594989562,18.789144050104383,False
2,18672,4320,0,22992,1916,1556,2026-02-06,81.21085594989562,18.789144050104383,False
3,18674,4318,0,22992,1916,1556,2026-02-06,81.2195546276966,18.78044537230341,False
4,18681,4311,0,22992,1916,1556,2026-02-06,81.25,18.75,False
5,18684,4308,0,22992,1916,1557,2026-02-06,81.26304801670146,18.73695198329854,False
6,18684,4308,0,22992,1916,1557,2026-02-06,81.26304801670146,18.73695198329854,False
7,18684,4308,0,22992,1916,1557,2026-02-06,81.26304801670146,18.73695198329854,False
8,18684,4308,0,22992,1916,1557,2026-02-06,81.26304801670146,18.73695198329854,False
9,18684,4308,0,22992,1916,1557,2026-02-06,81.26304801670146,18.73695198329854,False
10,18684,4308,0,22992,1916,1557,2026-02-06,81.26304801670146,18.73695198329854,False
11,18684,4308,0,22992,1916,1556,2026-02-06,81.26304801670146,18.73695198329854,False
12,18684,4308,0,22992,1916,1557,2026-02-06,81.26304801670146,18.73695198329854,False
13,18684,4308,0,22992,1916,1557,2026-02-06,81.26304801670146,18.73695198329854,False
14,18684,4308,0,22992,1916,1557,2026-02-06,81.26304801670146,18.73695198329854,False
15,18684,4308,0,22992,1916,1557,2026-02-06,81.26304801670146,18.73695198329854,False
16,18684,4308,0,22992,1916,1557,2026-02-06,81.26304801670146,18.73695198329854,False
17,18684,4308,0,22992,1916,1557,2026-02-06,81.26304801670146,18.73695198329854,False
18,18685,4307,0,22992,1916,1557,2026-02-06,81.26739735560194,18.732602644398053,False
19,18684,4308,0,22992,1916,1557,2026-02-06,81.26304801670146,18.73695198329854,False
20,18684,4308,0,22992,1916,1557,2026-02-06,81.26304801670146,18.73695198329854,False
21,18683,4309,0,22992,1916,1556,2026-02-06,81.25869867780098,18.741301322199025,False
22,18684,4308,0,22992,1916,1556,2026-02-06,81.26304801670146,18.73695198329854,False
23,18682,4310,0,22992,1916,1556,2026-02-06,81.25434933890048,18.745650661099514,False
0,18797,4195,0,22992,1916,1566,2026-02-07,81.75452331245651,18.245476687543494,False
1,18781,4211,0,22992,1916,1565,2026-02-07,81.68493389004871,18.31506610995129,False
2,18783,4209,0,22992,1916,1565,2026-02-07,81.69363256784969,18.306367432150314,False
3,18788,4204,0,22992,1916,1565,2026-02-07,81.71537926235212,18.284620737647877,False
4,18789,4203,0,22992,1916,1565,2026-02-07,81.71972860125261,18.28027139874739,False
5,18800,4192,0,22992,1916,1566,2026-02-07,81.76757132915797,18.232428670842033,False
6,18801,4191,0,22992,1916,1565,2026-02-07,81.77192066805846,18.228079331941544,False
7,18797,4195,0,22992,1916,1566,2026-02-07,81.75452331245651,18.245476687543494,False
8,18792,4200,0,22992,1916,1566,2026-02-07,81.73277661795407,18.26722338204593,False
9,18792,4200,0,22992,1916,1566,2026-02-07,81.73277661795407,18.26722338204593,False
10,18792,4200,0,22992,1916,1566,2026-02-07,81.73277661795407,18.26722338204593,False
11,18792,4200,0,22992,1916,1566,2026-02-07,81.73277661795407,18.26722338204593,False
12,18792,4200,0,22992,1916,1566,2026-02-07,81.73277661795407,18.26722338204593,False
13,18792,4200,0,22992,1916,1566,2026-02-07,81.73277661795407,18.26722338204593,False
14,18792,4200,0,22992,1916,1566,2026-02-07,81.73277661795407,18.26722338204593,False
15,18792,4200,0,22992,1916,1566,2026-02-07,81.73277661795407,18.26722338204593,False
16,18792,4200,0,22992,1916,1566,2026-02-07,81.73277661795407,18.26722338204593,False
17,18792,4200,0,22992,1916,1566,2026-02-07,81.73277661795407,18.26722338204593,False
18,18792,4200,0,22992,1916,1566,2026-02-07,81.73277661795407,18.26722338204593,False
19,18792,4200,0,22992,1916,1566,2026-02-07,81.73277661795407,18.26722338204593,False
20,18791,4201,0,22992,1916,1565,2026-02-07,81.72842727905359,18.271572720946416,False
21,18791,4201,0,22992,1916,1565,2026-02-07,81.72842727905359,18.271572720946416,False
22,18798,4194,0,22992,1916,1565,2026-02-07,81.758872651357,18.241127348643005,False
23,18800,4192,0,22992,1916,1565,2026-02-07,81.76757132915797,18.232428670842033,False
0,18590,4402,0,22992,1916,1549,2026-02-08,80.85421016005567,19.145789839944328,False
1,18590,4402,0,22992,1916,1549,2026-02-08,80.85421016005567,19.145789839944328,False
2,18588,4404,0,22992,1916,1549,2026-02-08,80.8455114822547,19.154488517745303,False
3,18588,4404,0,22992,1916,1549,2026-02-08,80.8455114822547,19.154488517745303,False
4,18588,4404,0,22992,1916,1549,2026-02-08,80.8455114822547,19.154488517745303,False
5,18590,4402,0,22992,1916,1549,2026-02-08,80.85421016005567,19.145789839944328,False
6,18597,4395,0,22992,1916,1549,2026-02-08,80.88465553235908,19.11534446764092,False
7,18596,4396,0,22992,1916,1549,2026-02-08,80.8803061934586,19.119693806541406,False
8,18600,4392,0,22992,1916,1550,2026-02-08,80.89770354906054,19.102296450939455,False
9,18600,4392,0,22992,1916,1550,2026-02-08,80.89770354906054,19.102296450939455,False
10,18600,4392,0,22992,1916,1550,2026-02-08,80.89770354906054,19.102296450939455,False
11,18600,4392,0,22992,1916,1550,2026-02-08,80.89770354906054,19.102296450939455,False
12,18600,4392,0,22992,1916,1550,2026-02-08,80.89770354906054,19.102296450939455,False
13,18600,4392,0,22992,1916,1550,2026-02-08,80.89770354906054,19.102296450939455,False
14,18600,4392,0,22992,1916,1550,2026-02-08,80.89770354906054,19.102296450939455,False
15,18600,4392,0,22992,1916,1550,2026-02-08,80.89770354906054,19.102296450939455,False
16,18600,4392,0,22992,1916,1550,2026-02-08,80.89770354906054,19.102296450939455,False
17,18599,4393,0,22992,1916,1549,2026-02-08,80.89335421016006,19.106645789839945,False
18,18599,4393,0,22992,1916,1549,2026-02-08,80.89335421016006,19.106645789839945,False
19,18600,4392,0,22992,1916,1550,2026-02-08,80.89770354906054,19.102296450939455,False
20,18600,4392,0,22992,1916,1550,2026-02-08,80.89770354906054,19.102296450939455,False
21,18600,4392,0,22992,1916,1550,2026-02-08,80.89770354906054,19.102296450939455,False
22,18596,4396,0,22992,1916,1549,2026-02-08,80.8803061934586,19.119693806541406,False
23,18590,4402,0,22992,1916,1549,2026-02-08,80.85421016005567,19.145789839944328,False
0,18732,4260,0,22992,1916,1561,2026-02-09,81.47181628392484,18.528183716075155,False
1,18733,4259,0,22992,1916,1561,2026-02-09,81.47616562282533,18.52383437717467,False
2,18732,4260,0,22992,1916,1561,2026-02-09,81.47181628392484,18.528183716075155,False
3,18734,4258,0,22992,1916,1561,2026-02-09,81.48051496172582,18.519485038274183,False
4,18743,4249,0,22992,1916,1561,2026-02-09,81.5196590118302,18.480340988169797,False
5,18744,4248,0,22992,1916,1562,2026-02-09,81.52400835073068,18.47599164926931,False
6,18744,4248,0,22992,1916,1562,2026-02-09,81.52400835073068,18.47599164926931,False
7,18742,4250,0,22992,1916,1561,2026-02-09,81.51530967292972,18.484690327070286,False
8,18742,4250,0,22992,1916,1561,2026-02-09,81.51530967292972,18.484690327070286,False
9,18744,4248,0,22992,1916,1562,2026-02-09,81.52400835073068,18.47599164926931,False
10,18744,4248,0,22992,1916,1562,2026-02-09,81.52400835073068,18.47599164926931,False
11,18744,4248,0,22992,1916,1562,2026-02-09,81.52400835073068,18.47599164926931,False
12,18744,4248,0,22992,1916,1562,2026-02-09,81.52400835073068,18.47599164926931,False
13,18744,4248,0,22992,1916,1562,2026-02-09,81.52400835073068,18.47599164926931,False
14,18744,4248,0,22992,1916,1562,2026-02-09,81.52400835073068,18.47599164926931,False
15,18744,4248,0,22992,1916,1562,2026-02-09,81.52400835073068,18.47599164926931,False
16,18746,4246,0,22992,1916,1562,2026-02-09,81.53270702853166,18.467292971468336,False
17,18747,4245,0,22992,1916,1562,2026-02-09,81.53705636743216,18.46294363256785,False
18,18744,4248,0,22992,1916,1562,2026-02-09,81.52400835073068,18.47599164926931,False
19,18749,4243,0,22992,1916,1561,2026-02-09,81.54575504523312,18.454244954766875,False
20,18747,4245,0,22992,1916,1562,2026-02-09,81.53705636743216,18.46294363256785,False
21,18744,4248,0,22992,1916,1562,2026-02-09,81.52400835073068,18.47599164926931,False
22,18749,4243,0,22992,1916,1561,2026-02-09,81.54575504523312,18.454244954766875,False
23,18744,4248,0,22992,1916,1561,2026-02-09,81.52400835073068,18.47599164926931,False
0,18722,4270,0,22992,1916,1560,2026-02-10,81.42832289491997,18.571677105080028,False
1,18726,4266,0,22992,1916,1560,2026-02-10,81.44572025052192,18.55427974947808,False
2,18732,4260,0,22992,1916,1561,2026-02-10,81.47181628392484,18.528183716075155,False
3,18734,4258,0,22992,1916,1561,2026-02-10,81.48051496172582,18.519485038274183,False
4,18742,4250,0,22992,1916,1561,2026-02-10,81.51530967292972,18.484690327070286,False
5,18743,4249,0,22992,1916,1561,2026-02-10,81.5196590118302,18.480340988169797,False
6,18744,4248,0,22992,1916,1562,2026-02-10,81.52400835073068,18.47599164926931,False
7,18746,4246,0,22992,1916,1562,2026-02-10,81.53270702853166,18.467292971468336,False
8,18744,4248,0,22992,1916,1562,2026-02-10,81.52400835073068,18.47599164926931,False
9,18744,4248,0,22992,1916,1562,2026-02-10,81.52400835073068,18.47599164926931,False
10,18743,4249,0,22992,1916,1561,2026-02-10,81.5196590118302,18.480340988169797,False
11,18744,4248,0,22992,1916,1562,2026-02-10,81.52400835073068,18.47599164926931,False
12,18744,4248,0,22992,1916,1562,2026-02-10,81.52400835073068,18.47599164926931,False
13,18744,4248,0,22992,1916,1562,2026-02-10,81.52400835073068,18.47599164926931,False
14,18746,4246,0,22992,1916,1562,2026-02-10,81.53270702853166,18.467292971468336,False
15,18743,4249,0,22992,1916,1561,2026-02-10,81.5196590118302,18.480340988169797,False
16,18744,4248,0,22992,1916,1562,2026-02-10,81.52400835073068,18.47599164926931,False
17,18744,4248,0,22992,1916,1562,2026-02-10,81.52400835073068,18.47599164926931,False
18,18744,4248,0,22992,1916,1562,2026-02-10,81.52400835073068,18.47599164926931,False
19,18741,4251,0,22992,1916,1561,2026-02-10,81.51096033402922,18.489039665970772,False
20,18742,4250,0,22992,1916,1561,2026-02-10,81.51530967292972,18.484690327070286,False
21,18741,4251,0,22992,1916,1561,2026-02-10,81.51096033402922,18.489039665970772,False
22,18741,4251,0,22992,1916,1561,2026-02-10,81.51096033402922,18.489039665970772,False
23,18733,4259,0,22992,1916,1561,2026-02-10,81.47616562282533,18.52383437717467,False
0,18565,4427,0,22992,1916,1547,2026-02-11,80.74547668754349,19.254523312456506,False
1,18566,4426,0,22992,1916,1547,2026-02-11,80.74982602644398,19.25017397355602,False
2,18564,4428,0,22992,1916,1547,2026-02-11,80.741127348643,19.258872651356995,False
3,18570,4422,0,22992,1916,1547,2026-02-11,80.76722338204593,19.23277661795407,False
4,18575,4417,0,22992,1916,1547,2026-02-11,80.78897007654837,19.211029923451637,False
5,18576,4416,0,22992,1916,1548,2026-02-11,80.79331941544885,19.206680584551147,False
6,18582,4410,0,22992,1916,1548,2026-02-11,80.81941544885177,19.180584551148225,False
7,18576,4416,0,22992,1916,1548,2026-02-11,80.79331941544885,19.206680584551147,False
8,18576,4416,0,22992,1916,1548,2026-02-11,80.79331941544885,19.206680584551147,False
9,18579,4413,0,22992,1916,1548,2026-02-11,80.80636743215031,19.193632567849686,False
10,18576,4416,0,22992,1916,1548,2026-02-11,80.79331941544885,19.206680584551147,False
11,18576,4416,0,22992,1916,1548,2026-02-11,80.79331941544885,19.206680584551147,False
12,18576,4416,0,22992,1916,1548,2026-02-11,80.79331941544885,19.206680584551147,False
13,18576,4416,0,22992,1916,1548,2026-02-11,80.79331941544885,19.206680584551147,False
14,18576,4416,0,22992,1916,1548,2026-02-11,80.79331941544885,19.206680584551147,False
15,18576,4416,0,22992,1916,1548,2026-02-11,80.79331941544885,19.206680584551147,False
16,18576,4416,0,22992,1916,1548,2026-02-11,80.79331941544885,19.206680584551147,False
17,18577,4415,0,22992,1916,1548,2026-02-11,80.79766875434935,19.20233124565066,False
18,18577,4415,0,22992,1916,1548,2026-02-11,80.79766875434935,19.20233124565066,False
19,18577,4415,0,22992,1916,1548,2026-02-11,80.79766875434935,19.20233124565066,False
20,18577,4415,0,22992,1916,1547,2026-02-11,80.79766875434935,19.20233124565066,False
21,18576,4416,0,22992,1916,1547,2026-02-11,80.79331941544885,19.206680584551147,False
22,18572,4420,0,22992,1916,1547,2026-02-11,80.7759220598469,19.224077940153098,False
23,18565,4427,0,22992,1916,1547,2026-02-11,80.74547668754349,19.254523312456506,False
0,18697,4295,0,22992,1916,1558,2026-02-12,81.31958942240779,18.680410577592205,False
1,18696,4296,0,22992,1916,1558,2026-02-12,81.3152400835073,18.684759916492695,False
2,18696,4296,0,22992,1916,1558,2026-02-12,81.3152400835073,18.684759916492695,False
3,18699,4293,0,22992,1916,1558,2026-02-12,81.32828810020877,18.67171189979123,False
4,18706,4286,0,22992,1916,1558,2026-02-12,81.35873347251218,18.641266527487822,False
5,18708,4284,0,22992,1916,1559,2026-02-12,81.36743215031315,18.632567849686847,False
6,18708,4284,0,22992,1916,1559,2026-02-12,81.36743215031315,18.632567849686847,False
7,18708,4284,0,22992,1916,1559,2026-02-12,81.36743215031315,18.632567849686847,False
8,18709,4283,0,22992,1916,1559,2026-02-12,81.37178148921365,18.62821851078636,False
9,18708,4284,0,22992,1916,1559,2026-02-12,81.36743215031315,18.632567849686847,False
10,18708,4284,0,22992,1916,1559,2026-02-12,81.36743215031315,18.632567849686847,False
11,18708,4284,0,22992,1916,1559,2026-02-12,81.36743215031315,18.632567849686847,False
12,18708,4284,0,22992,1916,1559,2026-02-12,81.36743215031315,18.632567849686847,False
13,18708,4284,0,22992,1916,1559,2026-02-12,81.36743215031315,18.632567849686847,False
14,18708,4284,0,22992,1916,1559,2026-02-12,81.36743215031315,18.632567849686847,False
15,18708,4284,0,22992,1916,1559,2026-02-12,81.36743215031315,18.632567849686847,False
16,18708,4284,0,22992,1916,1559,2026-02-12,81.36743215031315,18.632567849686847,False
17,18708,4284,0,22992,1916,1559,2026-02-12,81.36743215031315,18.632567849686847,False
18,18708,4284,0,22992,1916,1559,2026-02-12,81.36743215031315,18.632567849686847,False
19,18708,4284,0,22992,1916,1559,2026-02-12,81.36743215031315,18.632567849686847,False
20,18708,4284,0,22992,1916,1559,2026-02-12,81.36743215031315,18.632567849686847,False
21,18708,4284,0,22992,1916,1559,2026-02-12,81.36743215031315,18.632567849686847,False
22,18704,4288,0,22992,1916,1558,2026-02-12,81.3500347947112,18.649965205288797,False
23,18700,4292,0,22992,1916,1558,2026-02-12,81.33263743910925,18.667362560890744,False
0,18878,4114,0,22992,1916,1573,2026-02-13,82.10681976339596,17.893180236604035,False
1,18876,4116,0,22992,1916,1573,2026-02-13,82.09812108559498,17.90187891440501,False
2,18876,4116,0,22992,1916,1573,2026-02-13,82.09812108559498,17.90187891440501,False
3,18880,4112,0,22992,1916,1573,2026-02-13,82.11551844119694,17.884481558803063,False
4,18887,4105,0,22992,1916,1573,2026-02-13,82.14596381350034,17.854036186499652,False
5,18888,4104,0,22992,1916,1574,2026-02-13,82.15031315240084,17.849686847599166,False
6,18888,4104,0,22992,1916,1574,2026-02-13,82.15031315240084,17.849686847599166,False
7,18888,4104,0,22992,1916,1574,2026-02-13,82.15031315240084,17.849686847599166,False
8,18889,4103,0,22992,1916,1574,2026-02-13,82.15466249130132,17.845337508698677,False
9,18888,4104,0,22992,1916,1574,2026-02-13,82.15031315240084,17.849686847599166,False
10,18888,4104,0,22992,1916,1574,2026-02-13,82.15031315240084,17.849686847599166,False
11,18888,4104,0,22992,1916,1574,2026-02-13,82.15031315240084,17.849686847599166,False
12,18888,4104,0,22992,1916,1574,2026-02-13,82.15031315240084,17.849686847599166,False
13,18888,4104,0,22992,1916,1574,2026-02-13,82.15031315240084,17.849686847599166,False
14,18888,4104,0,22992,1916,1574,2026-02-13,82.15031315240084,17.849686847599166,False
15,18888,4104,0,22992,1916,1574,2026-02-13,82.15031315240084,17.849686847599166,False
16,18888,4104,0,22992,1916,1574,2026-02-13,82.15031315240084,17.849686847599166,False
17,18888,4104,0,22992,1916,1574,2026-02-13,82.15031315240084,17.849686847599166,False
18,18888,4104,0,22992,1916,1574,2026-02-13,82.15031315240084,17.849686847599166,False
19,18888,4104,0,22992,1916,1574,2026-02-13,82.15031315240084,17.849686847599166,False
20,18888,4104,0,22992,1916,1574,2026-02-13,82.15031315240084,17.849686847599166,False
21,18888,4104,0,22992,1916,1574,2026-02-13,82.15031315240084,17.849686847599166,False
22,18888,4104,0,22992,1916,1573,2026-02-13,82.15031315240084,17.849686847599166,False
23,18887,4105,0,22992,1916,1573,2026-02-13,82.14596381350034,17.854036186499652,False
0,19595,3397,0,22992,1916,1632,2026-02-14,85.22529575504524,14.774704244954767,False
1,19578,3414,0,22992,1916,1631,2026-02-14,85.15135699373695,14.848643006263048,False
2,19585,3407,0,22992,1916,1631,2026-02-14,85.18180236604036,14.818197633959638,False
3,19583,3409,0,22992,1916,1631,2026-02-14,85.1731036882394,14.826896311760612,False
4,19588,3404,0,22992,1916,1631,2026-02-14,85.19485038274182,14.805149617258177,False
5,19593,3399,0,22992,1916,1631,2026-02-14,85.21659707724426,14.78340292275574,False
6,19593,3399,0,22992,1916,1632,2026-02-14,85.21659707724426,14.78340292275574,False
7,19592,3400,0,22992,1916,1632,2026-02-14,85.21224773834378,14.787752261656228,False
8,19584,3408,0,22992,1916,1632,2026-02-14,85.17745302713988,14.822546972860126,False
9,19584,3408,0,22992,1916,1632,2026-02-14,85.17745302713988,14.822546972860126,False
10,19584,3408,0,22992,1916,1632,2026-02-14,85.17745302713988,14.822546972860126,False
11,19584,3408,0,22992,1916,1632,2026-02-14,85.17745302713988,14.822546972860126,False
12,19584,3408,0,22992,1916,1632,2026-02-14,85.17745302713988,14.822546972860126,False
13,19584,3408,0,22992,1916,1632,2026-02-14,85.17745302713988,14.822546972860126,False
14,19585,3407,0,22992,1916,1632,2026-02-14,85.18180236604036,14.818197633959638,False
15,19584,3408,0,22992,1916,1632,2026-02-14,85.17745302713988,14.822546972860126,False
16,19584,3408,0,22992,1916,1632,2026-02-14,85.17745302713988,14.822546972860126,False
17,19584,3408,0,22992,1916,1632,2026-02-14,85.17745302713988,14.822546972860126,False
18,19584,3408,0,22992,1916,1632,2026-02-14,85.17745302713988,14.822546972860126,False
19,19584,3408,0,22992,1916,1632,2026-02-14,85.17745302713988,14.822546972860126,False
20,19584,3408,0,22992,1916,1632,2026-02-14,85.17745302713988,14.822546972860126,False
21,19585,3407,0,22992,1916,1631,2026-02-14,85.18180236604036,14.818197633959638,False
22,19591,3401,0,22992,1916,1631,2026-02-14,85.20789839944328,14.792101600556716,False
23,19593,3399,0,22992,1916,1631,2026-02-14,85.21659707724426,14.78340292275574,False
0,19433,3559,0,22992,1916,1619,2026-02-15,84.52070285316631,15.479297146833682,False
1,19430,3562,0,22992,1916,1619,2026-02-15,84.50765483646485,15.492345163535143,False
2,19428,3564,0,22992,1916,1619,2026-02-15,84.49895615866389,15.501043841336116,False
3,19431,3561,0,22992,1916,1619,2026-02-15,84.51200417536535,15.487995824634655,False
4,19430,3562,0,22992,1916,1619,2026-02-15,84.50765483646485,15.492345163535143,False
5,19431,3561,0,22992,1916,1619,2026-02-15,84.51200417536535,15.487995824634655,False
6,19434,3558,0,22992,1916,1619,2026-02-15,84.52505219206681,15.474947807933194,False
7,19438,3554,0,22992,1916,1619,2026-02-15,84.54244954766875,15.457550452331246,False
8,19439,3553,0,22992,1916,1619,2026-02-15,84.54679888656923,15.453201113430758,False
9,19440,3552,0,22992,1916,1620,2026-02-15,84.55114822546973,15.448851774530272,False
10,19440,3552,0,22992,1916,1620,2026-02-15,84.55114822546973,15.448851774530272,False
11,19440,3552,0,22992,1916,1620,2026-02-15,84.55114822546973,15.448851774530272,False
12,19440,3552,0,22992,1916,1620,2026-02-15,84.55114822546973,15.448851774530272,False
13,19440,3552,0,22992,1916,1620,2026-02-15,84.55114822546973,15.448851774530272,False
14,19440,3552,0,22992,1916,1620,2026-02-15,84.55114822546973,15.448851774530272,False
15,19440,3552,0,22992,1916,1620,2026-02-15,84.55114822546973,15.448851774530272,False
16,19440,3552,0,22992,1916,1620,2026-02-15,84.55114822546973,15.448851774530272,False
17,19440,3552,0,22992,1916,1620,2026-02-15,84.55114822546973,15.448851774530272,False
18,19440,3552,0,22992,1916,1620,2026-02-15,84.55114822546973,15.448851774530272,False
19,19439,3553,0,22992,1916,1619,2026-02-15,84.54679888656923,15.453201113430758,False
20,19439,3553,0,22992,1916,1619,2026-02-15,84.54679888656923,15.453201113430758,False
21,19439,3553,0,22992,1916,1619,2026-02-15,84.54679888656923,15.453201113430758,False
22,19438,3554,0,22992,1916,1619,2026-02-15,84.54244954766875,15.457550452331246,False
23,19433,3559,0,22992,1916,1619,2026-02-15,84.52070285316631,15.479297146833682,False
0,19391,3601,0,22992,1916,1615,2026-02-16,84.33803061934586,15.66196938065414,False
1,19391,3601,0,22992,1916,1615,2026-02-16,84.33803061934586,15.66196938065414,False
2,19380,3612,0,22992,1916,1615,2026-02-16,84.2901878914405,15.709812108559499,False
3,19380,3612,0,22992,1916,1615,2026-02-16,84.2901878914405,15.709812108559499,False
4,19387,3605,0,22992,1916,1615,2026-02-16,84.32063326374391,15.679366736256089,False
5,19392,3600,0,22992,1916,1616,2026-02-16,84.34237995824634,15.657620041753653,False
6,19392,3600,0,22992,1916,1616,2026-02-16,84.34237995824634,15.657620041753653,False
7,19392,3600,0,22992,1916,1616,2026-02-16,84.34237995824634,15.657620041753653,False
8,19402,3590,0,22992,1916,1616,2026-02-16,84.38587334725122,15.614126652748782,False
9,19397,3595,0,22992,1916,1615,2026-02-16,84.36412665274878,15.635873347251218,False
10,19394,3598,0,22992,1916,1615,2026-02-16,84.35107863604732,15.64892136395268,False
11,19397,3595,0,22992,1916,1615,2026-02-16,84.36412665274878,15.635873347251218,False
12,19400,3592,0,22992,1916,1616,2026-02-16,84.37717466945024,15.622825330549757,False
13,19399,3593,0,22992,1916,1615,2026-02-16,84.37282533054976,15.627174669450243,False
14,19391,3601,0,22992,1916,1615,2026-02-16,84.33803061934586,15.66196938065414,False
15,19392,3600,0,22992,1916,1616,2026-02-16,84.34237995824634,15.657620041753653,False
16,19395,3597,0,22992,1916,1616,2026-02-16,84.3554279749478,15.644572025052192,False
17,19404,3588,0,22992,1916,1617,2026-02-16,84.3945720250522,15.605427974947808,False
18,19396,3596,0,22992,1916,1616,2026-02-16,84.3597773138483,15.640222686151706,False
19,19391,3601,0,22992,1916,1615,2026-02-16,84.33803061934586,15.66196938065414,False
20,19392,3600,0,22992,1916,1616,2026-02-16,84.34237995824634,15.657620041753653,False
21,19398,3594,0,22992,1916,1615,2026-02-16,84.36847599164926,15.63152400835073,False
22,19385,3607,0,22992,1916,1615,2026-02-16,84.31193458594294,15.688065414057064,False
23,19384,3608,0,22992,1916,1615,2026-02-16,84.30758524704245,15.69241475295755,False
0,19212,3780,0,22992,1916,1601,2026-02-17,83.55949895615866,16.440501043841337,False
1,19212,3780,0,22992,1916,1601,2026-02-17,83.55949895615866,16.440501043841337,False
2,19216,3776,0,22992,1916,1601,2026-02-17,83.5768963117606,16.423103688239387,False
3,19220,3772,0,22992,1916,1601,2026-02-17,83.59429366736256,16.40570633263744,False
4,19222,3770,0,22992,1916,1601,2026-02-17,83.60299234516353,16.397007654836464,False
5,19224,3768,0,22992,1916,1602,2026-02-17,83.61169102296451,16.38830897703549,False
6,19224,3768,0,22992,1916,1602,2026-02-17,83.61169102296451,16.38830897703549,False
7,19224,3768,0,22992,1916,1602,2026-02-17,83.61169102296451,16.38830897703549,False
8,19224,3768,0,22992,1916,1602,2026-02-17,83.61169102296451,16.38830897703549,False
9,19224,3768,0,22992,1916,1602,2026-02-17,83.61169102296451,16.38830897703549,False
10,19224,3768,0,22992,1916,1602,2026-02-17,83.61169102296451,16.38830897703549,False
11,19224,3768,0,22992,1916,1602,2026-02-17,83.61169102296451,16.38830897703549,False
12,19224,3768,0,22992,1916,1602,2026-02-17,83.61169102296451,16.38830897703549,False
13,19224,3768,0,22992,1916,1602,2026-02-17,83.61169102296451,16.38830897703549,False
14,19224,3768,0,22992,1916,1602,2026-02-17,83.61169102296451,16.38830897703549,False
15,19224,3768,0,22992,1916,1602,2026-02-17,83.61169102296451,16.38830897703549,False
16,19224,3768,0,22992,1916,1602,2026-02-17,83.61169102296451,16.38830897703549,False
17,19225,3767,0,22992,1916,1602,2026-02-17,83.61604036186499,16.383959638135003,False
18,19230,3762,0,22992,1916,1602,2026-02-17,83.63778705636743,16.362212943632567,False
19,19235,3757,0,22992,1916,1602,2026-02-17,83.65953375086987,16.34046624913013,False
20,19231,3761,0,22992,1916,1601,2026-02-17,83.64213639526793,16.35786360473208,False
21,19234,3758,0,22992,1916,1602,2026-02-17,83.65518441196939,16.34481558803062,False
22,19230,3762,0,22992,1916,1601,2026-02-17,83.63778705636743,16.362212943632567,False
23,19221,3771,0,22992,1916,1601,2026-02-17,83.59864300626305,16.40135699373695,False
0,19321,3671,0,22992,1916,1610,2026-02-18,84.03357689631176,15.96642310368824,False
1,19320,3672,0,22992,1916,1610,2026-02-18,84.02922755741128,15.970772442588727,False
2,19321,3671,0,22992,1916,1610,2026-02-18,84.03357689631176,15.96642310368824,False
3,19325,3667,0,22992,1916,1610,2026-02-18,84.05097425191371,15.94902574808629,False
4,19331,3661,0,22992,1916,1610,2026-02-18,84.07707028531664,15.922929714683368,False
5,19332,3660,0,22992,1916,1611,2026-02-18,84.08141962421712,15.91858037578288,False
6,19332,3660,0,22992,1916,1611,2026-02-18,84.08141962421712,15.91858037578288,False
7,19332,3660,0,22992,1916,1611,2026-02-18,84.08141962421712,15.91858037578288,False
8,19332,3660,0,22992,1916,1611,2026-02-18,84.08141962421712,15.91858037578288,False
9,19332,3660,0,22992,1916,1611,2026-02-18,84.08141962421712,15.91858037578288,False
10,19332,3660,0,22992,1916,1611,2026-02-18,84.08141962421712,15.91858037578288,False
11,19332,3660,0,22992,1916,1611,2026-02-18,84.08141962421712,15.91858037578288,False
12,19332,3660,0,22992,1916,1611,2026-02-18,84.08141962421712,15.91858037578288,False
13,19332,3660,0,22992,1916,1611,2026-02-18,84.08141962421712,15.91858037578288,False
14,19332,3660,0,22992,1916,1611,2026-02-18,84.08141962421712,15.91858037578288,False
15,19338,3654,0,22992,1916,1611,2026-02-18,84.10751565762004,15.892484342379959,False
16,19344,3648,0,22992,1916,1611,2026-02-18,84.13361169102296,15.866388308977035,False
17,19344,3648,0,22992,1916,1612,2026-02-18,84.13361169102296,15.866388308977035,False
18,19344,3648,0,22992,1916,1611,2026-02-18,84.13361169102296,15.866388308977035,False
19,19344,3648,0,22992,1916,1612,2026-02-18,84.13361169102296,15.866388308977035,False
20,19344,3648,0,22992,1916,1612,2026-02-18,84.13361169102296,15.866388308977035,False
21,19344,3648,0,22992,1916,1612,2026-02-18,84.13361169102296,15.866388308977035,False
22,19342,3650,0,22992,1916,1611,2026-02-18,84.12491301322198,15.87508698677801,False
23,19334,3658,0,22992,1916,1611,2026-02-18,84.0901183020181,15.909881697981907,False
0,19561,3431,0,22992,1916,1630,2026-02-19,85.07741823242867,14.922581767571328,False
1,19560,3432,0,22992,1916,1630,2026-02-19,85.07306889352819,14.926931106471816,False
2,19560,3432,0,22992,1916,1630,2026-02-19,85.07306889352819,14.926931106471816,False
3,19560,3432,0,22992,1916,1630,2026-02-19,85.07306889352819,14.926931106471816,False
4,19560,3432,0,22992,1916,1630,2026-02-19,85.07306889352819,14.926931106471816,False
5,19560,3432,0,22992,1916,1630,2026-02-19,85.07306889352819,14.926931106471816,False
6,19560,3432,0,22992,1916,1630,2026-02-19,85.07306889352819,14.926931106471816,False
7,19560,3432,0,22992,1916,1630,2026-02-19,85.07306889352819,14.926931106471816,False
8,19560,3432,0,22992,1916,1630,2026-02-19,85.07306889352819,14.926931106471816,False
9,19560,3432,0,22992,1916,1630,2026-02-19,85.07306889352819,14.926931106471816,False
10,19560,3432,0,22992,1916,1630,2026-02-19,85.07306889352819,14.926931106471816,False
11,19560,3432,0,22992,1916,1630,2026-02-19,85.07306889352819,14.926931106471816,False
12,19560,3432,0,22992,1916,1630,2026-02-19,85.07306889352819,14.926931106471816,False
13,19560,3432,0,22992,1916,1630,2026-02-19,85.07306889352819,14.926931106471816,False
14,19560,3432,0,22992,1916,1630,2026-02-19,85.07306889352819,14.926931106471816,False
15,19560,3432,0,22992,1916,1630,2026-02-19,85.07306889352819,14.926931106471816,False
16,19560,3432,0,22992,1916,1630,2026-02-19,85.07306889352819,14.926931106471816,False
17,19560,3432,0,22992,1916,1630,2026-02-19,85.07306889352819,14.926931106471816,False
18,19560,3432,0,22992,1916,1630,2026-02-19,85.07306889352819,14.926931106471816,False
19,19560,3432,0,22992,1916,1630,2026-02-19,85.07306889352819,14.926931106471816,False
20,19560,3432,0,22992,1916,1630,2026-02-19,85.07306889352819,14.926931106471816,False
21,19560,3432,0,22992,1916,1630,2026-02-19,85.07306889352819,14.926931106471816,False
22,19560,3432,0,22992,1916,1630,2026-02-19,85.07306889352819,14.926931106471816,False
23,19560,3432,0,22992,1916,1630,2026-02-19,85.07306889352819,14.926931106471816,False
0,19416,3576,0,22992,1916,1618,2026-02-20,84.44676409185804,15.553235908141962,False
1,19404,3588,0,22992,1916,1617,2026-02-20,84.3945720250522,15.605427974947808,False
2,19407,3585,0,22992,1916,1617,2026-02-20,84.40762004175366,15.592379958246347,False
3,19413,3579,0,22992,1916,1617,2026-02-20,84.43371607515658,15.566283924843423,False
4,19416,3576,0,22992,1916,1618,2026-02-20,84.44676409185804,15.553235908141962,False
5,19416,3576,0,22992,1916,1618,2026-02-20,84.44676409185804,15.553235908141962,False
6,19416,3576,0,22992,1916,1618,2026-02-20,84.44676409185804,15.553235908141962,False
7,19416,3576,0,22992,1916,1618,2026-02-20,84.44676409185804,15.553235908141962,False
8,19416,3576,0,22992,1916,1618,2026-02-20,84.44676409185804,15.553235908141962,False
9,19416,3576,0,22992,1916,1618,2026-02-20,84.44676409185804,15.553235908141962,False
10,19416,3576,0,22992,1916,1618,2026-02-20,84.44676409185804,15.553235908141962,False
11,19416,3576,0,22992,1916,1618,2026-02-20,84.44676409185804,15.553235908141962,False
12,19416,3576,0,22992,1916,1618,2026-02-20,84.44676409185804,15.553235908141962,False
13,19416,3576,0,22992,1916,1618,2026-02-20,84.44676409185804,15.553235908141962,False
14,19416,3576,0,22992,1916,1618,2026-02-20,84.44676409185804,15.553235908141962,False
15,19416,3576,0,22992,1916,1618,2026-02-20,84.44676409185804,15.553235908141962,False
16,19416,3576,0,22992,1916,1618,2026-02-20,84.44676409185804,15.553235908141962,False
17,19416,3576,0,22992,1916,1618,2026-02-20,84.44676409185804,15.553235908141962,False
18,19416,3576,0,22992,1916,1618,2026-02-20,84.44676409185804,15.553235908141962,False
19,19417,3575,0,22992,1916,1618,2026-02-20,84.45111343075853,15.548886569241475,False
20,19416,3576,0,22992,1916,1618,2026-02-20,84.44676409185804,15.553235908141962,False
21,19416,3576,0,22992,1916,1618,2026-02-20,84.44676409185804,15.553235908141962,False
22,19416,3576,0,22992,1916,1618,2026-02-20,84.44676409185804,15.553235908141962,False
23,19416,3576,0,22992,1916,1617,2026-02-20,84.44676409185804,15.553235908141962,False
0,19651,3341,0,22992,1916,1637,2026-02-21,85.46885873347252,14.531141266527488,False
1,19647,3345,0,22992,1916,1637,2026-02-21,85.45146137787056,14.548538622129437,False
2,19645,3347,0,22992,1916,1637,2026-02-21,85.4427627000696,14.55723729993041,False
3,19647,3345,0,22992,1916,1637,2026-02-21,85.45146137787056,14.548538622129437,False
4,19648,3344,0,22992,1916,1637,2026-02-21,85.45581071677105,14.544189283228949,False
5,19655,3337,0,22992,1916,1637,2026-02-21,85.48625608907446,14.51374391092554,False
6,19656,3336,0,22992,1916,1637,2026-02-21,85.49060542797494,14.509394572025052,False
7,19668,3324,0,22992,1916,1639,2026-02-21,85.5427974947808,14.457202505219207,False
8,19668,3324,0,22992,1916,1639,2026-02-21,85.5427974947808,14.457202505219207,False
9,19668,3324,0,22992,1916,1639,2026-02-21,85.5427974947808,14.457202505219207,False
10,19668,3324,0,22992,1916,1639,2026-02-21,85.5427974947808,14.457202505219207,False
11,19668,3324,0,22992,1916,1639,2026-02-21,85.5427974947808,14.457202505219207,False
12,19668,3324,0,22992,1916,1639,2026-02-21,85.5427974947808,14.457202505219207,False
13,19668,3324,0,22992,1916,1639,2026-02-21,85.5427974947808,14.457202505219207,False
14,19668,3324,0,22992,1916,1639,2026-02-21,85.5427974947808,14.457202505219207,False
15,19668,3324,0,22992,1916,1639,2026-02-21,85.5427974947808,14.457202505219207,False
16,19668,3324,0,22992,1916,1639,2026-02-21,85.5427974947808,14.457202505219207,False
17,19668,3324,0,22992,1916,1639,2026-02-21,85.5427974947808,14.457202505219207,False
18,19668,3324,0,22992,1916,1639,2026-02-21,85.5427974947808,14.457202505219207,False
19,19668,3324,0,22992,1916,1639,2026-02-21,85.5427974947808,14.457202505219207,False
20,19668,3324,0,22992,1916,1639,2026-02-21,85.5427974947808,14.457202505219207,False
21,19668,3324,0,22992,1916,1638,2026-02-21,85.5427974947808,14.457202505219207,False
22,19669,3323,0,22992,1916,1638,2026-02-21,85.54714683368128,14.45285316631872,False
23,19667,3325,0,22992,1916,1638,2026-02-21,85.5384481558803,14.461551844119693,False
0,19762,3230,0,22992,1916,1646,2026-02-22,85.95163535142659,14.048364648573417,False
1,19754,3238,0,22992,1916,1646,2026-02-22,85.91684064022269,14.083159359777314,False
2,19753,3239,0,22992,1916,1646,2026-02-22,85.9124913013222,14.087508698677802,False
3,19753,3239,0,22992,1916,1646,2026-02-22,85.9124913013222,14.087508698677802,False
4,19754,3238,0,22992,1916,1646,2026-02-22,85.91684064022269,14.083159359777314,False
5,19755,3237,0,22992,1916,1646,2026-02-22,85.92118997912317,14.078810020876826,False
6,19762,3230,0,22992,1916,1646,2026-02-22,85.95163535142659,14.048364648573417,False
7,19760,3232,0,22992,1916,1646,2026-02-22,85.94293667362561,14.057063326374392,False
8,19763,3229,0,22992,1916,1646,2026-02-22,85.95598469032707,14.044015309672929,False
9,19764,3228,0,22992,1916,1647,2026-02-22,85.96033402922755,14.039665970772443,False
10,19764,3228,0,22992,1916,1647,2026-02-22,85.96033402922755,14.039665970772443,False
11,19765,3227,0,22992,1916,1647,2026-02-22,85.96468336812805,14.035316631871956,False
12,19767,3225,0,22992,1916,1647,2026-02-22,85.97338204592901,14.02661795407098,False
13,19764,3228,0,22992,1916,1647,2026-02-22,85.96033402922755,14.039665970772443,False
14,19764,3228,0,22992,1916,1647,2026-02-22,85.96033402922755,14.039665970772443,False
15,19764,3228,0,22992,1916,1647,2026-02-22,85.96033402922755,14.039665970772443,False
16,19764,3228,0,22992,1916,1647,2026-02-22,85.96033402922755,14.039665970772443,False
17,19766,3226,0,22992,1916,1647,2026-02-22,85.96903270702853,14.030967292971468,False
18,19766,3226,0,22992,1916,1647,2026-02-22,85.96903270702853,14.030967292971468,False
19,19764,3228,0,22992,1916,1647,2026-02-22,85.96033402922755,14.039665970772443,False
20,19764,3228,0,22992,1916,1647,2026-02-22,85.96033402922755,14.039665970772443,False
21,19764,3228,0,22992,1916,1647,2026-02-22,85.96033402922755,14.039665970772443,False
22,19760,3232,0,22992,1916,1646,2026-02-22,85.94293667362561,14.057063326374392,False
23,19758,3234,0,22992,1916,1646,2026-02-22,85.93423799582463,14.065762004175365,False
0,19705,3287,0,22992,1916,1642,2026-02-23,85.70372303409881,14.296276965901184,False
1,19705,3287,0,22992,1916,1642,2026-02-23,85.70372303409881,14.296276965901184,False
2,19704,3288,0,22992,1916,1642,2026-02-23,85.69937369519833,14.30062630480167,False
3,19708,3284,0,22992,1916,1642,2026-02-23,85.71677105080028,14.28322894919972,False
4,19715,3277,0,22992,1916,1642,2026-02-23,85.7472164231037,14.252783576896311,False
5,19716,3276,0,22992,1916,1643,2026-02-23,85.75156576200418,14.248434237995825,False
6,19716,3276,0,22992,1916,1643,2026-02-23,85.75156576200418,14.248434237995825,False
7,19716,3276,0,22992,1916,1643,2026-02-23,85.75156576200418,14.248434237995825,False
8,19716,3276,0,22992,1916,1643,2026-02-23,85.75156576200418,14.248434237995825,False
9,19716,3276,0,22992,1916,1643,2026-02-23,85.75156576200418,14.248434237995825,False
10,19716,3276,0,22992,1916,1643,2026-02-23,85.75156576200418,14.248434237995825,False
11,19716,3276,0,22992,1916,1643,2026-02-23,85.75156576200418,14.248434237995825,False
12,19716,3276,0,22992,1916,1643,2026-02-23,85.75156576200418,14.248434237995825,False
13,19716,3276,0,22992,1916,1643,2026-02-23,85.75156576200418,14.248434237995825,False
14,19716,3276,0,22992,1916,1643,2026-02-23,85.75156576200418,14.248434237995825,False
15,19716,3276,0,22992,1916,1643,2026-02-23,85.75156576200418,14.248434237995825,False
16,19716,3276,0,22992,1916,1643,2026-02-23,85.75156576200418,14.248434237995825,False
17,19717,3275,0,22992,1916,1643,2026-02-23,85.75591510090466,14.244084899095338,False
18,19719,3273,0,22992,1916,1643,2026-02-23,85.76461377870564,14.235386221294362,False
19,19717,3275,0,22992,1916,1642,2026-02-23,85.75591510090466,14.244084899095338,False
20,19717,3275,0,22992,1916,1643,2026-02-23,85.75591510090466,14.244084899095338,False
21,19718,3274,0,22992,1916,1642,2026-02-23,85.76026443980516,14.23973556019485,False
22,19714,3278,0,22992,1916,1642,2026-02-23,85.7428670842032,14.257132915796799,False
23,19708,3284,0,22992,1916,1642,2026-02-23,85.71677105080028,14.28322894919972,False
0,19693,3299,0,22992,1916,1641,2026-02-24,85.65153096729297,14.348469032707028,False
1,19693,3299,0,22992,1916,1641,2026-02-24,85.65153096729297,14.348469032707028,False
2,19692,3300,0,22992,1916,1641,2026-02-24,85.64718162839249,14.352818371607516,False
3,19698,3294,0,22992,1916,1641,2026-02-24,85.67327766179541,14.326722338204593,False
4,19703,3289,0,22992,1916,1641,2026-02-24,85.69502435629784,14.304975643702157,False
5,19704,3288,0,22992,1916,1642,2026-02-24,85.69937369519833,14.30062630480167,False
6,19704,3288,0,22992,1916,1642,2026-02-24,85.69937369519833,14.30062630480167,False
7,19704,3288,0,22992,1916,1642,2026-02-24,85.69937369519833,14.30062630480167,False
8,19704,3288,0,22992,1916,1642,2026-02-24,85.69937369519833,14.30062630480167,False
9,19704,3288,0,22992,1916,1642,2026-02-24,85.69937369519833,14.30062630480167,False
10,19704,3288,0,22992,1916,1642,2026-02-24,85.69937369519833,14.30062630480167,False
11,19704,3288,0,22992,1916,1642,2026-02-24,85.69937369519833,14.30062630480167,False
12,19704,3288,0,22992,1916,1642,2026-02-24,85.69937369519833,14.30062630480167,False
13,19704,3288,0,22992,1916,1642,2026-02-24,85.69937369519833,14.30062630480167,False
14,19704,3288,0,22992,1916,1642,2026-02-24,85.69937369519833,14.30062630480167,False
15,19704,3288,0,22992,1916,1642,2026-02-24,85.69937369519833,14.30062630480167,False
16,19704,3288,0,22992,1916,1642,2026-02-24,85.69937369519833,14.30062630480167,False
17,19704,3288,0,22992,1916,1642,2026-02-24,85.69937369519833,14.30062630480167,False
18,19704,3288,0,22992,1916,1642,2026-02-24,85.69937369519833,14.30062630480167,False
19,19704,3288,0,22992,1916,1642,2026-02-24,85.69937369519833,14.30062630480167,False
20,19703,3289,0,22992,1916,1641,2026-02-24,85.69502435629784,14.304975643702157,False
21,19704,3288,0,22992,1916,1642,2026-02-24,85.69937369519833,14.30062630480167,False
22,19704,3288,0,22992,1916,1641,2026-02-24,85.69937369519833,14.30062630480167,False
23,19697,3295,0,22992,1916,1641,2026-02-24,85.66892832289491,14.33107167710508,False
0,19730,3262,0,22992,1916,1644,2026-02-25,85.812456506611,14.187543493389004,False
1,19728,3264,0,22992,1916,1644,2026-02-25,85.80375782881002,14.19624217118998,False
2,19729,3263,0,22992,1916,1644,2026-02-25,85.8081071677105,14.191892832289492,False
3,19733,3259,0,22992,1916,1644,2026-02-25,85.82550452331246,14.174495476687543,False
4,19738,3254,0,22992,1916,1644,2026-02-25,85.84725121781489,14.152748782185109,False
5,19740,3252,0,22992,1916,1645,2026-02-25,85.85594989561586,14.144050104384133,False
6,19740,3252,0,22992,1916,1645,2026-02-25,85.85594989561586,14.144050104384133,False
7,19740,3252,0,22992,1916,1645,2026-02-25,85.85594989561586,14.144050104384133,False
8,19740,3252,0,22992,1916,1645,2026-02-25,85.85594989561586,14.144050104384133,False
9,19739,3253,0,22992,1916,1644,2026-02-25,85.85160055671538,14.148399443284621,False
10,19740,3252,0,22992,1916,1645,2026-02-25,85.85594989561586,14.144050104384133,False
11,19740,3252,0,22992,1916,1645,2026-02-25,85.85594989561586,14.144050104384133,False
12,19740,3252,0,22992,1916,1645,2026-02-25,85.85594989561586,14.144050104384133,False
13,19740,3252,0,22992,1916,1645,2026-02-25,85.85594989561586,14.144050104384133,False
14,19740,3252,0,22992,1916,1645,2026-02-25,85.85594989561586,14.144050104384133,False
15,19740,3252,0,22992,1916,1645,2026-02-25,85.85594989561586,14.144050104384133,False
16,19739,3253,0,22992,1916,1644,2026-02-25,85.85160055671538,14.148399443284621,False
17,19740,3252,0,22992,1916,1645,2026-02-25,85.85594989561586,14.144050104384133,False
18,19740,3252,0,22992,1916,1645,2026-02-25,85.85594989561586,14.144050104384133,False
19,19740,3252,0,22992,1916,1645,2026-02-25,85.85594989561586,14.144050104384133,False
20,19740,3252,0,22992,1916,1645,2026-02-25,85.85594989561586,14.144050104384133,False
21,19739,3253,0,22992,1916,1644,2026-02-25,85.85160055671538,14.148399443284621,False
22,19737,3255,0,22992,1916,1644,2026-02-25,85.8429018789144,14.157098121085594,False
23,19737,3255,0,22992,1916,1644,2026-02-25,85.8429018789144,14.157098121085594,False
0,19585,3407,0,22992,1916,1632,2026-02-26,85.18180236604036,14.818197633959638,False
1,19584,3408,0,22992,1916,1632,2026-02-26,85.17745302713988,14.822546972860126,False
2,19584,3408,0,22992,1916,1632,2026-02-26,85.17745302713988,14.822546972860126,False
3,19590,3402,0,22992,1916,1632,2026-02-26,85.2035490605428,14.796450939457202,False
4,19596,3396,0,22992,1916,1633,2026-02-26,85.22964509394572,14.77035490605428,False
5,19596,3396,0,22992,1916,1633,2026-02-26,85.22964509394572,14.77035490605428,False
6,19596,3396,0,22992,1916,1633,2026-02-26,85.22964509394572,14.77035490605428,False
7,19596,3396,0,22992,1916,1633,2026-02-26,85.22964509394572,14.77035490605428,False
8,19596,3396,0,22992,1916,1633,2026-02-26,85.22964509394572,14.77035490605428,False
9,19596,3396,0,22992,1916,1633,2026-02-26,85.22964509394572,14.77035490605428,False
10,19596,3396,0,22992,1916,1633,2026-02-26,85.22964509394572,14.77035490605428,False
11,19596,3396,0,22992,1916,1633,2026-02-26,85.22964509394572,14.77035490605428,False
12,19596,3396,0,22992,1916,1633,2026-02-26,85.22964509394572,14.77035490605428,False
13,19652,3340,0,22992,1916,1633,2026-02-26,85.473208072373,14.526791927627,False
14,19602,3390,0,22992,1916,1633,2026-02-26,85.25574112734864,14.744258872651358,False
15,19598,3394,0,22992,1916,1633,2026-02-26,85.2383437717467,14.761656228253306,False
16,19603,3389,0,22992,1916,1633,2026-02-26,85.26009046624912,14.73990953375087,False
17,19600,3392,0,22992,1916,1633,2026-02-26,85.24704244954766,14.752957550452331,False
18,19596,3396,0,22992,1916,1633,2026-02-26,85.22964509394572,14.77035490605428,False
19,19601,3391,0,22992,1916,1633,2026-02-26,85.25139178844816,14.748608211551844,False
20,19598,3394,0,22992,1916,1633,2026-02-26,85.2383437717467,14.761656228253306,False
21,19596,3396,0,22992,1916,1633,2026-02-26,85.22964509394572,14.77035490605428,False
22,19596,3396,0,22992,1916,1633,2026-02-26,85.22964509394572,14.77035490605428,False
23,19596,3396,0,22992,1916,1633,2026-02-26,85.22964509394572,14.77035490605428,False
0,20100,2892,0,22992,1916,1675,2026-02-27,87.42171189979123,12.578288100208768,False
1,20100,2892,0,22992,1916,1675,2026-02-27,87.42171189979123,12.578288100208768,False
2,20100,2892,0,22992,1916,1675,2026-02-27,87.42171189979123,12.578288100208768,False
3,20100,2892,0,22992,1916,1675,2026-02-27,87.42171189979123,12.578288100208768,False
4,20100,2892,0,22992,1916,1675,2026-02-27,87.42171189979123,12.578288100208768,False
5,20100,2892,0,22992,1916,1675,2026-02-27,87.42171189979123,12.578288100208768,False
6,20100,2892,0,22992,1916,1675,2026-02-27,87.42171189979123,12.578288100208768,False
7,20100,2892,0,22992,1916,1675,2026-02-27,87.42171189979123,12.578288100208768,False
8,20100,2892,0,22992,1916,1675,2026-02-27,87.42171189979123,12.578288100208768,False
9,20100,2892,0,22992,1916,1675,2026-02-27,87.42171189979123,12.578288100208768,False
10,20108,2884,0,22992,1916,1675,2026-02-27,87.45650661099513,12.54349338900487,False
11,20110,2882,0,22992,1916,1675,2026-02-27,87.4652052887961,12.534794711203897,False
12,20100,2892,0,22992,1916,1675,2026-02-27,87.42171189979123,12.578288100208768,False
13,20100,2892,0,22992,1916,1675,2026-02-27,87.42171189979123,12.578288100208768,False
14,20101,2891,0,22992,1916,1675,2026-02-27,87.42606123869172,12.57393876130828,False
15,20112,2880,0,22992,1916,1676,2026-02-27,87.47390396659708,12.526096033402922,False
16,20108,2884,0,22992,1916,1675,2026-02-27,87.45650661099513,12.54349338900487,False
17,20100,2892,0,22992,1916,1675,2026-02-27,87.42171189979123,12.578288100208768,False
18,20100,2892,0,22992,1916,1675,2026-02-27,87.42171189979123,12.578288100208768,False
19,20100,2892,0,22992,1916,1675,2026-02-27,87.42171189979123,12.578288100208768,False
20,20100,2892,0,22992,1916,1675,2026-02-27,87.42171189979123,12.578288100208768,False
21,21546,1446,0,22992,1916,1675,2026-02-27,93.71085594989562,6.289144050104384,False
22,22751,241,0,22992,1916,1675,2026-02-27,98.9518093249826,1.0481906750173973,True
23,20113,2879,0,22992,1916,1675,2026-02-27,87.47825330549756,12.521746694502436,False
0,22984,8,0,22992,1916,1915,2026-02-28,99.9652052887961,0.03479471120389701,True
1,22981,11,0,22992,1916,1915,2026-02-28,99.95215727209464,0.04784272790535839,True
2,22984,8,0,22992,1916,1915,2026-02-28,99.9652052887961,0.03479471120389701,True
3,22984,8,0,22992,1916,1915,2026-02-28,99.9652052887961,0.03479471120389701,True
4,22991,1,0,22992,1916,1915,2026-02-28,99.99565066109952,0.004349338900487126,True
5,22990,2,0,22992,1916,1915,2026-02-28,99.99130132219902,0.008698677800974252,True
6,22992,0,0,22992,1916,1916,2026-02-28,100.0,0.0,True
7,22992,0,0,22992,1916,1916,2026-02-28,100.0,0.0,True
8,22992,0,0,22992,1916,1916,2026-02-28,100.0,0.0,True
9,22992,0,0,22992,1916,1916,2026-02-28,100.0,0.0,True
10,22992,0,0,22992,1916,1916,2026-02-28,100.0,0.0,True
11,22992,0,0,22992,1916,1916,2026-02-28,100.0,0.0,True
12,22992,0,0,22992,1916,1916,2026-02-28,100.0,0.0,True
13,22992,0,0,22992,1916,1916,2026-02-28,100.0,0.0,True
14,22992,0,0,22992,1916,1916,2026-02-28,100.0,0.0,True
15,22992,0,0,22992,1916,1916,2026-02-28,100.0,0.0,True
16,22992,0,0,22992,1916,1916,2026-02-28,100.0,0.0,True
17,22992,0,0,22992,1916,1916,2026-02-28,100.0,0.0,True
18,22992,0,0,22992,1916,1916,2026-02-28,100.0,0.0,True
19,22992,0,0,22992,1916,1916,2026-02-28,100.0,0.0,True
20,22992,0,0,22992,1916,1916,2026-02-28,100.0,0.0,True
21,22992,0,0,22992,1916,1916,2026-02-28,100.0,0.0,True
22,22992,0,0,22992,1916,1916,2026-02-28,100.0,0.0,True
23,22991,1,0,22992,1916,1915,2026-02-28,99.99565066109952,0.004349338900487126,True
0,19714,3278,0,22992,1916,1642,2026-03-01,85.7428670842032,14.257132915796799,False
1,19706,3286,0,22992,1916,1642,2026-03-01,85.70807237299931,14.291927627000696,False
2,19719,3273,0,22992,1916,1642,2026-03-01,85.76461377870564,14.235386221294362,False
3,19713,3279,0,22992,1916,1642,2026-03-01,85.73851774530272,14.261482254697286,False
4,19705,3287,0,22992,1916,1642,2026-03-01,85.70372303409881,14.296276965901184,False
5,19709,3283,0,22992,1916,1642,2026-03-01,85.72112038970077,14.278879610299235,False
6,19716,3276,0,22992,1916,1643,2026-03-01,85.75156576200418,14.248434237995825,False
7,19723,3269,0,22992,1916,1642,2026-03-01,85.78201113430758,14.217988865692416,False
8,19721,3271,0,22992,1916,1642,2026-03-01,85.77331245650662,14.226687543493389,False
9,19716,3276,0,22992,1916,1643,2026-03-01,85.75156576200418,14.248434237995825,False
10,19716,3276,0,22992,1916,1643,2026-03-01,85.75156576200418,14.248434237995825,False
11,19716,3276,0,22992,1916,1643,2026-03-01,85.75156576200418,14.248434237995825,False
12,19716,3276,0,22992,1916,1643,2026-03-01,85.75156576200418,14.248434237995825,False
13,19716,3276,0,22992,1916,1643,2026-03-01,85.75156576200418,14.248434237995825,False
14,19716,3276,0,22992,1916,1643,2026-03-01,85.75156576200418,14.248434237995825,False
15,19720,3272,0,22992,1916,1643,2026-03-01,85.76896311760612,14.231036882393877,False
16,19728,3264,0,22992,1916,1644,2026-03-01,85.80375782881002,14.19624217118998,False
17,19728,3264,0,22992,1916,1644,2026-03-01,85.80375782881002,14.19624217118998,False
18,19728,3264,0,22992,1916,1644,2026-03-01,85.80375782881002,14.19624217118998,False
19,19724,3268,0,22992,1916,1642,2026-03-01,85.78636047320808,14.213639526791928,False
20,19716,3276,0,22992,1916,1643,2026-03-01,85.75156576200418,14.248434237995825,False
21,19715,3277,0,22992,1916,1642,2026-03-01,85.7472164231037,14.252783576896311,False
22,19714,3278,0,22992,1916,1642,2026-03-01,85.7428670842032,14.257132915796799,False
23,19715,3277,0,22992,1916,1642,2026-03-01,85.7472164231037,14.252783576896311,False
0,19682,3310,0,22992,1916,1640,2026-03-02,85.60368823938761,14.396311760612386,False
1,19684,3308,0,22992,1916,1640,2026-03-02,85.61238691718859,14.387613082811413,False
2,19685,3307,0,22992,1916,1640,2026-03-02,85.61673625608907,14.383263743910925,False
3,19687,3305,0,22992,1916,1640,2026-03-02,85.62543493389005,14.374565066109952,False
4,19692,3300,0,22992,1916,1641,2026-03-02,85.64718162839249,14.352818371607516,False
5,19690,3302,0,22992,1916,1640,2026-03-02,85.63848295059151,14.36151704940849,False
6,19692,3300,0,22992,1916,1641,2026-03-02,85.64718162839249,14.352818371607516,False
7,19693,3299,0,22992,1916,1641,2026-03-02,85.65153096729297,14.348469032707028,False
8,19692,3300,0,22992,1916,1641,2026-03-02,85.64718162839249,14.352818371607516,False
9,19692,3300,0,22992,1916,1641,2026-03-02,85.64718162839249,14.352818371607516,False
10,19692,3300,0,22992,1916,1641,2026-03-02,85.64718162839249,14.352818371607516,False
11,19692,3300,0,22992,1916,1641,2026-03-02,85.64718162839249,14.352818371607516,False
12,19692,3300,0,22992,1916,1641,2026-03-02,85.64718162839249,14.352818371607516,False
13,19692,3300,0,22992,1916,1641,2026-03-02,85.64718162839249,14.352818371607516,False
14,19692,3300,0,22992,1916,1641,2026-03-02,85.64718162839249,14.352818371607516,False
15,19692,3300,0,22992,1916,1641,2026-03-02,85.64718162839249,14.352818371607516,False
16,19692,3300,0,22992,1916,1641,2026-03-02,85.64718162839249,14.352818371607516,False
17,19693,3299,0,22992,1916,1641,2026-03-02,85.65153096729297,14.348469032707028,False
18,19694,3298,0,22992,1916,1641,2026-03-02,85.65588030619345,14.344119693806542,False
19,19695,3297,0,22992,1916,1641,2026-03-02,85.66022964509395,14.339770354906054,False
20,19694,3298,0,22992,1916,1641,2026-03-02,85.65588030619345,14.344119693806542,False
21,19706,3286,0,22992,1916,1642,2026-03-02,85.70807237299931,14.291927627000696,False
22,19707,3285,0,22992,1916,1642,2026-03-02,85.7124217118998,14.287578288100208,False
23,19700,3292,0,22992,1916,1641,2026-03-02,85.68197633959637,14.318023660403618,False
0,19639,3353,0,22992,1916,1636,2026-03-03,85.41666666666667,14.583333333333334,False
1,19634,3358,0,22992,1916,1636,2026-03-03,85.39491997216423,14.605080027835768,False
2,19635,3357,0,22992,1916,1636,2026-03-03,85.39926931106471,14.600730688935283,False
3,19636,3356,0,22992,1916,1636,2026-03-03,85.40361864996521,14.596381350034795,False
4,19644,3348,0,22992,1916,1637,2026-03-03,85.4384133611691,14.561586638830898,False
5,19644,3348,0,22992,1916,1637,2026-03-03,85.4384133611691,14.561586638830898,False
6,19644,3348,0,22992,1916,1637,2026-03-03,85.4384133611691,14.561586638830898,False
7,19644,3348,0,22992,1916,1637,2026-03-03,85.4384133611691,14.561586638830898,False
8,19644,3348,0,22992,1916,1637,2026-03-03,85.4384133611691,14.561586638830898,False
9,19645,3347,0,22992,1916,1637,2026-03-03,85.4427627000696,14.55723729993041,False
10,19644,3348,0,22992,1916,1637,2026-03-03,85.4384133611691,14.561586638830898,False
11,19644,3348,0,22992,1916,1637,2026-03-03,85.4384133611691,14.561586638830898,False
12,19644,3348,0,22992,1916,1637,2026-03-03,85.4384133611691,14.561586638830898,False
13,19644,3348,0,22992,1916,1637,2026-03-03,85.4384133611691,14.561586638830898,False
14,19644,3348,0,22992,1916,1637,2026-03-03,85.4384133611691,14.561586638830898,False
15,19644,3348,0,22992,1916,1637,2026-03-03,85.4384133611691,14.561586638830898,False
16,19644,3348,0,22992,1916,1637,2026-03-03,85.4384133611691,14.561586638830898,False
17,19644,3348,0,22992,1916,1637,2026-03-03,85.4384133611691,14.561586638830898,False
18,19644,3348,0,22992,1916,1637,2026-03-03,85.4384133611691,14.561586638830898,False
19,19644,3348,0,22992,1916,1637,2026-03-03,85.4384133611691,14.561586638830898,False
20,19644,3348,0,22992,1916,1637,2026-03-03,85.4384133611691,14.561586638830898,False
21,19645,3347,0,22992,1916,1637,2026-03-03,85.4427627000696,14.55723729993041,False
22,19642,3350,0,22992,1916,1636,2026-03-03,85.42971468336813,14.570285316631871,False
23,19638,3354,0,22992,1916,1636,2026-03-03,85.41231732776617,14.58768267223382,False
0,19780,3212,0,22992,1916,1648,2026-03-04,86.02992345163536,13.970076548364649,False
1,19776,3216,0,22992,1916,1648,2026-03-04,86.0125260960334,13.987473903966597,False
2,19779,3213,0,22992,1916,1648,2026-03-04,86.02557411273486,13.974425887265136,False
3,19783,3209,0,22992,1916,1648,2026-03-04,86.04297146833682,13.957028531663187,False
4,19787,3205,0,22992,1916,1648,2026-03-04,86.06036882393876,13.939631176061239,False
5,19788,3204,0,22992,1916,1649,2026-03-04,86.06471816283924,13.935281837160751,False
6,19788,3204,0,22992,1916,1649,2026-03-04,86.06471816283924,13.935281837160751,False
7,19788,3204,0,22992,1916,1649,2026-03-04,86.06471816283924,13.935281837160751,False
8,19788,3204,0,22992,1916,1649,2026-03-04,86.06471816283924,13.935281837160751,False
9,19788,3204,0,22992,1916,1649,2026-03-04,86.06471816283924,13.935281837160751,False
10,19788,3204,0,22992,1916,1649,2026-03-04,86.06471816283924,13.935281837160751,False
11,19788,3204,0,22992,1916,1649,2026-03-04,86.06471816283924,13.935281837160751,False
12,19788,3204,0,22992,1916,1649,2026-03-04,86.06471816283924,13.935281837160751,False
13,19788,3204,0,22992,1916,1649,2026-03-04,86.06471816283924,13.935281837160751,False
14,19788,3204,0,22992,1916,1649,2026-03-04,86.06471816283924,13.935281837160751,False
15,19788,3204,0,22992,1916,1649,2026-03-04,86.06471816283924,13.935281837160751,False
16,19788,3204,0,22992,1916,1649,2026-03-04,86.06471816283924,13.935281837160751,False
17,19788,3204,0,22992,1916,1649,2026-03-04,86.06471816283924,13.935281837160751,False
18,19788,3204,0,22992,1916,1649,2026-03-04,86.06471816283924,13.935281837160751,False
19,19788,3204,0,22992,1916,1649,2026-03-04,86.06471816283924,13.935281837160751,False
20,19788,3204,0,22992,1916,1649,2026-03-04,86.06471816283924,13.935281837160751,False
21,19788,3204,0,22992,1916,1649,2026-03-04,86.06471816283924,13.935281837160751,False
22,19788,3204,0,22992,1916,1649,2026-03-04,86.06471816283924,13.935281837160751,False
23,19785,3207,0,22992,1916,1648,2026-03-04,86.05167014613778,13.948329853862212,False
0,19541,3451,0,22992,1916,1628,2026-03-05,84.99043145441892,15.009568545581072,False
1,19537,3455,0,22992,1916,1628,2026-03-05,84.97303409881698,15.02696590118302,False
2,19537,3455,0,22992,1916,1628,2026-03-05,84.97303409881698,15.02696590118302,False
3,19540,3452,0,22992,1916,1628,2026-03-05,84.98608211551844,15.01391788448156,False
4,19548,3444,0,22992,1916,1629,2026-03-05,85.02087682672234,14.979123173277662,False
5,19548,3444,0,22992,1916,1629,2026-03-05,85.02087682672234,14.979123173277662,False
6,19548,3444,0,22992,1916,1629,2026-03-05,85.02087682672234,14.979123173277662,False
7,19548,3444,0,22992,1916,1629,2026-03-05,85.02087682672234,14.979123173277662,False
8,19549,3443,0,22992,1916,1629,2026-03-05,85.02522616562283,14.974773834377174,False
9,19548,3444,0,22992,1916,1629,2026-03-05,85.02087682672234,14.979123173277662,False
10,19548,3444,0,22992,1916,1629,2026-03-05,85.02087682672234,14.979123173277662,False
11,19548,3444,0,22992,1916,1629,2026-03-05,85.02087682672234,14.979123173277662,False
12,19548,3444,0,22992,1916,1629,2026-03-05,85.02087682672234,14.979123173277662,False
13,19548,3444,0,22992,1916,1629,2026-03-05,85.02087682672234,14.979123173277662,False
14,19548,3444,0,22992,1916,1629,2026-03-05,85.02087682672234,14.979123173277662,False
15,19548,3444,0,22992,1916,1629,2026-03-05,85.02087682672234,14.979123173277662,False
16,19548,3444,0,22992,1916,1629,2026-03-05,85.02087682672234,14.979123173277662,False
17,19548,3444,0,22992,1916,1629,2026-03-05,85.02087682672234,14.979123173277662,False
18,19548,3444,0,22992,1916,1629,2026-03-05,85.02087682672234,14.979123173277662,False
19,19548,3444,0,22992,1916,1629,2026-03-05,85.02087682672234,14.979123173277662,False
20,19548,3444,0,22992,1916,1629,2026-03-05,85.02087682672234,14.979123173277662,False
21,19549,3443,0,22992,1916,1629,2026-03-05,85.02522616562283,14.974773834377174,False
22,19548,3444,0,22992,1916,1629,2026-03-05,85.02087682672234,14.979123173277662,False
23,19544,3448,0,22992,1916,1628,2026-03-05,85.00347947112039,14.99652052887961,False
0,19591,3401,0,22992,1916,1632,2026-03-06,85.20789839944328,14.792101600556716,False
1,19585,3407,0,22992,1916,1632,2026-03-06,85.18180236604036,14.818197633959638,False
2,19584,3408,0,22992,1916,1632,2026-03-06,85.17745302713988,14.822546972860126,False
3,19588,3404,0,22992,1916,1632,2026-03-06,85.19485038274182,14.805149617258177,False
4,19591,3401,0,22992,1916,1632,2026-03-06,85.20789839944328,14.792101600556716,False
5,19596,3396,0,22992,1916,1633,2026-03-06,85.22964509394572,14.77035490605428,False
6,19596,3396,0,22992,1916,1633,2026-03-06,85.22964509394572,14.77035490605428,False
7,19596,3396,0,22992,1916,1633,2026-03-06,85.22964509394572,14.77035490605428,False
8,19596,3396,0,22992,1916,1633,2026-03-06,85.22964509394572,14.77035490605428,False
9,19596,3396,0,22992,1916,1633,2026-03-06,85.22964509394572,14.77035490605428,False
10,19596,3396,0,22992,1916,1633,2026-03-06,85.22964509394572,14.77035490605428,False
11,19596,3396,0,22992,1916,1633,2026-03-06,85.22964509394572,14.77035490605428,False
12,19596,3396,0,22992,1916,1633,2026-03-06,85.22964509394572,14.77035490605428,False
13,19596,3396,0,22992,1916,1633,2026-03-06,85.22964509394572,14.77035490605428,False
14,19596,3396,0,22992,1916,1633,2026-03-06,85.22964509394572,14.77035490605428,False
15,19596,3396,0,22992,1916,1633,2026-03-06,85.22964509394572,14.77035490605428,False
16,19596,3396,0,22992,1916,1633,2026-03-06,85.22964509394572,14.77035490605428,False
17,19596,3396,0,22992,1916,1633,2026-03-06,85.22964509394572,14.77035490605428,False
18,19596,3396,0,22992,1916,1633,2026-03-06,85.22964509394572,14.77035490605428,False
19,19597,3395,0,22992,1916,1633,2026-03-06,85.2339944328462,14.766005567153792,False
20,19599,3393,0,22992,1916,1633,2026-03-06,85.24269311064718,14.757306889352819,False
21,19596,3396,0,22992,1916,1633,2026-03-06,85.22964509394572,14.77035490605428,False
22,19596,3396,0,22992,1916,1633,2026-03-06,85.22964509394572,14.77035490605428,False
23,19592,3400,0,22992,1916,1632,2026-03-06,85.21224773834378,14.787752261656228,False
0,19589,3403,0,22992,1916,1632,2026-03-07,85.19919972164232,14.80080027835769,False
1,19590,3402,0,22992,1916,1632,2026-03-07,85.2035490605428,14.796450939457202,False
2,19588,3404,0,22992,1916,1632,2026-03-07,85.19485038274182,14.805149617258177,False
3,19586,3406,0,22992,1916,1632,2026-03-07,85.18615170494085,14.81384829505915,False
4,19587,3405,0,22992,1916,1632,2026-03-07,85.19050104384134,14.809498956158665,False
5,19593,3399,0,22992,1916,1632,2026-03-07,85.21659707724426,14.78340292275574,False
6,19596,3396,0,22992,1916,1633,2026-03-07,85.22964509394572,14.77035490605428,False
7,19596,3396,0,22992,1916,1633,2026-03-07,85.22964509394572,14.77035490605428,False
8,19596,3396,0,22992,1916,1633,2026-03-07,85.22964509394572,14.77035490605428,False
9,19596,3396,0,22992,1916,1633,2026-03-07,85.22964509394572,14.77035490605428,False
10,19596,3396,0,22992,1916,1633,2026-03-07,85.22964509394572,14.77035490605428,False
11,19596,3396,0,22992,1916,1633,2026-03-07,85.22964509394572,14.77035490605428,False
12,19596,3396,0,22992,1916,1633,2026-03-07,85.22964509394572,14.77035490605428,False
13,19596,3396,0,22992,1916,1633,2026-03-07,85.22964509394572,14.77035490605428,False
14,19596,3396,0,22992,1916,1633,2026-03-07,85.22964509394572,14.77035490605428,False
15,19596,3396,0,22992,1916,1633,2026-03-07,85.22964509394572,14.77035490605428,False
16,19596,3396,0,22992,1916,1633,2026-03-07,85.22964509394572,14.77035490605428,False
17,19597,3395,0,22992,1916,1633,2026-03-07,85.2339944328462,14.766005567153792,False
18,19596,3396,0,22992,1916,1633,2026-03-07,85.22964509394572,14.77035490605428,False
19,19596,3396,0,22992,1916,1633,2026-03-07,85.22964509394572,14.77035490605428,False
20,19597,3395,0,22992,1916,1633,2026-03-07,85.2339944328462,14.766005567153792,False
21,19595,3397,0,22992,1916,1632,2026-03-07,85.22529575504524,14.774704244954767,False
22,19596,3396,0,22992,1916,1633,2026-03-07,85.22964509394572,14.77035490605428,False
23,19596,3396,0,22992,1916,1633,2026-03-07,85.22964509394572,14.77035490605428,False
0,19518,3474,0,22992,1916,1626,2026-03-08,84.89039665970772,15.109603340292276,False
1,19520,3472,0,22992,1916,1626,2026-03-08,84.8990953375087,15.1009046624913,False
3,19519,3473,0,22992,1916,1626,2026-03-08,84.89474599860822,15.105254001391788,False
4,19515,3477,0,22992,1916,1626,2026-03-08,84.87734864300626,15.122651356993737,False
5,19522,3470,0,22992,1916,1626,2026-03-08,84.90779401530968,15.092205984690327,False
6,19518,3474,0,22992,1916,1626,2026-03-08,84.89039665970772,15.109603340292276,False
7,19523,3469,0,22992,1916,1626,2026-03-08,84.91214335421016,15.08785664578984,False
8,19524,3468,0,22992,1916,1627,2026-03-08,84.91649269311064,15.083507306889352,False
9,19524,3468,0,22992,1916,1627,2026-03-08,84.91649269311064,15.083507306889352,False
10,19524,3468,0,22992,1916,1627,2026-03-08,84.91649269311064,15.083507306889352,False
11,19524,3468,0,22992,1916,1627,2026-03-08,84.91649269311064,15.083507306889352,False
12,19524,3468,0,22992,1916,1627,2026-03-08,84.91649269311064,15.083507306889352,False
13,19524,3468,0,22992,1916,1627,2026-03-08,84.91649269311064,15.083507306889352,False
14,19524,3468,0,22992,1916,1627,2026-03-08,84.91649269311064,15.083507306889352,False
15,19524,3468,0,22992,1916,1627,2026-03-08,84.91649269311064,15.083507306889352,False
16,19524,3468,0,22992,1916,1627,2026-03-08,84.91649269311064,15.083507306889352,False
17,19524,3468,0,22992,1916,1627,2026-03-08,84.91649269311064,15.083507306889352,False
18,19522,3470,0,22992,1916,1626,2026-03-08,84.90779401530968,15.092205984690327,False
19,19524,3468,0,22992,1916,1627,2026-03-08,84.91649269311064,15.083507306889352,False
20,19524,3468,0,22992,1916,1627,2026-03-08,84.91649269311064,15.083507306889352,False
21,19524,3468,0,22992,1916,1627,2026-03-08,84.91649269311064,15.083507306889352,False
22,19522,3470,0,22992,1916,1626,2026-03-08,84.90779401530968,15.092205984690327,False
23,19523,3469,0,22992,1916,1626,2026-03-08,84.91214335421016,15.08785664578984,False
0,19621,3371,0,22992,1916,1635,2026-03-09,85.3383785664579,14.661621433542102,False
1,19622,3370,0,22992,1916,1635,2026-03-09,85.34272790535839,14.657272094641614,False
2,19609,3383,0,22992,1916,1634,2026-03-09,85.28618649965205,14.713813500347948,False
3,19615,3377,0,22992,1916,1634,2026-03-09,85.31228253305497,14.687717466945024,False
4,19619,3373,0,22992,1916,1634,2026-03-09,85.32967988865693,14.670320111343075,False
5,19620,3372,0,22992,1916,1635,2026-03-09,85.33402922755741,14.665970772442588,False
6,19620,3372,0,22992,1916,1635,2026-03-09,85.33402922755741,14.665970772442588,False
7,19620,3372,0,22992,1916,1635,2026-03-09,85.33402922755741,14.665970772442588,False
8,19620,3372,0,22992,1916,1635,2026-03-09,85.33402922755741,14.665970772442588,False
9,19620,3372,0,22992,1916,1635,2026-03-09,85.33402922755741,14.665970772442588,False
10,19620,3372,0,22992,1916,1635,2026-03-09,85.33402922755741,14.665970772442588,False
11,19620,3372,0,22992,1916,1635,2026-03-09,85.33402922755741,14.665970772442588,False
12,19621,3371,0,22992,1916,1635,2026-03-09,85.3383785664579,14.661621433542102,False
13,19620,3372,0,22992,1916,1635,2026-03-09,85.33402922755741,14.665970772442588,False
14,19620,3372,0,22992,1916,1635,2026-03-09,85.33402922755741,14.665970772442588,False
15,19620,3372,0,22992,1916,1635,2026-03-09,85.33402922755741,14.665970772442588,False
16,19620,3372,0,22992,1916,1635,2026-03-09,85.33402922755741,14.665970772442588,False
17,19620,3372,0,22992,1916,1635,2026-03-09,85.33402922755741,14.665970772442588,False
18,19621,3371,0,22992,1916,1635,2026-03-09,85.3383785664579,14.661621433542102,False
19,19624,3368,0,22992,1916,1635,2026-03-09,85.35142658315937,14.648573416840641,False
20,19620,3372,0,22992,1916,1634,2026-03-09,85.33402922755741,14.665970772442588,False
21,19620,3372,0,22992,1916,1635,2026-03-09,85.33402922755741,14.665970772442588,False
22,19619,3373,0,22992,1916,1634,2026-03-09,85.32967988865693,14.670320111343075,False
23,19616,3376,0,22992,1916,1634,2026-03-09,85.31663187195547,14.683368128044537,False
0,19448,3544,0,22992,1916,1620,2026-03-10,84.58594293667363,15.414057063326375,False
1,19443,3549,0,22992,1916,1620,2026-03-10,84.56419624217119,15.43580375782881,False
2,19444,3548,0,22992,1916,1620,2026-03-10,84.56854558107167,15.431454418928324,False
3,19446,3546,0,22992,1916,1620,2026-03-10,84.57724425887265,15.422755741127348,False
4,19451,3541,0,22992,1916,1620,2026-03-10,84.5989909533751,15.401009046624914,False
5,19452,3540,0,22992,1916,1621,2026-03-10,84.60334029227558,15.396659707724426,False
6,19452,3540,0,22992,1916,1621,2026-03-10,84.60334029227558,15.396659707724426,False
7,19452,3540,0,22992,1916,1621,2026-03-10,84.60334029227558,15.396659707724426,False
8,19452,3540,0,22992,1916,1621,2026-03-10,84.60334029227558,15.396659707724426,False
9,19452,3540,0,22992,1916,1621,2026-03-10,84.60334029227558,15.396659707724426,False
10,19452,3540,0,22992,1916,1621,2026-03-10,84.60334029227558,15.396659707724426,False
11,19452,3540,0,22992,1916,1621,2026-03-10,84.60334029227558,15.396659707724426,False
12,19452,3540,0,22992,1916,1621,2026-03-10,84.60334029227558,15.396659707724426,False
13,19452,3540,0,22992,1916,1621,2026-03-10,84.60334029227558,15.396659707724426,False
14,19452,3540,0,22992,1916,1621,2026-03-10,84.60334029227558,15.396659707724426,False
15,19452,3540,0,22992,1916,1621,2026-03-10,84.60334029227558,15.396659707724426,False
16,19452,3540,0,22992,1916,1621,2026-03-10,84.60334029227558,15.396659707724426,False
17,19452,3540,0,22992,1916,1621,2026-03-10,84.60334029227558,15.396659707724426,False
18,19452,3540,0,22992,1916,1621,2026-03-10,84.60334029227558,15.396659707724426,False
19,19452,3540,0,22992,1916,1621,2026-03-10,84.60334029227558,15.396659707724426,False
20,19452,3540,0,22992,1916,1621,2026-03-10,84.60334029227558,15.396659707724426,False
21,19452,3540,0,22992,1916,1621,2026-03-10,84.60334029227558,15.396659707724426,False
22,19451,3541,0,22992,1916,1620,2026-03-10,84.5989909533751,15.401009046624914,False
23,19449,3543,0,22992,1916,1620,2026-03-10,84.59029227557411,15.409707724425887,False
0,19508,3484,0,22992,1916,1625,2026-03-11,84.84690327070285,15.153096729297147,False
1,19512,3480,0,22992,1916,1625,2026-03-11,84.8643006263048,15.135699373695198,False
2,19505,3487,0,22992,1916,1625,2026-03-11,84.83385525400139,15.166144745998608,False
3,19506,3486,0,22992,1916,1625,2026-03-11,84.83820459290187,15.16179540709812,False
4,19511,3481,0,22992,1916,1625,2026-03-11,84.85995128740431,15.140048712595686,False
5,19512,3480,0,22992,1916,1626,2026-03-11,84.8643006263048,15.135699373695198,False
6,19512,3480,0,22992,1916,1626,2026-03-11,84.8643006263048,15.135699373695198,False
7,19512,3480,0,22992,1916,1626,2026-03-11,84.8643006263048,15.135699373695198,False
8,19512,3480,0,22992,1916,1626,2026-03-11,84.8643006263048,15.135699373695198,False
9,19512,3480,0,22992,1916,1626,2026-03-11,84.8643006263048,15.135699373695198,False
10,19512,3480,0,22992,1916,1626,2026-03-11,84.8643006263048,15.135699373695198,False
11,19512,3480,0,22992,1916,1626,2026-03-11,84.8643006263048,15.135699373695198,False
12,19512,3480,0,22992,1916,1626,2026-03-11,84.8643006263048,15.135699373695198,False
13,19512,3480,0,22992,1916,1626,2026-03-11,84.8643006263048,15.135699373695198,False
14,19512,3480,0,22992,1916,1626,2026-03-11,84.8643006263048,15.135699373695198,False
15,19512,3480,0,22992,1916,1626,2026-03-11,84.8643006263048,15.135699373695198,False
16,19512,3480,0,22992,1916,1626,2026-03-11,84.8643006263048,15.135699373695198,False
17,19512,3480,0,22992,1916,1626,2026-03-11,84.8643006263048,15.135699373695198,False
18,19512,3480,0,22992,1916,1626,2026-03-11,84.8643006263048,15.135699373695198,False
19,19512,3480,0,22992,1916,1626,2026-03-11,84.8643006263048,15.135699373695198,False
20,19512,3480,0,22992,1916,1626,2026-03-11,84.8643006263048,15.135699373695198,False
21,19512,3480,0,22992,1916,1626,2026-03-11,84.8643006263048,15.135699373695198,False
22,19512,3480,0,22992,1916,1626,2026-03-11,84.8643006263048,15.135699373695198,False
23,19503,3489,0,22992,1916,1625,2026-03-11,84.82515657620041,15.174843423799583,False
0,19616,3376,0,22992,1916,1634,2026-03-12,85.31663187195547,14.683368128044537,False
1,19613,3379,0,22992,1916,1634,2026-03-12,85.303583855254,14.696416144746,False
2,19609,3383,0,22992,1916,1634,2026-03-12,85.28618649965205,14.713813500347948,False
3,19615,3377,0,22992,1916,1634,2026-03-12,85.31228253305497,14.687717466945024,False
4,19618,3374,0,22992,1916,1634,2026-03-12,85.32533054975644,14.674669450243563,False
5,19620,3372,0,22992,1916,1635,2026-03-12,85.33402922755741,14.665970772442588,False
6,19620,3372,0,22992,1916,1635,2026-03-12,85.33402922755741,14.665970772442588,False
7,19620,3372,0,22992,1916,1635,2026-03-12,85.33402922755741,14.665970772442588,False
8,19620,3372,0,22992,1916,1635,2026-03-12,85.33402922755741,14.665970772442588,False
9,19620,3372,0,22992,1916,1635,2026-03-12,85.33402922755741,14.665970772442588,False
10,19620,3372,0,22992,1916,1635,2026-03-12,85.33402922755741,14.665970772442588,False
11,19620,3372,0,22992,1916,1635,2026-03-12,85.33402922755741,14.665970772442588,False
12,19620,3372,0,22992,1916,1635,2026-03-12,85.33402922755741,14.665970772442588,False
13,19620,3372,0,22992,1916,1635,2026-03-12,85.33402922755741,14.665970772442588,False
14,19620,3372,0,22992,1916,1635,2026-03-12,85.33402922755741,14.665970772442588,False
15,19620,3372,0,22992,1916,1635,2026-03-12,85.33402922755741,14.665970772442588,False
16,19620,3372,0,22992,1916,1635,2026-03-12,85.33402922755741,14.665970772442588,False
17,19620,3372,0,22992,1916,1635,2026-03-12,85.33402922755741,14.665970772442588,False
18,19620,3372,0,22992,1916,1635,2026-03-12,85.33402922755741,14.665970772442588,False
19,19620,3372,0,22992,1916,1635,2026-03-12,85.33402922755741,14.665970772442588,False
20,19620,3372,0,22992,1916,1635,2026-03-12,85.33402922755741,14.665970772442588,False
21,19620,3372,0,22992,1916,1635,2026-03-12,85.33402922755741,14.665970772442588,False
22,19620,3372,0,22992,1916,1635,2026-03-12,85.33402922755741,14.665970772442588,False
23,19614,3378,0,22992,1916,1634,2026-03-12,85.30793319415449,14.692066805845512,False
0,19753,3239,0,22992,1916,1646,2026-03-13,85.9124913013222,14.087508698677802,False
1,19763,3229,0,22992,1916,1646,2026-03-13,85.95598469032707,14.044015309672929,False
2,19754,3238,0,22992,1916,1646,2026-03-13,85.91684064022269,14.083159359777314,False
3,19759,3233,0,22992,1916,1646,2026-03-13,85.93858733472513,14.061412665274878,False
4,19760,3232,0,22992,1916,1646,2026-03-13,85.94293667362561,14.057063326374392,False
5,19764,3228,0,22992,1916,1647,2026-03-13,85.96033402922755,14.039665970772443,False
6,19764,3228,0,22992,1916,1647,2026-03-13,85.96033402922755,14.039665970772443,False
7,19764,3228,0,22992,1916,1647,2026-03-13,85.96033402922755,14.039665970772443,False
8,19764,3228,0,22992,1916,1647,2026-03-13,85.96033402922755,14.039665970772443,False
9,19764,3228,0,22992,1916,1647,2026-03-13,85.96033402922755,14.039665970772443,False
10,19764,3228,0,22992,1916,1647,2026-03-13,85.96033402922755,14.039665970772443,False
11,19764,3228,0,22992,1916,1647,2026-03-13,85.96033402922755,14.039665970772443,False
12,19764,3228,0,22992,1916,1647,2026-03-13,85.96033402922755,14.039665970772443,False
13,19764,3228,0,22992,1916,1647,2026-03-13,85.96033402922755,14.039665970772443,False
14,19764,3228,0,22992,1916,1647,2026-03-13,85.96033402922755,14.039665970772443,False
15,19764,3228,0,22992,1916,1647,2026-03-13,85.96033402922755,14.039665970772443,False
16,19764,3228,0,22992,1916,1647,2026-03-13,85.96033402922755,14.039665970772443,False
17,19764,3228,0,22992,1916,1647,2026-03-13,85.96033402922755,14.039665970772443,False
18,19764,3228,0,22992,1916,1647,2026-03-13,85.96033402922755,14.039665970772443,False
19,19764,3228,0,22992,1916,1647,2026-03-13,85.96033402922755,14.039665970772443,False
20,19764,3228,0,22992,1916,1647,2026-03-13,85.96033402922755,14.039665970772443,False
21,19764,3228,0,22992,1916,1647,2026-03-13,85.96033402922755,14.039665970772443,False
22,19764,3228,0,22992,1916,1647,2026-03-13,85.96033402922755,14.039665970772443,False
23,19762,3230,0,22992,1916,1646,2026-03-13,85.95163535142659,14.048364648573417,False
0,20118,2874,0,22992,1916,1676,2026-03-14,87.5,12.5,False
1,20117,2875,0,22992,1916,1676,2026-03-14,87.49565066109952,12.504349338900488,False
2,20119,2873,0,22992,1916,1676,2026-03-14,87.50434933890048,12.495650661099512,False
3,20116,2876,0,22992,1916,1676,2026-03-14,87.49130132219902,12.508698677800973,False
4,20118,2874,0,22992,1916,1676,2026-03-14,87.5,12.5,False
5,20122,2870,0,22992,1916,1676,2026-03-14,87.51739735560194,12.482602644398051,False
6,20122,2870,0,22992,1916,1676,2026-03-14,87.51739735560194,12.482602644398051,False
7,20124,2868,0,22992,1916,1677,2026-03-14,87.52609603340292,12.473903966597078,False
8,20124,2868,0,22992,1916,1677,2026-03-14,87.52609603340292,12.473903966597078,False
9,20124,2868,0,22992,1916,1677,2026-03-14,87.52609603340292,12.473903966597078,False
10,20124,2868,0,22992,1916,1677,2026-03-14,87.52609603340292,12.473903966597078,False
11,20124,2868,0,22992,1916,1677,2026-03-14,87.52609603340292,12.473903966597078,False
12,20124,2868,0,22992,1916,1677,2026-03-14,87.52609603340292,12.473903966597078,False
13,20124,2868,0,22992,1916,1677,2026-03-14,87.52609603340292,12.473903966597078,False
14,20124,2868,0,22992,1916,1677,2026-03-14,87.52609603340292,12.473903966597078,False
15,20124,2868,0,22992,1916,1677,2026-03-14,87.52609603340292,12.473903966597078,False
16,20125,2867,0,22992,1916,1677,2026-03-14,87.5304453723034,12.46955462769659,False
17,20124,2868,0,22992,1916,1677,2026-03-14,87.52609603340292,12.473903966597078,False
18,20124,2868,0,22992,1916,1677,2026-03-14,87.52609603340292,12.473903966597078,False
19,20124,2868,0,22992,1916,1677,2026-03-14,87.52609603340292,12.473903966597078,False
20,20124,2868,0,22992,1916,1677,2026-03-14,87.52609603340292,12.473903966597078,False
21,20124,2868,0,22992,1916,1677,2026-03-14,87.52609603340292,12.473903966597078,False
22,20124,2868,0,22992,1916,1677,2026-03-14,87.52609603340292,12.473903966597078,False
23,20124,2868,0,22992,1916,1677,2026-03-14,87.52609603340292,12.473903966597078,False
0,20316,2676,0,22992,1916,1693,2026-03-15,88.36116910229646,11.63883089770355,False
1,20309,2683,0,22992,1916,1692,2026-03-15,88.33072372999304,11.669276270006959,False
2,20312,2680,0,22992,1916,1692,2026-03-15,88.3437717466945,11.656228253305498,False
3,20309,2683,0,22992,1916,1692,2026-03-15,88.33072372999304,11.669276270006959,False
4,20310,2682,0,22992,1916,1692,2026-03-15,88.33507306889352,11.664926931106471,False
5,20306,2686,0,22992,1916,1692,2026-03-15,88.31767571329158,11.68232428670842,False
6,20316,2676,0,22992,1916,1693,2026-03-15,88.36116910229646,11.63883089770355,False
7,20316,2676,0,22992,1916,1693,2026-03-15,88.36116910229646,11.63883089770355,False
8,20316,2676,0,22992,1916,1693,2026-03-15,88.36116910229646,11.63883089770355,False
9,20316,2676,0,22992,1916,1693,2026-03-15,88.36116910229646,11.63883089770355,False
10,20316,2676,0,22992,1916,1693,2026-03-15,88.36116910229646,11.63883089770355,False
11,20316,2676,0,22992,1916,1693,2026-03-15,88.36116910229646,11.63883089770355,False
12,20316,2676,0,22992,1916,1693,2026-03-15,88.36116910229646,11.63883089770355,False
13,20316,2676,0,22992,1916,1693,2026-03-15,88.36116910229646,11.63883089770355,False
14,20316,2676,0,22992,1916,1693,2026-03-15,88.36116910229646,11.63883089770355,False
15,20316,2676,0,22992,1916,1693,2026-03-15,88.36116910229646,11.63883089770355,False
16,20316,2676,0,22992,1916,1693,2026-03-15,88.36116910229646,11.63883089770355,False
17,20316,2676,0,22992,1916,1693,2026-03-15,88.36116910229646,11.63883089770355,False
18,20316,2676,0,22992,1916,1693,2026-03-15,88.36116910229646,11.63883089770355,False
19,20316,2676,0,22992,1916,1693,2026-03-15,88.36116910229646,11.63883089770355,False
20,20316,2676,0,22992,1916,1693,2026-03-15,88.36116910229646,11.63883089770355,False
21,20316,2676,0,22992,1916,1693,2026-03-15,88.36116910229646,11.63883089770355,False
22,20316,2676,0,22992,1916,1693,2026-03-15,88.36116910229646,11.63883089770355,False
23,20313,2679,0,22992,1916,1692,2026-03-15,88.34812108559498,11.65187891440501,False
0,19732,3260,0,22992,1916,1644,2026-03-16,85.82115518441196,14.17884481558803,False
1,19731,3261,0,22992,1916,1644,2026-03-16,85.81680584551148,14.183194154488518,False
2,19728,3264,0,22992,1916,1644,2026-03-16,85.80375782881002,14.19624217118998,False
3,19731,3261,0,22992,1916,1644,2026-03-16,85.81680584551148,14.183194154488518,False
4,19739,3253,0,22992,1916,1644,2026-03-16,85.85160055671538,14.148399443284621,False
5,19740,3252,0,22992,1916,1645,2026-03-16,85.85594989561586,14.144050104384133,False
6,19740,3252,0,22992,1916,1645,2026-03-16,85.85594989561586,14.144050104384133,False
7,19740,3252,0,22992,1916,1645,2026-03-16,85.85594989561586,14.144050104384133,False
8,19740,3252,0,22992,1916,1645,2026-03-16,85.85594989561586,14.144050104384133,False
9,19740,3252,0,22992,1916,1645,2026-03-16,85.85594989561586,14.144050104384133,False
10,19740,3252,0,22992,1916,1645,2026-03-16,85.85594989561586,14.144050104384133,False
11,19740,3252,0,22992,1916,1645,2026-03-16,85.85594989561586,14.144050104384133,False
12,19740,3252,0,22992,1916,1645,2026-03-16,85.85594989561586,14.144050104384133,False
13,19740,3252,0,22992,1916,1645,2026-03-16,85.85594989561586,14.144050104384133,False
14,19740,3252,0,22992,1916,1645,2026-03-16,85.85594989561586,14.144050104384133,False
15,19740,3252,0,22992,1916,1645,2026-03-16,85.85594989561586,14.144050104384133,False
16,19740,3252,0,22992,1916,1645,2026-03-16,85.85594989561586,14.144050104384133,False
17,19740,3252,0,22992,1916,1645,2026-03-16,85.85594989561586,14.144050104384133,False
18,19741,3251,0,22992,1916,1645,2026-03-16,85.86029923451635,14.139700765483646,False
19,19741,3251,0,22992,1916,1645,2026-03-16,85.86029923451635,14.139700765483646,False
20,19740,3252,0,22992,1916,1645,2026-03-16,85.85594989561586,14.144050104384133,False
21,19742,3250,0,22992,1916,1645,2026-03-16,85.86464857341684,14.13535142658316,False
22,19742,3250,0,22992,1916,1644,2026-03-16,85.86464857341684,14.13535142658316,False
23,19742,3250,0,22992,1916,1645,2026-03-16,85.86464857341684,14.13535142658316,False
0,19852,3140,0,22992,1916,1654,2026-03-17,86.34307585247042,13.656924147529576,False
1,19856,3136,0,22992,1916,1654,2026-03-17,86.36047320807238,13.639526791927628,False
2,19854,3138,0,22992,1916,1654,2026-03-17,86.3517745302714,13.648225469728601,False
3,19853,3139,0,22992,1916,1654,2026-03-17,86.34742519137092,13.652574808629089,False
4,19858,3134,0,22992,1916,1654,2026-03-17,86.36917188587334,13.630828114126652,False
5,19860,3132,0,22992,1916,1655,2026-03-17,86.37787056367432,13.622129436325679,False
6,19860,3132,0,22992,1916,1655,2026-03-17,86.37787056367432,13.622129436325679,False
7,19860,3132,0,22992,1916,1655,2026-03-17,86.37787056367432,13.622129436325679,False
8,19860,3132,0,22992,1916,1655,2026-03-17,86.37787056367432,13.622129436325679,False
9,19860,3132,0,22992,1916,1655,2026-03-17,86.37787056367432,13.622129436325679,False
10,19860,3132,0,22992,1916,1655,2026-03-17,86.37787056367432,13.622129436325679,False
11,19860,3132,0,22992,1916,1655,2026-03-17,86.37787056367432,13.622129436325679,False
12,19860,3132,0,22992,1916,1655,2026-03-17,86.37787056367432,13.622129436325679,False
13,19860,3132,0,22992,1916,1655,2026-03-17,86.37787056367432,13.622129436325679,False
14,19860,3132,0,22992,1916,1655,2026-03-17,86.37787056367432,13.622129436325679,False
15,19860,3132,0,22992,1916,1655,2026-03-17,86.37787056367432,13.622129436325679,False
16,19860,3132,0,22992,1916,1655,2026-03-17,86.37787056367432,13.622129436325679,False
17,19860,3132,0,22992,1916,1655,2026-03-17,86.37787056367432,13.622129436325679,False
18,19860,3132,0,22992,1916,1655,2026-03-17,86.37787056367432,13.622129436325679,False
19,19860,3132,0,22992,1916,1655,2026-03-17,86.37787056367432,13.622129436325679,False
20,19860,3132,0,22992,1916,1655,2026-03-17,86.37787056367432,13.622129436325679,False
21,19860,3132,0,22992,1916,1655,2026-03-17,86.37787056367432,13.622129436325679,False
22,19859,3133,0,22992,1916,1654,2026-03-17,86.37352122477384,13.626478775226166,False
23,19853,3139,0,22992,1916,1654,2026-03-17,86.34742519137092,13.652574808629089,False
0,19675,3317,0,22992,1916,1639,2026-03-18,85.5732428670842,14.426757132915796,False
1,19671,3321,0,22992,1916,1639,2026-03-18,85.55584551148226,14.444154488517745,False
2,19672,3320,0,22992,1916,1639,2026-03-18,85.56019485038274,14.439805149617259,False
3,19673,3319,0,22992,1916,1639,2026-03-18,85.56454418928323,14.435455810716771,False
4,19680,3312,0,22992,1916,1640,2026-03-18,85.59498956158664,14.405010438413361,False
5,19680,3312,0,22992,1916,1640,2026-03-18,85.59498956158664,14.405010438413361,False
6,19680,3312,0,22992,1916,1640,2026-03-18,85.59498956158664,14.405010438413361,False
7,19680,3312,0,22992,1916,1640,2026-03-18,85.59498956158664,14.405010438413361,False
8,19680,3312,0,22992,1916,1640,2026-03-18,85.59498956158664,14.405010438413361,False
9,19680,3312,0,22992,1916,1640,2026-03-18,85.59498956158664,14.405010438413361,False
10,19680,3312,0,22992,1916,1640,2026-03-18,85.59498956158664,14.405010438413361,False
11,19680,3312,0,22992,1916,1640,2026-03-18,85.59498956158664,14.405010438413361,False
12,19680,3312,0,22992,1916,1640,2026-03-18,85.59498956158664,14.405010438413361,False
13,19680,3312,0,22992,1916,1640,2026-03-18,85.59498956158664,14.405010438413361,False
14,19680,3312,0,22992,1916,1640,2026-03-18,85.59498956158664,14.405010438413361,False
15,19680,3312,0,22992,1916,1640,2026-03-18,85.59498956158664,14.405010438413361,False
16,19680,3312,0,22992,1916,1640,2026-03-18,85.59498956158664,14.405010438413361,False
17,19680,3312,0,22992,1916,1640,2026-03-18,85.59498956158664,14.405010438413361,False
18,19680,3312,0,22992,1916,1640,2026-03-18,85.59498956158664,14.405010438413361,False
19,19680,3312,0,22992,1916,1640,2026-03-18,85.59498956158664,14.405010438413361,False
20,19680,3312,0,22992,1916,1640,2026-03-18,85.59498956158664,14.405010438413361,False
21,19680,3312,0,22992,1916,1640,2026-03-18,85.59498956158664,14.405010438413361,False
22,19683,3309,0,22992,1916,1640,2026-03-18,85.6080375782881,14.3919624217119,False
23,19674,3318,0,22992,1916,1639,2026-03-18,85.56889352818372,14.431106471816284,False
0,19620,3372,0,22992,1916,1635,2026-03-19,85.33402922755741,14.665970772442588,False
1,19622,3370,0,22992,1916,1635,2026-03-19,85.34272790535839,14.657272094641614,False
2,19620,3372,0,22992,1916,1635,2026-03-19,85.33402922755741,14.665970772442588,False
3,19631,3361,0,22992,1916,1635,2026-03-19,85.38187195546277,14.61812804453723,False
4,19630,3362,0,22992,1916,1635,2026-03-19,85.37752261656229,14.622477383437717,False
5,19632,3360,0,22992,1916,1636,2026-03-19,85.38622129436325,14.613778705636744,False
6,19632,3360,0,22992,1916,1636,2026-03-19,85.38622129436325,14.613778705636744,False
7,19632,3360,0,22992,1916,1636,2026-03-19,85.38622129436325,14.613778705636744,False
8,19632,3360,0,22992,1916,1636,2026-03-19,85.38622129436325,14.613778705636744,False
9,19632,3360,0,22992,1916,1636,2026-03-19,85.38622129436325,14.613778705636744,False
10,19632,3360,0,22992,1916,1636,2026-03-19,85.38622129436325,14.613778705636744,False
11,19632,3360,0,22992,1916,1636,2026-03-19,85.38622129436325,14.613778705636744,False
12,19632,3360,0,22992,1916,1636,2026-03-19,85.38622129436325,14.613778705636744,False
13,19632,3360,0,22992,1916,1636,2026-03-19,85.38622129436325,14.613778705636744,False
14,19632,3360,0,22992,1916,1636,2026-03-19,85.38622129436325,14.613778705636744,False
15,19635,3357,0,22992,1916,1636,2026-03-19,85.39926931106471,14.600730688935283,False
16,19641,3351,0,22992,1916,1636,2026-03-19,85.42536534446764,14.574634655532359,False
17,19641,3351,0,22992,1916,1636,2026-03-19,85.42536534446764,14.574634655532359,False
18,19634,3358,0,22992,1916,1636,2026-03-19,85.39491997216423,14.605080027835768,False
19,19636,3356,0,22992,1916,1636,2026-03-19,85.40361864996521,14.596381350034795,False
20,19634,3358,0,22992,1916,1636,2026-03-19,85.39491997216423,14.605080027835768,False
21,19638,3354,0,22992,1916,1636,2026-03-19,85.41231732776617,14.58768267223382,False
22,19636,3356,0,22992,1916,1635,2026-03-19,85.40361864996521,14.596381350034795,False
23,19633,3359,0,22992,1916,1636,2026-03-19,85.39057063326375,14.609429366736256,False
0,19832,3160,0,22992,1916,1652,2026-03-20,86.25608907446068,13.743910925539318,False
1,19832,3160,0,22992,1916,1652,2026-03-20,86.25608907446068,13.743910925539318,False
2,19826,3166,0,22992,1916,1652,2026-03-20,86.22999304105775,13.770006958942242,False
3,19830,3162,0,22992,1916,1652,2026-03-20,86.24739039665971,13.752609603340293,False
4,19836,3156,0,22992,1916,1653,2026-03-20,86.27348643006263,13.726513569937369,False
5,19836,3156,0,22992,1916,1653,2026-03-20,86.27348643006263,13.726513569937369,False
6,19836,3156,0,22992,1916,1653,2026-03-20,86.27348643006263,13.726513569937369,False
7,19836,3156,0,22992,1916,1653,2026-03-20,86.27348643006263,13.726513569937369,False
8,19836,3156,0,22992,1916,1653,2026-03-20,86.27348643006263,13.726513569937369,False
9,19836,3156,0,22992,1916,1653,2026-03-20,86.27348643006263,13.726513569937369,False
10,19836,3156,0,22992,1916,1653,2026-03-20,86.27348643006263,13.726513569937369,False
11,19836,3156,0,22992,1916,1653,2026-03-20,86.27348643006263,13.726513569937369,False
12,19836,3156,0,22992,1916,1653,2026-03-20,86.27348643006263,13.726513569937369,False
13,19836,3156,0,22992,1916,1653,2026-03-20,86.27348643006263,13.726513569937369,False
14,19836,3156,0,22992,1916,1653,2026-03-20,86.27348643006263,13.726513569937369,False
15,19836,3156,0,22992,1916,1653,2026-03-20,86.27348643006263,13.726513569937369,False
16,19837,3155,0,22992,1916,1653,2026-03-20,86.27783576896312,13.722164231036883,False
17,19836,3156,0,22992,1916,1653,2026-03-20,86.27348643006263,13.726513569937369,False
18,19836,3156,0,22992,1916,1653,2026-03-20,86.27348643006263,13.726513569937369,False
19,19836,3156,0,22992,1916,1653,2026-03-20,86.27348643006263,13.726513569937369,False
20,19836,3156,0,22992,1916,1653,2026-03-20,86.27348643006263,13.726513569937369,False
21,19836,3156,0,22992,1916,1653,2026-03-20,86.27348643006263,13.726513569937369,False
22,19835,3157,0,22992,1916,1652,2026-03-20,86.26913709116215,13.730862908837857,False
23,19832,3160,0,22992,1916,1652,2026-03-20,86.25608907446068,13.743910925539318,False
0,19882,3110,0,22992,1916,1656,2026-03-21,86.47355601948504,13.526443980514962,False
1,19880,3112,0,22992,1916,1656,2026-03-21,86.46485734168407,13.535142658315936,False
2,19877,3115,0,22992,1916,1656,2026-03-21,86.4518093249826,13.548190675017397,False
3,19879,3113,0,22992,1916,1656,2026-03-21,86.46050800278358,13.539491997216423,False
4,19884,3108,0,22992,1916,1657,2026-03-21,86.48225469728601,13.517745302713987,False
5,19881,3111,0,22992,1916,1656,2026-03-21,86.46920668058455,13.53079331941545,False
6,19884,3108,0,22992,1916,1657,2026-03-21,86.48225469728601,13.517745302713987,False
7,19884,3108,0,22992,1916,1657,2026-03-21,86.48225469728601,13.517745302713987,False
8,19884,3108,0,22992,1916,1657,2026-03-21,86.48225469728601,13.517745302713987,False
9,19884,3108,0,22992,1916,1657,2026-03-21,86.48225469728601,13.517745302713987,False
10,19884,3108,0,22992,1916,1657,2026-03-21,86.48225469728601,13.517745302713987,False
11,19884,3108,0,22992,1916,1657,2026-03-21,86.48225469728601,13.517745302713987,False
12,19884,3108,0,22992,1916,1657,2026-03-21,86.48225469728601,13.517745302713987,False
13,19884,3108,0,22992,1916,1657,2026-03-21,86.48225469728601,13.517745302713987,False
14,19884,3108,0,22992,1916,1657,2026-03-21,86.48225469728601,13.517745302713987,False
15,19884,3108,0,22992,1916,1657,2026-03-21,86.48225469728601,13.517745302713987,False
16,19884,3108,0,22992,1916,1657,2026-03-21,86.48225469728601,13.517745302713987,False
17,19884,3108,0,22992,1916,1657,2026-03-21,86.48225469728601,13.517745302713987,False
18,19884,3108,0,22992,1916,1657,2026-03-21,86.48225469728601,13.517745302713987,False
19,19882,3110,0,22992,1916,1656,2026-03-21,86.47355601948504,13.526443980514962,False
20,19884,3108,0,22992,1916,1657,2026-03-21,86.48225469728601,13.517745302713987,False
21,19884,3108,0,22992,1916,1657,2026-03-21,86.48225469728601,13.517745302713987,False
22,19884,3108,0,22992,1916,1657,2026-03-21,86.48225469728601,13.517745302713987,False
23,19884,3108,0,22992,1916,1657,2026-03-21,86.48225469728601,13.517745302713987,False
0,19981,3011,0,22992,1916,1665,2026-03-22,86.90414057063326,13.095859429366737,False
1,19977,3015,0,22992,1916,1664,2026-03-22,86.88674321503132,13.113256784968685,False
2,19971,3021,0,22992,1916,1664,2026-03-22,86.8606471816284,13.139352818371608,False
3,19973,3019,0,22992,1916,1664,2026-03-22,86.86934585942937,13.130654140570634,False
4,19975,3017,0,22992,1916,1664,2026-03-22,86.87804453723034,13.121955462769659,False
5,19975,3017,0,22992,1916,1664,2026-03-22,86.87804453723034,13.121955462769659,False
6,19976,3016,0,22992,1916,1664,2026-03-22,86.88239387613083,13.117606123869171,False
7,19977,3015,0,22992,1916,1664,2026-03-22,86.88674321503132,13.113256784968685,False
8,19979,3013,0,22992,1916,1664,2026-03-22,86.8954418928323,13.10455810716771,False
9,19980,3012,0,22992,1916,1665,2026-03-22,86.89979123173278,13.100208768267223,False
10,19980,3012,0,22992,1916,1665,2026-03-22,86.89979123173278,13.100208768267223,False
11,19980,3012,0,22992,1916,1665,2026-03-22,86.89979123173278,13.100208768267223,False
12,19980,3012,0,22992,1916,1665,2026-03-22,86.89979123173278,13.100208768267223,False
13,19980,3012,0,22992,1916,1665,2026-03-22,86.89979123173278,13.100208768267223,False
14,19980,3012,0,22992,1916,1665,2026-03-22,86.89979123173278,13.100208768267223,False
15,19980,3012,0,22992,1916,1665,2026-03-22,86.89979123173278,13.100208768267223,False
16,19979,3013,0,22992,1916,1664,2026-03-22,86.8954418928323,13.10455810716771,False
17,19980,3012,0,22992,1916,1665,2026-03-22,86.89979123173278,13.100208768267223,False
18,19980,3012,0,22992,1916,1665,2026-03-22,86.89979123173278,13.100208768267223,False
19,19980,3012,0,22992,1916,1665,2026-03-22,86.89979123173278,13.100208768267223,False
20,19980,3012,0,22992,1916,1665,2026-03-22,86.89979123173278,13.100208768267223,False
21,19980,3012,0,22992,1916,1665,2026-03-22,86.89979123173278,13.100208768267223,False
22,19982,3010,0,22992,1916,1665,2026-03-22,86.90848990953376,13.09151009046625,False
23,19977,3015,0,22992,1916,1664,2026-03-22,86.88674321503132,13.113256784968685,False
0,19755,3237,0,22992,1916,1646,2026-03-23,85.92118997912317,14.078810020876826,False
1,19757,3235,0,22992,1916,1646,2026-03-23,85.92988865692415,14.070111343075853,False
2,19753,3239,0,22992,1916,1646,2026-03-23,85.9124913013222,14.087508698677802,False
3,19752,3240,0,22992,1916,1646,2026-03-23,85.90814196242171,14.091858037578287,False
4,19761,3231,0,22992,1916,1646,2026-03-23,85.94728601252609,14.052713987473904,False
5,19764,3228,0,22992,1916,1647,2026-03-23,85.96033402922755,14.039665970772443,False
6,19764,3228,0,22992,1916,1647,2026-03-23,85.96033402922755,14.039665970772443,False
7,19764,3228,0,22992,1916,1647,2026-03-23,85.96033402922755,14.039665970772443,False
8,19764,3228,0,22992,1916,1647,2026-03-23,85.96033402922755,14.039665970772443,False
9,19764,3228,0,22992,1916,1647,2026-03-23,85.96033402922755,14.039665970772443,False
10,19764,3228,0,22992,1916,1647,2026-03-23,85.96033402922755,14.039665970772443,False
11,19764,3228,0,22992,1916,1647,2026-03-23,85.96033402922755,14.039665970772443,False
12,19764,3228,0,22992,1916,1647,2026-03-23,85.96033402922755,14.039665970772443,False
13,19764,3228,0,22992,1916,1647,2026-03-23,85.96033402922755,14.039665970772443,False
14,19764,3228,0,22992,1916,1647,2026-03-23,85.96033402922755,14.039665970772443,False
15,19764,3228,0,22992,1916,1647,2026-03-23,85.96033402922755,14.039665970772443,False
16,19764,3228,0,22992,1916,1647,2026-03-23,85.96033402922755,14.039665970772443,False
17,19764,3228,0,22992,1916,1647,2026-03-23,85.96033402922755,14.039665970772443,False
18,19764,3228,0,22992,1916,1647,2026-03-23,85.96033402922755,14.039665970772443,False
19,19763,3229,0,22992,1916,1646,2026-03-23,85.95598469032707,14.044015309672929,False
20,19764,3228,0,22992,1916,1647,2026-03-23,85.96033402922755,14.039665970772443,False
21,19764,3228,0,22992,1916,1646,2026-03-23,85.96033402922755,14.039665970772443,False
22,19762,3230,0,22992,1916,1646,2026-03-23,85.95163535142659,14.048364648573417,False
23,19756,3236,0,22992,1916,1646,2026-03-23,85.92553931802367,14.07446068197634,False
0,19681,3311,0,22992,1916,1640,2026-03-24,85.59933890048713,14.400661099512874,False
1,19683,3309,0,22992,1916,1640,2026-03-24,85.6080375782881,14.3919624217119,False
2,19680,3312,0,22992,1916,1640,2026-03-24,85.59498956158664,14.405010438413361,False
3,19682,3310,0,22992,1916,1640,2026-03-24,85.60368823938761,14.396311760612386,False
4,19692,3300,0,22992,1916,1641,2026-03-24,85.64718162839249,14.352818371607516,False
5,19692,3300,0,22992,1916,1641,2026-03-24,85.64718162839249,14.352818371607516,False
6,19692,3300,0,22992,1916,1641,2026-03-24,85.64718162839249,14.352818371607516,False
7,19692,3300,0,22992,1916,1641,2026-03-24,85.64718162839249,14.352818371607516,False
8,19694,3298,0,22992,1916,1641,2026-03-24,85.65588030619345,14.344119693806542,False
9,19692,3300,0,22992,1916,1641,2026-03-24,85.64718162839249,14.352818371607516,False
10,19692,3300,0,22992,1916,1641,2026-03-24,85.64718162839249,14.352818371607516,False
11,19692,3300,0,22992,1916,1641,2026-03-24,85.64718162839249,14.352818371607516,False
12,19691,3301,0,22992,1916,1640,2026-03-24,85.64283228949199,14.357167710508003,False
13,19692,3300,0,22992,1916,1641,2026-03-24,85.64718162839249,14.352818371607516,False
14,19692,3300,0,22992,1916,1641,2026-03-24,85.64718162839249,14.352818371607516,False
15,19689,3303,0,22992,1916,1640,2026-03-24,85.63413361169103,14.365866388308977,False
16,19692,3300,0,22992,1916,1641,2026-03-24,85.64718162839249,14.352818371607516,False
17,19692,3300,0,22992,1916,1641,2026-03-24,85.64718162839249,14.352818371607516,False
18,19692,3300,0,22992,1916,1641,2026-03-24,85.64718162839249,14.352818371607516,False
19,19692,3300,0,22992,1916,1641,2026-03-24,85.64718162839249,14.352818371607516,False
20,19692,3300,0,22992,1916,1641,2026-03-24,85.64718162839249,14.352818371607516,False
21,19692,3300,0,22992,1916,1641,2026-03-24,85.64718162839249,14.352818371607516,False
22,19689,3303,0,22992,1916,1640,2026-03-24,85.63413361169103,14.365866388308977,False
23,19684,3308,0,22992,1916,1640,2026-03-24,85.61238691718859,14.387613082811413,False
0,19688,3304,0,22992,1916,1640,2026-03-25,85.62978427279053,14.370215727209464,False
1,19680,3312,0,22992,1916,1640,2026-03-25,85.59498956158664,14.405010438413361,False
2,19681,3311,0,22992,1916,1640,2026-03-25,85.59933890048713,14.400661099512874,False
3,19687,3305,0,22992,1916,1640,2026-03-25,85.62543493389005,14.374565066109952,False
4,19697,3295,0,22992,1916,1641,2026-03-25,85.66892832289491,14.33107167710508,False
5,19703,3289,0,22992,1916,1641,2026-03-25,85.69502435629784,14.304975643702157,False
6,19702,3290,0,22992,1916,1641,2026-03-25,85.69067501739735,14.309324982602645,False
7,19698,3294,0,22992,1916,1641,2026-03-25,85.67327766179541,14.326722338204593,False
8,19692,3300,0,22992,1916,1641,2026-03-25,85.64718162839249,14.352818371607516,False
9,19692,3300,0,22992,1916,1641,2026-03-25,85.64718162839249,14.352818371607516,False
10,19692,3300,0,22992,1916,1641,2026-03-25,85.64718162839249,14.352818371607516,False
11,19692,3300,0,22992,1916,1641,2026-03-25,85.64718162839249,14.352818371607516,False
12,19692,3300,0,22992,1916,1641,2026-03-25,85.64718162839249,14.352818371607516,False
13,19692,3300,0,22992,1916,1641,2026-03-25,85.64718162839249,14.352818371607516,False
14,19692,3300,0,22992,1916,1641,2026-03-25,85.64718162839249,14.352818371607516,False
15,19692,3300,0,22992,1916,1641,2026-03-25,85.64718162839249,14.352818371607516,False
16,19692,3300,0,22992,1916,1641,2026-03-25,85.64718162839249,14.352818371607516,False
17,19691,3301,0,22992,1916,1640,2026-03-25,85.64283228949199,14.357167710508003,False
18,19692,3300,0,22992,1916,1641,2026-03-25,85.64718162839249,14.352818371607516,False
19,19692,3300,0,22992,1916,1641,2026-03-25,85.64718162839249,14.352818371607516,False
20,19692,3300,0,22992,1916,1641,2026-03-25,85.64718162839249,14.352818371607516,False
21,19692,3300,0,22992,1916,1641,2026-03-25,85.64718162839249,14.352818371607516,False
22,19689,3303,0,22992,1916,1640,2026-03-25,85.63413361169103,14.365866388308977,False
23,19690,3302,0,22992,1916,1640,2026-03-25,85.63848295059151,14.36151704940849,False
0,19828,3164,0,22992,1916,1652,2026-03-26,86.23869171885873,13.761308281141266,False
1,19826,3166,0,22992,1916,1652,2026-03-26,86.22999304105775,13.770006958942242,False
2,19824,3168,0,22992,1916,1652,2026-03-26,86.22129436325679,13.778705636743215,False
3,19831,3161,0,22992,1916,1652,2026-03-26,86.2517397355602,13.748260264439805,False
4,19836,3156,0,22992,1916,1653,2026-03-26,86.27348643006263,13.726513569937369,False
5,19836,3156,0,22992,1916,1653,2026-03-26,86.27348643006263,13.726513569937369,False
6,19836,3156,0,22992,1916,1653,2026-03-26,86.27348643006263,13.726513569937369,False
7,19836,3156,0,22992,1916,1653,2026-03-26,86.27348643006263,13.726513569937369,False
8,19836,3156,0,22992,1916,1653,2026-03-26,86.27348643006263,13.726513569937369,False
9,19836,3156,0,22992,1916,1653,2026-03-26,86.27348643006263,13.726513569937369,False
10,19836,3156,0,22992,1916,1653,2026-03-26,86.27348643006263,13.726513569937369,False
11,19836,3156,0,22992,1916,1653,2026-03-26,86.27348643006263,13.726513569937369,False
12,19836,3156,0,22992,1916,1653,2026-03-26,86.27348643006263,13.726513569937369,False
13,19836,3156,0,22992,1916,1653,2026-03-26,86.27348643006263,13.726513569937369,False
14,19836,3156,0,22992,1916,1653,2026-03-26,86.27348643006263,13.726513569937369,False
15,19836,3156,0,22992,1916,1653,2026-03-26,86.27348643006263,13.726513569937369,False
16,19836,3156,0,22992,1916,1653,2026-03-26,86.27348643006263,13.726513569937369,False
17,19836,3156,0,22992,1916,1653,2026-03-26,86.27348643006263,13.726513569937369,False
18,19836,3156,0,22992,1916,1653,2026-03-26,86.27348643006263,13.726513569937369,False
19,19836,3156,0,22992,1916,1653,2026-03-26,86.27348643006263,13.726513569937369,False
20,19836,3156,0,22992,1916,1653,2026-03-26,86.27348643006263,13.726513569937369,False
21,19836,3156,0,22992,1916,1653,2026-03-26,86.27348643006263,13.726513569937369,False
22,19836,3156,0,22992,1916,1653,2026-03-26,86.27348643006263,13.726513569937369,False
23,19835,3157,0,22992,1916,1652,2026-03-26,86.26913709116215,13.730862908837857,False
0,20083,2909,0,22992,1916,1673,2026-03-27,87.34777313848295,12.652226861517049,False
1,20078,2914,0,22992,1916,1673,2026-03-27,87.32602644398051,12.673973556019485,False
2,20087,2905,0,22992,1916,1673,2026-03-27,87.3651704940849,12.634829505915102,False
3,20087,2905,0,22992,1916,1673,2026-03-27,87.3651704940849,12.634829505915102,False
4,20088,2904,0,22992,1916,1674,2026-03-27,87.36951983298539,12.630480167014614,False
5,20088,2904,0,22992,1916,1674,2026-03-27,87.36951983298539,12.630480167014614,False
6,20088,2904,0,22992,1916,1674,2026-03-27,87.36951983298539,12.630480167014614,False
7,20088,2904,0,22992,1916,1674,2026-03-27,87.36951983298539,12.630480167014614,False
8,20088,2904,0,22992,1916,1674,2026-03-27,87.36951983298539,12.630480167014614,False
9,20088,2904,0,22992,1916,1674,2026-03-27,87.36951983298539,12.630480167014614,False
10,20088,2904,0,22992,1916,1674,2026-03-27,87.36951983298539,12.630480167014614,False
11,20088,2904,0,22992,1916,1674,2026-03-27,87.36951983298539,12.630480167014614,False
12,20088,2904,0,22992,1916,1674,2026-03-27,87.36951983298539,12.630480167014614,False
13,20088,2904,0,22992,1916,1674,2026-03-27,87.36951983298539,12.630480167014614,False
14,20089,2903,0,22992,1916,1674,2026-03-27,87.37386917188587,12.626130828114126,False
15,20089,2903,0,22992,1916,1674,2026-03-27,87.37386917188587,12.626130828114126,False
16,20088,2904,0,22992,1916,1674,2026-03-27,87.36951983298539,12.630480167014614,False
17,20088,2904,0,22992,1916,1674,2026-03-27,87.36951983298539,12.630480167014614,False
18,20088,2904,0,22992,1916,1674,2026-03-27,87.36951983298539,12.630480167014614,False
19,20088,2904,0,22992,1916,1674,2026-03-27,87.36951983298539,12.630480167014614,False
20,20088,2904,0,22992,1916,1674,2026-03-27,87.36951983298539,12.630480167014614,False
21,20088,2904,0,22992,1916,1674,2026-03-27,87.36951983298539,12.630480167014614,False
22,20090,2902,0,22992,1916,1674,2026-03-27,87.37821851078635,12.621781489213639,False
23,20091,2901,0,22992,1916,1674,2026-03-27,87.38256784968685,12.617432150313153,False
0,19784,3208,0,22992,1916,1648,2026-03-28,86.0473208072373,13.9526791927627,False
1,19784,3208,0,22992,1916,1648,2026-03-28,86.0473208072373,13.9526791927627,False
2,19780,3212,0,22992,1916,1648,2026-03-28,86.02992345163536,13.970076548364649,False
3,19780,3212,0,22992,1916,1648,2026-03-28,86.02992345163536,13.970076548364649,False
4,19776,3216,0,22992,1916,1648,2026-03-28,86.0125260960334,13.987473903966597,False
5,19786,3206,0,22992,1916,1648,2026-03-28,86.05601948503828,13.943980514961726,False
6,19788,3204,0,22992,1916,1649,2026-03-28,86.06471816283924,13.935281837160751,False
7,19788,3204,0,22992,1916,1649,2026-03-28,86.06471816283924,13.935281837160751,False
8,19788,3204,0,22992,1916,1649,2026-03-28,86.06471816283924,13.935281837160751,False
9,19788,3204,0,22992,1916,1649,2026-03-28,86.06471816283924,13.935281837160751,False
10,19788,3204,0,22992,1916,1649,2026-03-28,86.06471816283924,13.935281837160751,False
11,19788,3204,0,22992,1916,1649,2026-03-28,86.06471816283924,13.935281837160751,False
12,19788,3204,0,22992,1916,1649,2026-03-28,86.06471816283924,13.935281837160751,False
13,19788,3204,0,22992,1916,1649,2026-03-28,86.06471816283924,13.935281837160751,False
14,19788,3204,0,22992,1916,1649,2026-03-28,86.06471816283924,13.935281837160751,False
15,19788,3204,0,22992,1916,1649,2026-03-28,86.06471816283924,13.935281837160751,False
16,19788,3204,0,22992,1916,1649,2026-03-28,86.06471816283924,13.935281837160751,False
17,19787,3205,0,22992,1916,1648,2026-03-28,86.06036882393876,13.939631176061239,False
18,19788,3204,0,22992,1916,1649,2026-03-28,86.06471816283924,13.935281837160751,False
19,19788,3204,0,22992,1916,1649,2026-03-28,86.06471816283924,13.935281837160751,False
20,19788,3204,0,22992,1916,1649,2026-03-28,86.06471816283924,13.935281837160751,False
21,19789,3203,0,22992,1916,1649,2026-03-28,86.06906750173974,13.930932498260264,False
22,19789,3203,0,22992,1916,1649,2026-03-28,86.06906750173974,13.930932498260264,False
23,19788,3204,0,22992,1916,1649,2026-03-28,86.06471816283924,13.935281837160751,False
0,19774,3218,0,22992,1916,1647,2026-03-29,86.00382741823243,13.99617258176757,False
1,19772,3220,0,22992,1916,1647,2026-03-29,85.99512874043145,14.004871259568546,False
2,19767,3225,0,22992,1916,1647,2026-03-29,85.97338204592901,14.02661795407098,False
3,19768,3224,0,22992,1916,1647,2026-03-29,85.97773138482951,14.022268615170494,False
4,19765,3227,0,22992,1916,1647,2026-03-29,85.96468336812805,14.035316631871956,False
5,19772,3220,0,22992,1916,1647,2026-03-29,85.99512874043145,14.004871259568546,False
6,19773,3219,0,22992,1916,1647,2026-03-29,85.99947807933194,14.000521920668058,False
7,19775,3217,0,22992,1916,1647,2026-03-29,86.00817675713292,13.991823242867085,False
8,19775,3217,0,22992,1916,1647,2026-03-29,86.00817675713292,13.991823242867085,False
9,19776,3216,0,22992,1916,1648,2026-03-29,86.0125260960334,13.987473903966597,False
10,19776,3216,0,22992,1916,1648,2026-03-29,86.0125260960334,13.987473903966597,False
11,19776,3216,0,22992,1916,1648,2026-03-29,86.0125260960334,13.987473903966597,False
12,19776,3216,0,22992,1916,1648,2026-03-29,86.0125260960334,13.987473903966597,False
13,19777,3215,0,22992,1916,1648,2026-03-29,86.0168754349339,13.98312456506611,False
14,19776,3216,0,22992,1916,1648,2026-03-29,86.0125260960334,13.987473903966597,False
15,19776,3216,0,22992,1916,1648,2026-03-29,86.0125260960334,13.987473903966597,False
16,19776,3216,0,22992,1916,1648,2026-03-29,86.0125260960334,13.987473903966597,False
17,19776,3216,0,22992,1916,1648,2026-03-29,86.0125260960334,13.987473903966597,False
18,19776,3216,0,22992,1916,1648,2026-03-29,86.0125260960334,13.987473903966597,False
19,19776,3216,0,22992,1916,1648,2026-03-29,86.0125260960334,13.987473903966597,False
20,19779,3213,0,22992,1916,1648,2026-03-29,86.02557411273486,13.974425887265136,False
21,19776,3216,0,22992,1916,1648,2026-03-29,86.0125260960334,13.987473903966597,False
22,19776,3216,0,22992,1916,1648,2026-03-29,86.0125260960334,13.987473903966597,False
23,19775,3217,0,22992,1916,1647,2026-03-29,86.00817675713292,13.991823242867085,False
0,19721,3271,0,22992,1916,1643,2026-03-30,85.77331245650662,14.226687543493389,False
1,19716,3276,0,22992,1916,1643,2026-03-30,85.75156576200418,14.248434237995825,False
2,19718,3274,0,22992,1916,1643,2026-03-30,85.76026443980516,14.23973556019485,False
3,19722,3270,0,22992,1916,1643,2026-03-30,85.7776617954071,14.222338204592901,False
4,19724,3268,0,22992,1916,1643,2026-03-30,85.78636047320808,14.213639526791928,False
5,19728,3264,0,22992,1916,1644,2026-03-30,85.80375782881002,14.19624217118998,False
6,19728,3264,0,22992,1916,1644,2026-03-30,85.80375782881002,14.19624217118998,False
7,19728,3264,0,22992,1916,1644,2026-03-30,85.80375782881002,14.19624217118998,False
8,19728,3264,0,22992,1916,1644,2026-03-30,85.80375782881002,14.19624217118998,False
9,19728,3264,0,22992,1916,1644,2026-03-30,85.80375782881002,14.19624217118998,False
10,19728,3264,0,22992,1916,1644,2026-03-30,85.80375782881002,14.19624217118998,False
11,19728,3264,0,22992,1916,1644,2026-03-30,85.80375782881002,14.19624217118998,False
12,19728,3264,0,22992,1916,1644,2026-03-30,85.80375782881002,14.19624217118998,False
13,19728,3264,0,22992,1916,1644,2026-03-30,85.80375782881002,14.19624217118998,False
14,19728,3264,0,22992,1916,1644,2026-03-30,85.80375782881002,14.19624217118998,False
15,19728,3264,0,22992,1916,1644,2026-03-30,85.80375782881002,14.19624217118998,False
16,19728,3264,0,22992,1916,1644,2026-03-30,85.80375782881002,14.19624217118998,False
17,19728,3264,0,22992,1916,1644,2026-03-30,85.80375782881002,14.19624217118998,False
18,19728,3264,0,22992,1916,1644,2026-03-30,85.80375782881002,14.19624217118998,False
19,19731,3261,0,22992,1916,1644,2026-03-30,85.81680584551148,14.183194154488518,False
20,19716,3276,0,22992,1916,1643,2026-03-30,85.75156576200418,14.248434237995825,False
21,19716,3276,0,22992,1916,1643,2026-03-30,85.75156576200418,14.248434237995825,False
22,19716,3276,0,22992,1916,1643,2026-03-30,85.75156576200418,14.248434237995825,False
23,19716,3276,0,22992,1916,1643,2026-03-30,85.75156576200418,14.248434237995825,False
0,19824,3168,0,22992,1916,1652,2026-03-31,86.22129436325679,13.778705636743215,False
1,19824,3168,0,22992,1916,1652,2026-03-31,86.22129436325679,13.778705636743215,False
2,19824,3168,0,22992,1916,1652,2026-03-31,86.22129436325679,13.778705636743215,False
3,19824,3168,0,22992,1916,1652,2026-03-31,86.22129436325679,13.778705636743215,False
4,19835,3157,0,22992,1916,1652,2026-03-31,86.26913709116215,13.730862908837857,False
5,19836,3156,0,22992,1916,1653,2026-03-31,86.27348643006263,13.726513569937369,False
6,19836,3156,0,22992,1916,1653,2026-03-31,86.27348643006263,13.726513569937369,False
7,19836,3156,0,22992,1916,1653,2026-03-31,86.27348643006263,13.726513569937369,False
8,19836,3156,0,22992,1916,1653,2026-03-31,86.27348643006263,13.726513569937369,False
9,19836,3156,0,22992,1916,1653,2026-03-31,86.27348643006263,13.726513569937369,False
10,19836,3156,0,22992,1916,1653,2026-03-31,86.27348643006263,13.726513569937369,False
11,19836,3156,0,22992,1916,1653,2026-03-31,86.27348643006263,13.726513569937369,False
12,19836,3156,0,22992,1916,1653,2026-03-31,86.27348643006263,13.726513569937369,False
13,19836,3156,0,22992,1916,1653,2026-03-31,86.27348643006263,13.726513569937369,False
14,19836,3156,0,22992,1916,1653,2026-03-31,86.27348643006263,13.726513569937369,False
15,19836,3156,0,22992,1916,1653,2026-03-31,86.27348643006263,13.726513569937369,False
16,19836,3156,0,22992,1916,1653,2026-03-31,86.27348643006263,13.726513569937369,False
17,19836,3156,0,22992,1916,1653,2026-03-31,86.27348643006263,13.726513569937369,False
18,19836,3156,0,22992,1916,1653,2026-03-31,86.27348643006263,13.726513569937369,False
19,19836,3156,0,22992,1916,1653,2026-03-31,86.27348643006263,13.726513569937369,False
20,19824,3168,0,22992,1916,1652,2026-03-31,86.22129436325679,13.778705636743215,False
21,19824,3168,0,22992,1916,1652,2026-03-31,86.22129436325679,13.778705636743215,False
22,19824,3168,0,22992,1916,1652,2026-03-31,86.22129436325679,13.778705636743215,False
23,19829,3163,0,22992,1916,1652,2026-03-31,86.24304105775921,13.756958942240779,False
0,19515,3477,0,22992,1916,1626,2026-04-01,84.87734864300626,15.122651356993737,False
1,19513,3479,0,22992,1916,1626,2026-04-01,84.8686499652053,15.13135003479471,False
2,19514,3478,0,22992,1916,1626,2026-04-01,84.87299930410578,15.127000695894225,False
3,19520,3472,0,22992,1916,1626,2026-04-01,84.8990953375087,15.1009046624913,False
4,19523,3469,0,22992,1916,1626,2026-04-01,84.91214335421016,15.08785664578984,False
5,19524,3468,0,22992,1916,1627,2026-04-01,84.91649269311064,15.083507306889352,False
6,19524,3468,0,22992,1916,1627,2026-04-01,84.91649269311064,15.083507306889352,False
7,19524,3468,0,22992,1916,1627,2026-04-01,84.91649269311064,15.083507306889352,False
8,19524,3468,0,22992,1916,1627,2026-04-01,84.91649269311064,15.083507306889352,False
9,19524,3468,0,22992,1916,1627,2026-04-01,84.91649269311064,15.083507306889352,False
10,19524,3468,0,22992,1916,1627,2026-04-01,84.91649269311064,15.083507306889352,False
11,19524,3468,0,22992,1916,1627,2026-04-01,84.91649269311064,15.083507306889352,False
12,19525,3467,0,22992,1916,1627,2026-04-01,84.92084203201114,15.079157967988866,False
13,19524,3468,0,22992,1916,1627,2026-04-01,84.91649269311064,15.083507306889352,False
14,19524,3468,0,22992,1916,1627,2026-04-01,84.91649269311064,15.083507306889352,False
15,19524,3468,0,22992,1916,1627,2026-04-01,84.91649269311064,15.083507306889352,False
16,19524,3468,0,22992,1916,1627,2026-04-01,84.91649269311064,15.083507306889352,False
17,19524,3468,0,22992,1916,1627,2026-04-01,84.91649269311064,15.083507306889352,False
18,19524,3468,0,22992,1916,1627,2026-04-01,84.91649269311064,15.083507306889352,False
19,19524,3468,0,22992,1916,1627,2026-04-01,84.91649269311064,15.083507306889352,False
20,19518,3474,0,22992,1916,1626,2026-04-01,84.89039665970772,15.109603340292276,False
21,19512,3480,0,22992,1916,1626,2026-04-01,84.8643006263048,15.135699373695198,False
22,19514,3478,0,22992,1916,1626,2026-04-01,84.87299930410578,15.127000695894225,False
23,19515,3477,0,22992,1916,1626,2026-04-01,84.87734864300626,15.122651356993737,False
0,19692,3300,0,22992,1916,1641,2026-04-02,85.64718162839249,14.352818371607516,False
1,19692,3300,0,22992,1916,1641,2026-04-02,85.64718162839249,14.352818371607516,False
2,19692,3300,0,22992,1916,1641,2026-04-02,85.64718162839249,14.352818371607516,False
3,19693,3299,0,22992,1916,1641,2026-04-02,85.65153096729297,14.348469032707028,False
4,19701,3291,0,22992,1916,1641,2026-04-02,85.68632567849687,14.313674321503132,False
5,19704,3288,0,22992,1916,1642,2026-04-02,85.69937369519833,14.30062630480167,False
6,19704,3288,0,22992,1916,1642,2026-04-02,85.69937369519833,14.30062630480167,False
7,19704,3288,0,22992,1916,1642,2026-04-02,85.69937369519833,14.30062630480167,False
8,19704,3288,0,22992,1916,1642,2026-04-02,85.69937369519833,14.30062630480167,False
9,19704,3288,0,22992,1916,1642,2026-04-02,85.69937369519833,14.30062630480167,False
10,19704,3288,0,22992,1916,1642,2026-04-02,85.69937369519833,14.30062630480167,False
11,19704,3288,0,22992,1916,1642,2026-04-02,85.69937369519833,14.30062630480167,False
12,19704,3288,0,22992,1916,1642,2026-04-02,85.69937369519833,14.30062630480167,False
13,19704,3288,0,22992,1916,1642,2026-04-02,85.69937369519833,14.30062630480167,False
14,19704,3288,0,22992,1916,1642,2026-04-02,85.69937369519833,14.30062630480167,False
15,19704,3288,0,22992,1916,1642,2026-04-02,85.69937369519833,14.30062630480167,False
16,19704,3288,0,22992,1916,1642,2026-04-02,85.69937369519833,14.30062630480167,False
17,19704,3288,0,22992,1916,1642,2026-04-02,85.69937369519833,14.30062630480167,False
18,19704,3288,0,22992,1916,1642,2026-04-02,85.69937369519833,14.30062630480167,False
19,19705,3287,0,22992,1916,1642,2026-04-02,85.70372303409881,14.296276965901184,False
20,19699,3293,0,22992,1916,1641,2026-04-02,85.67762700069589,14.322372999304106,False
21,19692,3300,0,22992,1916,1641,2026-04-02,85.64718162839249,14.352818371607516,False
22,19692,3300,0,22992,1916,1641,2026-04-02,85.64718162839249,14.352818371607516,False
23,19692,3300,0,22992,1916,1641,2026-04-02,85.64718162839249,14.352818371607516,False
0,19740,3252,0,22992,1916,1645,2026-04-03,85.85594989561586,14.144050104384133,False
1,19742,3250,0,22992,1916,1645,2026-04-03,85.86464857341684,14.13535142658316,False
2,19752,3240,0,22992,1916,1646,2026-04-03,85.90814196242171,14.091858037578287,False
3,19752,3240,0,22992,1916,1646,2026-04-03,85.90814196242171,14.091858037578287,False
4,19761,3231,0,22992,1916,1646,2026-04-03,85.94728601252609,14.052713987473904,False
5,19764,3228,0,22992,1916,1647,2026-04-03,85.96033402922755,14.039665970772443,False
6,19764,3228,0,22992,1916,1647,2026-04-03,85.96033402922755,14.039665970772443,False
7,19763,3229,0,22992,1916,1646,2026-04-03,85.95598469032707,14.044015309672929,False
8,19764,3228,0,22992,1916,1647,2026-04-03,85.96033402922755,14.039665970772443,False
9,19764,3228,0,22992,1916,1647,2026-04-03,85.96033402922755,14.039665970772443,False
10,19764,3228,0,22992,1916,1647,2026-04-03,85.96033402922755,14.039665970772443,False
11,19764,3228,0,22992,1916,1647,2026-04-03,85.96033402922755,14.039665970772443,False
12,19764,3228,0,22992,1916,1647,2026-04-03,85.96033402922755,14.039665970772443,False
13,19764,3228,0,22992,1916,1647,2026-04-03,85.96033402922755,14.039665970772443,False
14,19764,3228,0,22992,1916,1647,2026-04-03,85.96033402922755,14.039665970772443,False
15,19764,3228,0,22992,1916,1647,2026-04-03,85.96033402922755,14.039665970772443,False
16,19764,3228,0,22992,1916,1647,2026-04-03,85.96033402922755,14.039665970772443,False
17,19764,3228,0,22992,1916,1647,2026-04-03,85.96033402922755,14.039665970772443,False
18,19764,3228,0,22992,1916,1647,2026-04-03,85.96033402922755,14.039665970772443,False
19,19764,3228,0,22992,1916,1647,2026-04-03,85.96033402922755,14.039665970772443,False
20,19756,3236,0,22992,1916,1646,2026-04-03,85.92553931802367,14.07446068197634,False
21,19752,3240,0,22992,1916,1646,2026-04-03,85.90814196242171,14.091858037578287,False
22,19752,3240,0,22992,1916,1646,2026-04-03,85.90814196242171,14.091858037578287,False
23,19752,3240,0,22992,1916,1646,2026-04-03,85.90814196242171,14.091858037578287,False
0,19656,3336,0,22992,1916,1638,2026-04-04,85.49060542797494,14.509394572025052,False
1,19656,3336,0,22992,1916,1638,2026-04-04,85.49060542797494,14.509394572025052,False
2,19656,3336,0,22992,1916,1638,2026-04-04,85.49060542797494,14.509394572025052,False
3,19656,3336,0,22992,1916,1638,2026-04-04,85.49060542797494,14.509394572025052,False
4,19660,3332,0,22992,1916,1638,2026-04-04,85.5080027835769,14.491997216423103,False
5,19666,3326,0,22992,1916,1638,2026-04-04,85.53409881697982,14.465901183020181,False
6,19666,3326,0,22992,1916,1638,2026-04-04,85.53409881697982,14.465901183020181,False
7,19668,3324,0,22992,1916,1639,2026-04-04,85.5427974947808,14.457202505219207,False
8,19668,3324,0,22992,1916,1639,2026-04-04,85.5427974947808,14.457202505219207,False
9,19668,3324,0,22992,1916,1639,2026-04-04,85.5427974947808,14.457202505219207,False
10,19668,3324,0,22992,1916,1639,2026-04-04,85.5427974947808,14.457202505219207,False
11,19668,3324,0,22992,1916,1639,2026-04-04,85.5427974947808,14.457202505219207,False
12,19668,3324,0,22992,1916,1639,2026-04-04,85.5427974947808,14.457202505219207,False
13,19668,3324,0,22992,1916,1639,2026-04-04,85.5427974947808,14.457202505219207,False
14,19668,3324,0,22992,1916,1639,2026-04-04,85.5427974947808,14.457202505219207,False
15,19668,3324,0,22992,1916,1639,2026-04-04,85.5427974947808,14.457202505219207,False
16,19668,3324,0,22992,1916,1639,2026-04-04,85.5427974947808,14.457202505219207,False
17,19668,3324,0,22992,1916,1639,2026-04-04,85.5427974947808,14.457202505219207,False
18,19668,3324,0,22992,1916,1639,2026-04-04,85.5427974947808,14.457202505219207,False
19,19669,3323,0,22992,1916,1639,2026-04-04,85.54714683368128,14.45285316631872,False
20,19670,3322,0,22992,1916,1639,2026-04-04,85.55149617258176,14.448503827418232,False
21,19671,3321,0,22992,1916,1638,2026-04-04,85.55584551148226,14.444154488517745,False
22,19673,3319,0,22992,1916,1639,2026-04-04,85.56454418928323,14.435455810716771,False
23,19670,3322,0,22992,1916,1638,2026-04-04,85.55149617258176,14.448503827418232,False
0,19701,3291,0,22992,1916,1641,2026-04-05,85.68632567849687,14.313674321503132,False
1,19696,3296,0,22992,1916,1641,2026-04-05,85.66457898399443,14.335421016005567,False
2,19692,3300,0,22992,1916,1641,2026-04-05,85.64718162839249,14.352818371607516,False
3,19698,3294,0,22992,1916,1641,2026-04-05,85.67327766179541,14.326722338204593,False
4,19692,3300,0,22992,1916,1641,2026-04-05,85.64718162839249,14.352818371607516,False
5,19699,3293,0,22992,1916,1641,2026-04-05,85.67762700069589,14.322372999304106,False
6,19697,3295,0,22992,1916,1641,2026-04-05,85.66892832289491,14.33107167710508,False
7,19698,3294,0,22992,1916,1641,2026-04-05,85.67327766179541,14.326722338204593,False
8,19697,3295,0,22992,1916,1641,2026-04-05,85.66892832289491,14.33107167710508,False
9,19702,3290,0,22992,1916,1641,2026-04-05,85.69067501739735,14.309324982602645,False
10,19704,3288,0,22992,1916,1642,2026-04-05,85.69937369519833,14.30062630480167,False
11,19704,3288,0,22992,1916,1642,2026-04-05,85.69937369519833,14.30062630480167,False
12,19704,3288,0,22992,1916,1642,2026-04-05,85.69937369519833,14.30062630480167,False
13,19704,3288,0,22992,1916,1642,2026-04-05,85.69937369519833,14.30062630480167,False
14,19704,3288,0,22992,1916,1642,2026-04-05,85.69937369519833,14.30062630480167,False
15,19704,3288,0,22992,1916,1642,2026-04-05,85.69937369519833,14.30062630480167,False
16,19704,3288,0,22992,1916,1642,2026-04-05,85.69937369519833,14.30062630480167,False
17,19704,3288,0,22992,1916,1642,2026-04-05,85.69937369519833,14.30062630480167,False
18,19704,3288,0,22992,1916,1642,2026-04-05,85.69937369519833,14.30062630480167,False
19,19704,3288,0,22992,1916,1642,2026-04-05,85.69937369519833,14.30062630480167,False
20,19704,3288,0,22992,1916,1642,2026-04-05,85.69937369519833,14.30062630480167,False
21,19704,3288,0,22992,1916,1642,2026-04-05,85.69937369519833,14.30062630480167,False
22,19702,3290,0,22992,1916,1641,2026-04-05,85.69067501739735,14.309324982602645,False
23,19700,3292,0,22992,1916,1641,2026-04-05,85.68197633959637,14.318023660403618,False
0,19722,3270,0,22992,1916,1643,2026-04-06,85.7776617954071,14.222338204592901,False
1,19716,3276,0,22992,1916,1643,2026-04-06,85.75156576200418,14.248434237995825,False
2,19716,3276,0,22992,1916,1643,2026-04-06,85.75156576200418,14.248434237995825,False
3,19725,3267,0,22992,1916,1643,2026-04-06,85.79070981210856,14.20929018789144,False
4,19727,3265,0,22992,1916,1643,2026-04-06,85.79940848990954,14.200591510090467,False
5,19728,3264,0,22992,1916,1644,2026-04-06,85.80375782881002,14.19624217118998,False
6,19728,3264,0,22992,1916,1644,2026-04-06,85.80375782881002,14.19624217118998,False
7,19728,3264,0,22992,1916,1644,2026-04-06,85.80375782881002,14.19624217118998,False
8,19728,3264,0,22992,1916,1644,2026-04-06,85.80375782881002,14.19624217118998,False
9,19728,3264,0,22992,1916,1644,2026-04-06,85.80375782881002,14.19624217118998,False
10,19728,3264,0,22992,1916,1644,2026-04-06,85.80375782881002,14.19624217118998,False
11,19728,3264,0,22992,1916,1644,2026-04-06,85.80375782881002,14.19624217118998,False
12,19728,3264,0,22992,1916,1644,2026-04-06,85.80375782881002,14.19624217118998,False
13,19728,3264,0,22992,1916,1644,2026-04-06,85.80375782881002,14.19624217118998,False
14,19728,3264,0,22992,1916,1644,2026-04-06,85.80375782881002,14.19624217118998,False
15,19728,3264,0,22992,1916,1644,2026-04-06,85.80375782881002,14.19624217118998,False
16,19728,3264,0,22992,1916,1644,2026-04-06,85.80375782881002,14.19624217118998,False
17,19728,3264,0,22992,1916,1644,2026-04-06,85.80375782881002,14.19624217118998,False
18,19728,3264,0,22992,1916,1644,2026-04-06,85.80375782881002,14.19624217118998,False
19,19728,3264,0,22992,1916,1644,2026-04-06,85.80375782881002,14.19624217118998,False
20,19727,3265,0,22992,1916,1643,2026-04-06,85.79940848990954,14.200591510090467,False
21,19728,3264,0,22992,1916,1644,2026-04-06,85.80375782881002,14.19624217118998,False
22,19727,3265,0,22992,1916,1643,2026-04-06,85.79940848990954,14.200591510090467,False
23,19737,3255,0,22992,1916,1644,2026-04-06,85.8429018789144,14.157098121085594,False
0,19877,3115,0,22992,1916,1656,2026-04-07,86.4518093249826,13.548190675017397,False
1,19872,3120,0,22992,1916,1656,2026-04-07,86.43006263048017,13.569937369519833,False
2,19875,3117,0,22992,1916,1656,2026-04-07,86.44311064718163,13.556889352818372,False
3,19876,3116,0,22992,1916,1656,2026-04-07,86.44745998608211,13.552540013917884,False
4,19880,3112,0,22992,1916,1656,2026-04-07,86.46485734168407,13.535142658315936,False
5,19883,3109,0,22992,1916,1656,2026-04-07,86.47790535838553,13.522094641614474,False
6,19884,3108,0,22992,1916,1657,2026-04-07,86.48225469728601,13.517745302713987,False
7,19884,3108,0,22992,1916,1657,2026-04-07,86.48225469728601,13.517745302713987,False
8,19884,3108,0,22992,1916,1657,2026-04-07,86.48225469728601,13.517745302713987,False
9,19884,3108,0,22992,1916,1657,2026-04-07,86.48225469728601,13.517745302713987,False
10,19884,3108,0,22992,1916,1657,2026-04-07,86.48225469728601,13.517745302713987,False
11,19884,3108,0,22992,1916,1657,2026-04-07,86.48225469728601,13.517745302713987,False
12,19884,3108,0,22992,1916,1657,2026-04-07,86.48225469728601,13.517745302713987,False
13,19884,3108,0,22992,1916,1657,2026-04-07,86.48225469728601,13.517745302713987,False
14,19884,3108,0,22992,1916,1657,2026-04-07,86.48225469728601,13.517745302713987,False
15,19884,3108,0,22992,1916,1657,2026-04-07,86.48225469728601,13.517745302713987,False
16,19884,3108,0,22992,1916,1657,2026-04-07,86.48225469728601,13.517745302713987,False
17,19884,3108,0,22992,1916,1657,2026-04-07,86.48225469728601,13.517745302713987,False
18,19884,3108,0,22992,1916,1657,2026-04-07,86.48225469728601,13.517745302713987,False
19,19885,3107,0,22992,1916,1657,2026-04-07,86.4866040361865,13.513395963813501,False
20,19883,3109,0,22992,1916,1656,2026-04-07,86.47790535838553,13.522094641614474,False
21,19883,3109,0,22992,1916,1656,2026-04-07,86.47790535838553,13.522094641614474,False
22,19888,3104,0,22992,1916,1656,2026-04-07,86.49965205288797,13.500347947112038,False
23,19889,3103,0,22992,1916,1657,2026-04-07,86.50400139178845,13.495998608211552,False
0,19780,3212,0,22992,1916,1648,2026-04-08,86.02992345163536,13.970076548364649,False
1,19782,3210,0,22992,1916,1648,2026-04-08,86.03862212943632,13.961377870563675,False
2,19782,3210,0,22992,1916,1648,2026-04-08,86.03862212943632,13.961377870563675,False
3,19798,3194,0,22992,1916,1649,2026-04-08,86.10821155184412,13.89178844815588,False
4,19788,3204,0,22992,1916,1649,2026-04-08,86.06471816283924,13.935281837160751,False
5,19790,3202,0,22992,1916,1649,2026-04-08,86.07341684064022,13.926583159359778,False
6,19800,3192,0,22992,1916,1650,2026-04-08,86.1169102296451,13.883089770354905,False
7,19791,3201,0,22992,1916,1649,2026-04-08,86.0777661795407,13.92223382045929,False
8,19788,3204,0,22992,1916,1649,2026-04-08,86.06471816283924,13.935281837160751,False
9,19788,3204,0,22992,1916,1649,2026-04-08,86.06471816283924,13.935281837160751,False
10,19788,3204,0,22992,1916,1649,2026-04-08,86.06471816283924,13.935281837160751,False
11,19788,3204,0,22992,1916,1649,2026-04-08,86.06471816283924,13.935281837160751,False
12,19788,3204,0,22992,1916,1649,2026-04-08,86.06471816283924,13.935281837160751,False
13,19834,3158,0,22992,1916,1649,2026-04-08,86.26478775226165,13.735212247738344,False
14,19848,3144,0,22992,1916,1654,2026-04-08,86.32567849686848,13.674321503131525,False
15,19848,3144,0,22992,1916,1654,2026-04-08,86.32567849686848,13.674321503131525,False
16,19843,3149,0,22992,1916,1653,2026-04-08,86.30393180236604,13.69606819763396,False
17,19831,3161,0,22992,1916,1650,2026-04-08,86.2517397355602,13.748260264439805,False
18,19812,3180,0,22992,1916,1651,2026-04-08,86.16910229645094,13.830897703549061,False
19,19812,3180,0,22992,1916,1651,2026-04-08,86.16910229645094,13.830897703549061,False
20,19807,3185,0,22992,1916,1650,2026-04-08,86.1473556019485,13.852644398051496,False
21,19801,3191,0,22992,1916,1650,2026-04-08,86.12125956854558,13.87874043145442,False
22,19812,3180,0,22992,1916,1651,2026-04-08,86.16910229645094,13.830897703549061,False
23,19805,3187,0,22992,1916,1650,2026-04-08,86.13865692414753,13.86134307585247,False
0,19792,3200,0,22992,1916,1649,2026-04-09,86.0821155184412,13.917884481558803,False
1,19790,3202,0,22992,1916,1649,2026-04-09,86.07341684064022,13.926583159359778,False
2,19788,3204,0,22992,1916,1649,2026-04-09,86.06471816283924,13.935281837160751,False
3,19792,3200,0,22992,1916,1649,2026-04-09,86.0821155184412,13.917884481558803,False
4,19798,3194,0,22992,1916,1648,2026-04-09,86.10821155184412,13.89178844815588,False
5,19799,3193,0,22992,1916,1649,2026-04-09,86.1125608907446,13.887439109255393,False
6,19800,3192,0,22992,1916,1650,2026-04-09,86.1169102296451,13.883089770354905,False
7,19800,3192,0,22992,1916,1650,2026-04-09,86.1169102296451,13.883089770354905,False
8,19800,3192,0,22992,1916,1650,2026-04-09,86.1169102296451,13.883089770354905,False
9,19800,3192,0,22992,1916,1650,2026-04-09,86.1169102296451,13.883089770354905,False
10,19800,3192,0,22992,1916,1650,2026-04-09,86.1169102296451,13.883089770354905,False
11,19800,3192,0,22992,1916,1650,2026-04-09,86.1169102296451,13.883089770354905,False
12,19800,3192,0,22992,1916,1650,2026-04-09,86.1169102296451,13.883089770354905,False
13,19800,3192,0,22992,1916,1650,2026-04-09,86.1169102296451,13.883089770354905,False
14,19800,3192,0,22992,1916,1650,2026-04-09,86.1169102296451,13.883089770354905,False
15,19800,3192,0,22992,1916,1650,2026-04-09,86.1169102296451,13.883089770354905,False
16,19800,3192,0,22992,1916,1650,2026-04-09,86.1169102296451,13.883089770354905,False
17,19800,3192,0,22992,1916,1650,2026-04-09,86.1169102296451,13.883089770354905,False
18,19800,3192,0,22992,1916,1650,2026-04-09,86.1169102296451,13.883089770354905,False
19,19800,3192,0,22992,1916,1650,2026-04-09,86.1169102296451,13.883089770354905,False
20,19800,3192,0,22992,1916,1650,2026-04-09,86.1169102296451,13.883089770354905,False
21,19800,3192,0,22992,1916,1650,2026-04-09,86.1169102296451,13.883089770354905,False
22,19798,3194,0,22992,1916,1649,2026-04-09,86.10821155184412,13.89178844815588,False
23,19796,3196,0,22992,1916,1649,2026-04-09,86.09951287404314,13.900487125956854,False
0,19857,3135,0,22992,1916,1654,2026-04-10,86.36482254697286,13.63517745302714,False
1,19848,3144,0,22992,1916,1654,2026-04-10,86.32567849686848,13.674321503131525,False
2,19848,3144,0,22992,1916,1654,2026-04-10,86.32567849686848,13.674321503131525,False
3,19849,3143,0,22992,1916,1654,2026-04-10,86.33002783576896,13.669972164231037,False
4,19855,3137,0,22992,1916,1654,2026-04-10,86.35612386917188,13.643876130828113,False
5,19860,3132,0,22992,1916,1655,2026-04-10,86.37787056367432,13.622129436325679,False
6,19860,3132,0,22992,1916,1655,2026-04-10,86.37787056367432,13.622129436325679,False
7,19860,3132,0,22992,1916,1655,2026-04-10,86.37787056367432,13.622129436325679,False
8,19860,3132,0,22992,1916,1655,2026-04-10,86.37787056367432,13.622129436325679,False
9,19860,3132,0,22992,1916,1655,2026-04-10,86.37787056367432,13.622129436325679,False
10,19860,3132,0,22992,1916,1655,2026-04-10,86.37787056367432,13.622129436325679,False
11,19860,3132,0,22992,1916,1655,2026-04-10,86.37787056367432,13.622129436325679,False
12,19860,3132,0,22992,1916,1655,2026-04-10,86.37787056367432,13.622129436325679,False
13,19860,3132,0,22992,1916,1655,2026-04-10,86.37787056367432,13.622129436325679,False
14,19860,3132,0,22992,1916,1655,2026-04-10,86.37787056367432,13.622129436325679,False
15,19860,3132,0,22992,1916,1655,2026-04-10,86.37787056367432,13.622129436325679,False
16,19860,3132,0,22992,1916,1655,2026-04-10,86.37787056367432,13.622129436325679,False
17,19860,3132,0,22992,1916,1655,2026-04-10,86.37787056367432,13.622129436325679,False
18,19860,3132,0,22992,1916,1655,2026-04-10,86.37787056367432,13.622129436325679,False
19,19860,3132,0,22992,1916,1655,2026-04-10,86.37787056367432,13.622129436325679,False
20,19858,3134,0,22992,1916,1654,2026-04-10,86.36917188587334,13.630828114126652,False
21,19860,3132,0,22992,1916,1655,2026-04-10,86.37787056367432,13.622129436325679,False
22,19860,3132,0,22992,1916,1655,2026-04-10,86.37787056367432,13.622129436325679,False
23,19860,3132,0,22992,1916,1655,2026-04-10,86.37787056367432,13.622129436325679,False
0,19700,3292,0,22992,1916,1641,2026-04-11,85.68197633959637,14.318023660403618,False
1,19699,3293,0,22992,1916,1641,2026-04-11,85.67762700069589,14.322372999304106,False
2,19693,3299,0,22992,1916,1641,2026-04-11,85.65153096729297,14.348469032707028,False
3,19692,3300,0,22992,1916,1641,2026-04-11,85.64718162839249,14.352818371607516,False
4,19693,3299,0,22992,1916,1641,2026-04-11,85.65153096729297,14.348469032707028,False
5,19702,3290,0,22992,1916,1641,2026-04-11,85.69067501739735,14.309324982602645,False
6,19704,3288,0,22992,1916,1642,2026-04-11,85.69937369519833,14.30062630480167,False
7,19704,3288,0,22992,1916,1642,2026-04-11,85.69937369519833,14.30062630480167,False
8,19701,3291,0,22992,1916,1641,2026-04-11,85.68632567849687,14.313674321503132,False
9,19704,3288,0,22992,1916,1642,2026-04-11,85.69937369519833,14.30062630480167,False
10,19704,3288,0,22992,1916,1642,2026-04-11,85.69937369519833,14.30062630480167,False
11,19704,3288,0,22992,1916,1642,2026-04-11,85.69937369519833,14.30062630480167,False
12,19704,3288,0,22992,1916,1642,2026-04-11,85.69937369519833,14.30062630480167,False
13,19704,3288,0,22992,1916,1642,2026-04-11,85.69937369519833,14.30062630480167,False
14,19704,3288,0,22992,1916,1642,2026-04-11,85.69937369519833,14.30062630480167,False
15,19704,3288,0,22992,1916,1642,2026-04-11,85.69937369519833,14.30062630480167,False
16,19704,3288,0,22992,1916,1642,2026-04-11,85.69937369519833,14.30062630480167,False
17,19704,3288,0,22992,1916,1642,2026-04-11,85.69937369519833,14.30062630480167,False
18,19704,3288,0,22992,1916,1642,2026-04-11,85.69937369519833,14.30062630480167,False
19,19704,3288,0,22992,1916,1642,2026-04-11,85.69937369519833,14.30062630480167,False
20,19704,3288,0,22992,1916,1642,2026-04-11,85.69937369519833,14.30062630480167,False
21,19704,3288,0,22992,1916,1642,2026-04-11,85.69937369519833,14.30062630480167,False
22,19704,3288,0,22992,1916,1642,2026-04-11,85.69937369519833,14.30062630480167,False
23,19701,3291,0,22992,1916,1641,2026-04-11,85.68632567849687,14.313674321503132,False
0,19855,3137,0,22992,1916,1654,2026-04-12,86.35612386917188,13.643876130828113,False
1,19851,3141,0,22992,1916,1654,2026-04-12,86.33872651356994,13.661273486430062,False
2,19848,3144,0,22992,1916,1654,2026-04-12,86.32567849686848,13.674321503131525,False
3,19849,3143,0,22992,1916,1654,2026-04-12,86.33002783576896,13.669972164231037,False
4,19848,3144,0,22992,1916,1654,2026-04-12,86.32567849686848,13.674321503131525,False
5,19849,3143,0,22992,1916,1654,2026-04-12,86.33002783576896,13.669972164231037,False
6,19850,3142,0,22992,1916,1654,2026-04-12,86.33437717466946,13.66562282533055,False
7,19857,3135,0,22992,1916,1654,2026-04-12,86.36482254697286,13.63517745302714,False
8,19856,3136,0,22992,1916,1654,2026-04-12,86.36047320807238,13.639526791927628,False
9,19863,3129,0,22992,1916,1654,2026-04-12,86.39091858037578,13.609081419624218,False
10,19860,3132,0,22992,1916,1655,2026-04-12,86.37787056367432,13.622129436325679,False
11,19860,3132,0,22992,1916,1655,2026-04-12,86.37787056367432,13.622129436325679,False
12,19860,3132,0,22992,1916,1655,2026-04-12,86.37787056367432,13.622129436325679,False
13,19860,3132,0,22992,1916,1655,2026-04-12,86.37787056367432,13.622129436325679,False
14,19860,3132,0,22992,1916,1655,2026-04-12,86.37787056367432,13.622129436325679,False
15,19860,3132,0,22992,1916,1655,2026-04-12,86.37787056367432,13.622129436325679,False
16,19860,3132,0,22992,1916,1655,2026-04-12,86.37787056367432,13.622129436325679,False
17,19860,3132,0,22992,1916,1655,2026-04-12,86.37787056367432,13.622129436325679,False
18,19860,3132,0,22992,1916,1655,2026-04-12,86.37787056367432,13.622129436325679,False
19,19860,3132,0,22992,1916,1655,2026-04-12,86.37787056367432,13.622129436325679,False
20,19861,3131,0,22992,1916,1655,2026-04-12,86.3822199025748,13.617780097425191,False
21,19860,3132,0,22992,1916,1655,2026-04-12,86.37787056367432,13.622129436325679,False
22,19860,3132,0,22992,1916,1655,2026-04-12,86.37787056367432,13.622129436325679,False
23,19853,3139,0,22992,1916,1654,2026-04-12,86.34742519137092,13.652574808629089,False
0,19710,3282,0,22992,1916,1642,2026-04-13,85.72546972860125,14.274530271398747,False
1,19713,3279,0,22992,1916,1642,2026-04-13,85.73851774530272,14.261482254697286,False
2,19707,3285,0,22992,1916,1642,2026-04-13,85.7124217118998,14.287578288100208,False
3,19705,3287,0,22992,1916,1642,2026-04-13,85.70372303409881,14.296276965901184,False
4,19715,3277,0,22992,1916,1642,2026-04-13,85.7472164231037,14.252783576896311,False
5,19716,3276,0,22992,1916,1643,2026-04-13,85.75156576200418,14.248434237995825,False
6,19716,3276,0,22992,1916,1643,2026-04-13,85.75156576200418,14.248434237995825,False
7,19716,3276,0,22992,1916,1643,2026-04-13,85.75156576200418,14.248434237995825,False
8,19716,3276,0,22992,1916,1643,2026-04-13,85.75156576200418,14.248434237995825,False
9,19716,3276,0,22992,1916,1643,2026-04-13,85.75156576200418,14.248434237995825,False
10,19717,3275,0,22992,1916,1643,2026-04-13,85.75591510090466,14.244084899095338,False
11,19716,3276,0,22992,1916,1643,2026-04-13,85.75156576200418,14.248434237995825,False
12,19716,3276,0,22992,1916,1643,2026-04-13,85.75156576200418,14.248434237995825,False
13,19716,3276,0,22992,1916,1643,2026-04-13,85.75156576200418,14.248434237995825,False
14,19716,3276,0,22992,1916,1643,2026-04-13,85.75156576200418,14.248434237995825,False
15,19722,3270,0,22992,1916,1643,2026-04-13,85.7776617954071,14.222338204592901,False
16,19716,3276,0,22992,1916,1643,2026-04-13,85.75156576200418,14.248434237995825,False
17,19717,3275,0,22992,1916,1643,2026-04-13,85.75591510090466,14.244084899095338,False
18,19716,3276,0,22992,1916,1643,2026-04-13,85.75156576200418,14.248434237995825,False
19,19718,3274,0,22992,1916,1643,2026-04-13,85.76026443980516,14.23973556019485,False
20,19717,3275,0,22992,1916,1642,2026-04-13,85.75591510090466,14.244084899095338,False
21,19720,3272,0,22992,1916,1642,2026-04-13,85.76896311760612,14.231036882393877,False
22,19725,3267,0,22992,1916,1643,2026-04-13,85.79070981210856,14.20929018789144,False
23,19723,3269,0,22992,1916,1643,2026-04-13,85.78201113430758,14.217988865692416,False
0,19849,3143,0,22992,1916,1654,2026-04-14,86.33002783576896,13.669972164231037,False
1,19849,3143,0,22992,1916,1654,2026-04-14,86.33002783576896,13.669972164231037,False
2,19851,3141,0,22992,1916,1654,2026-04-14,86.33872651356994,13.661273486430062,False
3,19856,3136,0,22992,1916,1654,2026-04-14,86.36047320807238,13.639526791927628,False
4,19870,3122,0,22992,1916,1655,2026-04-14,86.42136395267919,13.578636047320808,False
5,19871,3121,0,22992,1916,1655,2026-04-14,86.42571329157968,13.57428670842032,False
6,19872,3120,0,22992,1916,1656,2026-04-14,86.43006263048017,13.569937369519833,False
7,19872,3120,0,22992,1916,1656,2026-04-14,86.43006263048017,13.569937369519833,False
8,19873,3119,0,22992,1916,1656,2026-04-14,86.43441196938065,13.565588030619345,False
9,19873,3119,0,22992,1916,1656,2026-04-14,86.43441196938065,13.565588030619345,False
10,19872,3120,0,22992,1916,1656,2026-04-14,86.43006263048017,13.569937369519833,False
11,19872,3120,0,22992,1916,1656,2026-04-14,86.43006263048017,13.569937369519833,False
12,19872,3120,0,22992,1916,1656,2026-04-14,86.43006263048017,13.569937369519833,False
13,19872,3120,0,22992,1916,1656,2026-04-14,86.43006263048017,13.569937369519833,False
14,19872,3120,0,22992,1916,1656,2026-04-14,86.43006263048017,13.569937369519833,False
15,19872,3120,0,22992,1916,1656,2026-04-14,86.43006263048017,13.569937369519833,False
16,19872,3120,0,22992,1916,1656,2026-04-14,86.43006263048017,13.569937369519833,False
17,19872,3120,0,22992,1916,1656,2026-04-14,86.43006263048017,13.569937369519833,False
18,19872,3120,0,22992,1916,1656,2026-04-14,86.43006263048017,13.569937369519833,False
19,19872,3120,0,22992,1916,1656,2026-04-14,86.43006263048017,13.569937369519833,False
20,19872,3120,0,22992,1916,1656,2026-04-14,86.43006263048017,13.569937369519833,False
21,19872,3120,0,22992,1916,1656,2026-04-14,86.43006263048017,13.569937369519833,False
22,19870,3122,0,22992,1916,1655,2026-04-14,86.42136395267919,13.578636047320808,False
23,19864,3128,0,22992,1916,1655,2026-04-14,86.39526791927626,13.60473208072373,False
0,19776,3216,0,22992,1916,1648,2026-04-15,86.0125260960334,13.987473903966597,False
1,19776,3216,0,22992,1916,1648,2026-04-15,86.0125260960334,13.987473903966597,False
2,19777,3215,0,22992,1916,1648,2026-04-15,86.0168754349339,13.98312456506611,False
3,19782,3210,0,22992,1916,1648,2026-04-15,86.03862212943632,13.961377870563675,False
4,19786,3206,0,22992,1916,1648,2026-04-15,86.05601948503828,13.943980514961726,False
5,19788,3204,0,22992,1916,1649,2026-04-15,86.06471816283924,13.935281837160751,False
6,19788,3204,0,22992,1916,1649,2026-04-15,86.06471816283924,13.935281837160751,False
7,19788,3204,0,22992,1916,1649,2026-04-15,86.06471816283924,13.935281837160751,False
8,19788,3204,0,22992,1916,1649,2026-04-15,86.06471816283924,13.935281837160751,False
9,19788,3204,0,22992,1916,1649,2026-04-15,86.06471816283924,13.935281837160751,False
10,19788,3204,0,22992,1916,1649,2026-04-15,86.06471816283924,13.935281837160751,False
11,19789,3203,0,22992,1916,1649,2026-04-15,86.06906750173974,13.930932498260264,False
12,19788,3204,0,22992,1916,1649,2026-04-15,86.06471816283924,13.935281837160751,False
13,19788,3204,0,22992,1916,1649,2026-04-15,86.06471816283924,13.935281837160751,False
14,19788,3204,0,22992,1916,1649,2026-04-15,86.06471816283924,13.935281837160751,False
15,19788,3204,0,22992,1916,1649,2026-04-15,86.06471816283924,13.935281837160751,False
16,19790,3202,0,22992,1916,1649,2026-04-15,86.07341684064022,13.926583159359778,False
17,19788,3204,0,22992,1916,1649,2026-04-15,86.06471816283924,13.935281837160751,False
18,19788,3204,0,22992,1916,1649,2026-04-15,86.06471816283924,13.935281837160751,False
19,19788,3204,0,22992,1916,1649,2026-04-15,86.06471816283924,13.935281837160751,False
20,19789,3203,0,22992,1916,1649,2026-04-15,86.06906750173974,13.930932498260264,False
21,19786,3206,0,22992,1916,1648,2026-04-15,86.05601948503828,13.943980514961726,False
22,19786,3206,0,22992,1916,1648,2026-04-15,86.05601948503828,13.943980514961726,False
23,19781,3211,0,22992,1916,1648,2026-04-15,86.03427279053584,13.965727209464161,False
0,19856,3136,0,22992,1916,1654,2026-04-16,86.36047320807238,13.639526791927628,False
1,19853,3139,0,22992,1916,1654,2026-04-16,86.34742519137092,13.652574808629089,False
2,19863,3129,0,22992,1916,1654,2026-04-16,86.39091858037578,13.609081419624218,False
3,19871,3121,0,22992,1916,1655,2026-04-16,86.42571329157968,13.57428670842032,False
4,19870,3122,0,22992,1916,1655,2026-04-16,86.42136395267919,13.578636047320808,False
5,19871,3121,0,22992,1916,1655,2026-04-16,86.42571329157968,13.57428670842032,False
6,19872,3120,0,22992,1916,1656,2026-04-16,86.43006263048017,13.569937369519833,False
7,19872,3120,0,22992,1916,1656,2026-04-16,86.43006263048017,13.569937369519833,False
8,19872,3120,0,22992,1916,1656,2026-04-16,86.43006263048017,13.569937369519833,False
9,19872,3120,0,22992,1916,1656,2026-04-16,86.43006263048017,13.569937369519833,False
10,19872,3120,0,22992,1916,1656,2026-04-16,86.43006263048017,13.569937369519833,False
11,19872,3120,0,22992,1916,1656,2026-04-16,86.43006263048017,13.569937369519833,False
12,19872,3120,0,22992,1916,1656,2026-04-16,86.43006263048017,13.569937369519833,False
13,19877,3115,0,22992,1916,1656,2026-04-16,86.4518093249826,13.548190675017397,False
14,19884,3108,0,22992,1916,1657,2026-04-16,86.48225469728601,13.517745302713987,False
15,19884,3108,0,22992,1916,1657,2026-04-16,86.48225469728601,13.517745302713987,False
16,19884,3108,0,22992,1916,1657,2026-04-16,86.48225469728601,13.517745302713987,False
17,19884,3108,0,22992,1916,1657,2026-04-16,86.48225469728601,13.517745302713987,False
18,19886,3106,0,22992,1916,1657,2026-04-16,86.49095337508699,13.509046624913013,False
19,19893,3099,0,22992,1916,1657,2026-04-16,86.52139874739039,13.478601252609604,False
20,19887,3105,0,22992,1916,1657,2026-04-16,86.49530271398747,13.504697286012526,False
21,19884,3108,0,22992,1916,1657,2026-04-16,86.48225469728601,13.517745302713987,False
22,19882,3110,0,22992,1916,1656,2026-04-16,86.47355601948504,13.526443980514962,False
23,19878,3114,0,22992,1916,1656,2026-04-16,86.45615866388309,13.54384133611691,False
0,19777,3215,0,22992,1916,1648,2026-04-17,86.0168754349339,13.98312456506611,False
1,19776,3216,0,22992,1916,1648,2026-04-17,86.0125260960334,13.987473903966597,False
2,19776,3216,0,22992,1916,1648,2026-04-17,86.0125260960334,13.987473903966597,False
3,19779,3213,0,22992,1916,1648,2026-04-17,86.02557411273486,13.974425887265136,False
4,19787,3205,0,22992,1916,1648,2026-04-17,86.06036882393876,13.939631176061239,False
5,19788,3204,0,22992,1916,1649,2026-04-17,86.06471816283924,13.935281837160751,False
6,19788,3204,0,22992,1916,1649,2026-04-17,86.06471816283924,13.935281837160751,False
7,19788,3204,0,22992,1916,1649,2026-04-17,86.06471816283924,13.935281837160751,False
8,19788,3204,0,22992,1916,1649,2026-04-17,86.06471816283924,13.935281837160751,False
9,19788,3204,0,22992,1916,1649,2026-04-17,86.06471816283924,13.935281837160751,False
10,19788,3204,0,22992,1916,1649,2026-04-17,86.06471816283924,13.935281837160751,False
11,19788,3204,0,22992,1916,1649,2026-04-17,86.06471816283924,13.935281837160751,False
12,19788,3204,0,22992,1916,1649,2026-04-17,86.06471816283924,13.935281837160751,False
13,19788,3204,0,22992,1916,1649,2026-04-17,86.06471816283924,13.935281837160751,False
14,19788,3204,0,22992,1916,1649,2026-04-17,86.06471816283924,13.935281837160751,False
15,19788,3204,0,22992,1916,1649,2026-04-17,86.06471816283924,13.935281837160751,False
16,19788,3204,0,22992,1916,1649,2026-04-17,86.06471816283924,13.935281837160751,False
17,19788,3204,0,22992,1916,1649,2026-04-17,86.06471816283924,13.935281837160751,False
18,19788,3204,0,22992,1916,1649,2026-04-17,86.06471816283924,13.935281837160751,False
19,19788,3204,0,22992,1916,1649,2026-04-17,86.06471816283924,13.935281837160751,False
20,19788,3204,0,22992,1916,1649,2026-04-17,86.06471816283924,13.935281837160751,False
21,19788,3204,0,22992,1916,1649,2026-04-17,86.06471816283924,13.935281837160751,False
22,19787,3205,0,22992,1916,1648,2026-04-17,86.06036882393876,13.939631176061239,False
23,19788,3204,0,22992,1916,1649,2026-04-17,86.06471816283924,13.935281837160751,False
0,19974,3018,0,22992,1916,1664,2026-04-18,86.87369519832986,13.126304801670146,False
1,19971,3021,0,22992,1916,1664,2026-04-18,86.8606471816284,13.139352818371608,False
2,19970,3022,0,22992,1916,1664,2026-04-18,86.85629784272791,13.143702157272095,False
3,19974,3018,0,22992,1916,1664,2026-04-18,86.87369519832986,13.126304801670146,False
4,19973,3019,0,22992,1916,1664,2026-04-18,86.86934585942937,13.130654140570634,False
5,19975,3017,0,22992,1916,1664,2026-04-18,86.87804453723034,13.121955462769659,False
6,19980,3012,0,22992,1916,1665,2026-04-18,86.89979123173278,13.100208768267223,False
7,19980,3012,0,22992,1916,1665,2026-04-18,86.89979123173278,13.100208768267223,False
8,19980,3012,0,22992,1916,1665,2026-04-18,86.89979123173278,13.100208768267223,False
9,19980,3012,0,22992,1916,1665,2026-04-18,86.89979123173278,13.100208768267223,False
10,19980,3012,0,22992,1916,1665,2026-04-18,86.89979123173278,13.100208768267223,False
11,19980,3012,0,22992,1916,1665,2026-04-18,86.89979123173278,13.100208768267223,False
12,19980,3012,0,22992,1916,1665,2026-04-18,86.89979123173278,13.100208768267223,False
13,19980,3012,0,22992,1916,1665,2026-04-18,86.89979123173278,13.100208768267223,False
14,19980,3012,0,22992,1916,1665,2026-04-18,86.89979123173278,13.100208768267223,False
15,19980,3012,0,22992,1916,1665,2026-04-18,86.89979123173278,13.100208768267223,False
16,19980,3012,0,22992,1916,1665,2026-04-18,86.89979123173278,13.100208768267223,False
17,19980,3012,0,22992,1916,1665,2026-04-18,86.89979123173278,13.100208768267223,False
18,19980,3012,0,22992,1916,1665,2026-04-18,86.89979123173278,13.100208768267223,False
19,19980,3012,0,22992,1916,1665,2026-04-18,86.89979123173278,13.100208768267223,False
20,19980,3012,0,22992,1916,1665,2026-04-18,86.89979123173278,13.100208768267223,False
21,19980,3012,0,22992,1916,1665,2026-04-18,86.89979123173278,13.100208768267223,False
22,19980,3012,0,22992,1916,1665,2026-04-18,86.89979123173278,13.100208768267223,False
23,19979,3013,0,22992,1916,1664,2026-04-18,86.8954418928323,13.10455810716771,False
0,19771,3221,0,22992,1916,1647,2026-04-19,85.99077940153097,14.009220598469033,False
1,19771,3221,0,22992,1916,1647,2026-04-19,85.99077940153097,14.009220598469033,False
2,19764,3228,0,22992,1916,1647,2026-04-19,85.96033402922755,14.039665970772443,False
3,19764,3228,0,22992,1916,1647,2026-04-19,85.96033402922755,14.039665970772443,False
4,19771,3221,0,22992,1916,1647,2026-04-19,85.99077940153097,14.009220598469033,False
5,19768,3224,0,22992,1916,1647,2026-04-19,85.97773138482951,14.022268615170494,False
6,19771,3221,0,22992,1916,1647,2026-04-19,85.99077940153097,14.009220598469033,False
7,19774,3218,0,22992,1916,1647,2026-04-19,86.00382741823243,13.99617258176757,False
8,19777,3215,0,22992,1916,1648,2026-04-19,86.0168754349339,13.98312456506611,False
9,19776,3216,0,22992,1916,1648,2026-04-19,86.0125260960334,13.987473903966597,False
10,19776,3216,0,22992,1916,1648,2026-04-19,86.0125260960334,13.987473903966597,False
11,19776,3216,0,22992,1916,1648,2026-04-19,86.0125260960334,13.987473903966597,False
12,19776,3216,0,22992,1916,1648,2026-04-19,86.0125260960334,13.987473903966597,False
13,19776,3216,0,22992,1916,1648,2026-04-19,86.0125260960334,13.987473903966597,False
14,19776,3216,0,22992,1916,1648,2026-04-19,86.0125260960334,13.987473903966597,False
15,19776,3216,0,22992,1916,1648,2026-04-19,86.0125260960334,13.987473903966597,False
16,19776,3216,0,22992,1916,1648,2026-04-19,86.0125260960334,13.987473903966597,False
17,19776,3216,0,22992,1916,1648,2026-04-19,86.0125260960334,13.987473903966597,False
18,19776,3216,0,22992,1916,1648,2026-04-19,86.0125260960334,13.987473903966597,False
19,19776,3216,0,22992,1916,1648,2026-04-19,86.0125260960334,13.987473903966597,False
20,19776,3216,0,22992,1916,1648,2026-04-19,86.0125260960334,13.987473903966597,False
21,19776,3216,0,22992,1916,1648,2026-04-19,86.0125260960334,13.987473903966597,False
22,19774,3218,0,22992,1916,1647,2026-04-19,86.00382741823243,13.99617258176757,False
23,19772,3220,0,22992,1916,1647,2026-04-19,85.99512874043145,14.004871259568546,False
0,19972,3020,0,22992,1916,1664,2026-04-20,86.86499652052888,13.13500347947112,False
1,19968,3024,0,22992,1916,1664,2026-04-20,86.84759916492693,13.152400835073069,False
2,19968,3024,0,22992,1916,1664,2026-04-20,86.84759916492693,13.152400835073069,False
3,19974,3018,0,22992,1916,1664,2026-04-20,86.87369519832986,13.126304801670146,False
4,19977,3015,0,22992,1916,1664,2026-04-20,86.88674321503132,13.113256784968685,False
5,19980,3012,0,22992,1916,1665,2026-04-20,86.89979123173278,13.100208768267223,False
6,19980,3012,0,22992,1916,1665,2026-04-20,86.89979123173278,13.100208768267223,False
7,19980,3012,0,22992,1916,1665,2026-04-20,86.89979123173278,13.100208768267223,False
8,19980,3012,0,22992,1916,1665,2026-04-20,86.89979123173278,13.100208768267223,False
9,19980,3012,0,22992,1916,1665,2026-04-20,86.89979123173278,13.100208768267223,False
10,19979,3013,0,22992,1916,1664,2026-04-20,86.8954418928323,13.10455810716771,False
11,19980,3012,0,22992,1916,1665,2026-04-20,86.89979123173278,13.100208768267223,False
12,19980,3012,0,22992,1916,1665,2026-04-20,86.89979123173278,13.100208768267223,False
13,19980,3012,0,22992,1916,1665,2026-04-20,86.89979123173278,13.100208768267223,False
14,19980,3012,0,22992,1916,1665,2026-04-20,86.89979123173278,13.100208768267223,False
15,19980,3012,0,22992,1916,1665,2026-04-20,86.89979123173278,13.100208768267223,False
16,19980,3012,0,22992,1916,1665,2026-04-20,86.89979123173278,13.100208768267223,False
17,19980,3012,0,22992,1916,1665,2026-04-20,86.89979123173278,13.100208768267223,False
18,19980,3012,0,22992,1916,1665,2026-04-20,86.89979123173278,13.100208768267223,False
19,19980,3012,0,22992,1916,1665,2026-04-20,86.89979123173278,13.100208768267223,False
20,19979,3013,0,22992,1916,1664,2026-04-20,86.8954418928323,13.10455810716771,False
21,19978,3014,0,22992,1916,1664,2026-04-20,86.8910925539318,13.108907446068198,False
22,19979,3013,0,22992,1916,1664,2026-04-20,86.8954418928323,13.10455810716771,False
23,19973,3019,0,22992,1916,1664,2026-04-20,86.86934585942937,13.130654140570634,False
0,19742,3250,0,22992,1916,1645,2026-04-21,85.86464857341684,14.13535142658316,False
1,19740,3252,0,22992,1916,1645,2026-04-21,85.85594989561586,14.144050104384133,False
2,19740,3252,0,22992,1916,1645,2026-04-21,85.85594989561586,14.144050104384133,False
3,19744,3248,0,22992,1916,1645,2026-04-21,85.87334725121781,14.126652748782185,False
4,19749,3243,0,22992,1916,1645,2026-04-21,85.89509394572025,14.10490605427975,False
5,19752,3240,0,22992,1916,1646,2026-04-21,85.90814196242171,14.091858037578287,False
6,19752,3240,0,22992,1916,1646,2026-04-21,85.90814196242171,14.091858037578287,False
7,19752,3240,0,22992,1916,1646,2026-04-21,85.90814196242171,14.091858037578287,False
8,19750,3242,0,22992,1916,1645,2026-04-21,85.89944328462074,14.100556715379263,False
9,19745,3247,0,22992,1916,1645,2026-04-21,85.8776965901183,14.122303409881699,False
10,19749,3243,0,22992,1916,1645,2026-04-21,85.89509394572025,14.10490605427975,False
11,19752,3240,0,22992,1916,1646,2026-04-21,85.90814196242171,14.091858037578287,False
12,19751,3241,0,22992,1916,1645,2026-04-21,85.90379262352123,14.096207376478775,False
13,19751,3241,0,22992,1916,1645,2026-04-21,85.90379262352123,14.096207376478775,False
14,19752,3240,0,22992,1916,1646,2026-04-21,85.90814196242171,14.091858037578287,False
15,19752,3240,0,22992,1916,1646,2026-04-21,85.90814196242171,14.091858037578287,False
16,19752,3240,0,22992,1916,1646,2026-04-21,85.90814196242171,14.091858037578287,False
17,19752,3240,0,22992,1916,1646,2026-04-21,85.90814196242171,14.091858037578287,False
18,19752,3240,0,22992,1916,1646,2026-04-21,85.90814196242171,14.091858037578287,False
19,19752,3240,0,22992,1916,1646,2026-04-21,85.90814196242171,14.091858037578287,False
20,19752,3240,0,22992,1916,1646,2026-04-21,85.90814196242171,14.091858037578287,False
21,19752,3240,0,22992,1916,1646,2026-04-21,85.90814196242171,14.091858037578287,False
22,19749,3243,0,22992,1916,1645,2026-04-21,85.89509394572025,14.10490605427975,False
23,19747,3245,0,22992,1916,1645,2026-04-21,85.88639526791927,14.113604732080724,False
0,19812,3180,0,22992,1916,1651,2026-04-22,86.16910229645094,13.830897703549061,False
1,19800,3192,0,22992,1916,1650,2026-04-22,86.1169102296451,13.883089770354905,False
2,19800,3192,0,22992,1916,1650,2026-04-22,86.1169102296451,13.883089770354905,False
3,19805,3187,0,22992,1916,1650,2026-04-22,86.13865692414753,13.86134307585247,False
4,19811,3181,0,22992,1916,1650,2026-04-22,86.16475295755045,13.835247042449547,False
5,19812,3180,0,22992,1916,1651,2026-04-22,86.16910229645094,13.830897703549061,False
6,19812,3180,0,22992,1916,1651,2026-04-22,86.16910229645094,13.830897703549061,False
7,19812,3180,0,22992,1916,1651,2026-04-22,86.16910229645094,13.830897703549061,False
8,19812,3180,0,22992,1916,1651,2026-04-22,86.16910229645094,13.830897703549061,False
9,19812,3180,0,22992,1916,1651,2026-04-22,86.16910229645094,13.830897703549061,False
10,19812,3180,0,22992,1916,1651,2026-04-22,86.16910229645094,13.830897703549061,False
11,19812,3180,0,22992,1916,1651,2026-04-22,86.16910229645094,13.830897703549061,False
12,19812,3180,0,22992,1916,1651,2026-04-22,86.16910229645094,13.830897703549061,False
13,19812,3180,0,22992,1916,1651,2026-04-22,86.16910229645094,13.830897703549061,False
14,19812,3180,0,22992,1916,1651,2026-04-22,86.16910229645094,13.830897703549061,False
15,19812,3180,0,22992,1916,1651,2026-04-22,86.16910229645094,13.830897703549061,False
16,19812,3180,0,22992,1916,1651,2026-04-22,86.16910229645094,13.830897703549061,False
17,19812,3180,0,22992,1916,1651,2026-04-22,86.16910229645094,13.830897703549061,False
18,19812,3180,0,22992,1916,1651,2026-04-22,86.16910229645094,13.830897703549061,False
19,19817,3175,0,22992,1916,1651,2026-04-22,86.19084899095337,13.809151009046625,False
20,19813,3179,0,22992,1916,1651,2026-04-22,86.17345163535143,13.826548364648573,False
21,19812,3180,0,22992,1916,1651,2026-04-22,86.16910229645094,13.830897703549061,False
22,19812,3180,0,22992,1916,1651,2026-04-22,86.16910229645094,13.830897703549061,False
23,19812,3180,0,22992,1916,1651,2026-04-22,86.16910229645094,13.830897703549061,False
0,19788,3204,0,22992,1916,1649,2026-04-23,86.06471816283924,13.935281837160751,False
1,19788,3204,0,22992,1916,1649,2026-04-23,86.06471816283924,13.935281837160751,False
2,19788,3204,0,22992,1916,1649,2026-04-23,86.06471816283924,13.935281837160751,False
3,19788,3204,0,22992,1916,1649,2026-04-23,86.06471816283924,13.935281837160751,False
4,19788,3204,0,22992,1916,1649,2026-04-23,86.06471816283924,13.935281837160751,False
5,19788,3204,0,22992,1916,1649,2026-04-23,86.06471816283924,13.935281837160751,False
6,19788,3204,0,22992,1916,1649,2026-04-23,86.06471816283924,13.935281837160751,False
7,19788,3204,0,22992,1916,1649,2026-04-23,86.06471816283924,13.935281837160751,False
8,19788,3204,0,22992,1916,1649,2026-04-23,86.06471816283924,13.935281837160751,False
9,19788,3204,0,22992,1916,1649,2026-04-23,86.06471816283924,13.935281837160751,False
10,19788,3204,0,22992,1916,1649,2026-04-23,86.06471816283924,13.935281837160751,False
11,19788,3204,0,22992,1916,1649,2026-04-23,86.06471816283924,13.935281837160751,False
12,19788,3204,0,22992,1916,1649,2026-04-23,86.06471816283924,13.935281837160751,False
13,19788,3204,0,22992,1916,1649,2026-04-23,86.06471816283924,13.935281837160751,False
14,19788,3204,0,22992,1916,1649,2026-04-23,86.06471816283924,13.935281837160751,False
15,19788,3204,0,22992,1916,1649,2026-04-23,86.06471816283924,13.935281837160751,False
16,19788,3204,0,22992,1916,1649,2026-04-23,86.06471816283924,13.935281837160751,False
17,19788,3204,0,22992,1916,1649,2026-04-23,86.06471816283924,13.935281837160751,False
18,19788,3204,0,22992,1916,1649,2026-04-23,86.06471816283924,13.935281837160751,False
19,19788,3204,0,22992,1916,1649,2026-04-23,86.06471816283924,13.935281837160751,False
20,19788,3204,0,22992,1916,1649,2026-04-23,86.06471816283924,13.935281837160751,False
21,19788,3204,0,22992,1916,1649,2026-04-23,86.06471816283924,13.935281837160751,False
22,19788,3204,0,22992,1916,1649,2026-04-23,86.06471816283924,13.935281837160751,False
23,19788,3204,0,22992,1916,1649,2026-04-23,86.06471816283924,13.935281837160751,False
0,19860,3132,0,22992,1916,1655,2026-04-24,86.37787056367432,13.622129436325679,False
1,19860,3132,0,22992,1916,1655,2026-04-24,86.37787056367432,13.622129436325679,False
2,19860,3132,0,22992,1916,1655,2026-04-24,86.37787056367432,13.622129436325679,False
3,19860,3132,0,22992,1916,1655,2026-04-24,86.37787056367432,13.622129436325679,False
4,19860,3132,0,22992,1916,1655,2026-04-24,86.37787056367432,13.622129436325679,False
5,19860,3132,0,22992,1916,1655,2026-04-24,86.37787056367432,13.622129436325679,False
6,19860,3132,0,22992,1916,1655,2026-04-24,86.37787056367432,13.622129436325679,False
7,19860,3132,0,22992,1916,1655,2026-04-24,86.37787056367432,13.622129436325679,False
8,19860,3132,0,22992,1916,1655,2026-04-24,86.37787056367432,13.622129436325679,False
9,19860,3132,0,22992,1916,1655,2026-04-24,86.37787056367432,13.622129436325679,False
10,19860,3132,0,22992,1916,1655,2026-04-24,86.37787056367432,13.622129436325679,False
11,19860,3132,0,22992,1916,1655,2026-04-24,86.37787056367432,13.622129436325679,False
12,19860,3132,0,22992,1916,1655,2026-04-24,86.37787056367432,13.622129436325679,False
13,19860,3132,0,22992,1916,1655,2026-04-24,86.37787056367432,13.622129436325679,False
14,19860,3132,0,22992,1916,1655,2026-04-24,86.37787056367432,13.622129436325679,False
15,19860,3132,0,22992,1916,1655,2026-04-24,86.37787056367432,13.622129436325679,False
16,19860,3132,0,22992,1916,1655,2026-04-24,86.37787056367432,13.622129436325679,False
17,19860,3132,0,22992,1916,1655,2026-04-24,86.37787056367432,13.622129436325679,False
18,19860,3132,0,22992,1916,1655,2026-04-24,86.37787056367432,13.622129436325679,False
19,19860,3132,0,22992,1916,1655,2026-04-24,86.37787056367432,13.622129436325679,False
20,19860,3132,0,22992,1916,1655,2026-04-24,86.37787056367432,13.622129436325679,False
21,19860,3132,0,22992,1916,1655,2026-04-24,86.37787056367432,13.622129436325679,False
22,19860,3132,0,22992,1916,1655,2026-04-24,86.37787056367432,13.622129436325679,False
23,19860,3132,0,22992,1916,1655,2026-04-24,86.37787056367432,13.622129436325679,False
0,19764,3228,0,22992,1916,1647,2026-04-25,85.96033402922755,14.039665970772443,False
1,19764,3228,0,22992,1916,1647,2026-04-25,85.96033402922755,14.039665970772443,False
2,19764,3228,0,22992,1916,1647,2026-04-25,85.96033402922755,14.039665970772443,False
3,19764,3228,0,22992,1916,1647,2026-04-25,85.96033402922755,14.039665970772443,False
4,19764,3228,0,22992,1916,1647,2026-04-25,85.96033402922755,14.039665970772443,False
5,19764,3228,0,22992,1916,1647,2026-04-25,85.96033402922755,14.039665970772443,False
6,19764,3228,0,22992,1916,1647,2026-04-25,85.96033402922755,14.039665970772443,False
7,19764,3228,0,22992,1916,1647,2026-04-25,85.96033402922755,14.039665970772443,False
8,19764,3228,0,22992,1916,1647,2026-04-25,85.96033402922755,14.039665970772443,False
9,19764,3228,0,22992,1916,1647,2026-04-25,85.96033402922755,14.039665970772443,False
10,19764,3228,0,22992,1916,1647,2026-04-25,85.96033402922755,14.039665970772443,False
11,19764,3228,0,22992,1916,1647,2026-04-25,85.96033402922755,14.039665970772443,False
12,19764,3228,0,22992,1916,1647,2026-04-25,85.96033402922755,14.039665970772443,False
13,19764,3228,0,22992,1916,1647,2026-04-25,85.96033402922755,14.039665970772443,False
14,19764,3228,0,22992,1916,1647,2026-04-25,85.96033402922755,14.039665970772443,False
15,19764,3228,0,22992,1916,1647,2026-04-25,85.96033402922755,14.039665970772443,False
16,19764,3228,0,22992,1916,1647,2026-04-25,85.96033402922755,14.039665970772443,False
17,19764,3228,0,22992,1916,1647,2026-04-25,85.96033402922755,14.039665970772443,False
18,19764,3228,0,22992,1916,1647,2026-04-25,85.96033402922755,14.039665970772443,False
19,19764,3228,0,22992,1916,1647,2026-04-25,85.96033402922755,14.039665970772443,False
20,19764,3228,0,22992,1916,1647,2026-04-25,85.96033402922755,14.039665970772443,False
21,19764,3228,0,22992,1916,1647,2026-04-25,85.96033402922755,14.039665970772443,False
22,19764,3228,0,22992,1916,1647,2026-04-25,85.96033402922755,14.039665970772443,False
23,19764,3228,0,22992,1916,1647,2026-04-25,85.96033402922755,14.039665970772443,False
0,19944,3048,0,22992,1916,1662,2026-04-26,86.74321503131524,13.25678496868476,False
1,19944,3048,0,22992,1916,1662,2026-04-26,86.74321503131524,13.25678496868476,False
2,19944,3048,0,22992,1916,1662,2026-04-26,86.74321503131524,13.25678496868476,False
3,19944,3048,0,22992,1916,1662,2026-04-26,86.74321503131524,13.25678496868476,False
4,19944,3048,0,22992,1916,1662,2026-04-26,86.74321503131524,13.25678496868476,False
5,19944,3048,0,22992,1916,1662,2026-04-26,86.74321503131524,13.25678496868476,False
6,19944,3048,0,22992,1916,1662,2026-04-26,86.74321503131524,13.25678496868476,False
7,19944,3048,0,22992,1916,1662,2026-04-26,86.74321503131524,13.25678496868476,False
8,19944,3048,0,22992,1916,1662,2026-04-26,86.74321503131524,13.25678496868476,False
9,19944,3048,0,22992,1916,1662,2026-04-26,86.74321503131524,13.25678496868476,False
10,19944,3048,0,22992,1916,1662,2026-04-26,86.74321503131524,13.25678496868476,False
11,19944,3048,0,22992,1916,1662,2026-04-26,86.74321503131524,13.25678496868476,False
12,19944,3048,0,22992,1916,1662,2026-04-26,86.74321503131524,13.25678496868476,False
13,19944,3048,0,22992,1916,1662,2026-04-26,86.74321503131524,13.25678496868476,False
14,19944,3048,0,22992,1916,1662,2026-04-26,86.74321503131524,13.25678496868476,False
15,19944,3048,0,22992,1916,1662,2026-04-26,86.74321503131524,13.25678496868476,False
16,19944,3048,0,22992,1916,1662,2026-04-26,86.74321503131524,13.25678496868476,False
17,19944,3048,0,22992,1916,1662,2026-04-26,86.74321503131524,13.25678496868476,False
18,19944,3048,0,22992,1916,1662,2026-04-26,86.74321503131524,13.25678496868476,False
19,19944,3048,0,22992,1916,1662,2026-04-26,86.74321503131524,13.25678496868476,False
20,19944,3048,0,22992,1916,1662,2026-04-26,86.74321503131524,13.25678496868476,False
21,19944,3048,0,22992,1916,1662,2026-04-26,86.74321503131524,13.25678496868476,False
22,19944,3048,0,22992,1916,1662,2026-04-26,86.74321503131524,13.25678496868476,False
23,19944,3048,0,22992,1916,1662,2026-04-26,86.74321503131524,13.25678496868476,False
0,19848,3144,0,22992,1916,1654,2026-04-27,86.32567849686848,13.674321503131525,False
1,19848,3144,0,22992,1916,1654,2026-04-27,86.32567849686848,13.674321503131525,False
2,19848,3144,0,22992,1916,1654,2026-04-27,86.32567849686848,13.674321503131525,False
3,19848,3144,0,22992,1916,1654,2026-04-27,86.32567849686848,13.674321503131525,False
4,19848,3144,0,22992,1916,1654,2026-04-27,86.32567849686848,13.674321503131525,False
5,19848,3144,0,22992,1916,1654,2026-04-27,86.32567849686848,13.674321503131525,False
6,19848,3144,0,22992,1916,1654,2026-04-27,86.32567849686848,13.674321503131525,False
7,19848,3144,0,22992,1916,1654,2026-04-27,86.32567849686848,13.674321503131525,False
8,19848,3144,0,22992,1916,1654,2026-04-27,86.32567849686848,13.674321503131525,False
9,19848,3144,0,22992,1916,1654,2026-04-27,86.32567849686848,13.674321503131525,False
10,19848,3144,0,22992,1916,1654,2026-04-27,86.32567849686848,13.674321503131525,False
11,19848,3144,0,22992,1916,1654,2026-04-27,86.32567849686848,13.674321503131525,False
12,19848,3144,0,22992,1916,1654,2026-04-27,86.32567849686848,13.674321503131525,False
13,19848,3144,0,22992,1916,1654,2026-04-27,86.32567849686848,13.674321503131525,False
14,19848,3144,0,22992,1916,1654,2026-04-27,86.32567849686848,13.674321503131525,False
15,19848,3144,0,22992,1916,1654,2026-04-27,86.32567849686848,13.674321503131525,False
16,19848,3144,0,22992,1916,1654,2026-04-27,86.32567849686848,13.674321503131525,False
17,19848,3144,0,22992,1916,1654,2026-04-27,86.32567849686848,13.674321503131525,False
18,19848,3144,0,22992,1916,1654,2026-04-27,86.32567849686848,13.674321503131525,False
19,19848,3144,0,22992,1916,1654,2026-04-27,86.32567849686848,13.674321503131525,False
20,19848,3144,0,22992,1916,1654,2026-04-27,86.32567849686848,13.674321503131525,False
21,19848,3144,0,22992,1916,1654,2026-04-27,86.32567849686848,13.674321503131525,False
22,19848,3144,0,22992,1916,1654,2026-04-27,86.32567849686848,13.674321503131525,False
23,19848,3144,0,22992,1916,1654,2026-04-27,86.32567849686848,13.674321503131525,False
0,19836,3156,0,22992,1916,1653,2026-04-28,86.27348643006263,13.726513569937369,False
1,19836,3156,0,22992,1916,1653,2026-04-28,86.27348643006263,13.726513569937369,False
2,19836,3156,0,22992,1916,1653,2026-04-28,86.27348643006263,13.726513569937369,False
3,19836,3156,0,22992,1916,1653,2026-04-28,86.27348643006263,13.726513569937369,False
4,19836,3156,0,22992,1916,1653,2026-04-28,86.27348643006263,13.726513569937369,False
5,19836,3156,0,22992,1916,1653,2026-04-28,86.27348643006263,13.726513569937369,False
6,19836,3156,0,22992,1916,1653,2026-04-28,86.27348643006263,13.726513569937369,False
7,19836,3156,0,22992,1916,1653,2026-04-28,86.27348643006263,13.726513569937369,False
8,19836,3156,0,22992,1916,1653,2026-04-28,86.27348643006263,13.726513569937369,False
9,19836,3156,0,22992,1916,1653,2026-04-28,86.27348643006263,13.726513569937369,False
10,19836,3156,0,22992,1916,1653,2026-04-28,86.27348643006263,13.726513569937369,False
11,19836,3156,0,22992,1916,1653,2026-04-28,86.27348643006263,13.726513569937369,False
12,19836,3156,0,22992,1916,1653,2026-04-28,86.27348643006263,13.726513569937369,False
13,19836,3156,0,22992,1916,1653,2026-04-28,86.27348643006263,13.726513569937369,False
14,19836,3156,0,22992,1916,1653,2026-04-28,86.27348643006263,13.726513569937369,False
15,19836,3156,0,22992,1916,1653,2026-04-28,86.27348643006263,13.726513569937369,False
16,19836,3156,0,22992,1916,1653,2026-04-28,86.27348643006263,13.726513569937369,False
17,19836,3156,0,22992,1916,1653,2026-04-28,86.27348643006263,13.726513569937369,False
18,19836,3156,0,22992,1916,1653,2026-04-28,86.27348643006263,13.726513569937369,False
19,19836,3156,0,22992,1916,1653,2026-04-28,86.27348643006263,13.726513569937369,False
20,19836,3156,0,22992,1916,1653,2026-04-28,86.27348643006263,13.726513569937369,False
21,19836,3156,0,22992,1916,1653,2026-04-28,86.27348643006263,13.726513569937369,False
22,19836,3156,0,22992,1916,1653,2026-04-28,86.27348643006263,13.726513569937369,False
23,19836,3156,0,22992,1916,1653,2026-04-28,86.27348643006263,13.726513569937369,False
0,19848,3144,0,22992,1916,1654,2026-04-29,86.32567849686848,13.674321503131525,False
1,19848,3144,0,22992,1916,1654,2026-04-29,86.32567849686848,13.674321503131525,False
2,19848,3144,0,22992,1916,1654,2026-04-29,86.32567849686848,13.674321503131525,False
3,19848,3144,0,22992,1916,1654,2026-04-29,86.32567849686848,13.674321503131525,False
4,19848,3144,0,22992,1916,1654,2026-04-29,86.32567849686848,13.674321503131525,False
5,19848,3144,0,22992,1916,1654,2026-04-29,86.32567849686848,13.674321503131525,False
6,19848,3144,0,22992,1916,1654,2026-04-29,86.32567849686848,13.674321503131525,False
7,19848,3144,0,22992,1916,1654,2026-04-29,86.32567849686848,13.674321503131525,False
8,19848,3144,0,22992,1916,1654,2026-04-29,86.32567849686848,13.674321503131525,False
9,19848,3144,0,22992,1916,1654,2026-04-29,86.32567849686848,13.674321503131525,False
10,19848,3144,0,22992,1916,1654,2026-04-29,86.32567849686848,13.674321503131525,False
11,19848,3144,0,22992,1916,1654,2026-04-29,86.32567849686848,13.674321503131525,False
12,19848,3144,0,22992,1916,1654,2026-04-29,86.32567849686848,13.674321503131525,False
13,19848,3144,0,22992,1916,1654,2026-04-29,86.32567849686848,13.674321503131525,False
14,19848,3144,0,22992,1916,1654,2026-04-29,86.32567849686848,13.674321503131525,False
15,19848,3144,0,22992,1916,1654,2026-04-29,86.32567849686848,13.674321503131525,False
16,19848,3144,0,22992,1916,1654,2026-04-29,86.32567849686848,13.674321503131525,False
17,19848,3144,0,22992,1916,1654,2026-04-29,86.32567849686848,13.674321503131525,False
18,19848,3144,0,22992,1916,1654,2026-04-29,86.32567849686848,13.674321503131525,False
19,19850,3142,0,22992,1916,1654,2026-04-29,86.33437717466946,13.66562282533055,False
20,19848,3144,0,22992,1916,1654,2026-04-29,86.32567849686848,13.674321503131525,False
21,19848,3144,0,22992,1916,1654,2026-04-29,86.32567849686848,13.674321503131525,False
22,19848,3144,0,22992,1916,1654,2026-04-29,86.32567849686848,13.674321503131525,False
23,19848,3144,0,22992,1916,1654,2026-04-29,86.32567849686848,13.674321503131525,False
0,19884,3108,0,22992,1916,1657,2026-04-30,86.48225469728601,13.517745302713987,False
1,19884,3108,0,22992,1916,1657,2026-04-30,86.48225469728601,13.517745302713987,False
2,19884,3108,0,22992,1916,1657,2026-04-30,86.48225469728601,13.517745302713987,False
3,19884,3108,0,22992,1916,1657,2026-04-30,86.48225469728601,13.517745302713987,False
4,19884,3108,0,22992,1916,1657,2026-04-30,86.48225469728601,13.517745302713987,False
5,19884,3108,0,22992,1916,1657,2026-04-30,86.48225469728601,13.517745302713987,False
6,19884,3108,0,22992,1916,1657,2026-04-30,86.48225469728601,13.517745302713987,False
7,19884,3108,0,22992,1916,1657,2026-04-30,86.48225469728601,13.517745302713987,False
8,19884,3108,0,22992,1916,1657,2026-04-30,86.48225469728601,13.517745302713987,False
9,19884,3108,0,22992,1916,1657,2026-04-30,86.48225469728601,13.517745302713987,False
10,19884,3108,0,22992,1916,1657,2026-04-30,86.48225469728601,13.517745302713987,False
11,19884,3108,0,22992,1916,1657,2026-04-30,86.48225469728601,13.517745302713987,False
12,19884,3108,0,22992,1916,1657,2026-04-30,86.48225469728601,13.517745302713987,False
13,19884,3108,0,22992,1916,1657,2026-04-30,86.48225469728601,13.517745302713987,False
14,19884,3108,0,22992,1916,1657,2026-04-30,86.48225469728601,13.517745302713987,False
15,19884,3108,0,22992,1916,1657,2026-04-30,86.48225469728601,13.517745302713987,False
16,19884,3108,0,22992,1916,1657,2026-04-30,86.48225469728601,13.517745302713987,False
17,19884,3108,0,22992,1916,1657,2026-04-30,86.48225469728601,13.517745302713987,False
18,19884,3108,0,22992,1916,1657,2026-04-30,86.48225469728601,13.517745302713987,False
19,19884,3108,0,22992,1916,1657,2026-04-30,86.48225469728601,13.517745302713987,False
20,19884,3108,0,22992,1916,1657,2026-04-30,86.48225469728601,13.517745302713987,False
21,19884,3108,0,22992,1916,1657,2026-04-30,86.48225469728601,13.517745302713987,False
22,19884,3108,0,22992,1916,1657,2026-04-30,86.48225469728601,13.517745302713987,False
23,19884,3108,0,22992,1916,1657,2026-04-30,86.48225469728601,13.517745302713987,False
0,19836,3156,0,22992,1916,1653,2026-05-01,86.27348643006263,13.726513569937369,False
1,19836,3156,0,22992,1916,1653,2026-05-01,86.27348643006263,13.726513569937369,False
2,19836,3156,0,22992,1916,1653,2026-05-01,86.27348643006263,13.726513569937369,False
3,19836,3156,0,22992,1916,1653,2026-05-01,86.27348643006263,13.726513569937369,False
4,19836,3156,0,22992,1916,1653,2026-05-01,86.27348643006263,13.726513569937369,False
5,19836,3156,0,22992,1916,1653,2026-05-01,86.27348643006263,13.726513569937369,False
6,19836,3156,0,22992,1916,1653,2026-05-01,86.27348643006263,13.726513569937369,False
7,19836,3156,0,22992,1916,1653,2026-05-01,86.27348643006263,13.726513569937369,False
8,19836,3156,0,22992,1916,1653,2026-05-01,86.27348643006263,13.726513569937369,False
9,19836,3156,0,22992,1916,1653,2026-05-01,86.27348643006263,13.726513569937369,False
10,19836,3156,0,22992,1916,1653,2026-05-01,86.27348643006263,13.726513569937369,False
11,19836,3156,0,22992,1916,1653,2026-05-01,86.27348643006263,13.726513569937369,False
12,19836,3156,0,22992,1916,1653,2026-05-01,86.27348643006263,13.726513569937369,False
13,19836,3156,0,22992,1916,1653,2026-05-01,86.27348643006263,13.726513569937369,False
14,19836,3156,0,22992,1916,1653,2026-05-01,86.27348643006263,13.726513569937369,False
15,19836,3156,0,22992,1916,1653,2026-05-01,86.27348643006263,13.726513569937369,False
16,19836,3156,0,22992,1916,1653,2026-05-01,86.27348643006263,13.726513569937369,False
17,19836,3156,0,22992,1916,1653,2026-05-01,86.27348643006263,13.726513569937369,False
18,19836,3156,0,22992,1916,1653,2026-05-01,86.27348643006263,13.726513569937369,False
19,19836,3156,0,22992,1916,1653,2026-05-01,86.27348643006263,13.726513569937369,False
20,19836,3156,0,22992,1916,1653,2026-05-01,86.27348643006263,13.726513569937369,False
21,19835,3157,0,22992,1916,1652,2026-05-01,86.26913709116215,13.730862908837857,False
22,19836,3156,0,22992,1916,1653,2026-05-01,86.27348643006263,13.726513569937369,False
23,19832,3160,0,22992,1916,1652,2026-05-01,86.25608907446068,13.743910925539318,False
0,19807,3185,0,22992,1916,1650,2026-05-02,86.1473556019485,13.852644398051496,False
1,19801,3191,0,22992,1916,1650,2026-05-02,86.12125956854558,13.87874043145442,False
2,19800,3192,0,22992,1916,1650,2026-05-02,86.1169102296451,13.883089770354905,False
3,19800,3192,0,22992,1916,1650,2026-05-02,86.1169102296451,13.883089770354905,False
4,19804,3188,0,22992,1916,1650,2026-05-02,86.13430758524704,13.865692414752958,False
5,19809,3183,0,22992,1916,1650,2026-05-02,86.15605427974948,13.843945720250522,False
6,19812,3180,0,22992,1916,1651,2026-05-02,86.16910229645094,13.830897703549061,False
7,19811,3181,0,22992,1916,1650,2026-05-02,86.16475295755045,13.835247042449547,False
8,19812,3180,0,22992,1916,1651,2026-05-02,86.16910229645094,13.830897703549061,False
9,19812,3180,0,22992,1916,1651,2026-05-02,86.16910229645094,13.830897703549061,False
10,19812,3180,0,22992,1916,1651,2026-05-02,86.16910229645094,13.830897703549061,False
11,19812,3180,0,22992,1916,1651,2026-05-02,86.16910229645094,13.830897703549061,False
12,19812,3180,0,22992,1916,1651,2026-05-02,86.16910229645094,13.830897703549061,False
13,19812,3180,0,22992,1916,1651,2026-05-02,86.16910229645094,13.830897703549061,False
14,19812,3180,0,22992,1916,1651,2026-05-02,86.16910229645094,13.830897703549061,False
15,19812,3180,0,22992,1916,1651,2026-05-02,86.16910229645094,13.830897703549061,False
16,19812,3180,0,22992,1916,1651,2026-05-02,86.16910229645094,13.830897703549061,False
17,19812,3180,0,22992,1916,1651,2026-05-02,86.16910229645094,13.830897703549061,False
18,19812,3180,0,22992,1916,1651,2026-05-02,86.16910229645094,13.830897703549061,False
19,19812,3180,0,22992,1916,1651,2026-05-02,86.16910229645094,13.830897703549061,False
20,19812,3180,0,22992,1916,1651,2026-05-02,86.16910229645094,13.830897703549061,False
21,19812,3180,0,22992,1916,1651,2026-05-02,86.16910229645094,13.830897703549061,False
22,19812,3180,0,22992,1916,1651,2026-05-02,86.16910229645094,13.830897703549061,False
23,19812,3180,0,22992,1916,1651,2026-05-02,86.16910229645094,13.830897703549061,False
0,19807,3185,0,22992,1916,1650,2026-05-03,86.1473556019485,13.852644398051496,False
1,19803,3189,0,22992,1916,1650,2026-05-03,86.12995824634656,13.870041753653444,False
2,19801,3191,0,22992,1916,1650,2026-05-03,86.12125956854558,13.87874043145442,False
3,19801,3191,0,22992,1916,1650,2026-05-03,86.12125956854558,13.87874043145442,False
4,19801,3191,0,22992,1916,1650,2026-05-03,86.12125956854558,13.87874043145442,False
5,19802,3190,0,22992,1916,1650,2026-05-03,86.12560890744606,13.874391092553932,False
6,19804,3188,0,22992,1916,1650,2026-05-03,86.13430758524704,13.865692414752958,False
7,19809,3183,0,22992,1916,1650,2026-05-03,86.15605427974948,13.843945720250522,False
8,19806,3186,0,22992,1916,1650,2026-05-03,86.14300626304802,13.856993736951983,False
9,19812,3180,0,22992,1916,1651,2026-05-03,86.16910229645094,13.830897703549061,False
10,19812,3180,0,22992,1916,1651,2026-05-03,86.16910229645094,13.830897703549061,False
11,19812,3180,0,22992,1916,1651,2026-05-03,86.16910229645094,13.830897703549061,False
12,19812,3180,0,22992,1916,1651,2026-05-03,86.16910229645094,13.830897703549061,False
13,19812,3180,0,22992,1916,1651,2026-05-03,86.16910229645094,13.830897703549061,False
14,19812,3180,0,22992,1916,1651,2026-05-03,86.16910229645094,13.830897703549061,False
15,19812,3180,0,22992,1916,1651,2026-05-03,86.16910229645094,13.830897703549061,False
16,19812,3180,0,22992,1916,1651,2026-05-03,86.16910229645094,13.830897703549061,False
17,19812,3180,0,22992,1916,1651,2026-05-03,86.16910229645094,13.830897703549061,False
18,19812,3180,0,22992,1916,1651,2026-05-03,86.16910229645094,13.830897703549061,False
19,19812,3180,0,22992,1916,1651,2026-05-03,86.16910229645094,13.830897703549061,False
20,19812,3180,0,22992,1916,1651,2026-05-03,86.16910229645094,13.830897703549061,False
21,19812,3180,0,22992,1916,1651,2026-05-03,86.16910229645094,13.830897703549061,False
22,19810,3182,0,22992,1916,1650,2026-05-03,86.16040361864997,13.839596381350034,False
23,19802,3190,0,22992,1916,1650,2026-05-03,86.12560890744606,13.874391092553932,False
0,19812,3180,0,22992,1916,1651,2026-05-04,86.16910229645094,13.830897703549061,False
1,19812,3180,0,22992,1916,1651,2026-05-04,86.16910229645094,13.830897703549061,False
2,19812,3180,0,22992,1916,1651,2026-05-04,86.16910229645094,13.830897703549061,False
3,19814,3178,0,22992,1916,1651,2026-05-04,86.17780097425191,13.822199025748086,False
4,19821,3171,0,22992,1916,1651,2026-05-04,86.20824634655533,13.791753653444676,False
5,19824,3168,0,22992,1916,1652,2026-05-04,86.22129436325679,13.778705636743215,False
6,19824,3168,0,22992,1916,1652,2026-05-04,86.22129436325679,13.778705636743215,False
7,19824,3168,0,22992,1916,1652,2026-05-04,86.22129436325679,13.778705636743215,False
8,19824,3168,0,22992,1916,1652,2026-05-04,86.22129436325679,13.778705636743215,False
9,19824,3168,0,22992,1916,1652,2026-05-04,86.22129436325679,13.778705636743215,False
10,19824,3168,0,22992,1916,1652,2026-05-04,86.22129436325679,13.778705636743215,False
11,19824,3168,0,22992,1916,1652,2026-05-04,86.22129436325679,13.778705636743215,False
12,19824,3168,0,22992,1916,1652,2026-05-04,86.22129436325679,13.778705636743215,False
13,19824,3168,0,22992,1916,1652,2026-05-04,86.22129436325679,13.778705636743215,False
14,19824,3168,0,22992,1916,1652,2026-05-04,86.22129436325679,13.778705636743215,False
15,19824,3168,0,22992,1916,1652,2026-05-04,86.22129436325679,13.778705636743215,False
16,19825,3167,0,22992,1916,1652,2026-05-04,86.22564370215727,13.774356297842727,False
17,19824,3168,0,22992,1916,1652,2026-05-04,86.22129436325679,13.778705636743215,False
18,19824,3168,0,22992,1916,1652,2026-05-04,86.22129436325679,13.778705636743215,False
19,19824,3168,0,22992,1916,1652,2026-05-04,86.22129436325679,13.778705636743215,False
20,19824,3168,0,22992,1916,1652,2026-05-04,86.22129436325679,13.778705636743215,False
21,19824,3168,0,22992,1916,1652,2026-05-04,86.22129436325679,13.778705636743215,False
22,19824,3168,0,22992,1916,1652,2026-05-04,86.22129436325679,13.778705636743215,False
23,19824,3168,0,22992,1916,1652,2026-05-04,86.22129436325679,13.778705636743215,False
0,19836,3156,0,22992,1916,1653,2026-05-05,86.27348643006263,13.726513569937369,False
1,19836,3156,0,22992,1916,1653,2026-05-05,86.27348643006263,13.726513569937369,False
2,19836,3156,0,22992,1916,1653,2026-05-05,86.27348643006263,13.726513569937369,False
3,19836,3156,0,22992,1916,1653,2026-05-05,86.27348643006263,13.726513569937369,False
4,19836,3156,0,22992,1916,1653,2026-05-05,86.27348643006263,13.726513569937369,False
5,19837,3155,0,22992,1916,1653,2026-05-05,86.27783576896312,13.722164231036883,False
6,19836,3156,0,22992,1916,1653,2026-05-05,86.27348643006263,13.726513569937369,False
7,19836,3156,0,22992,1916,1653,2026-05-05,86.27348643006263,13.726513569937369,False
8,19836,3156,0,22992,1916,1653,2026-05-05,86.27348643006263,13.726513569937369,False
9,19836,3156,0,22992,1916,1653,2026-05-05,86.27348643006263,13.726513569937369,False
10,19836,3156,0,22992,1916,1653,2026-05-05,86.27348643006263,13.726513569937369,False
11,19836,3156,0,22992,1916,1653,2026-05-05,86.27348643006263,13.726513569937369,False
12,19836,3156,0,22992,1916,1653,2026-05-05,86.27348643006263,13.726513569937369,False
13,19836,3156,0,22992,1916,1653,2026-05-05,86.27348643006263,13.726513569937369,False
14,19836,3156,0,22992,1916,1653,2026-05-05,86.27348643006263,13.726513569937369,False
15,19836,3156,0,22992,1916,1653,2026-05-05,86.27348643006263,13.726513569937369,False
16,19836,3156,0,22992,1916,1653,2026-05-05,86.27348643006263,13.726513569937369,False
17,19836,3156,0,22992,1916,1653,2026-05-05,86.27348643006263,13.726513569937369,False
18,19836,3156,0,22992,1916,1653,2026-05-05,86.27348643006263,13.726513569937369,False
19,19836,3156,0,22992,1916,1653,2026-05-05,86.27348643006263,13.726513569937369,False
20,19836,3156,0,22992,1916,1653,2026-05-05,86.27348643006263,13.726513569937369,False
21,19836,3156,0,22992,1916,1653,2026-05-05,86.27348643006263,13.726513569937369,False
22,19836,3156,0,22992,1916,1653,2026-05-05,86.27348643006263,13.726513569937369,False
23,19837,3155,0,22992,1916,1653,2026-05-05,86.27783576896312,13.722164231036883,False
0,19836,3156,0,22992,1916,1653,2026-05-06,86.27348643006263,13.726513569937369,False
1,19836,3156,0,22992,1916,1653,2026-05-06,86.27348643006263,13.726513569937369,False
2,19836,3156,0,22992,1916,1653,2026-05-06,86.27348643006263,13.726513569937369,False
3,19836,3156,0,22992,1916,1653,2026-05-06,86.27348643006263,13.726513569937369,False
4,19836,3156,0,22992,1916,1653,2026-05-06,86.27348643006263,13.726513569937369,False
5,19836,3156,0,22992,1916,1653,2026-05-06,86.27348643006263,13.726513569937369,False
6,19838,3154,0,22992,1916,1653,2026-05-06,86.28218510786361,13.717814892136396,False
7,19836,3156,0,22992,1916,1653,2026-05-06,86.27348643006263,13.726513569937369,False
8,19836,3156,0,22992,1916,1653,2026-05-06,86.27348643006263,13.726513569937369,False
9,19836,3156,0,22992,1916,1653,2026-05-06,86.27348643006263,13.726513569937369,False
10,19836,3156,0,22992,1916,1653,2026-05-06,86.27348643006263,13.726513569937369,False
11,19836,3156,0,22992,1916,1653,2026-05-06,86.27348643006263,13.726513569937369,False
12,19836,3156,0,22992,1916,1653,2026-05-06,86.27348643006263,13.726513569937369,False
13,19855,3137,0,22992,1916,1653,2026-05-06,86.35612386917188,13.643876130828113,False
14,19872,3120,0,22992,1916,1656,2026-05-06,86.43006263048017,13.569937369519833,False
15,19872,3120,0,22992,1916,1656,2026-05-06,86.43006263048017,13.569937369519833,False
16,19872,3120,0,22992,1916,1656,2026-05-06,86.43006263048017,13.569937369519833,False
17,19872,3120,0,22992,1916,1656,2026-05-06,86.43006263048017,13.569937369519833,False
18,19864,3128,0,22992,1916,1655,2026-05-06,86.39526791927626,13.60473208072373,False
19,19860,3132,0,22992,1916,1655,2026-05-06,86.37787056367432,13.622129436325679,False
20,19860,3132,0,22992,1916,1655,2026-05-06,86.37787056367432,13.622129436325679,False
21,19860,3132,0,22992,1916,1655,2026-05-06,86.37787056367432,13.622129436325679,False
22,19860,3132,0,22992,1916,1655,2026-05-06,86.37787056367432,13.622129436325679,False
23,19860,3132,0,22992,1916,1655,2026-05-06,86.37787056367432,13.622129436325679,False
0,19728,3264,0,22992,1916,1644,2026-05-07,85.80375782881002,14.19624217118998,False
1,19728,3264,0,22992,1916,1644,2026-05-07,85.80375782881002,14.19624217118998,False
2,19728,3264,0,22992,1916,1644,2026-05-07,85.80375782881002,14.19624217118998,False
3,19728,3264,0,22992,1916,1644,2026-05-07,85.80375782881002,14.19624217118998,False
4,19728,3264,0,22992,1916,1644,2026-05-07,85.80375782881002,14.19624217118998,False
5,19728,3264,0,22992,1916,1644,2026-05-07,85.80375782881002,14.19624217118998,False
6,19728,3264,0,22992,1916,1644,2026-05-07,85.80375782881002,14.19624217118998,False
7,19728,3264,0,22992,1916,1644,2026-05-07,85.80375782881002,14.19624217118998,False
8,19728,3264,0,22992,1916,1644,2026-05-07,85.80375782881002,14.19624217118998,False
9,19728,3264,0,22992,1916,1644,2026-05-07,85.80375782881002,14.19624217118998,False
10,19728,3264,0,22992,1916,1644,2026-05-07,85.80375782881002,14.19624217118998,False
11,19728,3264,0,22992,1916,1644,2026-05-07,85.80375782881002,14.19624217118998,False
12,19728,3264,0,22992,1916,1644,2026-05-07,85.80375782881002,14.19624217118998,False
13,19728,3264,0,22992,1916,1644,2026-05-07,85.80375782881002,14.19624217118998,False
14,19728,3264,0,22992,1916,1644,2026-05-07,85.80375782881002,14.19624217118998,False
15,19728,3264,0,22992,1916,1644,2026-05-07,85.80375782881002,14.19624217118998,False
16,19728,3264,0,22992,1916,1644,2026-05-07,85.80375782881002,14.19624217118998,False
17,19728,3264,0,22992,1916,1644,2026-05-07,85.80375782881002,14.19624217118998,False
18,19728,3264,0,22992,1916,1644,2026-05-07,85.80375782881002,14.19624217118998,False
19,19728,3264,0,22992,1916,1644,2026-05-07,85.80375782881002,14.19624217118998,False
20,19728,3264,0,22992,1916,1644,2026-05-07,85.80375782881002,14.19624217118998,False
21,19728,3264,0,22992,1916,1644,2026-05-07,85.80375782881002,14.19624217118998,False
22,19728,3264,0,22992,1916,1644,2026-05-07,85.80375782881002,14.19624217118998,False
23,19729,3263,0,22992,1916,1644,2026-05-07,85.8081071677105,14.191892832289492,False
0,19920,3072,0,22992,1916,1660,2026-05-08,86.63883089770354,13.36116910229645,False
1,19920,3072,0,22992,1916,1660,2026-05-08,86.63883089770354,13.36116910229645,False
2,19920,3072,0,22992,1916,1660,2026-05-08,86.63883089770354,13.36116910229645,False
3,19920,3072,0,22992,1916,1660,2026-05-08,86.63883089770354,13.36116910229645,False
4,19920,3072,0,22992,1916,1660,2026-05-08,86.63883089770354,13.36116910229645,False
5,19920,3072,0,22992,1916,1660,2026-05-08,86.63883089770354,13.36116910229645,False
6,19920,3072,0,22992,1916,1660,2026-05-08,86.63883089770354,13.36116910229645,False
7,19920,3072,0,22992,1916,1660,2026-05-08,86.63883089770354,13.36116910229645,False
8,19920,3072,0,22992,1916,1660,2026-05-08,86.63883089770354,13.36116910229645,False
9,19920,3072,0,22992,1916,1660,2026-05-08,86.63883089770354,13.36116910229645,False
10,19920,3072,0,22992,1916,1660,2026-05-08,86.63883089770354,13.36116910229645,False
11,19920,3072,0,22992,1916,1660,2026-05-08,86.63883089770354,13.36116910229645,False
12,19920,3072,0,22992,1916,1660,2026-05-08,86.63883089770354,13.36116910229645,False
13,19920,3072,0,22992,1916,1660,2026-05-08,86.63883089770354,13.36116910229645,False
14,19920,3072,0,22992,1916,1660,2026-05-08,86.63883089770354,13.36116910229645,False
15,19920,3072,0,22992,1916,1660,2026-05-08,86.63883089770354,13.36116910229645,False
16,19920,3072,0,22992,1916,1660,2026-05-08,86.63883089770354,13.36116910229645,False
17,19920,3072,0,22992,1916,1660,2026-05-08,86.63883089770354,13.36116910229645,False
18,19920,3072,0,22992,1916,1660,2026-05-08,86.63883089770354,13.36116910229645,False
19,19920,3072,0,22992,1916,1660,2026-05-08,86.63883089770354,13.36116910229645,False
20,19920,3072,0,22992,1916,1660,2026-05-08,86.63883089770354,13.36116910229645,False
21,19920,3072,0,22992,1916,1660,2026-05-08,86.63883089770354,13.36116910229645,False
22,19922,3070,0,22992,1916,1660,2026-05-08,86.64752957550452,13.352470424495477,False
23,19920,3072,0,22992,1916,1660,2026-05-08,86.63883089770354,13.36116910229645,False
0,19788,3204,0,22992,1916,1649,2026-05-09,86.06471816283924,13.935281837160751,False
1,19788,3204,0,22992,1916,1649,2026-05-09,86.06471816283924,13.935281837160751,False
2,19788,3204,0,22992,1916,1649,2026-05-09,86.06471816283924,13.935281837160751,False
3,19788,3204,0,22992,1916,1649,2026-05-09,86.06471816283924,13.935281837160751,False
4,19788,3204,0,22992,1916,1649,2026-05-09,86.06471816283924,13.935281837160751,False
5,19788,3204,0,22992,1916,1649,2026-05-09,86.06471816283924,13.935281837160751,False
6,19788,3204,0,22992,1916,1649,2026-05-09,86.06471816283924,13.935281837160751,False
7,19788,3204,0,22992,1916,1649,2026-05-09,86.06471816283924,13.935281837160751,False
8,19788,3204,0,22992,1916,1649,2026-05-09,86.06471816283924,13.935281837160751,False
9,19788,3204,0,22992,1916,1649,2026-05-09,86.06471816283924,13.935281837160751,False
10,19789,3203,0,22992,1916,1649,2026-05-09,86.06906750173974,13.930932498260264,False
11,19788,3204,0,22992,1916,1649,2026-05-09,86.06471816283924,13.935281837160751,False
12,19788,3204,0,22992,1916,1649,2026-05-09,86.06471816283924,13.935281837160751,False
13,19788,3204,0,22992,1916,1649,2026-05-09,86.06471816283924,13.935281837160751,False
14,19788,3204,0,22992,1916,1649,2026-05-09,86.06471816283924,13.935281837160751,False
15,19788,3204,0,22992,1916,1649,2026-05-09,86.06471816283924,13.935281837160751,False
16,19788,3204,0,22992,1916,1649,2026-05-09,86.06471816283924,13.935281837160751,False
17,19788,3204,0,22992,1916,1649,2026-05-09,86.06471816283924,13.935281837160751,False
18,19788,3204,0,22992,1916,1649,2026-05-09,86.06471816283924,13.935281837160751,False
19,19788,3204,0,22992,1916,1649,2026-05-09,86.06471816283924,13.935281837160751,False
20,19788,3204,0,22992,1916,1649,2026-05-09,86.06471816283924,13.935281837160751,False
21,19788,3204,0,22992,1916,1649,2026-05-09,86.06471816283924,13.935281837160751,False
22,19788,3204,0,22992,1916,1649,2026-05-09,86.06471816283924,13.935281837160751,False
23,19788,3204,0,22992,1916,1649,2026-05-09,86.06471816283924,13.935281837160751,False
0,19800,3192,0,22992,1916,1650,2026-05-10,86.1169102296451,13.883089770354905,False
1,19800,3192,0,22992,1916,1650,2026-05-10,86.1169102296451,13.883089770354905,False
2,19800,3192,0,22992,1916,1650,2026-05-10,86.1169102296451,13.883089770354905,False
3,19800,3192,0,22992,1916,1650,2026-05-10,86.1169102296451,13.883089770354905,False
4,19800,3192,0,22992,1916,1650,2026-05-10,86.1169102296451,13.883089770354905,False
5,19800,3192,0,22992,1916,1650,2026-05-10,86.1169102296451,13.883089770354905,False
6,19800,3192,0,22992,1916,1650,2026-05-10,86.1169102296451,13.883089770354905,False
7,19800,3192,0,22992,1916,1650,2026-05-10,86.1169102296451,13.883089770354905,False
8,19800,3192,0,22992,1916,1650,2026-05-10,86.1169102296451,13.883089770354905,False
9,19800,3192,0,22992,1916,1650,2026-05-10,86.1169102296451,13.883089770354905,False
10,19800,3192,0,22992,1916,1650,2026-05-10,86.1169102296451,13.883089770354905,False
11,19800,3192,0,22992,1916,1650,2026-05-10,86.1169102296451,13.883089770354905,False
12,19800,3192,0,22992,1916,1650,2026-05-10,86.1169102296451,13.883089770354905,False
13,19800,3192,0,22992,1916,1650,2026-05-10,86.1169102296451,13.883089770354905,False
14,19800,3192,0,22992,1916,1650,2026-05-10,86.1169102296451,13.883089770354905,False
15,19800,3192,0,22992,1916,1650,2026-05-10,86.1169102296451,13.883089770354905,False
16,19800,3192,0,22992,1916,1650,2026-05-10,86.1169102296451,13.883089770354905,False
17,19800,3192,0,22992,1916,1650,2026-05-10,86.1169102296451,13.883089770354905,False
18,19800,3192,0,22992,1916,1650,2026-05-10,86.1169102296451,13.883089770354905,False
19,19800,3192,0,22992,1916,1650,2026-05-10,86.1169102296451,13.883089770354905,False
20,19800,3192,0,22992,1916,1650,2026-05-10,86.1169102296451,13.883089770354905,False
21,19800,3192,0,22992,1916,1650,2026-05-10,86.1169102296451,13.883089770354905,False
22,19800,3192,0,22992,1916,1650,2026-05-10,86.1169102296451,13.883089770354905,False
23,19800,3192,0,22992,1916,1650,2026-05-10,86.1169102296451,13.883089770354905,False
0,20040,2952,0,22992,1916,1670,2026-05-11,87.160751565762,12.839248434237996,False
1,20040,2952,0,22992,1916,1670,2026-05-11,87.160751565762,12.839248434237996,False
2,20047,2945,0,22992,1916,1670,2026-05-11,87.19119693806542,12.808803061934587,False
3,20040,2952,0,22992,1916,1670,2026-05-11,87.160751565762,12.839248434237996,False
4,20040,2952,0,22992,1916,1670,2026-05-11,87.160751565762,12.839248434237996,False
5,20040,2952,0,22992,1916,1670,2026-05-11,87.160751565762,12.839248434237996,False
6,20040,2952,0,22992,1916,1670,2026-05-11,87.160751565762,12.839248434237996,False
7,20040,2952,0,22992,1916,1670,2026-05-11,87.160751565762,12.839248434237996,False
8,20040,2952,0,22992,1916,1670,2026-05-11,87.160751565762,12.839248434237996,False
9,20040,2952,0,22992,1916,1670,2026-05-11,87.160751565762,12.839248434237996,False
10,20040,2952,0,22992,1916,1670,2026-05-11,87.160751565762,12.839248434237996,False
11,20040,2952,0,22992,1916,1670,2026-05-11,87.160751565762,12.839248434237996,False
12,20040,2952,0,22992,1916,1670,2026-05-11,87.160751565762,12.839248434237996,False
13,20040,2952,0,22992,1916,1670,2026-05-11,87.160751565762,12.839248434237996,False
14,20040,2952,0,22992,1916,1670,2026-05-11,87.160751565762,12.839248434237996,False
15,20041,2951,0,22992,1916,1670,2026-05-11,87.1651009046625,12.834899095337509,False
16,20043,2949,0,22992,1916,1670,2026-05-11,87.17379958246346,12.826200417536535,False
17,20045,2947,0,22992,1916,1670,2026-05-11,87.18249826026444,12.81750173973556,False
18,20043,2949,0,22992,1916,1670,2026-05-11,87.17379958246346,12.826200417536535,False
19,20041,2951,0,22992,1916,1670,2026-05-11,87.1651009046625,12.834899095337509,False
20,20043,2949,0,22992,1916,1670,2026-05-11,87.17379958246346,12.826200417536535,False
21,20041,2951,0,22992,1916,1670,2026-05-11,87.1651009046625,12.834899095337509,False
22,20044,2948,0,22992,1916,1670,2026-05-11,87.17814892136396,12.821851078636048,False
23,20049,2943,0,22992,1916,1670,2026-05-11,87.19989561586638,12.800104384133611,False
0,19800,3192,0,22992,1916,1650,2026-05-12,86.1169102296451,13.883089770354905,False
1,19800,3192,0,22992,1916,1650,2026-05-12,86.1169102296451,13.883089770354905,False
2,19801,3191,0,22992,1916,1650,2026-05-12,86.12125956854558,13.87874043145442,False
3,19800,3192,0,22992,1916,1650,2026-05-12,86.1169102296451,13.883089770354905,False
4,19800,3192,0,22992,1916,1650,2026-05-12,86.1169102296451,13.883089770354905,False
5,19800,3192,0,22992,1916,1650,2026-05-12,86.1169102296451,13.883089770354905,False
6,19800,3192,0,22992,1916,1650,2026-05-12,86.1169102296451,13.883089770354905,False
7,19800,3192,0,22992,1916,1650,2026-05-12,86.1169102296451,13.883089770354905,False
8,19800,3192,0,22992,1916,1650,2026-05-12,86.1169102296451,13.883089770354905,False
9,19800,3192,0,22992,1916,1650,2026-05-12,86.1169102296451,13.883089770354905,False
10,19800,3192,0,22992,1916,1650,2026-05-12,86.1169102296451,13.883089770354905,False
11,19800,3192,0,22992,1916,1650,2026-05-12,86.1169102296451,13.883089770354905,False
12,19800,3192,0,22992,1916,1650,2026-05-12,86.1169102296451,13.883089770354905,False
13,19800,3192,0,22992,1916,1650,2026-05-12,86.1169102296451,13.883089770354905,False
14,19800,3192,0,22992,1916,1650,2026-05-12,86.1169102296451,13.883089770354905,False
15,19800,3192,0,22992,1916,1650,2026-05-12,86.1169102296451,13.883089770354905,False
16,19800,3192,0,22992,1916,1650,2026-05-12,86.1169102296451,13.883089770354905,False
17,19800,3192,0,22992,1916,1650,2026-05-12,86.1169102296451,13.883089770354905,False
18,19800,3192,0,22992,1916,1650,2026-05-12,86.1169102296451,13.883089770354905,False
19,19800,3192,0,22992,1916,1650,2026-05-12,86.1169102296451,13.883089770354905,False
20,19800,3192,0,22992,1916,1650,2026-05-12,86.1169102296451,13.883089770354905,False
21,19800,3192,0,22992,1916,1650,2026-05-12,86.1169102296451,13.883089770354905,False
22,19800,3192,0,22992,1916,1650,2026-05-12,86.1169102296451,13.883089770354905,False
23,19800,3192,0,22992,1916,1650,2026-05-12,86.1169102296451,13.883089770354905,False
0,19656,3336,0,22992,1916,1638,2026-05-13,85.49060542797494,14.509394572025052,False
1,19656,3336,0,22992,1916,1638,2026-05-13,85.49060542797494,14.509394572025052,False
2,19656,3336,0,22992,1916,1638,2026-05-13,85.49060542797494,14.509394572025052,False
3,19656,3336,0,22992,1916,1638,2026-05-13,85.49060542797494,14.509394572025052,False
4,19656,3336,0,22992,1916,1638,2026-05-13,85.49060542797494,14.509394572025052,False
5,19656,3336,0,22992,1916,1638,2026-05-13,85.49060542797494,14.509394572025052,False
6,19656,3336,0,22992,1916,1638,2026-05-13,85.49060542797494,14.509394572025052,False
7,19656,3336,0,22992,1916,1638,2026-05-13,85.49060542797494,14.509394572025052,False
8,19656,3336,0,22992,1916,1638,2026-05-13,85.49060542797494,14.509394572025052,False
9,19656,3336,0,22992,1916,1638,2026-05-13,85.49060542797494,14.509394572025052,False
10,19656,3336,0,22992,1916,1638,2026-05-13,85.49060542797494,14.509394572025052,False
11,19656,3336,0,22992,1916,1638,2026-05-13,85.49060542797494,14.509394572025052,False
12,19656,3336,0,22992,1916,1638,2026-05-13,85.49060542797494,14.509394572025052,False
13,19656,3336,0,22992,1916,1638,2026-05-13,85.49060542797494,14.509394572025052,False
14,19656,3336,0,22992,1916,1638,2026-05-13,85.49060542797494,14.509394572025052,False
15,19656,3336,0,22992,1916,1638,2026-05-13,85.49060542797494,14.509394572025052,False
16,19656,3336,0,22992,1916,1638,2026-05-13,85.49060542797494,14.509394572025052,False
17,19656,3336,0,22992,1916,1638,2026-05-13,85.49060542797494,14.509394572025052,False
18,19656,3336,0,22992,1916,1638,2026-05-13,85.49060542797494,14.509394572025052,False
19,19656,3336,0,22992,1916,1638,2026-05-13,85.49060542797494,14.509394572025052,False
20,19656,3336,0,22992,1916,1638,2026-05-13,85.49060542797494,14.509394572025052,False
21,19656,3336,0,22992,1916,1638,2026-05-13,85.49060542797494,14.509394572025052,False
22,19656,3336,0,22992,1916,1638,2026-05-13,85.49060542797494,14.509394572025052,False
23,19656,3336,0,22992,1916,1638,2026-05-13,85.49060542797494,14.509394572025052,False
0,19824,3168,0,22992,1916,1652,2026-05-14,86.22129436325679,13.778705636743215,False
1,19824,3168,0,22992,1916,1652,2026-05-14,86.22129436325679,13.778705636743215,False
2,19824,3168,0,22992,1916,1652,2026-05-14,86.22129436325679,13.778705636743215,False
3,19824,3168,0,22992,1916,1652,2026-05-14,86.22129436325679,13.778705636743215,False
4,19824,3168,0,22992,1916,1652,2026-05-14,86.22129436325679,13.778705636743215,False
5,19824,3168,0,22992,1916,1652,2026-05-14,86.22129436325679,13.778705636743215,False
6,19824,3168,0,22992,1916,1652,2026-05-14,86.22129436325679,13.778705636743215,False
7,19824,3168,0,22992,1916,1652,2026-05-14,86.22129436325679,13.778705636743215,False
8,19824,3168,0,22992,1916,1652,2026-05-14,86.22129436325679,13.778705636743215,False
9,19824,3168,0,22992,1916,1652,2026-05-14,86.22129436325679,13.778705636743215,False
10,19824,3168,0,22992,1916,1652,2026-05-14,86.22129436325679,13.778705636743215,False
11,19824,3168,0,22992,1916,1652,2026-05-14,86.22129436325679,13.778705636743215,False
12,19824,3168,0,22992,1916,1652,2026-05-14,86.22129436325679,13.778705636743215,False
13,19843,3149,0,22992,1916,1652,2026-05-14,86.30393180236604,13.69606819763396,False
14,19836,3156,0,22992,1916,1653,2026-05-14,86.27348643006263,13.726513569937369,False
15,19836,3156,0,22992,1916,1653,2026-05-14,86.27348643006263,13.726513569937369,False
16,19836,3156,0,22992,1916,1653,2026-05-14,86.27348643006263,13.726513569937369,False
17,19836,3156,0,22992,1916,1653,2026-05-14,86.27348643006263,13.726513569937369,False
18,19836,3156,0,22992,1916,1653,2026-05-14,86.27348643006263,13.726513569937369,False
19,19836,3156,0,22992,1916,1653,2026-05-14,86.27348643006263,13.726513569937369,False
20,19836,3156,0,22992,1916,1653,2026-05-14,86.27348643006263,13.726513569937369,False
21,19836,3156,0,22992,1916,1653,2026-05-14,86.27348643006263,13.726513569937369,False
22,19836,3156,0,22992,1916,1653,2026-05-14,86.27348643006263,13.726513569937369,False
23,19836,3156,0,22992,1916,1653,2026-05-14,86.27348643006263,13.726513569937369,False
0,19692,3300,0,22992,1916,1641,2026-05-15,85.64718162839249,14.352818371607516,False
1,19692,3300,0,22992,1916,1641,2026-05-15,85.64718162839249,14.352818371607516,False
2,19692,3300,0,22992,1916,1641,2026-05-15,85.64718162839249,14.352818371607516,False
3,19692,3300,0,22992,1916,1641,2026-05-15,85.64718162839249,14.352818371607516,False
4,19692,3300,0,22992,1916,1641,2026-05-15,85.64718162839249,14.352818371607516,False
5,19692,3300,0,22992,1916,1641,2026-05-15,85.64718162839249,14.352818371607516,False
6,19692,3300,0,22992,1916,1641,2026-05-15,85.64718162839249,14.352818371607516,False
7,19692,3300,0,22992,1916,1641,2026-05-15,85.64718162839249,14.352818371607516,False
8,19692,3300,0,22992,1916,1641,2026-05-15,85.64718162839249,14.352818371607516,False
9,19692,3300,0,22992,1916,1641,2026-05-15,85.64718162839249,14.352818371607516,False
10,19694,3298,0,22992,1916,1641,2026-05-15,85.65588030619345,14.344119693806542,False
11,19692,3300,0,22992,1916,1641,2026-05-15,85.64718162839249,14.352818371607516,False
12,19692,3300,0,22992,1916,1641,2026-05-15,85.64718162839249,14.352818371607516,False
13,19692,3300,0,22992,1916,1641,2026-05-15,85.64718162839249,14.352818371607516,False
14,19692,3300,0,22992,1916,1641,2026-05-15,85.64718162839249,14.352818371607516,False
15,19692,3300,0,22992,1916,1641,2026-05-15,85.64718162839249,14.352818371607516,False
16,19692,3300,0,22992,1916,1641,2026-05-15,85.64718162839249,14.352818371607516,False
17,19692,3300,0,22992,1916,1641,2026-05-15,85.64718162839249,14.352818371607516,False
18,19694,3298,0,22992,1916,1641,2026-05-15,85.65588030619345,14.344119693806542,False
19,19692,3300,0,22992,1916,1641,2026-05-15,85.64718162839249,14.352818371607516,False
20,19692,3300,0,22992,1916,1641,2026-05-15,85.64718162839249,14.352818371607516,False
21,19692,3300,0,22992,1916,1641,2026-05-15,85.64718162839249,14.352818371607516,False
22,19692,3300,0,22992,1916,1641,2026-05-15,85.64718162839249,14.352818371607516,False
23,19692,3300,0,22992,1916,1641,2026-05-15,85.64718162839249,14.352818371607516,False
0,19466,3526,0,22992,1916,1622,2026-05-16,84.6642310368824,15.335768963117607,False
1,19465,3527,0,22992,1916,1622,2026-05-16,84.6598816979819,15.340118302018093,False
2,19465,3527,0,22992,1916,1622,2026-05-16,84.6598816979819,15.340118302018093,False
3,19465,3527,0,22992,1916,1622,2026-05-16,84.6598816979819,15.340118302018093,False
4,19467,3525,0,22992,1916,1622,2026-05-16,84.66858037578288,15.33141962421712,False
5,19474,3518,0,22992,1916,1622,2026-05-16,84.69902574808629,15.30097425191371,False
6,19476,3516,0,22992,1916,1623,2026-05-16,84.70772442588726,15.292275574112734,False
7,19476,3516,0,22992,1916,1623,2026-05-16,84.70772442588726,15.292275574112734,False
8,19475,3517,0,22992,1916,1622,2026-05-16,84.70337508698678,15.296624913013222,False
9,19476,3516,0,22992,1916,1623,2026-05-16,84.70772442588726,15.292275574112734,False
10,19476,3516,0,22992,1916,1623,2026-05-16,84.70772442588726,15.292275574112734,False
11,19476,3516,0,22992,1916,1623,2026-05-16,84.70772442588726,15.292275574112734,False
12,19476,3516,0,22992,1916,1623,2026-05-16,84.70772442588726,15.292275574112734,False
13,19476,3516,0,22992,1916,1623,2026-05-16,84.70772442588726,15.292275574112734,False
14,19476,3516,0,22992,1916,1623,2026-05-16,84.70772442588726,15.292275574112734,False
15,19476,3516,0,22992,1916,1623,2026-05-16,84.70772442588726,15.292275574112734,False
16,19476,3516,0,22992,1916,1623,2026-05-16,84.70772442588726,15.292275574112734,False
17,19481,3511,0,22992,1916,1623,2026-05-16,84.7294711203897,15.2705288796103,False
18,19477,3515,0,22992,1916,1623,2026-05-16,84.71207376478775,15.287926235212248,False
19,19476,3516,0,22992,1916,1623,2026-05-16,84.70772442588726,15.292275574112734,False
20,19477,3515,0,22992,1916,1623,2026-05-16,84.71207376478775,15.287926235212248,False
21,19476,3516,0,22992,1916,1623,2026-05-16,84.70772442588726,15.292275574112734,False
22,19476,3516,0,22992,1916,1623,2026-05-16,84.70772442588726,15.292275574112734,False
23,19480,3512,0,22992,1916,1623,2026-05-16,84.72512178148921,15.274878218510786,False
0,19470,3522,0,22992,1916,1622,2026-05-17,84.68162839248434,15.318371607515658,False
1,19466,3526,0,22992,1916,1622,2026-05-17,84.6642310368824,15.335768963117607,False
2,19464,3528,0,22992,1916,1622,2026-05-17,84.65553235908142,15.34446764091858,False
3,19464,3528,0,22992,1916,1622,2026-05-17,84.65553235908142,15.34446764091858,False
4,19464,3528,0,22992,1916,1622,2026-05-17,84.65553235908142,15.34446764091858,False
5,19464,3528,0,22992,1916,1622,2026-05-17,84.65553235908142,15.34446764091858,False
6,19469,3523,0,22992,1916,1622,2026-05-17,84.67727905358386,15.322720946416144,False
7,19474,3518,0,22992,1916,1622,2026-05-17,84.69902574808629,15.30097425191371,False
8,19476,3516,0,22992,1916,1623,2026-05-17,84.70772442588726,15.292275574112734,False
9,19475,3517,0,22992,1916,1622,2026-05-17,84.70337508698678,15.296624913013222,False
10,19476,3516,0,22992,1916,1623,2026-05-17,84.70772442588726,15.292275574112734,False
11,19476,3516,0,22992,1916,1623,2026-05-17,84.70772442588726,15.292275574112734,False
12,19476,3516,0,22992,1916,1623,2026-05-17,84.70772442588726,15.292275574112734,False
13,19476,3516,0,22992,1916,1623,2026-05-17,84.70772442588726,15.292275574112734,False
14,19476,3516,0,22992,1916,1623,2026-05-17,84.70772442588726,15.292275574112734,False
15,19476,3516,0,22992,1916,1623,2026-05-17,84.70772442588726,15.292275574112734,False
16,19476,3516,0,22992,1916,1623,2026-05-17,84.70772442588726,15.292275574112734,False
17,19476,3516,0,22992,1916,1623,2026-05-17,84.70772442588726,15.292275574112734,False
18,19477,3515,0,22992,1916,1623,2026-05-17,84.71207376478775,15.287926235212248,False
19,19476,3516,0,22992,1916,1623,2026-05-17,84.70772442588726,15.292275574112734,False
20,19476,3516,0,22992,1916,1623,2026-05-17,84.70772442588726,15.292275574112734,False
21,19475,3517,0,22992,1916,1622,2026-05-17,84.70337508698678,15.296624913013222,False
22,19475,3517,0,22992,1916,1622,2026-05-17,84.70337508698678,15.296624913013222,False
23,19468,3524,0,22992,1916,1622,2026-05-17,84.67292971468336,15.327070285316632,False
0,19380,3612,0,22992,1916,1615,2026-05-18,84.2901878914405,15.709812108559499,False
1,19380,3612,0,22992,1916,1615,2026-05-18,84.2901878914405,15.709812108559499,False
2,19380,3612,0,22992,1916,1615,2026-05-18,84.2901878914405,15.709812108559499,False
3,19383,3609,0,22992,1916,1615,2026-05-18,84.30323590814196,15.696764091858038,False
4,19389,3603,0,22992,1916,1615,2026-05-18,84.32933194154488,15.670668058455115,False
5,19392,3600,0,22992,1916,1616,2026-05-18,84.34237995824634,15.657620041753653,False
6,19392,3600,0,22992,1916,1616,2026-05-18,84.34237995824634,15.657620041753653,False
7,19392,3600,0,22992,1916,1616,2026-05-18,84.34237995824634,15.657620041753653,False
8,19392,3600,0,22992,1916,1616,2026-05-18,84.34237995824634,15.657620041753653,False
9,19392,3600,0,22992,1916,1616,2026-05-18,84.34237995824634,15.657620041753653,False
10,19392,3600,0,22992,1916,1616,2026-05-18,84.34237995824634,15.657620041753653,False
11,19392,3600,0,22992,1916,1616,2026-05-18,84.34237995824634,15.657620041753653,False
12,19392,3600,0,22992,1916,1616,2026-05-18,84.34237995824634,15.657620041753653,False
13,19392,3600,0,22992,1916,1616,2026-05-18,84.34237995824634,15.657620041753653,False
14,19392,3600,0,22992,1916,1616,2026-05-18,84.34237995824634,15.657620041753653,False
15,19392,3600,0,22992,1916,1616,2026-05-18,84.34237995824634,15.657620041753653,False
16,19392,3600,0,22992,1916,1616,2026-05-18,84.34237995824634,15.657620041753653,False
17,19395,3597,0,22992,1916,1616,2026-05-18,84.3554279749478,15.644572025052192,False
18,19392,3600,0,22992,1916,1616,2026-05-18,84.34237995824634,15.657620041753653,False
19,19392,3600,0,22992,1916,1616,2026-05-18,84.34237995824634,15.657620041753653,False
20,19395,3597,0,22992,1916,1616,2026-05-18,84.3554279749478,15.644572025052192,False
21,19394,3598,0,22992,1916,1615,2026-05-18,84.35107863604732,15.64892136395268,False
22,19396,3596,0,22992,1916,1615,2026-05-18,84.3597773138483,15.640222686151706,False
23,19383,3609,0,22992,1916,1615,2026-05-18,84.30323590814196,15.696764091858038,False
0,19537,3455,0,22992,1916,1628,2026-05-19,84.97303409881698,15.02696590118302,False
1,19536,3456,0,22992,1916,1628,2026-05-19,84.9686847599165,15.031315240083508,False
2,19537,3455,0,22992,1916,1628,2026-05-19,84.97303409881698,15.02696590118302,False
3,19539,3453,0,22992,1916,1628,2026-05-19,84.98173277661796,15.018267223382045,False
4,19546,3446,0,22992,1916,1628,2026-05-19,85.01217814892136,14.987821851078635,False
5,19548,3444,0,22992,1916,1629,2026-05-19,85.02087682672234,14.979123173277662,False
6,19548,3444,0,22992,1916,1629,2026-05-19,85.02087682672234,14.979123173277662,False
7,19548,3444,0,22992,1916,1629,2026-05-19,85.02087682672234,14.979123173277662,False
8,19548,3444,0,22992,1916,1629,2026-05-19,85.02087682672234,14.979123173277662,False
9,19548,3444,0,22992,1916,1629,2026-05-19,85.02087682672234,14.979123173277662,False
10,19548,3444,0,22992,1916,1629,2026-05-19,85.02087682672234,14.979123173277662,False
11,19548,3444,0,22992,1916,1629,2026-05-19,85.02087682672234,14.979123173277662,False
12,19548,3444,0,22992,1916,1629,2026-05-19,85.02087682672234,14.979123173277662,False
13,19547,3445,0,22992,1916,1628,2026-05-19,85.01652748782185,14.98347251217815,False
14,19548,3444,0,22992,1916,1629,2026-05-19,85.02087682672234,14.979123173277662,False
15,19548,3444,0,22992,1916,1629,2026-05-19,85.02087682672234,14.979123173277662,False
16,19548,3444,0,22992,1916,1629,2026-05-19,85.02087682672234,14.979123173277662,False
17,19548,3444,0,22992,1916,1629,2026-05-19,85.02087682672234,14.979123173277662,False
18,19548,3444,0,22992,1916,1629,2026-05-19,85.02087682672234,14.979123173277662,False
19,19548,3444,0,22992,1916,1629,2026-05-19,85.02087682672234,14.979123173277662,False
20,19548,3444,0,22992,1916,1629,2026-05-19,85.02087682672234,14.979123173277662,False
21,19548,3444,0,22992,1916,1629,2026-05-19,85.02087682672234,14.979123173277662,False
22,19546,3446,0,22992,1916,1628,2026-05-19,85.01217814892136,14.987821851078635,False
23,19539,3453,0,22992,1916,1628,2026-05-19,84.98173277661796,15.018267223382045,False
0,19563,3429,0,22992,1916,1630,2026-05-20,85.08611691022965,14.913883089770355,False
1,19560,3432,0,22992,1916,1630,2026-05-20,85.07306889352819,14.926931106471816,False
2,19560,3432,0,22992,1916,1630,2026-05-20,85.07306889352819,14.926931106471816,False
3,19563,3429,0,22992,1916,1630,2026-05-20,85.08611691022965,14.913883089770355,False
4,19569,3423,0,22992,1916,1630,2026-05-20,85.11221294363257,14.887787056367433,False
5,19572,3420,0,22992,1916,1631,2026-05-20,85.12526096033403,14.87473903966597,False
6,19572,3420,0,22992,1916,1631,2026-05-20,85.12526096033403,14.87473903966597,False
7,19572,3420,0,22992,1916,1631,2026-05-20,85.12526096033403,14.87473903966597,False
8,19572,3420,0,22992,1916,1631,2026-05-20,85.12526096033403,14.87473903966597,False
9,19572,3420,0,22992,1916,1631,2026-05-20,85.12526096033403,14.87473903966597,False
10,19572,3420,0,22992,1916,1631,2026-05-20,85.12526096033403,14.87473903966597,False
11,19572,3420,0,22992,1916,1631,2026-05-20,85.12526096033403,14.87473903966597,False
12,19572,3420,0,22992,1916,1631,2026-05-20,85.12526096033403,14.87473903966597,False
13,19572,3420,0,22992,1916,1631,2026-05-20,85.12526096033403,14.87473903966597,False
14,19572,3420,0,22992,1916,1631,2026-05-20,85.12526096033403,14.87473903966597,False
15,19572,3420,0,22992,1916,1631,2026-05-20,85.12526096033403,14.87473903966597,False
16,19572,3420,0,22992,1916,1631,2026-05-20,85.12526096033403,14.87473903966597,False
17,19572,3420,0,22992,1916,1631,2026-05-20,85.12526096033403,14.87473903966597,False
18,19574,3418,0,22992,1916,1631,2026-05-20,85.13395963813501,14.866040361864997,False
19,19572,3420,0,22992,1916,1631,2026-05-20,85.12526096033403,14.87473903966597,False
20,19572,3420,0,22992,1916,1631,2026-05-20,85.12526096033403,14.87473903966597,False
21,19573,3419,0,22992,1916,1631,2026-05-20,85.12961029923451,14.870389700765484,False
22,19572,3420,0,22992,1916,1631,2026-05-20,85.12526096033403,14.87473903966597,False
23,19568,3424,0,22992,1916,1630,2026-05-20,85.10786360473207,14.892136395267919,False
0,19501,3491,0,22992,1916,1625,2026-05-21,84.81645789839945,15.183542101600557,False
1,19505,3487,0,22992,1916,1625,2026-05-21,84.83385525400139,15.166144745998608,False
2,19512,3480,0,22992,1916,1626,2026-05-21,84.8643006263048,15.135699373695198,False
3,19518,3474,0,22992,1916,1626,2026-05-21,84.89039665970772,15.109603340292276,False
4,19522,3470,0,22992,1916,1626,2026-05-21,84.90779401530968,15.092205984690327,False
5,19523,3469,0,22992,1916,1626,2026-05-21,84.91214335421016,15.08785664578984,False
6,19524,3468,0,22992,1916,1627,2026-05-21,84.91649269311064,15.083507306889352,False
7,19524,3468,0,22992,1916,1627,2026-05-21,84.91649269311064,15.083507306889352,False
8,19524,3468,0,22992,1916,1627,2026-05-21,84.91649269311064,15.083507306889352,False
9,19524,3468,0,22992,1916,1627,2026-05-21,84.91649269311064,15.083507306889352,False
10,19524,3468,0,22992,1916,1627,2026-05-21,84.91649269311064,15.083507306889352,False
11,19524,3468,0,22992,1916,1627,2026-05-21,84.91649269311064,15.083507306889352,False
12,19524,3468,0,22992,1916,1627,2026-05-21,84.91649269311064,15.083507306889352,False
13,19524,3468,0,22992,1916,1627,2026-05-21,84.91649269311064,15.083507306889352,False
14,19524,3468,0,22992,1916,1627,2026-05-21,84.91649269311064,15.083507306889352,False
15,19524,3468,0,22992,1916,1627,2026-05-21,84.91649269311064,15.083507306889352,False
16,19524,3468,0,22992,1916,1627,2026-05-21,84.91649269311064,15.083507306889352,False
17,19524,3468,0,22992,1916,1627,2026-05-21,84.91649269311064,15.083507306889352,False
18,19524,3468,0,22992,1916,1627,2026-05-21,84.91649269311064,15.083507306889352,False
19,19524,3468,0,22992,1916,1627,2026-05-21,84.91649269311064,15.083507306889352,False
20,19524,3468,0,22992,1916,1627,2026-05-21,84.91649269311064,15.083507306889352,False
21,19523,3469,0,22992,1916,1626,2026-05-21,84.91214335421016,15.08785664578984,False
22,19523,3469,0,22992,1916,1626,2026-05-21,84.91214335421016,15.08785664578984,False
23,19522,3470,0,22992,1916,1626,2026-05-21,84.90779401530968,15.092205984690327,False
0,19766,3226,0,22992,1916,1647,2026-05-22,85.96903270702853,14.030967292971468,False
1,19764,3228,0,22992,1916,1647,2026-05-22,85.96033402922755,14.039665970772443,False
2,19765,3227,0,22992,1916,1647,2026-05-22,85.96468336812805,14.035316631871956,False
3,19771,3221,0,22992,1916,1647,2026-05-22,85.99077940153097,14.009220598469033,False
4,19772,3220,0,22992,1916,1647,2026-05-22,85.99512874043145,14.004871259568546,False
5,19776,3216,0,22992,1916,1648,2026-05-22,86.0125260960334,13.987473903966597,False
6,19776,3216,0,22992,1916,1648,2026-05-22,86.0125260960334,13.987473903966597,False
7,19776,3216,0,22992,1916,1648,2026-05-22,86.0125260960334,13.987473903966597,False
8,19771,3221,0,22992,1916,1647,2026-05-22,85.99077940153097,14.009220598469033,False
9,19772,3220,0,22992,1916,1647,2026-05-22,85.99512874043145,14.004871259568546,False
10,19776,3216,0,22992,1916,1648,2026-05-22,86.0125260960334,13.987473903966597,False
11,19776,3216,0,22992,1916,1648,2026-05-22,86.0125260960334,13.987473903966597,False
12,19776,3216,0,22992,1916,1648,2026-05-22,86.0125260960334,13.987473903966597,False
13,19776,3216,0,22992,1916,1648,2026-05-22,86.0125260960334,13.987473903966597,False
14,19776,3216,0,22992,1916,1648,2026-05-22,86.0125260960334,13.987473903966597,False
15,19776,3216,0,22992,1916,1648,2026-05-22,86.0125260960334,13.987473903966597,False
16,19776,3216,0,22992,1916,1648,2026-05-22,86.0125260960334,13.987473903966597,False
17,19776,3216,0,22992,1916,1648,2026-05-22,86.0125260960334,13.987473903966597,False
18,19776,3216,0,22992,1916,1648,2026-05-22,86.0125260960334,13.987473903966597,False
19,19776,3216,0,22992,1916,1648,2026-05-22,86.0125260960334,13.987473903966597,False
20,19776,3216,0,22992,1916,1648,2026-05-22,86.0125260960334,13.987473903966597,False
21,19776,3216,0,22992,1916,1648,2026-05-22,86.0125260960334,13.987473903966597,False
22,19776,3216,0,22992,1916,1648,2026-05-22,86.0125260960334,13.987473903966597,False
23,19776,3216,0,22992,1916,1648,2026-05-22,86.0125260960334,13.987473903966597,False
0,19893,3099,0,22992,1916,1657,2026-05-23,86.52139874739039,13.478601252609604,False
1,19889,3103,0,22992,1916,1657,2026-05-23,86.50400139178845,13.495998608211552,False
2,19891,3101,0,22992,1916,1657,2026-05-23,86.51270006958943,13.487299930410577,False
3,19895,3097,0,22992,1916,1657,2026-05-23,86.53009742519137,13.469902574808629,False
4,19896,3096,0,22992,1916,1658,2026-05-23,86.53444676409185,13.465553235908143,False
5,19896,3096,0,22992,1916,1658,2026-05-23,86.53444676409185,13.465553235908143,False
6,19896,3096,0,22992,1916,1658,2026-05-23,86.53444676409185,13.465553235908143,False
7,19896,3096,0,22992,1916,1658,2026-05-23,86.53444676409185,13.465553235908143,False
8,19896,3096,0,22992,1916,1658,2026-05-23,86.53444676409185,13.465553235908143,False
9,19896,3096,0,22992,1916,1658,2026-05-23,86.53444676409185,13.465553235908143,False
10,19896,3096,0,22992,1916,1658,2026-05-23,86.53444676409185,13.465553235908143,False
11,19896,3096,0,22992,1916,1658,2026-05-23,86.53444676409185,13.465553235908143,False
12,19896,3096,0,22992,1916,1658,2026-05-23,86.53444676409185,13.465553235908143,False
13,19896,3096,0,22992,1916,1658,2026-05-23,86.53444676409185,13.465553235908143,False
14,19896,3096,0,22992,1916,1658,2026-05-23,86.53444676409185,13.465553235908143,False
15,19896,3096,0,22992,1916,1658,2026-05-23,86.53444676409185,13.465553235908143,False
16,19896,3096,0,22992,1916,1658,2026-05-23,86.53444676409185,13.465553235908143,False
17,19896,3096,0,22992,1916,1658,2026-05-23,86.53444676409185,13.465553235908143,False
18,19896,3096,0,22992,1916,1658,2026-05-23,86.53444676409185,13.465553235908143,False
19,19896,3096,0,22992,1916,1658,2026-05-23,86.53444676409185,13.465553235908143,False
20,19896,3096,0,22992,1916,1658,2026-05-23,86.53444676409185,13.465553235908143,False
21,19896,3096,0,22992,1916,1658,2026-05-23,86.53444676409185,13.465553235908143,False
22,19896,3096,0,22992,1916,1658,2026-05-23,86.53444676409185,13.465553235908143,False
23,19896,3096,0,22992,1916,1658,2026-05-23,86.53444676409185,13.465553235908143,False
0,19856,3136,0,22992,1916,1654,2026-05-24,86.36047320807238,13.639526791927628,False
1,19855,3137,0,22992,1916,1654,2026-05-24,86.35612386917188,13.643876130828113,False
2,19854,3138,0,22992,1916,1654,2026-05-24,86.3517745302714,13.648225469728601,False
3,19860,3132,0,22992,1916,1654,2026-05-24,86.37787056367432,13.622129436325679,False
4,19852,3140,0,22992,1916,1654,2026-05-24,86.34307585247042,13.656924147529576,False
5,19853,3139,0,22992,1916,1654,2026-05-24,86.34742519137092,13.652574808629089,False
6,19860,3132,0,22992,1916,1655,2026-05-24,86.37787056367432,13.622129436325679,False
7,19860,3132,0,22992,1916,1655,2026-05-24,86.37787056367432,13.622129436325679,False
8,19860,3132,0,22992,1916,1655,2026-05-24,86.37787056367432,13.622129436325679,False
9,19860,3132,0,22992,1916,1655,2026-05-24,86.37787056367432,13.622129436325679,False
10,19860,3132,0,22992,1916,1655,2026-05-24,86.37787056367432,13.622129436325679,False
11,19860,3132,0,22992,1916,1655,2026-05-24,86.37787056367432,13.622129436325679,False
12,19860,3132,0,22992,1916,1655,2026-05-24,86.37787056367432,13.622129436325679,False
13,19860,3132,0,22992,1916,1655,2026-05-24,86.37787056367432,13.622129436325679,False
14,19860,3132,0,22992,1916,1655,2026-05-24,86.37787056367432,13.622129436325679,False
15,19860,3132,0,22992,1916,1655,2026-05-24,86.37787056367432,13.622129436325679,False
16,19860,3132,0,22992,1916,1655,2026-05-24,86.37787056367432,13.622129436325679,False
17,19860,3132,0,22992,1916,1655,2026-05-24,86.37787056367432,13.622129436325679,False
18,19861,3131,0,22992,1916,1655,2026-05-24,86.3822199025748,13.617780097425191,False
19,19860,3132,0,22992,1916,1655,2026-05-24,86.37787056367432,13.622129436325679,False
20,19860,3132,0,22992,1916,1655,2026-05-24,86.37787056367432,13.622129436325679,False
21,19860,3132,0,22992,1916,1655,2026-05-24,86.37787056367432,13.622129436325679,False
22,19860,3132,0,22992,1916,1655,2026-05-24,86.37787056367432,13.622129436325679,False
23,19860,3132,0,22992,1916,1655,2026-05-24,86.37787056367432,13.622129436325679,False
0,19884,3108,0,22992,1916,1657,2026-05-25,86.48225469728601,13.517745302713987,False
1,19878,3114,0,22992,1916,1656,2026-05-25,86.45615866388309,13.54384133611691,False
2,19875,3117,0,22992,1916,1656,2026-05-25,86.44311064718163,13.556889352818372,False
3,19890,3102,0,22992,1916,1657,2026-05-25,86.50835073068893,13.491649269311065,False
4,19890,3102,0,22992,1916,1656,2026-05-25,86.50835073068893,13.491649269311065,False
5,19881,3111,0,22992,1916,1656,2026-05-25,86.46920668058455,13.53079331941545,False
6,19884,3108,0,22992,1916,1657,2026-05-25,86.48225469728601,13.517745302713987,False
7,19882,3110,0,22992,1916,1656,2026-05-25,86.47355601948504,13.526443980514962,False
8,19884,3108,0,22992,1916,1657,2026-05-25,86.48225469728601,13.517745302713987,False
9,19884,3108,0,22992,1916,1657,2026-05-25,86.48225469728601,13.517745302713987,False
10,19884,3108,0,22992,1916,1657,2026-05-25,86.48225469728601,13.517745302713987,False
11,19884,3108,0,22992,1916,1657,2026-05-25,86.48225469728601,13.517745302713987,False
12,19884,3108,0,22992,1916,1657,2026-05-25,86.48225469728601,13.517745302713987,False
13,19884,3108,0,22992,1916,1657,2026-05-25,86.48225469728601,13.517745302713987,False
14,19884,3108,0,22992,1916,1657,2026-05-25,86.48225469728601,13.517745302713987,False
15,19884,3108,0,22992,1916,1657,2026-05-25,86.48225469728601,13.517745302713987,False
16,19884,3108,0,22992,1916,1657,2026-05-25,86.48225469728601,13.517745302713987,False
17,19884,3108,0,22992,1916,1657,2026-05-25,86.48225469728601,13.517745302713987,False
18,19884,3108,0,22992,1916,1657,2026-05-25,86.48225469728601,13.517745302713987,False
19,19884,3108,0,22992,1916,1657,2026-05-25,86.48225469728601,13.517745302713987,False
20,19884,3108,0,22992,1916,1657,2026-05-25,86.48225469728601,13.517745302713987,False
21,19882,3110,0,22992,1916,1656,2026-05-25,86.47355601948504,13.526443980514962,False
22,19884,3108,0,22992,1916,1657,2026-05-25,86.48225469728601,13.517745302713987,False
23,19884,3108,0,22992,1916,1657,2026-05-25,86.48225469728601,13.517745302713987,False
0,19785,3207,0,22992,1916,1648,2026-05-26,86.05167014613778,13.948329853862212,False
1,19780,3212,0,22992,1916,1648,2026-05-26,86.02992345163536,13.970076548364649,False
2,19777,3215,0,22992,1916,1648,2026-05-26,86.0168754349339,13.98312456506611,False
3,19780,3212,0,22992,1916,1648,2026-05-26,86.02992345163536,13.970076548364649,False
4,19788,3204,0,22992,1916,1649,2026-05-26,86.06471816283924,13.935281837160751,False
5,19788,3204,0,22992,1916,1649,2026-05-26,86.06471816283924,13.935281837160751,False
6,19788,3204,0,22992,1916,1649,2026-05-26,86.06471816283924,13.935281837160751,False
7,19788,3204,0,22992,1916,1649,2026-05-26,86.06471816283924,13.935281837160751,False
8,19788,3204,0,22992,1916,1649,2026-05-26,86.06471816283924,13.935281837160751,False
9,22191,801,0,22992,1916,1649,2026-05-26,96.51617954070981,3.483820459290188,True
10,22992,0,0,22992,1916,1916,2026-05-26,100.0,0.0,True
11,22992,0,0,22992,1916,1916,2026-05-26,100.0,0.0,True
12,22992,0,0,22992,1916,1916,2026-05-26,100.0,0.0,True
13,22992,0,0,22992,1916,1916,2026-05-26,100.0,0.0,True
14,22992,0,0,22992,1916,1916,2026-05-26,100.0,0.0,True
15,22992,0,0,22992,1916,1916,2026-05-26,100.0,0.0,True
16,22992,0,0,22992,1916,1916,2026-05-26,100.0,0.0,True
17,22992,0,0,22992,1916,1916,2026-05-26,100.0,0.0,True
18,22992,0,0,22992,1916,1916,2026-05-26,100.0,0.0,True
19,22992,0,0,22992,1916,1916,2026-05-26,100.0,0.0,True
20,22992,0,0,22992,1916,1916,2026-05-26,100.0,0.0,True
21,22992,0,0,22992,1916,1916,2026-05-26,100.0,0.0,True
22,22992,0,0,22992,1916,1916,2026-05-26,100.0,0.0,True
23,22992,0,0,22992,1916,1916,2026-05-26,100.0,0.0,True
0,22992,0,0,22992,1916,1916,2026-05-27,100.0,0.0,True
1,22992,0,0,22992,1916,1916,2026-05-27,100.0,0.0,True
2,22992,0,0,22992,1916,1916,2026-05-27,100.0,0.0,True
3,22992,0,0,22992,1916,1916,2026-05-27,100.0,0.0,True
4,22992,0,0,22992,1916,1916,2026-05-27,100.0,0.0,True
5,22992,0,0,22992,1916,1916,2026-05-27,100.0,0.0,True
6,22992,0,0,22992,1916,1916,2026-05-27,100.0,0.0,True
7,22992,0,0,22992,1916,1916,2026-05-27,100.0,0.0,True
8,22992,0,0,22992,1916,1916,2026-05-27,100.0,0.0,True
9,22992,0,0,22992,1916,1916,2026-05-27,100.0,0.0,True
10,22992,0,0,22992,1916,1916,2026-05-27,100.0,0.0,True
11,22992,0,0,22992,1916,1916,2026-05-27,100.0,0.0,True
12,22992,0,0,22992,1916,1916,2026-05-27,100.0,0.0,True
13,22992,0,0,22992,1916,1916,2026-05-27,100.0,0.0,True
14,22992,0,0,22992,1916,1916,2026-05-27,100.0,0.0,True
15,22992,0,0,22992,1916,1916,2026-05-27,100.0,0.0,True
16,22992,0,0,22992,1916,1916,2026-05-27,100.0,0.0,True
17,22992,0,0,22992,1916,1916,2026-05-27,100.0,0.0,True
18,22992,0,0,22992,1916,1916,2026-05-27,100.0,0.0,True
19,22992,0,0,22992,1916,1916,2026-05-27,100.0,0.0,True
20,22992,0,0,22992,1916,1916,2026-05-27,100.0,0.0,True
21,22992,0,0,22992,1916,1916,2026-05-27,100.0,0.0,True
22,22992,0,0,22992,1916,1916,2026-05-27,100.0,0.0,True
23,22992,0,0,22992,1916,1916,2026-05-27,100.0,0.0,True
0,22992,0,0,22992,1916,1916,2026-05-28,100.0,0.0,True
1,22992,0,0,22992,1916,1916,2026-05-28,100.0,0.0,True
2,22992,0,0,22992,1916,1916,2026-05-28,100.0,0.0,True
3,22992,0,0,22992,1916,1916,2026-05-28,100.0,0.0,True
4,22992,0,0,22992,1916,1916,2026-05-28,100.0,0.0,True
5,22992,0,0,22992,1916,1916,2026-05-28,100.0,0.0,True
6,22992,0,0,22992,1916,1916,2026-05-28,100.0,0.0,True
7,22992,0,0,22992,1916,1916,2026-05-28,100.0,0.0,True
8,22992,0,0,22992,1916,1916,2026-05-28,100.0,0.0,True
9,22004,988,0,22992,1916,1669,2026-05-28,95.70285316631872,4.29714683368128,True
10,22992,0,0,22992,1916,1916,2026-05-28,100.0,0.0,True
11,20760,2232,0,22992,1916,1668,2026-05-28,90.29227557411274,9.707724425887266,False
12,22992,0,0,22992,1916,1916,2026-05-28,100.0,0.0,True
13,22000,992,0,22992,1916,1668,2026-05-28,95.68545581071677,4.314544189283229,True
14,20016,2976,0,22992,1916,1668,2026-05-28,87.05636743215031,12.943632567849686,False
15,20016,2976,0,22992,1916,1668,2026-05-28,87.05636743215031,12.943632567849686,False
16,20016,2976,0,22992,1916,1668,2026-05-28,87.05636743215031,12.943632567849686,False
17,20016,2976,0,22992,1916,1668,2026-05-28,87.05636743215031,12.943632567849686,False
18,20016,2976,0,22992,1916,1668,2026-05-28,87.05636743215031,12.943632567849686,False
19,20016,2976,0,22992,1916,1668,2026-05-28,87.05636743215031,12.943632567849686,False
20,20021,2971,0,22992,1916,1668,2026-05-28,87.07811412665275,12.921885873347252,False
21,20020,2972,0,22992,1916,1668,2026-05-28,87.07376478775227,12.926235212247738,False
22,20016,2976,0,22992,1916,1668,2026-05-28,87.05636743215031,12.943632567849686,False
23,20017,2975,0,22992,1916,1667,2026-05-28,87.0607167710508,12.9392832289492,False
0,20014,2978,0,22992,1916,1667,2026-05-29,87.04766875434935,12.952331245650662,False
1,20012,2980,0,22992,1916,1667,2026-05-29,87.03897007654837,12.961029923451635,False
2,20014,2978,0,22992,1916,1667,2026-05-29,87.04766875434935,12.952331245650662,False
3,20011,2981,0,22992,1916,1667,2026-05-29,87.03462073764788,12.965379262352123,False
4,20016,2976,0,22992,1916,1668,2026-05-29,87.05636743215031,12.943632567849686,False
5,20015,2977,0,22992,1916,1667,2026-05-29,87.05201809324983,12.947981906750174,False
6,20016,2976,0,22992,1916,1668,2026-05-29,87.05636743215031,12.943632567849686,False
7,20016,2976,0,22992,1916,1668,2026-05-29,87.05636743215031,12.943632567849686,False
8,20016,2976,0,22992,1916,1668,2026-05-29,87.05636743215031,12.943632567849686,False
9,20016,2976,0,22992,1916,1668,2026-05-29,87.05636743215031,12.943632567849686,False
10,20016,2976,0,22992,1916,1668,2026-05-29,87.05636743215031,12.943632567849686,False
11,20016,2976,0,22992,1916,1668,2026-05-29,87.05636743215031,12.943632567849686,False
12,20016,2976,0,22992,1916,1668,2026-05-29,87.05636743215031,12.943632567849686,False
13,20016,2976,0,22992,1916,1668,2026-05-29,87.05636743215031,12.943632567849686,False
14,20016,2976,0,22992,1916,1668,2026-05-29,87.05636743215031,12.943632567849686,False
15,20016,2976,0,22992,1916,1668,2026-05-29,87.05636743215031,12.943632567849686,False
16,20016,2976,0,22992,1916,1668,2026-05-29,87.05636743215031,12.943632567849686,False
17,20016,2976,0,22992,1916,1668,2026-05-29,87.05636743215031,12.943632567849686,False
18,20016,2976,0,22992,1916,1668,2026-05-29,87.05636743215031,12.943632567849686,False
19,20016,2976,0,22992,1916,1668,2026-05-29,87.05636743215031,12.943632567849686,False
20,20016,2976,0,22992,1916,1668,2026-05-29,87.05636743215031,12.943632567849686,False
21,20016,2976,0,22992,1916,1668,2026-05-29,87.05636743215031,12.943632567849686,False
22,20016,2976,0,22992,1916,1668,2026-05-29,87.05636743215031,12.943632567849686,False
23,20009,2983,0,22992,1916,1667,2026-05-29,87.0259220598469,12.974077940153096,False
0,19808,3184,0,22992,1916,1650,2026-05-30,86.15170494084899,13.84829505915101,False
1,19812,3180,0,22992,1916,1651,2026-05-30,86.16910229645094,13.830897703549061,False
2,19806,3186,0,22992,1916,1650,2026-05-30,86.14300626304802,13.856993736951983,False
3,19808,3184,0,22992,1916,1650,2026-05-30,86.15170494084899,13.84829505915101,False
4,19812,3180,0,22992,1916,1651,2026-05-30,86.16910229645094,13.830897703549061,False
5,19812,3180,0,22992,1916,1651,2026-05-30,86.16910229645094,13.830897703549061,False
6,19812,3180,0,22992,1916,1651,2026-05-30,86.16910229645094,13.830897703549061,False
7,19812,3180,0,22992,1916,1651,2026-05-30,86.16910229645094,13.830897703549061,False
8,19812,3180,0,22992,1916,1651,2026-05-30,86.16910229645094,13.830897703549061,False
9,19812,3180,0,22992,1916,1651,2026-05-30,86.16910229645094,13.830897703549061,False
10,19812,3180,0,22992,1916,1651,2026-05-30,86.16910229645094,13.830897703549061,False
11,19812,3180,0,22992,1916,1651,2026-05-30,86.16910229645094,13.830897703549061,False
12,19812,3180,0,22992,1916,1651,2026-05-30,86.16910229645094,13.830897703549061,False
13,19812,3180,0,22992,1916,1651,2026-05-30,86.16910229645094,13.830897703549061,False
14,19812,3180,0,22992,1916,1651,2026-05-30,86.16910229645094,13.830897703549061,False
15,19812,3180,0,22992,1916,1651,2026-05-30,86.16910229645094,13.830897703549061,False
16,19812,3180,0,22992,1916,1651,2026-05-30,86.16910229645094,13.830897703549061,False
17,19812,3180,0,22992,1916,1651,2026-05-30,86.16910229645094,13.830897703549061,False
18,19812,3180,0,22992,1916,1651,2026-05-30,86.16910229645094,13.830897703549061,False
19,19813,3179,0,22992,1916,1651,2026-05-30,86.17345163535143,13.826548364648573,False
20,19812,3180,0,22992,1916,1651,2026-05-30,86.16910229645094,13.830897703549061,False
21,19812,3180,0,22992,1916,1651,2026-05-30,86.16910229645094,13.830897703549061,False
22,19812,3180,0,22992,1916,1651,2026-05-30,86.16910229645094,13.830897703549061,False
23,19812,3180,0,22992,1916,1651,2026-05-30,86.16910229645094,13.830897703549061,False
0,19824,3168,0,22992,1916,1652,2026-05-31,86.22129436325679,13.778705636743215,False
1,19819,3173,0,22992,1916,1651,2026-05-31,86.19954766875435,13.800452331245651,False
2,19820,3172,0,22992,1916,1651,2026-05-31,86.20389700765483,13.796102992345164,False
3,19815,3177,0,22992,1916,1651,2026-05-31,86.1821503131524,13.8178496868476,False
4,19812,3180,0,22992,1916,1651,2026-05-31,86.16910229645094,13.830897703549061,False
5,19817,3175,0,22992,1916,1651,2026-05-31,86.19084899095337,13.809151009046625,False
6,19825,3167,0,22992,1916,1652,2026-05-31,86.22564370215727,13.774356297842727,False
7,19824,3168,0,22992,1916,1652,2026-05-31,86.22129436325679,13.778705636743215,False
8,19824,3168,0,22992,1916,1652,2026-05-31,86.22129436325679,13.778705636743215,False
9,19824,3168,0,22992,1916,1652,2026-05-31,86.22129436325679,13.778705636743215,False
10,19824,3168,0,22992,1916,1652,2026-05-31,86.22129436325679,13.778705636743215,False
11,19824,3168,0,22992,1916,1652,2026-05-31,86.22129436325679,13.778705636743215,False
12,19824,3168,0,22992,1916,1652,2026-05-31,86.22129436325679,13.778705636743215,False
13,19824,3168,0,22992,1916,1652,2026-05-31,86.22129436325679,13.778705636743215,False
14,19824,3168,0,22992,1916,1652,2026-05-31,86.22129436325679,13.778705636743215,False
15,19824,3168,0,22992,1916,1652,2026-05-31,86.22129436325679,13.778705636743215,False
16,19824,3168,0,22992,1916,1652,2026-05-31,86.22129436325679,13.778705636743215,False
17,19824,3168,0,22992,1916,1652,2026-05-31,86.22129436325679,13.778705636743215,False
18,19824,3168,0,22992,1916,1652,2026-05-31,86.22129436325679,13.778705636743215,False
19,19824,3168,0,22992,1916,1652,2026-05-31,86.22129436325679,13.778705636743215,False
20,19824,3168,0,22992,1916,1652,2026-05-31,86.22129436325679,13.778705636743215,False
21,19824,3168,0,22992,1916,1652,2026-05-31,86.22129436325679,13.778705636743215,False
22,19824,3168,0,22992,1916,1652,2026-05-31,86.22129436325679,13.778705636743215,False
23,19824,3168,0,22992,1916,1652,2026-05-31,86.22129436325679,13.778705636743215,False
