station_id,rows,zero_rows,positive_rows,invalid_coverage_rows,essential_rows,duplicate_copies,invalid_time_rows,ge0_rows,ge5_rows,ge20_rows,ge40_rows,ge60_rows,ge80_rows,ge100_rows,days_present,days_absent_from_requested_window,days_with_positive_coverage,route_labels,positive_pct_all_rows,positive_speed_valid_rows,positive_longest_run_minutes,positive_days_run_ge120min,ge0_speed_valid_rows,ge0_longest_run_minutes,ge0_days_run_ge120min,ge0_pct_all_rows,ge5_speed_valid_rows,ge5_longest_run_minutes,ge5_days_run_ge120min,ge5_pct_all_rows,ge20_speed_valid_rows,ge20_longest_run_minutes,ge20_days_run_ge120min,ge20_pct_all_rows,ge40_speed_valid_rows,ge40_longest_run_minutes,ge40_days_run_ge120min,ge40_pct_all_rows,ge60_speed_valid_rows,ge60_longest_run_minutes,ge60_days_run_ge120min,ge60_pct_all_rows,ge80_speed_valid_rows,ge80_longest_run_minutes,ge80_days_run_ge120min,ge80_pct_all_rows,ge100_speed_valid_rows,ge100_longest_run_minutes,ge100_days_run_ge120min,ge100_pct_all_rows,shared_zero_dates_with_station_all_zero,candidate_pool_any_positive
715938,34548,31420,3128,0,34548,0,0,34548,3128,3128,3128,3128,3128,3128,120,0,12,5.0/N,9.054069700127359,3128,1440,12,34548,1440,120,100.0,3128,1440,12,9.054069700127359,3128,1440,12,9.054069700127359,3128,1440,12,9.054069700127359,3128,1440,12,9.054069700127359,3128,1440,12,9.054069700127359,3128,1440,12,9.054069700127359,2026-02-28|2026-05-27,True
715944,34548,30556,3992,0,34548,0,0,34548,3992,3992,3992,3992,0,0,120,0,15,5.0/N,11.554938057195786,3992,1440,15,34548,1440,120,100.0,3992,1440,15,11.554938057195786,3992,1440,15,11.554938057195786,3992,1440,15,11.554938057195786,3992,1440,15,11.554938057195786,0,0,0,0.0,0,0,0,0.0,2026-02-28|2026-05-27,True
716081,34548,5771,28777,0,34548,0,0,34548,28777,28777,28777,28777,28777,28777,120,0,100,10.0/E,83.29570452703484,28777,1440,100,34548,1440,120,100.0,28777,1440,100,83.29570452703484,28777,1440,100,83.29570452703484,28777,1440,100,83.29570452703484,28777,1440,100,83.29570452703484,28777,1440,100,83.29570452703484,28777,1440,100,83.29570452703484,2026-02-28|2026-05-27,True
716085,34548,4083,30465,0,34548,0,0,34548,30465,30465,30464,30463,30463,30463,120,0,107,10.0/E,88.18166029871483,30465,1440,107,34548,1440,120,100.0,30465,1440,107,88.18166029871483,30465,1440,107,88.18166029871483,30464,1440,107,88.17876577515341,30463,1440,107,88.17587125159199,30463,1440,107,88.17587125159199,30463,1440,107,88.17587125159199,2026-02-28|2026-05-27,True
716087,34548,28799,5749,0,34548,0,0,34548,5749,5749,5461,5461,5461,5461,120,0,20,10.0/E,16.64061595461387,5749,1440,20,34548,1440,120,100.0,5749,1440,20,16.64061595461387,5749,1440,20,16.64061595461387,5461,1440,19,15.806993168924395,5461,1440,19,15.806993168924395,5461,1440,19,15.806993168924395,5461,1440,19,15.806993168924395,2026-02-28|2026-05-27,True
716088,34548,4085,30463,0,34548,0,0,34548,30463,30463,30462,30460,30459,30459,120,0,107,10.0/W,88.17587125159199,30463,1440,107,34548,1440,120,100.0,30463,1440,107,88.17587125159199,30463,1440,107,88.17587125159199,30462,1440,107,88.17297672803056,30460,1440,107,88.16718768090772,30459,1440,107,88.16429315734631,30459,1440,107,88.16429315734631,2026-02-28|2026-05-27,True
716091,34548,4371,30177,0,34548,0,0,34548,30177,30177,30176,30175,29897,29897,120,0,106,10.0/W,87.34803751302536,30177,1440,106,34548,1440,120,100.0,30177,1440,106,87.34803751302536,30177,1440,106,87.34803751302536,30176,1440,106,87.34514298946394,30175,1440,106,87.34224846590251,29897,1440,105,86.53757091582726,29897,1440,105,86.53757091582726,2026-02-28|2026-05-27,True
716101,34548,5235,29313,0,34548,0,0,34548,29313,29313,29313,29313,0,0,120,0,103,10.0/W,84.84716915595693,29313,1440,103,34548,1440,120,100.0,29313,1440,103,84.84716915595693,29313,1440,103,84.84716915595693,29313,1440,103,84.84716915595693,29313,1440,103,84.84716915595693,0,0,0,0.0,0,0,0,0.0,2026-02-28|2026-05-27,True
716142,34548,3662,30886,0,34548,0,0,34548,30886,30886,30885,30885,30885,30885,120,0,108,210.0/E,89.4002547180734,30886,1440,108,34548,1440,120,100.0,30886,1440,108,89.4002547180734,30886,1440,108,89.4002547180734,30885,1440,108,89.39736019451199,30885,1440,108,89.39736019451199,30885,1440,108,89.39736019451199,30885,1440,108,89.39736019451199,2026-02-28|2026-05-27,True
716152,34548,2084,32464,0,34548,0,0,34548,32464,32464,32176,32176,32174,32174,120,0,114,10.0/E,93.96781289799699,32464,1440,114,34548,1440,120,100.0,32464,1440,114,93.96781289799699,32464,1440,114,93.96781289799699,32176,1440,113,93.13419011230751,32176,1440,113,93.13419011230751,32174,1440,113,93.12840106518468,32174,1440,113,93.12840106518468,2026-02-28|2026-05-27,True
716153,34548,2084,32464,0,34548,0,0,34548,32464,32464,32464,32455,0,0,120,0,114,10.0/W,93.96781289799699,32464,1440,114,34548,1440,120,100.0,32464,1440,114,93.96781289799699,32464,1440,114,93.96781289799699,32464,1440,114,93.96781289799699,32455,1440,114,93.9417621859442,0,0,0,0.0,0,0,0,0.0,2026-02-28|2026-05-27,True
716187,34548,933,33615,0,34548,0,0,34548,33615,33615,0,0,0,0,120,0,118,10.0/E,97.29940951719347,33615,1440,118,34548,1440,120,100.0,33615,1440,118,97.29940951719347,33615,1440,118,97.29940951719347,0,0,0,0.0,0,0,0,0.0,0,0,0,0.0,0,0,0,0.0,2026-02-28|2026-05-27,True
716295,34548,29940,4608,0,34548,0,0,34548,4608,4608,4608,4608,4608,4608,120,0,16,91.0/W,13.337964571031609,4608,1440,16,34548,1440,120,100.0,4608,1440,16,13.337964571031609,4608,1440,16,13.337964571031609,4608,1440,16,13.337964571031609,4608,1440,16,13.337964571031609,4608,1440,16,13.337964571031609,4608,1440,16,13.337964571031609,2026-02-28|2026-05-27,True
716296,34548,29940,4608,0,34548,0,0,34548,4608,4608,4608,4473,0,0,120,0,16,91.0/E,13.337964571031609,4608,1440,16,34548,1440,120,100.0,4608,1440,16,13.337964571031609,4608,1440,16,13.337964571031609,4608,1440,16,13.337964571031609,4473,1440,16,12.947203890239667,0,0,0,0.0,0,0,0,0.0,2026-02-28|2026-05-27,True
716328,34548,21340,13208,0,34548,0,0,34548,13208,13208,12920,12637,4219,4219,120,0,47,101.0/S,38.230867199259,13208,1440,47,34548,1440,120,100.0,13208,1440,47,38.230867199259,13208,1440,47,38.230867199259,12920,1440,46,37.397244413569524,12637,1440,45,36.57809424568716,4219,1440,16,12.211994905638532,4219,1440,16,12.211994905638532,2026-02-28|2026-05-27,True
716551,34548,10425,24123,0,34548,0,0,34548,24123,24123,23834,23544,23534,23534,120,0,85,134.0/W,69.82459187217783,24123,1440,85,34548,1440,120,100.0,24123,1440,85,69.82459187217783,24123,1440,85,69.82459187217783,23834,1440,84,68.98807456292694,23544,1440,83,68.14866273011462,23534,1440,83,68.1197174945004,23534,1440,83,68.1197174945004,2026-02-28|2026-05-27,True
716554,34548,4665,29883,0,34548,0,0,34548,29883,29883,29883,29307,29306,29306,120,0,105,134.0/W,86.49704758596735,29883,1440,105,34548,1440,120,100.0,29883,1440,105,86.49704758596735,29883,1440,105,86.49704758596735,29883,1440,105,86.49704758596735,29307,1440,103,84.8298020145884,29306,1440,103,84.82690749102697,29306,1440,103,84.82690749102697,2026-02-28|2026-05-27,True
716689,34548,7804,26744,0,34548,0,0,34548,26744,26744,26744,25304,24135,0,120,0,93,405.0/N,77.41113812666435,26744,1440,93,34548,1440,120,100.0,26744,1440,93,77.41113812666435,26744,1440,93,77.41113812666435,26744,1440,93,77.41113812666435,25304,1440,88,73.24302419821697,24135,1440,84,69.8593261549149,0,0,0,0.0,2026-02-28|2026-05-27,True
716788,34548,1207,33341,0,34548,0,0,34548,33341,33341,33341,33053,13422,0,120,0,117,605.0/N,96.5063100613639,33341,1440,117,34548,1440,120,100.0,33341,1440,117,96.5063100613639,33341,1440,117,96.5063100613639,33341,1440,117,96.5063100613639,33053,1440,116,95.67268727567442,13422,1440,48,38.850295241403266,0,0,0,0.0,2026-02-28|2026-05-27,True
716928,34548,33685,863,0,34548,0,0,34548,863,863,0,0,0,0,120,0,3,5.0/S,2.4979738335070047,863,1440,3,34548,1440,120,100.0,863,1440,3,2.4979738335070047,863,1440,3,2.4979738335070047,0,0,0,0.0,0,0,0,0.0,0,0,0,0.0,0,0,0,0.0,2026-02-28|2026-05-27,True
716929,34548,30556,3992,0,34548,0,0,34548,3992,3992,3992,3992,3992,3992,120,0,15,5.0/N,11.554938057195786,3992,1440,15,34548,1440,120,100.0,3992,1440,15,11.554938057195786,3992,1440,15,11.554938057195786,3992,1440,15,11.554938057195786,3992,1440,15,11.554938057195786,3992,1440,15,11.554938057195786,3992,1440,15,11.554938057195786,2026-02-28|2026-05-27,True
716930,34548,30556,3992,0,34548,0,0,34548,3992,3992,3992,3990,3990,3990,120,0,15,5.0/S,11.554938057195786,3992,1440,15,34548,1440,120,100.0,3992,1440,15,11.554938057195786,3992,1440,15,11.554938057195786,3992,1440,15,11.554938057195786,3990,1440,15,11.549149010072941,3990,1440,15,11.549149010072941,3990,1440,15,11.549149010072941,2026-02-28|2026-05-27,True
716933,34548,30556,3992,0,34548,0,0,34548,3992,3992,0,0,0,0,120,0,15,5.0/N,11.554938057195786,3992,1440,15,34548,1440,120,100.0,3992,1440,15,11.554938057195786,3992,1440,15,11.554938057195786,0,0,0,0.0,0,0,0,0.0,0,0,0,0.0,0,0,0,0.0,2026-02-28|2026-05-27,True
716934,34548,30556,3992,0,34548,0,0,34548,3992,3992,3992,3992,3992,3992,120,0,15,5.0/S,11.554938057195786,3992,1440,15,34548,1440,120,100.0,3992,1440,15,11.554938057195786,3992,1440,15,11.554938057195786,3992,1440,15,11.554938057195786,3992,1440,15,11.554938057195786,3992,1440,15,11.554938057195786,3992,1440,15,11.554938057195786,2026-02-28|2026-05-27,True
716955,34548,33917,631,0,34548,0,0,34548,631,631,193,176,0,0,120,0,3,5.0/S,1.8264443672571495,631,915,3,34548,1440,120,100.0,631,915,3,1.8264443672571495,631,915,3,1.8264443672571495,193,845,1,0.5586430473544055,176,775,1,0.5094361468102351,0,0,0,0.0,0,0,0,0.0,2026-02-28|2026-05-27,True
716974,34548,10724,23824,0,34548,0,0,34548,23824,23824,23824,8926,0,0,120,0,84,5.0/N,68.95912932731272,23824,1440,84,34548,1440,120,100.0,23824,1440,84,68.95912932731272,23824,1440,84,68.95912932731272,23824,1440,84,68.95912932731272,8926,1440,33,25.836517309250898,0,0,0,0.0,0,0,0,0.0,2026-02-28|2026-05-27,True
716977,34548,33684,864,0,34548,0,0,34548,864,864,859,830,527,527,120,0,3,5.0/S,2.5008683570684265,864,1440,3,34548,1440,120,100.0,864,1440,3,2.5008683570684265,864,1440,3,2.5008683570684265,859,1440,3,2.4863957392613174,830,1135,3,2.4024545559800856,527,1075,2,1.5254139168692833,527,1075,2,1.5254139168692833,2026-02-28|2026-05-27,True
716978,34548,25074,9474,0,34548,0,0,34548,9474,9474,5152,2592,1439,1151,120,0,33,5.0/N,27.42271622091004,9474,1440,33,34548,1440,120,100.0,9474,1440,33,27.42271622091004,9474,1440,33,27.42271622091004,5152,1440,18,14.912585388445063,2592,1440,9,7.50260507120528,1439,1440,5,4.165219404885955,1151,1440,4,3.33159661919648,2026-02-28|2026-05-27,True
716979,34548,29116,5432,0,34548,0,0,34548,5432,5432,0,0,0,0,120,0,20,5.0/S,15.723051985643163,5432,1440,20,34548,1440,120,100.0,5432,1440,20,15.723051985643163,5432,1440,20,15.723051985643163,0,0,0,0.0,0,0,0,0.0,0,0,0,0.0,0,0,0,0.0,2026-02-28|2026-05-27,True
716981,34548,23068,11480,0,34548,0,0,34548,11480,11480,3168,575,0,0,120,0,40,5.0/N,33.22913048512215,11480,1440,40,34548,1440,120,100.0,11480,1440,40,33.22913048512215,11480,1440,40,33.22913048512215,3168,1440,11,9.169850642584231,575,1440,2,1.6643510478175292,0,0,0,0.0,0,0,0,0.0,2026-02-28|2026-05-27,True
716983,34548,19654,14894,0,34548,0,0,34548,14894,14894,14894,14616,12305,12305,120,0,53,5.0/S,43.11103392381614,14894,1440,53,34548,1440,120,100.0,14894,1440,53,43.11103392381614,14894,1440,53,43.11103392381614,14894,1440,53,43.11103392381614,14616,1440,52,42.30635637374088,12305,1440,44,35.617112423295126,12305,1440,44,35.617112423295126,2026-02-28|2026-05-27,True
716985,34548,11827,22721,0,34548,0,0,34548,22721,22721,0,0,0,0,120,0,79,5.0/N,65.76646983906448,22721,1440,79,34548,1440,120,100.0,22721,1440,79,65.76646983906448,22721,1440,79,65.76646983906448,0,0,0,0.0,0,0,0,0.0,0,0,0,0.0,0,0,0,0.0,2026-02-28|2026-05-27,True
716986,34548,10724,23824,0,34548,0,0,34548,23824,23824,23824,23824,23824,23824,120,0,84,5.0/S,68.95912932731272,23824,1440,84,34548,1440,120,100.0,23824,1440,84,68.95912932731272,23824,1440,84,68.95912932731272,23824,1440,84,68.95912932731272,23824,1440,84,68.95912932731272,23824,1440,84,68.95912932731272,23824,1440,84,68.95912932731272,2026-02-28|2026-05-27,True
717065,34548,5771,28777,0,34548,0,0,34548,28777,28777,28777,0,0,0,120,0,100,10.0/W,83.29570452703484,28777,1440,100,34548,1440,120,100.0,28777,1440,100,83.29570452703484,28777,1440,100,83.29570452703484,28777,1440,100,83.29570452703484,0,0,0,0.0,0,0,0,0.0,0,0,0,0.0,2026-02-28|2026-05-27,True
717075,34548,4371,30177,0,34548,0,0,34548,30177,30177,30177,30176,30176,30176,120,0,106,10.0/E,87.34803751302536,30177,1440,106,34548,1440,120,100.0,30177,1440,106,87.34803751302536,30177,1440,106,87.34803751302536,30177,1440,106,87.34803751302536,30176,1440,106,87.34514298946394,30176,1440,106,87.34514298946394,30176,1440,106,87.34514298946394,2026-02-28|2026-05-27,True
717077,34548,4371,30177,0,34548,0,0,34548,30177,30177,30177,30176,30176,30176,120,0,106,10.0/E,87.34803751302536,30177,1440,106,34548,1440,120,100.0,30177,1440,106,87.34803751302536,30177,1440,106,87.34803751302536,30177,1440,106,87.34803751302536,30176,1440,106,87.34514298946394,30176,1440,106,87.34514298946394,30176,1440,106,87.34514298946394,2026-02-28|2026-05-27,True
717083,34548,4372,30176,0,34548,0,0,34548,30176,30176,30175,30170,2840,2840,120,0,106,10.0/E,87.34514298946394,30176,1440,106,34548,1440,120,100.0,30176,1440,106,87.34514298946394,30176,1440,106,87.34514298946394,30175,1440,106,87.34224846590251,30170,1440,106,87.3277758480954,2840,1440,11,8.220446914437883,2840,1440,11,8.220446914437883,2026-02-28|2026-05-27,True
717084,34548,5237,29311,0,34548,0,0,34548,29311,29311,29308,29018,0,0,120,0,103,10.0/E,84.84138010883409,29311,1440,103,34548,1440,120,100.0,29311,1440,103,84.84138010883409,29311,1440,103,84.84138010883409,29308,1440,103,84.83269653814982,29018,1440,102,83.9932847053375,0,0,0,0.0,0,0,0,0.0,2026-02-28|2026-05-27,True
717087,34548,4083,30465,0,34548,0,0,34548,30465,30465,30465,30464,30464,30464,120,0,107,10.0/W,88.18166029871483,30465,1440,107,34548,1440,120,100.0,30465,1440,107,88.18166029871483,30465,1440,107,88.18166029871483,30465,1440,107,88.18166029871483,30464,1440,107,88.17876577515341,30464,1440,107,88.17876577515341,30464,1440,107,88.17876577515341,2026-02-28|2026-05-27,True
717089,34548,4371,30177,0,34548,0,0,34548,30177,30177,30176,30176,30175,30175,120,0,106,10.0/E,87.34803751302536,30177,1440,106,34548,1440,120,100.0,30177,1440,106,87.34803751302536,30177,1440,106,87.34803751302536,30176,1440,106,87.34514298946394,30176,1440,106,87.34514298946394,30175,1440,106,87.34224846590251,30175,1440,106,87.34224846590251,2026-02-28|2026-05-27,True
717091,34548,4083,30465,0,34548,0,0,34548,30465,30465,30464,30463,30463,30463,120,0,107,10.0/W,88.18166029871483,30465,1440,107,34548,1440,120,100.0,30465,1440,107,88.18166029871483,30465,1440,107,88.18166029871483,30464,1440,107,88.17876577515341,30463,1440,107,88.17587125159199,30463,1440,107,88.17587125159199,30463,1440,107,88.17587125159199,2026-02-28|2026-05-27,True
717093,34548,4083,30465,0,34548,0,0,34548,30465,30465,30465,30465,30465,30465,120,0,107,10.0/E,88.18166029871483,30465,1440,107,34548,1440,120,100.0,30465,1440,107,88.18166029871483,30465,1440,107,88.18166029871483,30465,1440,107,88.18166029871483,30465,1440,107,88.18166029871483,30465,1440,107,88.18166029871483,30465,1440,107,88.18166029871483,2026-02-28|2026-05-27,True
717095,34548,4371,30177,0,34548,0,0,34548,30177,30177,30177,30177,0,0,120,0,106,10.0/W,87.34803751302536,30177,1440,106,34548,1440,120,100.0,30177,1440,106,87.34803751302536,30177,1440,106,87.34803751302536,30177,1440,106,87.34803751302536,30177,1440,106,87.34803751302536,0,0,0,0.0,0,0,0,0.0,2026-02-28|2026-05-27,True
717097,34548,4083,30465,0,34548,0,0,34548,30465,30465,30465,30465,29854,29854,120,0,107,10.0/E,88.18166029871483,30465,1440,107,34548,1440,120,100.0,30465,1440,107,88.18166029871483,30465,1440,107,88.18166029871483,30465,1440,107,88.18166029871483,30465,1440,107,88.18166029871483,29854,1440,105,86.41310640268611,29854,1440,105,86.41310640268611,2026-02-28|2026-05-27,True
717101,34548,4371,30177,0,34548,0,0,34548,30177,30177,30177,30176,30176,30176,120,0,106,10.0/W,87.34803751302536,30177,1440,106,34548,1440,120,100.0,30177,1440,106,87.34803751302536,30177,1440,106,87.34803751302536,30177,1440,106,87.34803751302536,30176,1440,106,87.34514298946394,30176,1440,106,87.34514298946394,30176,1440,106,87.34514298946394,2026-02-28|2026-05-27,True
717108,34548,10407,24141,0,34548,0,0,34548,24141,24141,24141,24141,24140,24140,120,0,85,10.0/W,69.87669329628343,24141,1440,85,34548,1440,120,100.0,24141,1440,85,69.87669329628343,24141,1440,85,69.87669329628343,24141,1440,85,69.87669329628343,24141,1440,85,69.87669329628343,24140,1440,85,69.87379877272201,24140,1440,85,69.87379877272201,2026-02-28|2026-05-27,True
717112,34548,10407,24141,0,34548,0,0,34548,24141,24141,24141,24141,24141,24141,120,0,85,10.0/W,69.87669329628343,24141,1440,85,34548,1440,120,100.0,24141,1440,85,69.87669329628343,24141,1440,85,69.87669329628343,24141,1440,85,69.87669329628343,24141,1440,85,69.87669329628343,24141,1440,85,69.87669329628343,24141,1440,85,69.87669329628343,2026-02-28|2026-05-27,True
717116,34548,33119,1429,0,34548,0,0,34548,1429,1429,1429,1429,1429,1429,120,0,5,10.0/W,4.136274169271738,1429,1440,5,34548,1440,120,100.0,1429,1440,5,4.136274169271738,1429,1440,5,4.136274169271738,1429,1440,5,4.136274169271738,1429,1440,5,4.136274169271738,1429,1440,5,4.136274169271738,1429,1440,5,4.136274169271738,2026-02-28|2026-05-27,True
717142,34548,932,33616,0,34548,0,0,34548,33616,33616,33616,33616,33613,33613,120,0,118,10.0/W,97.30230404075489,33616,1440,118,34548,1440,120,100.0,33616,1440,118,97.30230404075489,33616,1440,118,97.30230404075489,33616,1440,118,97.30230404075489,33616,1440,118,97.30230404075489,33613,1440,118,97.29362047007062,33613,1440,118,97.29362047007062,2026-02-28|2026-05-27,True
717143,34548,3647,30901,0,34548,0,0,34548,30901,30901,30901,30900,30900,30900,120,0,109,605.0/N,89.44367257149473,30901,1440,108,34548,1440,120,100.0,30901,1440,108,89.44367257149473,30901,1440,108,89.44367257149473,30901,1440,108,89.44367257149473,30900,1440,108,89.4407780479333,30900,1440,108,89.4407780479333,30900,1440,108,89.4407780479333,2026-02-28|2026-05-27,True
717150,34548,932,33616,0,34548,0,0,34548,33616,33616,33616,33615,33326,32982,120,0,118,10.0/W,97.30230404075489,33616,1440,118,34548,1440,120,100.0,33616,1440,118,97.30230404075489,33616,1440,118,97.30230404075489,33616,1440,118,97.30230404075489,33615,1440,118,97.29940951719347,33326,1440,117,96.46289220794257,32982,1440,116,95.46717610281348,2026-02-28|2026-05-27,True
717154,34548,932,33616,0,34548,0,0,34548,33616,33616,33616,33616,33615,33327,120,0,118,10.0/W,97.30230404075489,33616,1440,118,34548,1440,120,100.0,33616,1440,118,97.30230404075489,33616,1440,118,97.30230404075489,33616,1440,118,97.30230404075489,33616,1440,118,97.30230404075489,33615,1440,118,97.29940951719347,33327,1440,117,96.465786731504,2026-02-28|2026-05-27,True
717160,34548,932,33616,0,34548,0,0,34548,33616,33616,33616,33616,33614,33614,120,0,118,10.0/W,97.30230404075489,33616,1440,118,34548,1440,120,100.0,33616,1440,118,97.30230404075489,33616,1440,118,97.30230404075489,33616,1440,118,97.30230404075489,33616,1440,118,97.30230404075489,33614,1440,118,97.29651499363204,33614,1440,118,97.29651499363204,2026-02-28|2026-05-27,True
717162,34548,932,33616,0,34548,0,0,34548,33616,33616,33616,33155,32579,14330,120,0,118,10.0/W,97.30230404075489,33616,1440,118,34548,1440,120,100.0,33616,1440,118,97.30230404075489,33616,1440,118,97.30230404075489,33616,1440,118,97.30230404075489,33155,1440,118,95.96792867893944,32579,1440,118,94.3006831075605,14330,1160,53,41.47852263517425,2026-02-28|2026-05-27,True
717165,34548,932,33616,0,34548,0,0,34548,33616,33616,33616,33616,22249,1421,120,0,118,10.0/E,97.30230404075489,33616,1440,118,34548,1440,120,100.0,33616,1440,118,97.30230404075489,33616,1440,118,97.30230404075489,33616,1440,118,97.30230404075489,33616,1440,118,97.30230404075489,22249,1440,79,64.4002547180734,1421,1440,5,4.1131179807803635,2026-02-28|2026-05-27,True
717167,34548,932,33616,0,34548,0,0,34548,33616,33616,33616,33582,22937,8162,120,0,118,10.0/W,97.30230404075489,33616,1440,118,34548,1440,120,100.0,33616,1440,118,97.30230404075489,33616,1440,118,97.30230404075489,33616,1440,118,97.30230404075489,33582,1440,118,97.20389023966655,22937,1440,82,66.3916869283316,8162,1440,29,23.62510130832465,2026-02-28|2026-05-27,True
717174,34548,932,33616,0,34548,0,0,34548,33616,33616,33616,33616,33614,33614,120,0,118,10.0/E,97.30230404075489,33616,1440,118,34548,1440,120,100.0,33616,1440,118,97.30230404075489,33616,1440,118,97.30230404075489,33616,1440,118,97.30230404075489,33616,1440,118,97.30230404075489,33614,1440,118,97.29651499363204,33614,1440,118,97.29651499363204,2026-02-28|2026-05-27,True
717176,34548,932,33616,0,34548,0,0,34548,33616,33616,33616,33615,33318,33318,120,0,118,10.0/W,97.30230404075489,33616,1440,118,34548,1440,120,100.0,33616,1440,118,97.30230404075489,33616,1440,118,97.30230404075489,33616,1440,118,97.30230404075489,33615,1440,118,97.29940951719347,33318,1440,117,96.4397360194512,33318,1440,117,96.4397360194512,2026-02-28|2026-05-27,True
717179,34548,932,33616,0,34548,0,0,34548,33616,33616,33323,288,288,288,120,0,118,10.0/E,97.30230404075489,33616,1440,118,34548,1440,120,100.0,33616,1440,118,97.30230404075489,33616,1440,118,97.30230404075489,33323,1440,117,96.4542086372583,288,1440,1,0.8336227856894756,288,1440,1,0.8336227856894756,288,1440,1,0.8336227856894756,2026-02-28|2026-05-27,True
717185,34548,932,33616,0,34548,0,0,34548,33616,33616,33616,33616,33616,33616,120,0,118,10.0/E,97.30230404075489,33616,1440,118,34548,1440,120,100.0,33616,1440,118,97.30230404075489,33616,1440,118,97.30230404075489,33616,1440,118,97.30230404075489,33616,1440,118,97.30230404075489,33616,1440,118,97.30230404075489,33616,1440,118,97.30230404075489,2026-02-28|2026-05-27,True
717187,34548,1796,32752,0,34548,0,0,34548,32752,32752,32752,32751,32435,32435,120,0,115,10.0/W,94.80143568368646,32752,1440,115,34548,1440,120,100.0,32752,1440,115,94.80143568368646,32752,1440,115,94.80143568368646,32752,1440,115,94.80143568368646,32751,1440,115,94.79854116012504,32435,1440,114,93.88387171471575,32435,1440,114,93.88387171471575,2026-02-28|2026-05-27,True
717190,34548,932,33616,0,34548,0,0,34548,33616,33616,33616,33616,33615,33615,120,0,118,10.0/E,97.30230404075489,33616,1440,118,34548,1440,120,100.0,33616,1440,118,97.30230404075489,33616,1440,118,97.30230404075489,33616,1440,118,97.30230404075489,33616,1440,118,97.30230404075489,33615,1440,118,97.29940951719347,33615,1440,118,97.29940951719347,2026-02-28|2026-05-27,True
717192,34548,1796,32752,0,34548,0,0,34548,32752,32752,32752,32752,32751,32751,120,0,115,10.0/W,94.80143568368646,32752,1440,115,34548,1440,120,100.0,32752,1440,115,94.80143568368646,32752,1440,115,94.80143568368646,32752,1440,115,94.80143568368646,32752,1440,115,94.80143568368646,32751,1440,115,94.79854116012504,32751,1440,115,94.79854116012504,2026-02-28|2026-05-27,True
717195,34548,932,33616,0,34548,0,0,34548,33616,33616,33616,33328,31636,31636,120,0,118,10.0/E,97.30230404075489,33616,1440,118,34548,1440,120,100.0,33616,1440,118,97.30230404075489,33616,1440,118,97.30230404075489,33616,1440,118,97.30230404075489,33328,1440,117,96.46868125506542,31636,1440,110,91.57114738913975,31636,1440,110,91.57114738913975,2026-02-28|2026-05-27,True
717196,34548,932,33616,0,34548,0,0,34548,33616,33616,33616,11442,8575,8575,120,0,118,10.0/W,97.30230404075489,33616,1440,118,34548,1440,120,100.0,33616,1440,118,97.30230404075489,33616,1440,118,97.30230404075489,33616,1440,118,97.30230404075489,11442,1440,41,33.11913858978812,8575,1440,31,24.82053953919185,8575,1440,31,24.82053953919185,2026-02-28|2026-05-27,True
717198,34548,932,33616,0,34548,0,0,34548,33616,33616,33616,33616,33616,33616,120,0,118,10.0/E,97.30230404075489,33616,1440,118,34548,1440,120,100.0,33616,1440,118,97.30230404075489,33616,1440,118,97.30230404075489,33616,1440,118,97.30230404075489,33616,1440,118,97.30230404075489,33616,1440,118,97.30230404075489,33616,1440,118,97.30230404075489,2026-02-28|2026-05-27,True
717200,34548,932,33616,0,34548,0,0,34548,33616,33616,33616,33616,32461,32461,120,0,118,10.0/W,97.30230404075489,33616,1440,118,34548,1440,120,100.0,33616,1440,118,97.30230404075489,33616,1440,118,97.30230404075489,33616,1440,118,97.30230404075489,33616,1440,118,97.30230404075489,32461,1440,114,93.95912932731272,32461,1440,114,93.95912932731272,2026-02-28|2026-05-27,True
717202,34548,33121,1427,0,34548,0,0,34548,1427,1427,863,556,0,0,120,0,5,10.0/W,4.130485122148894,1427,1440,5,34548,1440,120,100.0,1427,1440,5,4.130485122148894,1427,1440,5,4.130485122148894,863,1440,3,2.4979738335070047,556,1125,2,1.6093551001505153,0,0,0,0.0,0,0,0,0.0,2026-02-28|2026-05-27,True
717205,34548,32843,1705,0,34548,0,0,34548,1705,1705,288,283,0,0,120,0,6,10.0/E,4.935162672224152,1705,1440,6,34548,1440,120,100.0,1705,1440,6,4.935162672224152,1705,1440,6,4.935162672224152,288,1440,1,0.8336227856894756,283,995,1,0.8191501678823666,0,0,0,0.0,0,0,0,0.0,2026-02-28|2026-05-27,True
717207,34548,3801,30747,0,34548,0,0,34548,30747,30747,30747,30747,30747,30747,120,0,108,10.0/W,88.99791594303578,30747,1440,108,34548,1440,120,100.0,30747,1440,108,88.99791594303578,30747,1440,108,88.99791594303578,30747,1440,108,88.99791594303578,30747,1440,108,88.99791594303578,30747,1440,108,88.99791594303578,30747,1440,108,88.99791594303578,2026-02-28|2026-05-27,True
717209,34548,33108,1440,0,34548,0,0,34548,1440,1440,863,842,277,277,120,0,5,10.0/W,4.168113928447378,1440,1440,5,34548,1440,120,100.0,1440,1440,5,4.168113928447378,1440,1440,5,4.168113928447378,863,1440,3,2.4979738335070047,842,1045,3,2.437188838717147,277,790,1,0.8017830265138358,277,790,1,0.8017830265138358,2026-02-28|2026-05-27,True
717211,34548,31382,3166,0,34548,0,0,34548,3166,3166,1723,288,283,283,120,0,11,10.0/W,9.164061595461387,3166,1440,11,34548,1440,120,100.0,3166,1440,11,9.164061595461387,3166,1440,11,9.164061595461387,1723,1440,6,4.987264096329744,288,1440,1,0.8336227856894756,283,1085,1,0.8191501678823666,283,1085,1,0.8191501678823666,2026-02-28|2026-05-27,True
717214,34548,30646,3902,0,34548,0,0,34548,3902,3902,1091,541,288,288,120,0,14,10.0/E,11.294430936667824,3902,1440,14,34548,1440,120,100.0,3902,1440,14,11.294430936667824,3902,1440,14,11.294430936667824,1091,1440,4,3.157925205511173,541,1440,2,1.5659372467291883,288,1440,1,0.8336227856894756,288,1440,1,0.8336227856894756,2026-02-28|2026-05-27,True
717216,34548,32244,2304,0,34548,0,0,34548,2304,2304,1727,1440,862,862,120,0,8,10.0/W,6.6689822855158045,2304,1440,8,34548,1440,120,100.0,2304,1440,8,6.6689822855158045,2304,1440,8,6.6689822855158045,1727,1440,6,4.998842190575432,1440,1440,5,4.168113928447378,862,1440,3,2.495079309945583,862,1440,3,2.495079309945583,2026-02-28|2026-05-27,True
717219,34548,1220,33328,0,34548,0,0,34548,33328,33328,33328,33328,33328,33327,120,0,117,10.0/E,96.46868125506542,33328,1440,117,34548,1440,120,100.0,33328,1440,117,96.46868125506542,33328,1440,117,96.46868125506542,33328,1440,117,96.46868125506542,33328,1440,117,96.46868125506542,33328,1440,117,96.46868125506542,33327,1440,117,96.465786731504,2026-02-28|2026-05-27,True
717220,34548,31956,2592,0,34548,0,0,34548,2592,2592,576,288,288,288,120,0,9,10.0/W,7.50260507120528,2592,1440,9,34548,1440,120,100.0,2592,1440,9,7.50260507120528,2592,1440,9,7.50260507120528,576,1440,2,1.6672455713789511,288,1440,1,0.8336227856894756,288,1440,1,0.8336227856894756,288,1440,1,0.8336227856894756,2026-02-28|2026-05-27,True
717224,34548,33396,1152,0,34548,0,0,34548,1152,1152,863,529,288,288,120,0,4,10.0/W,3.3344911427579023,1152,1440,4,34548,1440,120,100.0,1152,1440,4,3.3344911427579023,1152,1440,4,3.3344911427579023,863,1440,3,2.4979738335070047,529,1440,2,1.531202963992127,288,1440,1,0.8336227856894756,288,1440,1,0.8336227856894756,2026-02-28|2026-05-27,True
717226,34548,33684,864,0,34548,0,0,34548,864,864,575,284,261,261,120,0,3,10.0/W,2.5008683570684265,864,1440,3,34548,1440,120,100.0,864,1440,3,2.5008683570684265,864,1440,3,2.5008683570684265,575,1440,2,1.6643510478175292,284,1060,1,0.8220446914437883,261,1050,1,0.7554706495310872,261,1050,1,0.7554706495310872,2026-02-28|2026-05-27,True
717240,34548,932,33616,0,34548,0,0,34548,33616,33616,33616,33315,33021,33021,120,0,118,10.0/W,97.30230404075489,33616,1440,118,34548,1440,120,100.0,33616,1440,118,97.30230404075489,33616,1440,118,97.30230404075489,33616,1440,118,97.30230404075489,33315,1440,117,96.43105244876693,33021,1440,116,95.58006252170892,33021,1440,116,95.58006252170892,2026-02-28|2026-05-27,True
717241,34548,932,33616,0,34548,0,0,34548,33616,33616,33616,33616,33616,33616,120,0,118,10.0/E,97.30230404075489,33616,1440,118,34548,1440,120,100.0,33616,1440,118,97.30230404075489,33616,1440,118,97.30230404075489,33616,1440,118,97.30230404075489,33616,1440,118,97.30230404075489,33616,1440,118,97.30230404075489,33616,1440,118,97.30230404075489,2026-02-28|2026-05-27,True
717245,34548,932,33616,0,34548,0,0,34548,33616,33616,33616,33616,0,0,120,0,118,10.0/W,97.30230404075489,33616,1440,118,34548,1440,120,100.0,33616,1440,118,97.30230404075489,33616,1440,118,97.30230404075489,33616,1440,118,97.30230404075489,33616,1440,118,97.30230404075489,0,0,0,0.0,0,0,0,0.0,2026-02-28|2026-05-27,True
717246,34548,932,33616,0,34548,0,0,34548,33616,33616,33613,33613,33610,33610,120,0,118,10.0/W,97.30230404075489,33616,1440,118,34548,1440,120,100.0,33616,1440,118,97.30230404075489,33616,1440,118,97.30230404075489,33613,1440,118,97.29362047007062,33613,1440,118,97.29362047007062,33610,1440,118,97.28493689938637,33610,1440,118,97.28493689938637,2026-02-28|2026-05-27,True
717247,34548,932,33616,0,34548,0,0,34548,33616,33616,33616,33616,33616,33616,120,0,118,10.0/E,97.30230404075489,33616,1440,118,34548,1440,120,100.0,33616,1440,118,97.30230404075489,33616,1440,118,97.30230404075489,33616,1440,118,97.30230404075489,33616,1440,118,97.30230404075489,33616,1440,118,97.30230404075489,33616,1440,118,97.30230404075489,2026-02-28|2026-05-27,True
717249,34548,1220,33328,0,34548,0,0,34548,33328,33328,33328,33328,33036,33036,120,0,117,10.0/W,96.46868125506542,33328,1440,117,34548,1440,120,100.0,33328,1440,117,96.46868125506542,33328,1440,117,96.46868125506542,33328,1440,117,96.46868125506542,33328,1440,117,96.46868125506542,33036,1440,116,95.62348037513026,33036,1440,116,95.62348037513026,2026-02-28|2026-05-27,True
717251,34548,1220,33328,0,34548,0,0,34548,33328,33328,33328,33326,33326,33326,120,0,117,10.0/E,96.46868125506542,33328,1440,117,34548,1440,120,100.0,33328,1440,117,96.46868125506542,33328,1440,117,96.46868125506542,33328,1440,117,96.46868125506542,33326,1440,117,96.46289220794257,33326,1440,117,96.46289220794257,33326,1440,117,96.46289220794257,2026-02-28|2026-05-27,True
717252,34548,1220,33328,0,34548,0,0,34548,33328,33328,33328,33328,33327,33327,120,0,117,10.0/W,96.46868125506542,33328,1440,117,34548,1440,120,100.0,33328,1440,117,96.46868125506542,33328,1440,117,96.46868125506542,33328,1440,117,96.46868125506542,33328,1440,117,96.46868125506542,33327,1440,117,96.465786731504,33327,1440,117,96.465786731504,2026-02-28|2026-05-27,True
717254,34548,932,33616,0,34548,0,0,34548,33616,33616,33616,33616,33615,33615,120,0,118,10.0/E,97.30230404075489,33616,1440,118,34548,1440,120,100.0,33616,1440,118,97.30230404075489,33616,1440,118,97.30230404075489,33616,1440,118,97.30230404075489,33616,1440,118,97.30230404075489,33615,1440,118,97.29940951719347,33615,1440,118,97.29940951719347,2026-02-28|2026-05-27,True
717258,34548,1796,32752,0,34548,0,0,34548,32752,32752,32751,32751,32750,32750,120,0,115,10.0/W,94.80143568368646,32752,1440,115,34548,1440,120,100.0,32752,1440,115,94.80143568368646,32752,1440,115,94.80143568368646,32751,1440,115,94.79854116012504,32751,1440,115,94.79854116012504,32750,1440,115,94.79564663656362,32750,1440,115,94.79564663656362,2026-02-28|2026-05-27,True
717367,34548,16437,18111,0,34548,0,0,34548,18111,18111,17556,17556,15830,14018,120,0,63,91.0/E,52.42271622091004,18111,1440,63,34548,1440,120,100.0,18111,1440,63,52.42271622091004,18111,1440,63,52.42271622091004,17556,1440,61,50.81625564432095,17556,1440,61,50.81625564432095,15830,1440,55,45.82030797730693,14018,1440,49,40.575431284010655,2026-02-28|2026-05-27,True
717368,34548,29359,5189,0,34548,0,0,34548,5189,5189,2339,798,0,0,120,0,100,91.0/W,15.019682760217668,5189,1410,46,34548,1440,120,100.0,5189,1410,46,15.019682760217668,5189,1410,46,15.019682760217668,2339,250,8,6.770290610165567,798,90,0,2.309829802014588,0,0,0,0.0,0,0,0,0.0,2026-05-27,True
717369,34548,13550,20998,0,34548,0,0,34548,20998,20998,20994,20994,20706,20706,120,0,73,91.0/E,60.779205742734746,20998,1440,73,34548,1440,120,100.0,20998,1440,73,60.779205742734746,20998,1440,73,60.779205742734746,20994,1440,73,60.76762764848906,20994,1440,73,60.76762764848906,20706,1440,72,59.93400486279958,20706,1440,72,59.93400486279958,2026-02-28|2026-05-27,True
717373,34548,2647,31901,0,34548,0,0,34548,31901,31901,31901,31901,31901,31901,120,0,112,91.0/E,92.33819613291652,31901,1440,112,34548,1440,120,100.0,31901,1440,112,92.33819613291652,31901,1440,112,92.33819613291652,31901,1440,112,92.33819613291652,31901,1440,112,92.33819613291652,31901,1440,112,92.33819613291652,31901,1440,112,92.33819613291652,2026-02-28|2026-05-27,True
717374,34548,2647,31901,0,34548,0,0,34548,31901,31901,31901,31901,31901,31901,120,0,112,91.0/W,92.33819613291652,31901,1440,112,34548,1440,120,100.0,31901,1440,112,92.33819613291652,31901,1440,112,92.33819613291652,31901,1440,112,92.33819613291652,31901,1440,112,92.33819613291652,31901,1440,112,92.33819613291652,31901,1440,112,92.33819613291652,2026-02-28|2026-05-27,True
717387,34548,32820,1728,0,34548,0,0,34548,1728,1728,1728,1728,1728,1728,120,0,6,91.0/E,5.001736714136853,1728,1440,6,34548,1440,120,100.0,1728,1440,6,5.001736714136853,1728,1440,6,5.001736714136853,1728,1440,6,5.001736714136853,1728,1440,6,5.001736714136853,1728,1440,6,5.001736714136853,1728,1440,6,5.001736714136853,2026-02-28|2026-05-27,True
717388,34548,32820,1728,0,34548,0,0,34548,1728,1728,1728,1728,1728,1728,120,0,6,91.0/W,5.001736714136853,1728,1440,6,34548,1440,120,100.0,1728,1440,6,5.001736714136853,1728,1440,6,5.001736714136853,1728,1440,6,5.001736714136853,1728,1440,6,5.001736714136853,1728,1440,6,5.001736714136853,1728,1440,6,5.001736714136853,2026-02-28|2026-05-27,True
717390,34548,32532,2016,0,34548,0,0,34548,2016,2016,2016,2016,2016,2016,120,0,7,91.0/E,5.835359499826328,2016,1440,7,34548,1440,120,100.0,2016,1440,7,5.835359499826328,2016,1440,7,5.835359499826328,2016,1440,7,5.835359499826328,2016,1440,7,5.835359499826328,2016,1440,7,5.835359499826328,2016,1440,7,5.835359499826328,2026-02-28|2026-05-27,True
717396,34548,9517,25031,0,34548,0,0,34548,25031,25031,25031,25031,25031,25030,120,0,87,91.0/E,72.45281926594882,25031,1440,87,34548,1440,120,100.0,25031,1440,87,72.45281926594882,25031,1440,87,72.45281926594882,25031,1440,87,72.45281926594882,25031,1440,87,72.45281926594882,25031,1440,87,72.45281926594882,25030,1440,87,72.44992474238741,2026-02-28|2026-05-27,True
717397,34548,9517,25031,0,34548,0,0,34548,25031,25031,25031,25031,25031,25031,120,0,87,91.0/W,72.45281926594882,25031,1440,87,34548,1440,120,100.0,25031,1440,87,72.45281926594882,25031,1440,87,72.45281926594882,25031,1440,87,72.45281926594882,25031,1440,87,72.45281926594882,25031,1440,87,72.45281926594882,25031,1440,87,72.45281926594882,2026-02-28|2026-05-27,True
717399,34548,20574,13974,0,34548,0,0,34548,13974,13974,13974,13110,13110,13110,120,0,49,91.0/W,40.44807224730809,13974,1440,49,34548,1440,120,100.0,13974,1440,49,40.44807224730809,13974,1440,49,40.44807224730809,13974,1440,49,40.44807224730809,13110,1440,46,37.94720389023966,13110,1440,46,37.94720389023966,13110,1440,46,37.94720389023966,2026-02-28|2026-05-27,True
717404,34548,15568,18980,0,34548,0,0,34548,18980,18980,18680,16723,12057,6742,120,0,66,91.0/W,54.938057195785575,18980,1440,66,34548,1440,120,100.0,18980,1440,66,54.938057195785575,18980,1440,66,54.938057195785575,18680,1440,65,54.069700127359035,16723,1440,59,48.40511751765659,12057,1440,43,34.89927058006252,6742,1440,25,19.51487785110571,2026-02-28|2026-05-27,True
717406,34548,22188,12360,0,34548,0,0,34548,12360,12360,12359,12359,12359,12359,120,0,43,91.0/E,35.77631121917332,12360,1440,43,34548,1440,120,100.0,12360,1440,43,35.77631121917332,12360,1440,43,35.77631121917332,12359,1440,43,35.7734166956119,12359,1440,43,35.7734166956119,12359,1440,43,35.7734166956119,12359,1440,43,35.7734166956119,2026-02-28|2026-05-27,True
717413,34548,32244,2304,0,34548,0,0,34548,2304,2304,2304,2304,2304,2304,120,0,8,91.0/W,6.6689822855158045,2304,1440,8,34548,1440,120,100.0,2304,1440,8,6.6689822855158045,2304,1440,8,6.6689822855158045,2304,1440,8,6.6689822855158045,2304,1440,8,6.6689822855158045,2304,1440,8,6.6689822855158045,2304,1440,8,6.6689822855158045,2026-02-28|2026-05-27,True
717418,34548,24785,9763,0,34548,0,0,34548,9763,9763,9763,9474,1440,1440,120,0,34,91.0/E,28.259233530160934,9763,1440,34,34548,1440,120,100.0,9763,1440,34,28.259233530160934,9763,1440,34,28.259233530160934,9763,1440,34,28.259233530160934,9474,1440,33,27.42271622091004,1440,1440,5,4.168113928447378,1440,1440,5,4.168113928447378,2026-02-28|2026-05-27,True
717424,34548,32244,2304,0,34548,0,0,34548,2304,2304,2304,2304,2302,2302,120,0,8,91.0/W,6.6689822855158045,2304,1440,8,34548,1440,120,100.0,2304,1440,8,6.6689822855158045,2304,1440,8,6.6689822855158045,2304,1440,8,6.6689822855158045,2304,1440,8,6.6689822855158045,2302,1440,8,6.66319323839296,2302,1440,8,6.66319323839296,2026-02-28|2026-05-27,True
717426,34548,18156,16392,0,34548,0,0,34548,16392,16392,16104,15816,15816,14080,120,0,57,91.0/E,47.44703021882598,16392,1440,57,34548,1440,120,100.0,16392,1440,57,47.44703021882598,16392,1440,57,47.44703021882598,16104,1440,56,46.61340743313651,15816,1440,55,45.77978464744703,15816,1440,55,45.77978464744703,14080,1440,49,40.7548917448188,2026-02-28|2026-05-27,True
717431,34548,5610,28938,0,34548,0,0,34548,28938,28938,28938,26635,17256,17256,120,0,101,91.0/E,83.76172282042376,28938,1440,101,34548,1440,120,100.0,28938,1440,101,83.76172282042376,28938,1440,101,83.76172282042376,28938,1440,101,83.76172282042376,26635,1440,93,77.09563505846937,17256,1440,60,49.947898575894406,17256,1440,60,49.947898575894406,2026-02-28|2026-05-27,True
717433,34548,1208,33340,0,34548,0,0,34548,33340,33340,33052,21502,0,0,120,0,117,91.0/W,96.50341553780248,33340,1440,117,34548,1440,120,100.0,33340,1440,117,96.50341553780248,33340,1440,117,96.50341553780248,33052,1440,116,95.669792752113,21502,1440,76,62.23804561769133,0,0,0,0.0,0,0,0,0.0,2026-02-28|2026-05-27,True
717434,34548,1207,33341,0,34548,0,0,34548,33341,33341,33341,33341,33340,33340,120,0,117,91.0/E,96.5063100613639,33341,1440,117,34548,1440,120,100.0,33341,1440,117,96.5063100613639,33341,1440,117,96.5063100613639,33341,1440,117,96.5063100613639,33341,1440,117,96.5063100613639,33340,1440,117,96.50341553780248,33340,1440,117,96.50341553780248,2026-02-28|2026-05-27,True
717435,34548,1207,33341,0,34548,0,0,34548,33341,33341,33053,33053,33053,33053,120,0,117,91.0/W,96.5063100613639,33341,1440,117,34548,1440,120,100.0,33341,1440,117,96.5063100613639,33341,1440,117,96.5063100613639,33053,1440,116,95.67268727567442,33053,1440,116,95.67268727567442,33053,1440,116,95.67268727567442,33053,1440,116,95.67268727567442,2026-02-28|2026-05-27,True
717436,34548,1207,33341,0,34548,0,0,34548,33341,33341,33341,33339,33045,33045,120,0,117,91.0/E,96.5063100613639,33341,1440,117,34548,1440,120,100.0,33341,1440,117,96.5063100613639,33341,1440,117,96.5063100613639,33341,1440,117,96.5063100613639,33339,1440,117,96.50052101424106,33045,1440,116,95.64953108718305,33045,1440,116,95.64953108718305,2026-02-28|2026-05-27,True
717439,34548,13015,21533,0,34548,0,0,34548,21533,21533,21531,20905,768,768,120,0,76,91.0/E,62.327775848095406,21533,1440,76,34548,1440,120,100.0,21533,1440,76,62.327775848095406,21533,1440,76,62.327775848095406,21531,1440,76,62.32198680097256,20905,1440,74,60.51001505152252,768,1055,3,2.2229940951719347,768,1055,3,2.2229940951719347,2026-02-28|2026-05-27,True
717440,34548,1207,33341,0,34548,0,0,34548,33341,33341,33341,33052,33052,33052,120,0,117,91.0/W,96.5063100613639,33341,1440,117,34548,1440,120,100.0,33341,1440,117,96.5063100613639,33341,1440,117,96.5063100613639,33341,1440,117,96.5063100613639,33052,1440,116,95.669792752113,33052,1440,116,95.669792752113,33052,1440,116,95.669792752113,2026-02-28|2026-05-27,True
717441,34548,1207,33341,0,34548,0,0,34548,33341,33341,33341,33341,33341,33341,120,0,117,91.0/E,96.5063100613639,33341,1440,117,34548,1440,120,100.0,33341,1440,117,96.5063100613639,33341,1440,117,96.5063100613639,33341,1440,117,96.5063100613639,33341,1440,117,96.5063100613639,33341,1440,117,96.5063100613639,33341,1440,117,96.5063100613639,2026-02-28|2026-05-27,True
717442,34548,25045,9503,0,34548,0,0,34548,9503,9503,9503,9503,3366,3366,120,0,33,91.0/W,27.50665740419127,9503,1440,33,34548,1440,120,100.0,9503,1440,33,27.50665740419127,9503,1440,33,27.50665740419127,9503,1440,33,27.50665740419127,9503,1440,33,27.50665740419127,3366,1440,12,9.742966307745744,3366,1440,12,9.742966307745744,2026-02-28|2026-05-27,True
717443,34548,25045,9503,0,34548,0,0,34548,9503,9503,9503,9503,8639,8639,120,0,33,91.0/E,27.50665740419127,9503,1440,33,34548,1440,120,100.0,9503,1440,33,27.50665740419127,9503,1440,33,27.50665740419127,9503,1440,33,27.50665740419127,9503,1440,33,27.50665740419127,8639,1440,30,25.005789047122843,8639,1440,30,25.005789047122843,2026-02-28|2026-05-27,True
717472,34548,1508,33040,0,34548,0,0,34548,33040,33040,33039,33036,6868,6868,120,0,116,101.0/S,95.63505846937593,33040,1440,116,34548,1440,120,100.0,33040,1440,116,95.63505846937593,33040,1440,116,95.63505846937593,33039,1440,116,95.63216394581453,33036,1440,116,95.62348037513026,6868,1440,27,19.879587819844854,6868,1440,27,19.879587819844854,2026-02-28|2026-05-27,True
717473,34548,1508,33040,0,34548,0,0,34548,33040,33040,33039,33020,10217,10217,120,0,116,101.0/N,95.63505846937593,33040,1440,116,34548,1440,120,100.0,33040,1440,116,95.63505846937593,33040,1440,116,95.63505846937593,33039,1440,116,95.63216394581453,33020,1440,116,95.5771679981475,10217,1440,41,29.57334722704643,10217,1440,41,29.57334722704643,2026-02-28|2026-05-27,True
717479,34548,1784,32764,0,34548,0,0,34548,32764,32764,32759,163,0,0,120,0,115,101.0/S,94.83616996642353,32764,1440,115,34548,1440,120,100.0,32764,1440,115,94.83616996642353,32764,1440,115,94.83616996642353,32759,1440,115,94.82169734861641,163,665,1,0.47180734051175177,0,0,0,0.0,0,0,0,0.0,2026-02-28|2026-05-27,True
717483,34548,1508,33040,0,34548,0,0,34548,33040,33040,33040,926,0,0,120,0,116,101.0/N,95.63505846937593,33040,1440,116,34548,1440,120,100.0,33040,1440,116,95.63505846937593,33040,1440,116,95.63505846937593,33040,1440,116,95.63505846937593,926,1215,4,2.6803288178765774,0,0,0,0.0,0,0,0,0.0,2026-02-28|2026-05-27,True
717484,34548,1508,33040,0,34548,0,0,34548,33040,33040,33039,0,0,0,120,0,116,101.0/S,95.63505846937593,33040,1440,116,34548,1440,120,100.0,33040,1440,116,95.63505846937593,33040,1440,116,95.63505846937593,33039,1440,116,95.63216394581453,0,0,0,0.0,0,0,0,0.0,0,0,0,0.0,2026-02-28|2026-05-27,True
717492,34548,3772,30776,0,34548,0,0,34548,30776,30776,30776,30776,30776,30776,120,0,107,101.0/N,89.081857126317,30776,1440,107,34548,1440,120,100.0,30776,1440,107,89.081857126317,30776,1440,107,89.081857126317,30776,1440,107,89.081857126317,30776,1440,107,89.081857126317,30776,1440,107,89.081857126317,30776,1440,107,89.081857126317,2026-02-28|2026-05-27,True
717499,34548,23644,10904,0,34548,0,0,34548,10904,10904,9126,4550,710,0,120,0,38,101.0/S,31.5618849137432,10904,1440,38,34548,1440,120,100.0,10904,1440,38,31.5618849137432,10904,1440,38,31.5618849137432,9126,1440,32,26.415422021535257,4550,1440,17,13.170082204469145,710,1440,3,2.0551117286094707,0,0,0,0.0,2026-02-28|2026-05-27,True
717501,34548,23644,10904,0,34548,0,0,34548,10904,10904,8680,978,0,0,120,0,38,101.0/N,31.5618849137432,10904,1440,38,34548,1440,120,100.0,10904,1440,38,31.5618849137432,10904,1440,38,31.5618849137432,8680,1440,31,25.124464513141138,978,1440,4,2.8308440430705106,0,0,0,0.0,0,0,0,0.0,2026-02-28|2026-05-27,True
717513,34548,23644,10904,0,34548,0,0,34548,10904,10904,10904,10904,288,0,120,0,38,101.0/N,31.5618849137432,10904,1440,38,34548,1440,120,100.0,10904,1440,38,31.5618849137432,10904,1440,38,31.5618849137432,10904,1440,38,31.5618849137432,10904,1440,38,31.5618849137432,288,1440,1,0.8336227856894756,0,0,0,0.0,2026-02-28|2026-05-27,True
717514,34548,23644,10904,0,34548,0,0,34548,10904,10904,10904,10904,10892,0,120,0,38,101.0/S,31.5618849137432,10904,1440,38,34548,1440,120,100.0,10904,1440,38,31.5618849137432,10904,1440,38,31.5618849137432,10904,1440,38,31.5618849137432,10904,1440,38,31.5618849137432,10892,1440,38,31.527150631006137,0,0,0,0.0,2026-02-28|2026-05-27,True
717515,34548,23644,10904,0,34548,0,0,34548,10904,10904,10904,10904,10904,10332,120,0,38,101.0/N,31.5618849137432,10904,1440,38,34548,1440,120,100.0,10904,1440,38,31.5618849137432,10904,1440,38,31.5618849137432,10904,1440,38,31.5618849137432,10904,1440,38,31.5618849137432,10904,1440,38,31.5618849137432,10332,1440,36,29.906217436609936,2026-02-28|2026-05-27,True
717518,34548,23644,10904,0,34548,0,0,34548,10904,10904,10897,10896,0,0,120,0,38,101.0/S,31.5618849137432,10904,1440,38,34548,1440,120,100.0,10904,1440,38,31.5618849137432,10904,1440,38,31.5618849137432,10897,1440,38,31.541623248813245,10896,1440,38,31.538728725251822,0,0,0,0.0,0,0,0,0.0,2026-02-28|2026-05-27,True
717519,34548,23644,10904,0,34548,0,0,34548,10904,10904,10602,0,0,0,120,0,38,101.0/N,31.5618849137432,10904,1440,38,34548,1440,120,100.0,10904,1440,38,31.5618849137432,10904,1440,38,31.5618849137432,10602,1440,37,30.687738798193816,0,0,0,0.0,0,0,0,0.0,0,0,0,0.0,2026-02-28|2026-05-27,True
717533,34548,31967,2581,0,34548,0,0,34548,2581,2581,2581,2581,2581,2581,120,0,9,118.0/E,7.47076531202964,2581,1440,9,34548,1440,120,100.0,2581,1440,9,7.47076531202964,2581,1440,9,7.47076531202964,2581,1440,9,7.47076531202964,2581,1440,9,7.47076531202964,2581,1440,9,7.47076531202964,2581,1440,9,7.47076531202964,2026-02-28|2026-05-27,True
717535,34548,30815,3733,0,34548,0,0,34548,3733,3733,3733,3733,3733,3733,120,0,13,118.0/W,10.805256454787543,3733,1440,13,34548,1440,120,100.0,3733,1440,13,10.805256454787543,3733,1440,13,10.805256454787543,3733,1440,13,10.805256454787543,3733,1440,13,10.805256454787543,3733,1440,13,10.805256454787543,3733,1440,13,10.805256454787543,2026-02-28|2026-05-27,True
717536,34548,31967,2581,0,34548,0,0,34548,2581,2581,2581,2581,2581,2581,120,0,9,118.0/E,7.47076531202964,2581,1440,9,34548,1440,120,100.0,2581,1440,9,7.47076531202964,2581,1440,9,7.47076531202964,2581,1440,9,7.47076531202964,2581,1440,9,7.47076531202964,2581,1440,9,7.47076531202964,2581,1440,9,7.47076531202964,2026-02-28|2026-05-27,True
717537,34548,31967,2581,0,34548,0,0,34548,2581,2581,2581,2581,2581,2581,120,0,9,118.0/W,7.47076531202964,2581,1440,9,34548,1440,120,100.0,2581,1440,9,7.47076531202964,2581,1440,9,7.47076531202964,2581,1440,9,7.47076531202964,2581,1440,9,7.47076531202964,2581,1440,9,7.47076531202964,2581,1440,9,7.47076531202964,2026-02-28|2026-05-27,True
717539,34548,32255,2293,0,34548,0,0,34548,2293,2293,2293,2293,0,0,120,0,8,118.0/E,6.637142526340164,2293,1440,8,34548,1440,120,100.0,2293,1440,8,6.637142526340164,2293,1440,8,6.637142526340164,2293,1440,8,6.637142526340164,2293,1440,8,6.637142526340164,0,0,0,0.0,0,0,0,0.0,2026-02-28|2026-05-27,True
717541,34548,31679,2869,0,34548,0,0,34548,2869,2869,2869,2869,0,0,120,0,10,118.0/E,8.304388097719116,2869,1440,10,34548,1440,120,100.0,2869,1440,10,8.304388097719116,2869,1440,10,8.304388097719116,2869,1440,10,8.304388097719116,2869,1440,10,8.304388097719116,0,0,0,0.0,0,0,0,0.0,2026-02-28|2026-05-27,True
717543,34548,31967,2581,0,34548,0,0,34548,2581,2581,2581,2581,2581,2581,120,0,9,118.0/E,7.47076531202964,2581,1440,9,34548,1440,120,100.0,2581,1440,9,7.47076531202964,2581,1440,9,7.47076531202964,2581,1440,9,7.47076531202964,2581,1440,9,7.47076531202964,2581,1440,9,7.47076531202964,2581,1440,9,7.47076531202964,2026-02-28|2026-05-27,True
717544,34548,31967,2581,0,34548,0,0,34548,2581,2581,2581,2581,2581,2581,120,0,9,118.0/W,7.47076531202964,2581,1440,9,34548,1440,120,100.0,2581,1440,9,7.47076531202964,2581,1440,9,7.47076531202964,2581,1440,9,7.47076531202964,2581,1440,9,7.47076531202964,2581,1440,9,7.47076531202964,2581,1440,9,7.47076531202964,2026-02-28|2026-05-27,True
717549,34548,31956,2592,0,34548,0,0,34548,2592,2592,2592,2592,2592,2592,120,0,9,118.0/W,7.50260507120528,2592,1440,9,34548,1440,120,100.0,2592,1440,9,7.50260507120528,2592,1440,9,7.50260507120528,2592,1440,9,7.50260507120528,2592,1440,9,7.50260507120528,2592,1440,9,7.50260507120528,2592,1440,9,7.50260507120528,2026-02-28|2026-05-27,True
717553,34548,31956,2592,0,34548,0,0,34548,2592,2592,2592,2592,2592,2592,120,0,9,118.0/E,7.50260507120528,2592,1440,9,34548,1440,120,100.0,2592,1440,9,7.50260507120528,2592,1440,9,7.50260507120528,2592,1440,9,7.50260507120528,2592,1440,9,7.50260507120528,2592,1440,9,7.50260507120528,2592,1440,9,7.50260507120528,2026-02-28|2026-05-27,True
717554,34548,32244,2304,0,34548,0,0,34548,2304,2304,2304,2304,2304,2304,120,0,8,118.0/W,6.6689822855158045,2304,1440,8,34548,1440,120,100.0,2304,1440,8,6.6689822855158045,2304,1440,8,6.6689822855158045,2304,1440,8,6.6689822855158045,2304,1440,8,6.6689822855158045,2304,1440,8,6.6689822855158045,2304,1440,8,6.6689822855158045,2026-02-28|2026-05-27,True
717566,34548,31956,2592,0,34548,0,0,34548,2592,2592,2592,2592,2592,2592,120,0,9,118.0/W,7.50260507120528,2592,1440,9,34548,1440,120,100.0,2592,1440,9,7.50260507120528,2592,1440,9,7.50260507120528,2592,1440,9,7.50260507120528,2592,1440,9,7.50260507120528,2592,1440,9,7.50260507120528,2592,1440,9,7.50260507120528,2026-02-28|2026-05-27,True
717578,34548,5241,29307,0,34548,0,0,34548,29307,29307,29307,29019,29019,29019,120,0,103,134.0/E,84.8298020145884,29307,1440,103,34548,1440,120,100.0,29307,1440,103,84.8298020145884,29307,1440,103,84.8298020145884,29307,1440,103,84.8298020145884,29019,1440,102,83.99617922889892,29019,1440,102,83.99617922889892,29019,1440,102,83.99617922889892,2026-02-28|2026-05-27,True
717580,34548,4665,29883,0,34548,0,0,34548,29883,29883,29883,29307,29294,29294,120,0,105,134.0/E,86.49704758596735,29883,1440,105,34548,1440,120,100.0,29883,1440,105,86.49704758596735,29883,1440,105,86.49704758596735,29883,1440,105,86.49704758596735,29307,1440,103,84.8298020145884,29294,1440,103,84.79217320828991,29294,1440,103,84.79217320828991,2026-02-28|2026-05-27,True
717582,34548,4953,29595,0,34548,0,0,34548,29595,29595,29307,29307,29017,29017,120,0,104,134.0/W,85.66342480027788,29595,1440,104,34548,1440,120,100.0,29595,1440,104,85.66342480027788,29595,1440,104,85.66342480027788,29307,1440,103,84.8298020145884,29307,1440,103,84.8298020145884,29017,1440,102,83.99039018177608,29017,1440,102,83.99039018177608,2026-02-28|2026-05-27,True
717583,34548,4953,29595,0,34548,0,0,34548,29595,29595,29307,29307,28682,28682,120,0,104,134.0/E,85.66342480027788,29595,1440,104,34548,1440,120,100.0,29595,1440,104,85.66342480027788,29595,1440,104,85.66342480027788,29307,1440,103,84.8298020145884,29307,1440,103,84.8298020145884,28682,1440,101,83.02072478869978,28682,1440,101,83.02072478869978,2026-02-28|2026-05-27,True
717617,34548,18460,16088,0,34548,0,0,34548,16088,16088,16088,16088,16085,16085,120,0,56,210.0/E,46.567095056153754,16088,1440,56,34548,1440,120,100.0,16088,1440,56,46.567095056153754,16088,1440,56,46.567095056153754,16088,1440,56,46.567095056153754,16088,1440,56,46.567095056153754,16085,1440,56,46.55841148546949,16085,1440,56,46.55841148546949,2026-02-28|2026-05-27,True
717622,34548,1796,32752,0,34548,0,0,34548,32752,32752,32752,32750,282,282,120,0,115,210.0/W,94.80143568368646,32752,1440,115,34548,1440,120,100.0,32752,1440,115,94.80143568368646,32752,1440,115,94.80143568368646,32752,1440,115,94.80143568368646,32750,1440,115,94.79564663656362,282,640,1,0.8162556443209448,282,640,1,0.8162556443209448,2026-02-28|2026-05-27,True
717637,34548,932,33616,0,34548,0,0,34548,33616,33616,33616,33616,33616,32437,120,0,118,210.0/W,97.30230404075489,33616,1440,118,34548,1440,120,100.0,33616,1440,118,97.30230404075489,33616,1440,118,97.30230404075489,33616,1440,118,97.30230404075489,33616,1440,118,97.30230404075489,33616,1440,118,97.30230404075489,32437,1440,114,93.8896607618386,2026-02-28|2026-05-27,True
717638,34548,1508,33040,0,34548,0,0,34548,33040,33040,33040,33040,33040,32744,120,0,116,210.0/E,95.63505846937593,33040,1440,116,34548,1440,120,100.0,33040,1440,116,95.63505846937593,33040,1440,116,95.63505846937593,33040,1440,116,95.63505846937593,33040,1440,116,95.63505846937593,33040,1440,116,95.63505846937593,32744,1440,115,94.7782794951951,2026-02-28|2026-05-27,True
717640,34548,1220,33328,0,34548,0,0,34548,33328,33328,33328,33328,33328,33328,120,0,117,210.0/E,96.46868125506542,33328,1440,117,34548,1440,120,100.0,33328,1440,117,96.46868125506542,33328,1440,117,96.46868125506542,33328,1440,117,96.46868125506542,33328,1440,117,96.46868125506542,33328,1440,117,96.46868125506542,33328,1440,117,96.46868125506542,2026-02-28|2026-05-27,True
717642,34548,946,33602,0,34548,0,0,34548,33602,33602,26443,22712,22712,16943,120,0,118,210.0/W,97.26178071089498,33602,1440,118,34548,1440,120,100.0,33602,1440,118,97.26178071089498,33602,1440,118,97.26178071089498,26443,1440,93,76.5398865346764,22712,1440,80,65.74041912701169,22712,1440,80,65.74041912701169,16943,1440,60,49.04191270116939,2026-02-28|2026-05-27,True
717646,34548,1508,33040,0,34548,0,0,34548,33040,33040,33038,33038,33034,33030,120,0,116,210.0/E,95.63505846937593,33040,1440,116,34548,1440,120,100.0,33040,1440,116,95.63505846937593,33040,1440,116,95.63505846937593,33038,1440,116,95.6292694222531,33038,1440,116,95.6292694222531,33034,1440,116,95.61769132800741,33030,1440,116,95.60611323376172,2026-02-28|2026-05-27,True
717649,34548,932,33616,0,34548,0,0,34548,33616,33616,33616,33616,33600,0,120,0,118,210.0/W,97.30230404075489,33616,1440,118,34548,1440,120,100.0,33616,1440,118,97.30230404075489,33616,1440,118,97.30230404075489,33616,1440,118,97.30230404075489,33616,1440,118,97.30230404075489,33600,1440,118,97.25599166377215,0,0,0,0.0,2026-02-28|2026-05-27,True
717650,34548,1508,33040,0,34548,0,0,34548,33040,33040,33040,33040,33040,33038,120,0,116,210.0/E,95.63505846937593,33040,1440,116,34548,1440,120,100.0,33040,1440,116,95.63505846937593,33040,1440,116,95.63505846937593,33040,1440,116,95.63505846937593,33040,1440,116,95.63505846937593,33040,1440,116,95.63505846937593,33038,1440,116,95.6292694222531,2026-02-28|2026-05-27,True
717654,34548,1221,33327,0,34548,0,0,34548,33327,33327,33327,33327,33325,33325,120,0,117,210.0/E,96.465786731504,33327,1440,117,34548,1440,120,100.0,33327,1440,117,96.465786731504,33327,1440,117,96.465786731504,33327,1440,117,96.465786731504,33327,1440,117,96.465786731504,33325,1440,117,96.45999768438115,33325,1440,117,96.45999768438115,2026-02-28|2026-05-27,True
717659,34548,1510,33038,0,34548,0,0,34548,33038,33038,0,0,0,0,120,0,116,210.0/E,95.6292694222531,33038,1440,116,34548,1440,120,100.0,33038,1440,116,95.6292694222531,33038,1440,116,95.6292694222531,0,0,0,0.0,0,0,0,0.0,0,0,0,0.0,0,0,0,0.0,2026-02-28|2026-05-27,True
717661,34548,31679,2869,0,34548,0,0,34548,2869,2869,2869,2869,2869,2869,120,0,10,210.0/W,8.304388097719116,2869,1440,10,34548,1440,120,100.0,2869,1440,10,8.304388097719116,2869,1440,10,8.304388097719116,2869,1440,10,8.304388097719116,2869,1440,10,8.304388097719116,2869,1440,10,8.304388097719116,2869,1440,10,8.304388097719116,2026-02-28|2026-05-27,True
717663,34548,932,33616,0,34548,0,0,34548,33616,33616,33616,33304,258,258,120,0,118,210.0/W,97.30230404075489,33616,1440,118,34548,1440,120,100.0,33616,1440,118,97.30230404075489,33616,1440,118,97.30230404075489,33616,1440,118,97.30230404075489,33304,1440,117,96.3992126895913,258,665,1,0.7467870788468218,258,665,1,0.7467870788468218,2026-02-28|2026-05-27,True
717664,34548,31679,2869,0,34548,0,0,34548,2869,2869,2869,2869,2869,2869,120,0,10,210.0/W,8.304388097719116,2869,1440,10,34548,1440,120,100.0,2869,1440,10,8.304388097719116,2869,1440,10,8.304388097719116,2869,1440,10,8.304388097719116,2869,1440,10,8.304388097719116,2869,1440,10,8.304388097719116,2869,1440,10,8.304388097719116,2026-02-28|2026-05-27,True
717669,34548,1934,32614,0,34548,0,0,34548,32614,32614,32613,30283,0,0,120,0,114,210.0/W,94.40199143221025,32614,1440,114,34548,1440,120,100.0,32614,1440,114,94.40199143221025,32614,1440,114,94.40199143221025,32613,1440,114,94.39909690864884,30283,1440,106,87.65485701053606,0,0,0,0.0,0,0,0,0.0,2026-02-28|2026-05-27,True
717672,34548,2234,32314,0,34548,0,0,34548,32314,32314,32314,32314,32310,32310,120,0,113,210.0/E,93.53363436378372,32314,1440,113,34548,1440,120,100.0,32314,1440,113,93.53363436378372,32314,1440,113,93.53363436378372,32314,1440,113,93.53363436378372,32314,1440,113,93.53363436378372,32310,1440,113,93.52205626953804,32310,1440,113,93.52205626953804,2026-02-28|2026-05-27,True
717673,34548,1220,33328,0,34548,0,0,34548,33328,33328,33328,33328,29551,29551,120,0,117,210.0/W,96.46868125506542,33328,1440,117,34548,1440,120,100.0,33328,1440,117,96.46868125506542,33328,1440,117,96.46868125506542,33328,1440,117,96.46868125506542,33328,1440,117,96.46868125506542,29551,1440,104,85.53606576357531,29551,1440,104,85.53606576357531,2026-02-28|2026-05-27,True
717674,34548,2084,32464,0,34548,0,0,34548,32464,32464,32464,32459,31922,31922,120,0,114,210.0/W,93.96781289799699,32464,1440,114,34548,1440,120,100.0,32464,1440,114,93.96781289799699,32464,1440,114,93.96781289799699,32464,1440,114,93.96781289799699,32459,1440,114,93.95334028018988,31922,1440,111,92.39898112770638,31922,1440,111,92.39898112770638,2026-02-28|2026-05-27,True
717675,34548,30239,4309,0,34548,0,0,34548,4309,4309,4309,4309,4309,4309,120,0,15,210.0/W,12.472502026166493,4309,1440,15,34548,1440,120,100.0,4309,1440,15,12.472502026166493,4309,1440,15,12.472502026166493,4309,1440,15,12.472502026166493,4309,1440,15,12.472502026166493,4309,1440,15,12.472502026166493,4309,1440,15,12.472502026166493,2026-02-28|2026-05-27,True
717676,34548,30239,4309,0,34548,0,0,34548,4309,4309,4309,4309,4309,4309,120,0,15,210.0/W,12.472502026166493,4309,1440,15,34548,1440,120,100.0,4309,1440,15,12.472502026166493,4309,1440,15,12.472502026166493,4309,1440,15,12.472502026166493,4309,1440,15,12.472502026166493,4309,1440,15,12.472502026166493,4309,1440,15,12.472502026166493,2026-02-28|2026-05-27,True
717678,34548,30239,4309,0,34548,0,0,34548,4309,4309,4309,4309,4309,3721,120,0,15,210.0/W,12.472502026166493,4309,1440,15,34548,1440,120,100.0,4309,1440,15,12.472502026166493,4309,1440,15,12.472502026166493,4309,1440,15,12.472502026166493,4309,1440,15,12.472502026166493,4309,1440,15,12.472502026166493,3721,1440,13,10.77052217205048,2026-02-28|2026-05-27,True
717682,34548,3661,30887,0,34548,0,0,34548,30887,30887,30887,30887,30880,30880,120,0,108,210.0/W,89.40314924163482,30887,1440,108,34548,1440,120,100.0,30887,1440,108,89.40314924163482,30887,1440,108,89.40314924163482,30887,1440,108,89.40314924163482,30887,1440,108,89.40314924163482,30880,1440,108,89.38288757670487,30880,1440,108,89.38288757670487,2026-02-28|2026-05-27,True
717684,34548,30527,4021,0,34548,0,0,34548,4021,4021,4021,4021,4021,4021,120,0,14,210.0/E,11.638879240477017,4021,1440,14,34548,1440,120,100.0,4021,1440,14,11.638879240477017,4021,1440,14,11.638879240477017,4021,1440,14,11.638879240477017,4021,1440,14,11.638879240477017,4021,1440,14,11.638879240477017,4021,1440,14,11.638879240477017,2026-02-28|2026-05-27,True
717685,34548,3661,30887,0,34548,0,0,34548,30887,30887,30887,30886,30885,30885,120,0,108,210.0/W,89.40314924163482,30887,1440,108,34548,1440,120,100.0,30887,1440,108,89.40314924163482,30887,1440,108,89.40314924163482,30887,1440,108,89.40314924163482,30886,1440,108,89.4002547180734,30885,1440,108,89.39736019451199,30885,1440,108,89.39736019451199,2026-02-28|2026-05-27,True
717686,34548,3661,30887,0,34548,0,0,34548,30887,30887,30887,30877,30871,30871,120,0,108,210.0/W,89.40314924163482,30887,1440,108,34548,1440,120,100.0,30887,1440,108,89.40314924163482,30887,1440,108,89.40314924163482,30887,1440,108,89.40314924163482,30877,1440,108,89.3742040060206,30871,1440,108,89.35683686465208,30871,1440,108,89.35683686465208,2026-02-28|2026-05-27,True
717688,34548,3661,30887,0,34548,0,0,34548,30887,30887,30597,30579,30568,30568,120,0,108,210.0/W,89.40314924163482,30887,1440,108,34548,1440,120,100.0,30887,1440,108,89.40314924163482,30887,1440,108,89.40314924163482,30597,1440,107,88.5637374088225,30579,1440,107,88.51163598471692,30568,1440,107,88.47979622554128,30568,1440,107,88.47979622554128,2026-02-28|2026-05-27,True
717694,34548,3661,30887,0,34548,0,0,34548,30887,30887,30887,30887,30301,30301,120,0,108,210.0/W,89.40314924163482,30887,1440,108,34548,1440,120,100.0,30887,1440,108,89.40314924163482,30887,1440,108,89.40314924163482,30887,1440,108,89.40314924163482,30887,1440,108,89.40314924163482,30301,1440,106,87.70695843464166,30301,1440,106,87.70695843464166,2026-02-28|2026-05-27,True
717755,34548,12876,21672,0,34548,0,0,34548,21672,21672,11845,2202,0,0,120,0,76,405.0/N,62.73011462313303,21672,1440,76,34548,1440,120,100.0,21672,1440,76,62.73011462313303,21672,1440,76,62.73011462313303,11845,1440,42,34.2856315850411,2202,1440,8,6.3737408822507815,0,0,0,0.0,0,0,0,0.0,2026-02-28|2026-05-27,True
717760,34548,4924,29624,0,34548,0,0,34548,29624,29624,29624,29624,24987,24987,120,0,103,405.0/N,85.7473659835591,29624,1440,103,34548,1440,120,100.0,29624,1440,103,85.7473659835591,29624,1440,103,85.7473659835591,29624,1440,103,85.7473659835591,29624,1440,103,85.7473659835591,24987,1440,87,72.32546022924626,24987,1440,87,72.32546022924626,2026-02-28|2026-05-27,True
717763,34548,4924,29624,0,34548,0,0,34548,29624,29624,23534,5432,282,282,120,0,103,405.0/N,85.7473659835591,29624,1440,103,34548,1440,120,100.0,29624,1440,103,85.7473659835591,29624,1440,103,85.7473659835591,23534,1440,82,68.1197174945004,5432,1440,19,15.723051985643163,282,495,1,0.8162556443209448,282,495,1,0.8162556443209448,2026-02-28|2026-05-27,True
717766,34548,7804,26744,0,34548,0,0,34548,26744,26744,26742,26741,26741,0,120,0,93,405.0/S,77.41113812666435,26744,1440,93,34548,1440,120,100.0,26744,1440,93,77.41113812666435,26744,1440,93,77.41113812666435,26742,1440,93,77.40534907954151,26741,1440,93,77.40245455598009,26741,1440,93,77.40245455598009,0,0,0,0.0,2026-02-28|2026-05-27,True
717790,34548,10984,23564,0,34548,0,0,34548,23564,23564,23564,23564,22136,20695,120,0,83,405.0/N,68.20655320134306,23564,1440,83,34548,1440,120,100.0,23564,1440,83,68.20655320134306,23564,1440,83,68.20655320134306,23564,1440,83,68.20655320134306,23564,1440,83,68.20655320134306,22136,1440,78,64.07317355563275,20695,1440,73,59.90216510362394,2026-02-28|2026-05-27,True
717801,34548,2396,32152,0,34548,0,0,34548,32152,32152,25774,3975,279,0,120,0,113,405.0/N,93.0647215468334,32152,1440,113,34548,1440,120,100.0,32152,1440,113,93.0647215468334,32152,1440,113,93.0647215468334,25774,1440,91,74.60345027208521,3975,1440,14,11.505731156651615,279,915,1,0.8075720736366794,0,0,0,0.0,2026-02-28|2026-05-27,True
717814,34548,11588,22960,0,34548,0,0,34548,22960,22960,22960,22671,0,0,120,0,81,405.0/N,66.4582609702443,22960,1440,81,34548,1440,120,100.0,22960,1440,81,66.4582609702443,22960,1440,81,66.4582609702443,22960,1440,81,66.4582609702443,22671,1440,80,65.6217436609934,0,0,0,0.0,0,0,0,0.0,2026-02-28|2026-05-27,True
717831,34548,18183,16365,0,34548,0,0,34548,16365,16365,16365,16364,16364,16364,120,0,58,605.0/N,47.36887808266759,16365,1440,57,34548,1440,120,100.0,16365,1440,57,47.36887808266759,16365,1440,57,47.36887808266759,16365,1440,57,47.36887808266759,16364,1440,57,47.36598355910617,16364,1440,57,47.36598355910617,16364,1440,57,47.36598355910617,2026-02-28|2026-05-27,True
717832,34548,15551,18997,0,34548,0,0,34548,18997,18997,18997,18996,18995,18995,120,0,67,605.0/S,54.987264096329746,18997,1440,67,34548,1440,120,100.0,18997,1440,67,54.987264096329746,18997,1440,67,54.987264096329746,18997,1440,67,54.987264096329746,18996,1440,67,54.98436957276832,18995,1440,67,54.9814750492069,18995,1440,67,54.9814750492069,2026-02-28|2026-05-27,True
717833,34548,23052,11496,0,34548,0,0,34548,11496,11496,11496,11496,11485,11485,120,0,40,605.0/S,33.275442862104896,11496,1440,40,34548,1440,120,100.0,11496,1440,40,33.275442862104896,11496,1440,40,33.275442862104896,11496,1440,40,33.275442862104896,11496,1440,40,33.275442862104896,11485,1440,40,33.24360310292926,11485,1440,40,33.24360310292926,2026-02-28|2026-05-27,True
717836,34548,34271,277,0,34548,0,0,34548,277,277,277,0,0,0,120,0,1,605.0/N,0.8017830265138358,277,740,1,34548,1440,120,100.0,277,740,1,0.8017830265138358,277,740,1,0.8017830265138358,277,740,1,0.8017830265138358,0,0,0,0.0,0,0,0,0.0,0,0,0,0.0,2026-02-28|2026-05-27,True
717838,34548,19020,15528,0,34548,0,0,34548,15528,15528,15528,15528,15519,15519,120,0,54,605.0/S,44.94616186175755,15528,1440,54,34548,1440,120,100.0,15528,1440,54,44.94616186175755,15528,1440,54,44.94616186175755,15528,1440,54,44.94616186175755,15528,1440,54,44.94616186175755,15519,1440,54,44.92011114970476,15519,1440,54,44.92011114970476,2026-02-28|2026-05-27,True
717844,34548,17596,16952,0,34548,0,0,34548,16952,16952,16951,16951,0,0,120,0,60,605.0/N,49.06796341322218,16952,1440,59,34548,1440,120,100.0,16952,1440,59,49.06796341322218,16952,1440,59,49.06796341322218,16951,1440,59,49.065068889660765,16951,1440,59,49.065068889660765,0,0,0,0.0,0,0,0,0.0,2026-02-28|2026-05-27,True
717846,34548,15801,18747,0,34548,0,0,34548,18747,18747,18747,18747,0,0,120,0,66,605.0/S,54.263633205974294,18747,1440,66,34548,1440,120,100.0,18747,1440,66,54.263633205974294,18747,1440,66,54.263633205974294,18747,1440,66,54.263633205974294,18747,1440,66,54.263633205974294,0,0,0,0.0,0,0,0,0.0,2026-02-28|2026-05-27,True
717850,34548,2948,31600,0,34548,0,0,34548,31600,31600,31599,31599,31596,31596,120,0,111,605.0/N,91.46694454092857,31600,1440,111,34548,1440,120,100.0,31600,1440,111,91.46694454092857,31600,1440,111,91.46694454092857,31599,1440,111,91.46405001736714,31599,1440,111,91.46405001736714,31596,1440,111,91.45536644668287,31596,1440,111,91.45536644668287,2026-02-28|2026-05-27,True
717853,34548,15018,19530,0,34548,0,0,34548,19530,19530,19529,19529,0,0,120,0,68,605.0/S,56.53004515456756,19530,1440,68,34548,1440,120,100.0,19530,1440,68,56.53004515456756,19530,1440,68,56.53004515456756,19529,1440,68,56.52715063100614,19529,1440,68,56.52715063100614,0,0,0,0.0,0,0,0,0.0,2026-02-28|2026-05-27,True
717863,34548,16739,17809,0,34548,0,0,34548,17809,17809,17809,17809,17804,11687,120,0,63,605.0/N,51.54857010536066,17809,1440,62,34548,1440,120,100.0,17809,1440,62,51.54857010536066,17809,1440,62,51.54857010536066,17809,1440,62,51.54857010536066,17809,1440,62,51.54857010536066,17804,1440,62,51.534097487553545,11687,1440,41,33.82829686233646,2026-02-28|2026-05-27,True
717867,34548,34260,288,0,34548,0,0,34548,288,288,288,288,282,0,120,0,1,605.0/S,0.8336227856894756,288,1440,1,34548,1440,120,100.0,288,1440,1,0.8336227856894756,288,1440,1,0.8336227856894756,288,1440,1,0.8336227856894756,288,1440,1,0.8336227856894756,282,760,1,0.8162556443209448,0,0,0,0.0,2026-02-28|2026-05-27,True
717914,34548,29570,4978,0,34548,0,0,34548,4978,4978,0,0,0,0,120,0,18,605.0/S,14.408938288757671,4978,1440,18,34548,1440,120,100.0,4978,1440,18,14.408938288757671,4978,1440,18,14.408938288757671,0,0,0,0.0,0,0,0,0.0,0,0,0,0.0,0,0,0,0.0,2026-02-28|2026-05-27,True
717945,34548,937,33611,0,34548,0,0,34548,33611,33611,0,0,0,0,120,0,118,605.0/N,97.28783142294779,33611,1440,118,34548,1440,120,100.0,33611,1440,118,97.28783142294779,33611,1440,118,97.28783142294779,0,0,0,0.0,0,0,0,0.0,0,0,0,0.0,0,0,0,0.0,2026-02-28|2026-05-27,True
717956,34548,33972,576,0,34548,0,0,34548,576,576,576,576,576,576,120,0,2,605.0/N,1.6672455713789511,576,1440,2,34548,1440,120,100.0,576,1440,2,1.6672455713789511,576,1440,2,1.6672455713789511,576,1440,2,1.6672455713789511,576,1440,2,1.6672455713789511,576,1440,2,1.6672455713789511,576,1440,2,1.6672455713789511,2026-02-28|2026-05-27,True
717958,34548,33972,576,0,34548,0,0,34548,576,576,576,576,576,576,120,0,2,605.0/N,1.6672455713789511,576,1440,2,34548,1440,120,100.0,576,1440,2,1.6672455713789511,576,1440,2,1.6672455713789511,576,1440,2,1.6672455713789511,576,1440,2,1.6672455713789511,576,1440,2,1.6672455713789511,576,1440,2,1.6672455713789511,2026-02-28|2026-05-27,True
717972,34548,19900,14648,0,34548,0,0,34548,14648,14648,14648,14648,14648,0,120,0,52,710.0/S,42.39898112770638,14648,1440,52,34548,1440,120,100.0,14648,1440,52,42.39898112770638,14648,1440,52,42.39898112770638,14648,1440,52,42.39898112770638,14648,1440,52,42.39898112770638,14648,1440,52,42.39898112770638,0,0,0,0.0,2026-02-28|2026-05-27,True
717983,34548,20476,14072,0,34548,0,0,34548,14072,14072,14072,14072,0,0,120,0,50,710.0/N,40.73173555632743,14072,1440,50,34548,1440,120,100.0,14072,1440,50,40.73173555632743,14072,1440,50,40.73173555632743,14072,1440,50,40.73173555632743,14072,1440,50,40.73173555632743,0,0,0,0.0,0,0,0,0.0,2026-02-28|2026-05-27,True
717986,34548,31411,3137,0,34548,0,0,34548,3137,3137,1728,862,0,0,120,0,11,710.0/S,9.080120412180156,3137,1440,11,34548,1440,120,100.0,3137,1440,11,9.080120412180156,3137,1440,11,9.080120412180156,1728,1440,6,5.001736714136853,862,1440,3,2.495079309945583,0,0,0,0.0,0,0,0,0.0,2026-02-28|2026-05-27,True
717989,34548,20476,14072,0,34548,0,0,34548,14072,14072,14072,14072,14072,14072,120,0,50,710.0/S,40.73173555632743,14072,1440,50,34548,1440,120,100.0,14072,1440,50,40.73173555632743,14072,1440,50,40.73173555632743,14072,1440,50,40.73173555632743,14072,1440,50,40.73173555632743,14072,1440,50,40.73173555632743,14072,1440,50,40.73173555632743,2026-02-28|2026-05-27,True
717992,34548,19900,14648,0,34548,0,0,34548,14648,14648,14648,9202,0,0,120,0,52,710.0/N,42.39898112770638,14648,1440,52,34548,1440,120,100.0,14648,1440,52,42.39898112770638,14648,1440,52,42.39898112770638,14648,1440,52,42.39898112770638,9202,1440,32,26.635405812203313,0,0,0,0.0,0,0,0,0.0,2026-02-28|2026-05-27,True
717995,34548,26317,8231,0,34548,0,0,34548,8231,8231,8231,8229,8223,8223,120,0,29,710.0/N,23.824823434062754,8231,1440,29,34548,1440,120,100.0,8231,1440,29,23.824823434062754,8231,1440,29,23.824823434062754,8231,1440,29,23.824823434062754,8229,1440,29,23.819034386939908,8223,1440,29,23.80166724557138,8223,1440,29,23.80166724557138,2026-02-28|2026-05-27,True
718012,34548,22780,11768,0,34548,0,0,34548,11768,11768,11768,11768,11768,1112,120,0,42,710.0/S,34.062753270811626,11768,1440,42,34548,1440,120,100.0,11768,1440,42,34.062753270811626,11768,1440,42,34.062753270811626,11768,1440,42,34.062753270811626,11768,1440,42,34.062753270811626,11768,1440,42,34.062753270811626,1112,1440,5,3.2187102003010306,2026-02-28|2026-05-27,True
718066,34548,1796,32752,0,34548,0,0,34548,32752,32752,32752,32752,32752,32752,120,0,115,2.0/W,94.80143568368646,32752,1440,115,34548,1440,120,100.0,32752,1440,115,94.80143568368646,32752,1440,115,94.80143568368646,32752,1440,115,94.80143568368646,32752,1440,115,94.80143568368646,32752,1440,115,94.80143568368646,32752,1440,115,94.80143568368646,2026-02-28|2026-05-27,True
718072,34548,1796,32752,0,34548,0,0,34548,32752,32752,32752,32752,32752,32752,120,0,115,2.0/W,94.80143568368646,32752,1440,115,34548,1440,120,100.0,32752,1440,115,94.80143568368646,32752,1440,115,94.80143568368646,32752,1440,115,94.80143568368646,32752,1440,115,94.80143568368646,32752,1440,115,94.80143568368646,32752,1440,115,94.80143568368646,2026-02-28|2026-05-27,True
718076,34548,1796,32752,0,34548,0,0,34548,32752,32752,32752,32752,22214,22214,120,0,115,2.0/W,94.80143568368646,32752,1440,115,34548,1440,120,100.0,32752,1440,115,94.80143568368646,32752,1440,115,94.80143568368646,32752,1440,115,94.80143568368646,32752,1440,115,94.80143568368646,22214,1440,79,64.29894639342365,22214,1440,79,64.29894639342365,2026-02-28|2026-05-27,True
718081,34548,1937,32611,0,34548,0,0,34548,32611,32611,32610,32610,32608,32608,120,0,114,5.0/N,94.393307861526,32611,1440,114,34548,1440,120,100.0,32611,1440,114,94.393307861526,32611,1440,114,94.393307861526,32610,1440,114,94.39041333796457,32610,1440,114,94.39041333796457,32608,1440,114,94.38462429084173,32608,1440,114,94.38462429084173,2026-02-28|2026-05-27,True
718118,34548,32543,2005,0,34548,0,0,34548,2005,2005,576,570,277,277,120,0,7,10.0/E,5.803519740650689,2005,1440,7,34548,1440,120,100.0,2005,1440,7,5.803519740650689,2005,1440,7,5.803519740650689,576,1440,2,1.6672455713789511,570,1440,2,1.6498784300104203,277,535,1,0.8017830265138358,277,535,1,0.8017830265138358,2026-02-28|2026-05-27,True
718119,34548,33110,1438,0,34548,0,0,34548,1438,1438,864,575,286,236,120,0,5,10.0/E,4.162324881324534,1438,1440,5,34548,1440,120,100.0,1438,1440,5,4.162324881324534,1438,1440,5,4.162324881324534,864,1440,3,2.5008683570684265,575,1440,2,1.6643510478175292,286,1100,1,0.8278337385666319,236,715,1,0.6831075604955424,2026-02-28|2026-05-27,True
718130,34548,31420,3128,0,34548,0,0,34548,3128,3128,3128,3128,3128,3128,120,0,12,91.0/E,9.054069700127359,3128,1440,12,34548,1440,120,100.0,3128,1440,12,9.054069700127359,3128,1440,12,9.054069700127359,3128,1440,12,9.054069700127359,3128,1440,12,9.054069700127359,3128,1440,12,9.054069700127359,3128,1440,12,9.054069700127359,2026-02-28|2026-05-27,True
718147,34548,21916,12632,0,34548,0,0,34548,12632,12632,12632,11845,0,0,120,0,45,710.0/N,36.56362162788005,12632,1440,45,34548,1440,120,100.0,12632,1440,45,36.56362162788005,12632,1440,45,36.56362162788005,12632,1440,45,36.56362162788005,11845,1440,43,34.2856315850411,0,0,0,0.0,0,0,0,0.0,2026-02-28|2026-05-27,True
718151,34548,19900,14648,0,34548,0,0,34548,14648,14648,14648,0,0,0,120,0,52,710.0/N,42.39898112770638,14648,1440,52,34548,1440,120,100.0,14648,1440,52,42.39898112770638,14648,1440,52,42.39898112770638,14648,1440,52,42.39898112770638,0,0,0,0.0,0,0,0,0.0,0,0,0,0.0,2026-02-28|2026-05-27,True
718210,34548,932,33616,0,34548,0,0,34548,33616,33616,33616,33615,33615,33615,120,0,118,210.0/W,97.30230404075489,33616,1440,118,34548,1440,120,100.0,33616,1440,118,97.30230404075489,33616,1440,118,97.30230404075489,33616,1440,118,97.30230404075489,33615,1440,118,97.29940951719347,33615,1440,118,97.29940951719347,33615,1440,118,97.29940951719347,2026-02-28|2026-05-27,True
718256,34548,23356,11192,0,34548,0,0,34548,11192,11192,11192,9176,0,0,120,0,40,405.0/S,32.39550769943267,11192,1440,40,34548,1440,120,100.0,11192,1440,40,32.39550769943267,11192,1440,40,32.39550769943267,11192,1440,40,32.39550769943267,9176,1440,33,26.560148199606346,0,0,0,0.0,0,0,0,0.0,2026-02-28|2026-05-27,True
718259,34548,32284,2264,0,34548,0,0,34548,2264,2264,2264,2264,2264,2264,120,0,9,405.0/N,6.553201343058933,2264,1440,9,34548,1440,120,100.0,2264,1440,9,6.553201343058933,2264,1440,9,6.553201343058933,2264,1440,9,6.553201343058933,2264,1440,9,6.553201343058933,2264,1440,9,6.553201343058933,2264,1440,9,6.553201343058933,2026-02-28|2026-05-27,True
718287,34548,1799,32749,0,34548,0,0,34548,32749,32749,32361,32073,26123,26123,120,0,115,405.0/S,94.7927521130022,32749,1440,115,34548,1440,120,100.0,32749,1440,115,94.7927521130022,32749,1440,115,94.7927521130022,32361,1440,114,93.66967697117055,32073,1440,113,92.83605418548107,26123,1440,95,75.61363899502142,26123,1440,95,75.61363899502142,2026-02-28|2026-05-27,True
718327,34548,6193,28355,0,34548,0,0,34548,28355,28355,26220,20596,4208,0,120,0,99,91.0/W,82.07421558411485,28355,1440,99,34548,1440,120,100.0,28355,1440,99,82.07421558411485,28355,1440,99,82.07421558411485,26220,1440,92,75.89440778047933,20596,1440,72,59.61560727104319,4208,1440,15,12.180155146462893,0,0,0,0.0,2026-02-28|2026-05-27,True
718356,34548,932,33616,0,34548,0,0,34548,33616,33616,33616,33616,33604,33604,120,0,118,57.0/N,97.30230404075489,33616,1440,118,34548,1440,120,100.0,33616,1440,118,97.30230404075489,33616,1440,118,97.30230404075489,33616,1440,118,97.30230404075489,33616,1440,118,97.30230404075489,33604,1440,118,97.26756975801783,33604,1440,118,97.26756975801783,2026-02-28|2026-05-27,True
718364,34548,31420,3128,0,34548,0,0,34548,3128,3128,3128,3128,3128,3128,120,0,12,5.0/S,9.054069700127359,3128,1440,12,34548,1440,120,100.0,3128,1440,12,9.054069700127359,3128,1440,12,9.054069700127359,3128,1440,12,9.054069700127359,3128,1440,12,9.054069700127359,3128,1440,12,9.054069700127359,3128,1440,12,9.054069700127359,2026-02-28|2026-05-27,True
718370,34548,6404,28144,0,34548,0,0,34548,28144,28144,28144,7293,0,0,120,0,99,5.0/S,81.46347111265486,28144,1440,99,34548,1440,120,100.0,28144,1440,99,81.46347111265486,28144,1440,99,81.46347111265486,28144,1440,99,81.46347111265486,7293,1440,27,21.109760333449113,0,0,0,0.0,0,0,0,0.0,2026-02-28|2026-05-27,True
718371,34548,6404,28144,0,34548,0,0,34548,28144,28144,28144,28144,28143,0,120,0,99,5.0/N,81.46347111265486,28144,1440,99,34548,1440,120,100.0,28144,1440,99,81.46347111265486,28144,1440,99,81.46347111265486,28144,1440,99,81.46347111265486,28144,1440,99,81.46347111265486,28143,1440,99,81.46057658909344,0,0,0,0.0,2026-02-28|2026-05-27,True
718375,34548,2372,32176,0,34548,0,0,34548,32176,32176,32176,32176,32176,32176,120,0,113,5.0/S,93.13419011230751,32176,1440,113,34548,1440,120,100.0,32176,1440,113,93.13419011230751,32176,1440,113,93.13419011230751,32176,1440,113,93.13419011230751,32176,1440,113,93.13419011230751,32176,1440,113,93.13419011230751,32176,1440,113,93.13419011230751,2026-02-28|2026-05-27,True
718376,34548,11548,23000,0,34548,0,0,34548,23000,23000,23000,22999,22999,22999,120,0,80,5.0/S,66.57404191270118,23000,1440,80,34548,1440,120,100.0,23000,1440,80,66.57404191270118,23000,1440,80,66.57404191270118,23000,1440,80,66.57404191270118,22999,1440,80,66.57114738913975,22999,1440,80,66.57114738913975,22999,1440,80,66.57114738913975,2026-02-28|2026-05-27,True
718469,34548,3661,30887,0,34548,0,0,34548,30887,30887,30887,30885,0,0,120,0,108,210.0/E,89.40314924163482,30887,1440,108,34548,1440,120,100.0,30887,1440,108,89.40314924163482,30887,1440,108,89.40314924163482,30887,1440,108,89.40314924163482,30885,1440,108,89.39736019451199,0,0,0,0.0,0,0,0,0.0,2026-02-28|2026-05-27,True
718488,34548,19900,14648,0,34548,0,0,34548,14648,14648,14648,14648,14648,0,120,0,52,710.0/N,42.39898112770638,14648,1440,52,34548,1440,120,100.0,14648,1440,52,42.39898112770638,14648,1440,52,42.39898112770638,14648,1440,52,42.39898112770638,14648,1440,52,42.39898112770638,14648,1440,52,42.39898112770638,0,0,0,0.0,2026-02-28|2026-05-27,True
718496,34548,2948,31600,0,34548,0,0,34548,31600,31600,31600,31599,31599,31599,120,0,111,134.0/W,91.46694454092857,31600,1440,111,34548,1440,120,100.0,31600,1440,111,91.46694454092857,31600,1440,111,91.46694454092857,31600,1440,111,91.46694454092857,31599,1440,111,91.46405001736714,31599,1440,111,91.46405001736714,31599,1440,111,91.46405001736714,2026-02-28|2026-05-27,True
718499,34548,3236,31312,0,34548,0,0,34548,31312,31312,31312,31312,31311,31311,120,0,110,134.0/W,90.63332175523908,31312,1440,110,34548,1440,120,100.0,31312,1440,110,90.63332175523908,31312,1440,110,90.63332175523908,31312,1440,110,90.63332175523908,31312,1440,110,90.63332175523908,31311,1440,110,90.63042723167767,31311,1440,110,90.63042723167767,2026-02-28|2026-05-27,True
737504,34548,1220,33328,0,34548,0,0,34548,33328,33328,33327,33325,32994,32994,120,0,117,605.0/S,96.46868125506542,33328,1440,117,34548,1440,120,100.0,33328,1440,117,96.46868125506542,33328,1440,117,96.46868125506542,33327,1440,117,96.465786731504,33325,1440,117,96.45999768438115,32994,1440,116,95.50191038555054,32994,1440,116,95.50191038555054,2026-02-28|2026-05-27,True
759566,34548,31132,3416,0,34548,0,0,34548,3416,3416,3416,3416,3416,3416,120,0,13,5.0/N,9.887692485816835,3416,1440,13,34548,1440,120,100.0,3416,1440,13,9.887692485816835,3416,1440,13,9.887692485816835,3416,1440,13,9.887692485816835,3416,1440,13,9.887692485816835,3416,1440,13,9.887692485816835,3416,1440,13,9.887692485816835,2026-02-28|2026-05-27,True
759762,34548,13316,21232,0,34548,0,0,34548,21232,21232,21232,21231,21231,21231,120,0,75,5.0/S,61.45652425610744,21232,1440,75,34548,1440,120,100.0,21232,1440,75,61.45652425610744,21232,1440,75,61.45652425610744,21232,1440,75,61.45652425610744,21231,1440,75,61.45362973254602,21231,1440,75,61.45362973254602,21231,1440,75,61.45362973254602,2026-02-28|2026-05-27,True
759772,34548,13316,21232,0,34548,0,0,34548,21232,21232,21232,21230,12384,12384,120,0,75,5.0/S,61.45652425610744,21232,1440,75,34548,1440,120,100.0,21232,1440,75,61.45652425610744,21232,1440,75,61.45652425610744,21232,1440,75,61.45652425610744,21230,1440,75,61.450735208984604,12384,1440,45,35.84577978464745,12384,1440,45,35.84577978464745,2026-02-28|2026-05-27,True
759783,34548,13316,21232,0,34548,0,0,34548,21232,21232,21232,21232,21232,21232,120,0,75,5.0/S,61.45652425610744,21232,1440,75,34548,1440,120,100.0,21232,1440,75,61.45652425610744,21232,1440,75,61.45652425610744,21232,1440,75,61.45652425610744,21232,1440,75,61.45652425610744,21232,1440,75,61.45652425610744,21232,1440,75,61.45652425610744,2026-02-28|2026-05-27,True
759933,34548,15871,18677,0,34548,0,0,34548,18677,18677,0,0,0,0,120,0,66,5.0/S,54.06101655667477,18677,1440,66,34548,1440,120,100.0,18677,1440,66,54.06101655667477,18677,1440,66,54.06101655667477,0,0,0,0.0,0,0,0,0.0,0,0,0,0.0,0,0,0,0.0,2026-02-28|2026-05-27,True
759980,34548,1207,33341,0,34548,0,0,34548,33341,33341,31613,17811,2591,2591,120,0,117,91.0/E,96.5063100613639,33341,1440,117,34548,1440,120,100.0,33341,1440,117,96.5063100613639,33341,1440,117,96.5063100613639,31613,1440,111,91.50457334722705,17811,1440,63,51.5543591524835,2591,1440,9,7.499710547643858,2591,1440,9,7.499710547643858,2026-02-28|2026-05-27,True
760375,34548,2071,32477,0,34548,0,0,34548,32477,32477,32477,32477,258,258,120,0,114,105.0/W,94.00544170429548,32477,1440,114,34548,1440,120,100.0,32477,1440,114,94.00544170429548,32477,1440,114,94.00544170429548,32477,1440,114,94.00544170429548,32477,1440,114,94.00544170429548,258,590,1,0.7467870788468218,258,590,1,0.7467870788468218,2026-02-28|2026-05-27,True
760686,34548,32244,2304,0,34548,0,0,34548,2304,2304,2304,2304,2304,2304,120,0,8,118.0/E,6.6689822855158045,2304,1440,8,34548,1440,120,100.0,2304,1440,8,6.6689822855158045,2304,1440,8,6.6689822855158045,2304,1440,8,6.6689822855158045,2304,1440,8,6.6689822855158045,2304,1440,8,6.6689822855158045,2304,1440,8,6.6689822855158045,2026-02-28|2026-05-27,True
760693,34548,31956,2592,0,34548,0,0,34548,2592,2592,2592,2592,2592,2592,120,0,9,118.0/E,7.50260507120528,2592,1440,9,34548,1440,120,100.0,2592,1440,9,7.50260507120528,2592,1440,9,7.50260507120528,2592,1440,9,7.50260507120528,2592,1440,9,7.50260507120528,2592,1440,9,7.50260507120528,2592,1440,9,7.50260507120528,2026-02-28|2026-05-27,True
760726,34548,31391,3157,0,34548,0,0,34548,3157,3157,3157,3157,3157,3157,120,0,11,118.0/E,9.13801088340859,3157,1440,11,34548,1440,120,100.0,3157,1440,11,9.13801088340859,3157,1440,11,9.13801088340859,3157,1440,11,9.13801088340859,3157,1440,11,9.13801088340859,3157,1440,11,9.13801088340859,3157,1440,11,9.13801088340859,2026-02-28|2026-05-27,True
760738,34548,31391,3157,0,34548,0,0,34548,3157,3157,3157,3157,3157,3157,120,0,11,118.0/E,9.13801088340859,3157,1440,11,34548,1440,120,100.0,3157,1440,11,9.13801088340859,3157,1440,11,9.13801088340859,3157,1440,11,9.13801088340859,3157,1440,11,9.13801088340859,3157,1440,11,9.13801088340859,3157,1440,11,9.13801088340859,2026-02-28|2026-05-27,True
760746,34548,31391,3157,0,34548,0,0,34548,3157,3157,3157,3157,0,0,120,0,11,118.0/E,9.13801088340859,3157,1440,11,34548,1440,120,100.0,3157,1440,11,9.13801088340859,3157,1440,11,9.13801088340859,3157,1440,11,9.13801088340859,3157,1440,11,9.13801088340859,0,0,0,0.0,0,0,0,0.0,2026-02-28|2026-05-27,True
760756,34548,31391,3157,0,34548,0,0,34548,3157,3157,3157,3157,3157,3157,120,0,11,118.0/E,9.13801088340859,3157,1440,11,34548,1440,120,100.0,3157,1440,11,9.13801088340859,3157,1440,11,9.13801088340859,3157,1440,11,9.13801088340859,3157,1440,11,9.13801088340859,3157,1440,11,9.13801088340859,3157,1440,11,9.13801088340859,2026-02-28|2026-05-27,True
760765,34548,34288,260,0,34548,0,0,34548,260,260,260,260,257,257,120,0,1,118.0/E,0.7525761259696654,260,960,1,34548,1440,120,100.0,260,960,1,0.7525761259696654,260,960,1,0.7525761259696654,260,960,1,0.7525761259696654,260,960,1,0.7525761259696654,257,960,1,0.7438925552854,257,960,1,0.7438925552854,2026-02-28|2026-05-27,True
760774,34548,31391,3157,0,34548,0,0,34548,3157,3157,3157,3157,3157,3157,120,0,11,118.0/E,9.13801088340859,3157,1440,11,34548,1440,120,100.0,3157,1440,11,9.13801088340859,3157,1440,11,9.13801088340859,3157,1440,11,9.13801088340859,3157,1440,11,9.13801088340859,3157,1440,11,9.13801088340859,3157,1440,11,9.13801088340859,2026-02-28|2026-05-27,True
760782,34548,31391,3157,0,34548,0,0,34548,3157,3157,3157,3157,3157,3157,120,0,11,118.0/E,9.13801088340859,3157,1440,11,34548,1440,120,100.0,3157,1440,11,9.13801088340859,3157,1440,11,9.13801088340859,3157,1440,11,9.13801088340859,3157,1440,11,9.13801088340859,3157,1440,11,9.13801088340859,3157,1440,11,9.13801088340859,2026-02-28|2026-05-27,True
760801,34548,31391,3157,0,34548,0,0,34548,3157,3157,3157,3157,3157,3157,120,0,11,118.0/E,9.13801088340859,3157,1440,11,34548,1440,120,100.0,3157,1440,11,9.13801088340859,3157,1440,11,9.13801088340859,3157,1440,11,9.13801088340859,3157,1440,11,9.13801088340859,3157,1440,11,9.13801088340859,3157,1440,11,9.13801088340859,2026-02-28|2026-05-27,True
760814,34548,31391,3157,0,34548,0,0,34548,3157,3157,3157,3157,3157,3157,120,0,11,118.0/E,9.13801088340859,3157,1440,11,34548,1440,120,100.0,3157,1440,11,9.13801088340859,3157,1440,11,9.13801088340859,3157,1440,11,9.13801088340859,3157,1440,11,9.13801088340859,3157,1440,11,9.13801088340859,3157,1440,11,9.13801088340859,2026-02-28|2026-05-27,True
760869,34548,31391,3157,0,34548,0,0,34548,3157,3157,3157,3157,3157,3157,120,0,11,118.0/W,9.13801088340859,3157,1440,11,34548,1440,120,100.0,3157,1440,11,9.13801088340859,3157,1440,11,9.13801088340859,3157,1440,11,9.13801088340859,3157,1440,11,9.13801088340859,3157,1440,11,9.13801088340859,3157,1440,11,9.13801088340859,2026-02-28|2026-05-27,True
760892,34548,31391,3157,0,34548,0,0,34548,3157,3157,3157,3157,3157,3157,120,0,11,118.0/W,9.13801088340859,3157,1440,11,34548,1440,120,100.0,3157,1440,11,9.13801088340859,3157,1440,11,9.13801088340859,3157,1440,11,9.13801088340859,3157,1440,11,9.13801088340859,3157,1440,11,9.13801088340859,3157,1440,11,9.13801088340859,2026-02-28|2026-05-27,True
760900,34548,31391,3157,0,34548,0,0,34548,3157,3157,3157,3157,0,0,120,0,11,118.0/W,9.13801088340859,3157,1440,11,34548,1440,120,100.0,3157,1440,11,9.13801088340859,3157,1440,11,9.13801088340859,3157,1440,11,9.13801088340859,3157,1440,11,9.13801088340859,0,0,0,0.0,0,0,0,0.0,2026-02-28|2026-05-27,True
760911,34548,31391,3157,0,34548,0,0,34548,3157,3157,3157,3157,3157,3157,120,0,11,118.0/W,9.13801088340859,3157,1440,11,34548,1440,120,100.0,3157,1440,11,9.13801088340859,3157,1440,11,9.13801088340859,3157,1440,11,9.13801088340859,3157,1440,11,9.13801088340859,3157,1440,11,9.13801088340859,3157,1440,11,9.13801088340859,2026-02-28|2026-05-27,True
760932,34548,31391,3157,0,34548,0,0,34548,3157,3157,3157,3157,2272,2272,120,0,11,118.0/W,9.13801088340859,3157,1440,11,34548,1440,120,100.0,3157,1440,11,9.13801088340859,3157,1440,11,9.13801088340859,3157,1440,11,9.13801088340859,3157,1440,11,9.13801088340859,2272,1440,8,6.576357531550307,2272,1440,8,6.576357531550307,2026-02-28|2026-05-27,True
760941,34548,32831,1717,0,34548,0,0,34548,1717,1717,1717,1717,1717,1717,120,0,6,118.0/W,4.9698969549612135,1717,1440,6,34548,1440,120,100.0,1717,1440,6,4.9698969549612135,1717,1440,6,4.9698969549612135,1717,1440,6,4.9698969549612135,1717,1440,6,4.9698969549612135,1717,1440,6,4.9698969549612135,1717,1440,6,4.9698969549612135,2026-02-28|2026-05-27,True
760959,34548,31391,3157,0,34548,0,0,34548,3157,3157,3157,3157,3157,3157,120,0,11,118.0/W,9.13801088340859,3157,1440,11,34548,1440,120,100.0,3157,1440,11,9.13801088340859,3157,1440,11,9.13801088340859,3157,1440,11,9.13801088340859,3157,1440,11,9.13801088340859,3157,1440,11,9.13801088340859,3157,1440,11,9.13801088340859,2026-02-28|2026-05-27,True
760971,34548,31391,3157,0,34548,0,0,34548,3157,3157,3157,3157,3157,3157,120,0,11,118.0/W,9.13801088340859,3157,1440,11,34548,1440,120,100.0,3157,1440,11,9.13801088340859,3157,1440,11,9.13801088340859,3157,1440,11,9.13801088340859,3157,1440,11,9.13801088340859,3157,1440,11,9.13801088340859,3157,1440,11,9.13801088340859,2026-02-28|2026-05-27,True
760987,34548,7844,26704,0,34548,0,0,34548,26704,26704,26416,26416,26416,26416,120,0,94,134.0/E,77.29535718420748,26704,1440,94,34548,1440,120,100.0,26704,1440,94,77.29535718420748,26704,1440,94,77.29535718420748,26416,1440,93,76.461734398518,26416,1440,93,76.461734398518,26416,1440,93,76.461734398518,26416,1440,93,76.461734398518,2026-02-28|2026-05-27,True
761003,34548,8996,25552,0,34548,0,0,34548,25552,25552,25552,25552,25552,25552,120,0,90,134.0/E,73.96086604144958,25552,1440,90,34548,1440,120,100.0,25552,1440,90,73.96086604144958,25552,1440,90,73.96086604144958,25552,1440,90,73.96086604144958,25552,1440,90,73.96086604144958,25552,1440,90,73.96086604144958,25552,1440,90,73.96086604144958,2026-02-28|2026-05-27,True
761165,34548,2948,31600,0,34548,0,0,34548,31600,31600,31599,26145,7735,7735,120,0,111,210.0/E,91.46694454092857,31600,1440,111,34548,1440,120,100.0,31600,1440,111,91.46694454092857,31600,1440,111,91.46694454092857,31599,1440,111,91.46405001736714,26145,1440,92,75.6773185133727,7735,1440,28,22.389139747597547,7735,1440,28,22.389139747597547,2026-02-28|2026-05-27,True
761177,34548,4189,30359,0,34548,0,0,34548,30359,30359,25940,8171,0,0,120,0,107,210.0/E,87.87484080120412,30359,1440,107,34548,1440,120,100.0,30359,1440,107,87.87484080120412,30359,1440,107,87.87484080120412,25940,1440,92,75.08394118328123,8171,1440,31,23.651152020377445,0,0,0,0.0,0,0,0,0.0,2026-02-28|2026-05-27,True
761191,34548,4388,30160,0,34548,0,0,34548,30160,30160,29313,29313,28761,28761,120,0,106,210.0/E,87.29883061248118,30160,1440,106,34548,1440,120,100.0,30160,1440,106,87.29883061248118,30160,1440,106,87.29883061248118,29313,1440,103,84.84716915595693,29313,1440,103,84.84716915595693,28761,1440,102,83.2493921500521,28761,1440,102,83.2493921500521,2026-02-28|2026-05-27,True
761206,34548,2948,31600,0,34548,0,0,34548,31600,31600,31600,31600,31599,31599,120,0,111,210.0/E,91.46694454092857,31600,1440,111,34548,1440,120,100.0,31600,1440,111,91.46694454092857,31600,1440,111,91.46694454092857,31600,1440,111,91.46694454092857,31600,1440,111,91.46694454092857,31599,1440,111,91.46405001736714,31599,1440,111,91.46405001736714,2026-02-28|2026-05-27,True
761220,34548,4813,29735,0,34548,0,0,34548,29735,29735,29734,29733,29733,29733,120,0,104,210.0/E,86.06865809887692,29735,1440,104,34548,1440,120,100.0,29735,1440,104,86.06865809887692,29735,1440,104,86.06865809887692,29734,1440,104,86.0657635753155,29733,1440,104,86.06286905175408,29733,1440,104,86.06286905175408,29733,1440,104,86.06286905175408,2026-02-28|2026-05-27,True
761356,34548,933,33615,0,34548,0,0,34548,33615,33615,33324,33323,29742,29742,120,0,118,210.0/W,97.29940951719347,33615,1440,118,34548,1440,120,100.0,33615,1440,118,97.29940951719347,33615,1440,118,97.29940951719347,33324,1440,117,96.45710316081973,33323,1440,117,96.4542086372583,29742,1440,107,86.08891976380687,29742,1440,107,86.08891976380687,2026-02-28|2026-05-27,True
761374,34548,1220,33328,0,34548,0,0,34548,33328,33328,33328,33328,33328,33328,120,0,117,210.0/W,96.46868125506542,33328,1440,117,34548,1440,120,100.0,33328,1440,117,96.46868125506542,33328,1440,117,96.46868125506542,33328,1440,117,96.46868125506542,33328,1440,117,96.46868125506542,33328,1440,117,96.46868125506542,33328,1440,117,96.46868125506542,2026-02-28|2026-05-27,True
761552,34548,1796,32752,0,34548,0,0,34548,32752,32752,32752,32752,31870,31870,120,0,115,405.0/S,94.80143568368646,32752,1440,115,34548,1440,120,100.0,32752,1440,115,94.80143568368646,32752,1440,115,94.80143568368646,32752,1440,115,94.80143568368646,32752,1440,115,94.80143568368646,31870,1440,112,92.24846590251245,31870,1440,112,92.24846590251245,2026-02-28|2026-05-27,True
761776,34548,19900,14648,0,34548,0,0,34548,14648,14648,14648,14648,14648,14648,120,0,52,710.0/S,42.39898112770638,14648,1440,52,34548,1440,120,100.0,14648,1440,52,42.39898112770638,14648,1440,52,42.39898112770638,14648,1440,52,42.39898112770638,14648,1440,52,42.39898112770638,14648,1440,52,42.39898112770638,14648,1440,52,42.39898112770638,2026-02-28|2026-05-27,True
761844,34548,13893,20655,0,34548,0,0,34548,20655,20655,20367,20367,20366,20366,120,0,73,605.0/N,59.78638416116707,20655,1440,73,34548,1440,120,100.0,20655,1440,73,59.78638416116707,20655,1440,73,59.78638416116707,20367,1440,72,58.9527613754776,20367,1440,72,58.9527613754776,20366,1440,72,58.94986685191618,20366,1440,72,58.94986685191618,2026-02-28|2026-05-27,True
761851,34548,19900,14648,0,34548,0,0,34548,14648,14648,14648,14648,14360,0,120,0,52,710.0/S,42.39898112770638,14648,1440,52,34548,1440,120,100.0,14648,1440,52,42.39898112770638,14648,1440,52,42.39898112770638,14648,1440,52,42.39898112770638,14648,1440,52,42.39898112770638,14360,1440,51,41.56535834201691,0,0,0,0.0,2026-02-28|2026-05-27,True
762329,34548,1796,32752,0,34548,0,0,34548,32752,32752,32752,32752,32752,32752,120,0,115,2.0/W,94.80143568368646,32752,1440,115,34548,1440,120,100.0,32752,1440,115,94.80143568368646,32752,1440,115,94.80143568368646,32752,1440,115,94.80143568368646,32752,1440,115,94.80143568368646,32752,1440,115,94.80143568368646,32752,1440,115,94.80143568368646,2026-02-28|2026-05-27,True
763367,34548,33396,1152,0,34548,0,0,34548,1152,1152,1152,1152,0,0,120,0,4,110.0/N,3.3344911427579023,1152,1440,4,34548,1440,120,100.0,1152,1440,4,3.3344911427579023,1152,1440,4,3.3344911427579023,1152,1440,4,3.3344911427579023,1152,1440,4,3.3344911427579023,0,0,0,0.0,0,0,0,0.0,2026-02-28|2026-05-27,True
763408,34548,28500,6048,0,34548,0,0,34548,6048,6048,6047,6047,6047,6047,120,0,21,110.0/N,17.506078499478985,6048,1440,21,34548,1440,120,100.0,6048,1440,21,17.506078499478985,6048,1440,21,17.506078499478985,6047,1440,21,17.503183975917565,6047,1440,21,17.503183975917565,6047,1440,21,17.503183975917565,6047,1440,21,17.503183975917565,2026-02-28|2026-05-27,True
763479,34548,1220,33328,0,34548,0,0,34548,33328,33328,33328,33326,33326,33326,120,0,117,10.0/E,96.46868125506542,33328,1440,117,34548,1440,120,100.0,33328,1440,117,96.46868125506542,33328,1440,117,96.46868125506542,33328,1440,117,96.46868125506542,33326,1440,117,96.46289220794257,33326,1440,117,96.46289220794257,33326,1440,117,96.46289220794257,2026-02-28|2026-05-27,True
763558,34548,1508,33040,0,34548,0,0,34548,33040,33040,33040,33040,32747,32747,120,0,116,57.0/N,95.63505846937593,33040,1440,116,34548,1440,120,100.0,33040,1440,116,95.63505846937593,33040,1440,116,95.63505846937593,33040,1440,116,95.63505846937593,33040,1440,116,95.63505846937593,32747,1440,115,94.78696306587936,32747,1440,115,94.78696306587936,2026-02-28|2026-05-27,True
763563,34548,932,33616,0,34548,0,0,34548,33616,33616,33616,33614,33614,33614,120,0,118,57.0/N,97.30230404075489,33616,1440,118,34548,1440,120,100.0,33616,1440,118,97.30230404075489,33616,1440,118,97.30230404075489,33616,1440,118,97.30230404075489,33614,1440,118,97.29651499363204,33614,1440,118,97.29651499363204,33614,1440,118,97.29651499363204,2026-02-28|2026-05-27,True
763573,34548,4142,30406,0,34548,0,0,34548,30406,30406,29830,29823,14936,14936,120,0,107,57.0/S,88.01088340859094,30406,1440,107,34548,1440,120,100.0,30406,1440,107,88.01088340859094,30406,1440,107,88.01088340859094,29830,1440,105,86.343637837212,29823,1440,105,86.32337617228204,14936,1440,53,43.232603913395856,14936,1440,53,43.232603913395856,2026-02-28|2026-05-27,True
763578,34548,1508,33040,0,34548,0,0,34548,33040,33040,33040,33039,33039,33039,120,0,116,57.0/S,95.63505846937593,33040,1440,116,34548,1440,120,100.0,33040,1440,116,95.63505846937593,33040,1440,116,95.63505846937593,33040,1440,116,95.63505846937593,33039,1440,116,95.63216394581453,33039,1440,116,95.63216394581453,33039,1440,116,95.63216394581453,2026-02-28|2026-05-27,True
763583,34548,5540,29008,0,34548,0,0,34548,29008,29008,29008,29008,29008,29008,120,0,102,57.0/S,83.96433946972328,29008,1440,102,34548,1440,120,100.0,29008,1440,102,83.96433946972328,29008,1440,102,83.96433946972328,29008,1440,102,83.96433946972328,29008,1440,102,83.96433946972328,29008,1440,102,83.96433946972328,29008,1440,102,83.96433946972328,2026-02-28|2026-05-27,True
763616,34548,932,33616,0,34548,0,0,34548,33616,33616,33616,18614,576,576,120,0,118,605.0/S,97.30230404075489,33616,1440,118,34548,1440,120,100.0,33616,1440,118,97.30230404075489,33616,1440,118,97.30230404075489,33616,1440,118,97.30230404075489,18614,1440,66,53.8786615723052,576,1440,2,1.6672455713789511,576,1440,2,1.6672455713789511,2026-02-28|2026-05-27,True
763649,34548,932,33616,0,34548,0,0,34548,33616,33616,33616,33616,33616,33616,120,0,118,57.0/S,97.30230404075489,33616,1440,118,34548,1440,120,100.0,33616,1440,118,97.30230404075489,33616,1440,118,97.30230404075489,33616,1440,118,97.30230404075489,33616,1440,118,97.30230404075489,33616,1440,118,97.30230404075489,33616,1440,118,97.30230404075489,2026-02-28|2026-05-27,True
763669,34548,11548,23000,0,34548,0,0,34548,23000,23000,23000,23000,23000,23000,120,0,80,5.0/N,66.57404191270118,23000,1440,80,34548,1440,120,100.0,23000,1440,80,66.57404191270118,23000,1440,80,66.57404191270118,23000,1440,80,66.57404191270118,23000,1440,80,66.57404191270118,23000,1440,80,66.57404191270118,23000,1440,80,66.57404191270118,2026-02-28|2026-05-27,True
763674,34548,2372,32176,0,34548,0,0,34548,32176,32176,32176,32176,0,0,120,0,113,5.0/N,93.13419011230751,32176,1440,113,34548,1440,120,100.0,32176,1440,113,93.13419011230751,32176,1440,113,93.13419011230751,32176,1440,113,93.13419011230751,32176,1440,113,93.13419011230751,0,0,0,0.0,0,0,0,0.0,2026-02-28|2026-05-27,True
763683,34548,932,33616,0,34548,0,0,34548,33616,33616,33616,33616,27499,27499,120,0,118,605.0/N,97.30230404075489,33616,1440,118,34548,1440,120,100.0,33616,1440,118,97.30230404075489,33616,1440,118,97.30230404075489,33616,1440,118,97.30230404075489,33616,1440,118,97.30230404075489,27499,1440,97,79.5965034155378,27499,1440,97,79.5965034155378,2026-02-28|2026-05-27,True
764001,34548,932,33616,0,34548,0,0,34548,33616,33616,33616,33616,33616,33616,120,0,118,605.0/S,97.30230404075489,33616,1440,118,34548,1440,120,100.0,33616,1440,118,97.30230404075489,33616,1440,118,97.30230404075489,33616,1440,118,97.30230404075489,33616,1440,118,97.30230404075489,33616,1440,118,97.30230404075489,33616,1440,118,97.30230404075489,2026-02-28|2026-05-27,True
764021,34548,32801,1747,0,34548,0,0,34548,1747,1747,0,0,0,0,120,0,7,605.0/S,5.056732661803867,1747,1440,6,34548,1440,120,100.0,1747,1440,6,5.056732661803867,1747,1440,6,5.056732661803867,0,0,0,0.0,0,0,0,0.0,0,0,0,0.0,0,0,0,0.0,2026-02-28|2026-05-27,True
764064,34548,31391,3157,0,34548,0,0,34548,3157,3157,3157,3157,3157,3157,120,0,11,118.0/W,9.13801088340859,3157,1440,11,34548,1440,120,100.0,3157,1440,11,9.13801088340859,3157,1440,11,9.13801088340859,3157,1440,11,9.13801088340859,3157,1440,11,9.13801088340859,3157,1440,11,9.13801088340859,3157,1440,11,9.13801088340859,2026-02-28|2026-05-27,True
764068,34548,31391,3157,0,34548,0,0,34548,3157,3157,3157,3157,0,0,120,0,11,118.0/E,9.13801088340859,3157,1440,11,34548,1440,120,100.0,3157,1440,11,9.13801088340859,3157,1440,11,9.13801088340859,3157,1440,11,9.13801088340859,3157,1440,11,9.13801088340859,0,0,0,0.0,0,0,0,0.0,2026-02-28|2026-05-27,True
764072,34548,31391,3157,0,34548,0,0,34548,3157,3157,3157,3157,3157,3157,120,0,11,118.0/E,9.13801088340859,3157,1440,11,34548,1440,120,100.0,3157,1440,11,9.13801088340859,3157,1440,11,9.13801088340859,3157,1440,11,9.13801088340859,3157,1440,11,9.13801088340859,3157,1440,11,9.13801088340859,3157,1440,11,9.13801088340859,2026-02-28|2026-05-27,True
764076,34548,31391,3157,0,34548,0,0,34548,3157,3157,3157,3157,2879,2879,120,0,11,118.0/W,9.13801088340859,3157,1440,11,34548,1440,120,100.0,3157,1440,11,9.13801088340859,3157,1440,11,9.13801088340859,3157,1440,11,9.13801088340859,3157,1440,11,9.13801088340859,2879,1440,10,8.333333333333334,2879,1440,10,8.333333333333334,2026-02-28|2026-05-27,True
764081,34548,31973,2575,0,34548,0,0,34548,2575,2575,2575,2575,2575,2575,120,0,9,118.0/E,7.453398170661109,2575,1440,9,34548,1440,120,100.0,2575,1440,9,7.453398170661109,2575,1440,9,7.453398170661109,2575,1440,9,7.453398170661109,2575,1440,9,7.453398170661109,2575,1440,9,7.453398170661109,2575,1440,9,7.453398170661109,2026-02-28|2026-05-27,True
764085,34548,31391,3157,0,34548,0,0,34548,3157,3157,3157,3157,3157,3157,120,0,11,118.0/W,9.13801088340859,3157,1440,11,34548,1440,120,100.0,3157,1440,11,9.13801088340859,3157,1440,11,9.13801088340859,3157,1440,11,9.13801088340859,3157,1440,11,9.13801088340859,3157,1440,11,9.13801088340859,3157,1440,11,9.13801088340859,2026-02-28|2026-05-27,True
764096,34548,932,33616,0,34548,0,0,34548,33616,33616,33616,33616,33614,33614,120,0,118,57.0/N,97.30230404075489,33616,1440,118,34548,1440,120,100.0,33616,1440,118,97.30230404075489,33616,1440,118,97.30230404075489,33616,1440,118,97.30230404075489,33616,1440,118,97.30230404075489,33614,1440,118,97.29651499363204,33614,1440,118,97.29651499363204,2026-02-28|2026-05-27,True
764161,34548,31956,2592,0,34548,0,0,34548,2592,2592,2592,2592,2592,2592,120,0,9,118.0/W,7.50260507120528,2592,1440,9,34548,1440,120,100.0,2592,1440,9,7.50260507120528,2592,1440,9,7.50260507120528,2592,1440,9,7.50260507120528,2592,1440,9,7.50260507120528,2592,1440,9,7.50260507120528,2592,1440,9,7.50260507120528,2026-02-28|2026-05-27,True
764165,34548,31956,2592,0,34548,0,0,34548,2592,2592,2592,2592,2592,2592,120,0,9,118.0/E,7.50260507120528,2592,1440,9,34548,1440,120,100.0,2592,1440,9,7.50260507120528,2592,1440,9,7.50260507120528,2592,1440,9,7.50260507120528,2592,1440,9,7.50260507120528,2592,1440,9,7.50260507120528,2592,1440,9,7.50260507120528,2026-02-28|2026-05-27,True
764177,34548,31391,3157,0,34548,0,0,34548,3157,3157,3157,3157,3156,3156,120,0,11,118.0/W,9.13801088340859,3157,1440,11,34548,1440,120,100.0,3157,1440,11,9.13801088340859,3157,1440,11,9.13801088340859,3157,1440,11,9.13801088340859,3157,1440,11,9.13801088340859,3156,1440,11,9.135116359847169,3156,1440,11,9.135116359847169,2026-02-28|2026-05-27,True
764181,34548,31391,3157,0,34548,0,0,34548,3157,3157,3157,3157,3157,3157,120,0,11,118.0/E,9.13801088340859,3157,1440,11,34548,1440,120,100.0,3157,1440,11,9.13801088340859,3157,1440,11,9.13801088340859,3157,1440,11,9.13801088340859,3157,1440,11,9.13801088340859,3157,1440,11,9.13801088340859,3157,1440,11,9.13801088340859,2026-02-28|2026-05-27,True
764185,34548,31391,3157,0,34548,0,0,34548,3157,3157,3157,3157,3157,3157,120,0,11,118.0/E,9.13801088340859,3157,1440,11,34548,1440,120,100.0,3157,1440,11,9.13801088340859,3157,1440,11,9.13801088340859,3157,1440,11,9.13801088340859,3157,1440,11,9.13801088340859,3157,1440,11,9.13801088340859,3157,1440,11,9.13801088340859,2026-02-28|2026-05-27,True
764189,34548,31391,3157,0,34548,0,0,34548,3157,3157,3157,3157,0,0,120,0,11,118.0/W,9.13801088340859,3157,1440,11,34548,1440,120,100.0,3157,1440,11,9.13801088340859,3157,1440,11,9.13801088340859,3157,1440,11,9.13801088340859,3157,1440,11,9.13801088340859,0,0,0,0.0,0,0,0,0.0,2026-02-28|2026-05-27,True
764222,34548,932,33616,0,34548,0,0,34548,33616,33616,33616,33616,33615,33615,120,0,118,10.0/E,97.30230404075489,33616,1440,118,34548,1440,120,100.0,33616,1440,118,97.30230404075489,33616,1440,118,97.30230404075489,33616,1440,118,97.30230404075489,33616,1440,118,97.30230404075489,33615,1440,118,97.29940951719347,33615,1440,118,97.29940951719347,2026-02-28|2026-05-27,True
764227,34548,932,33616,0,34548,0,0,34548,33616,33616,33614,29555,19390,19390,120,0,118,10.0/W,97.30230404075489,33616,1440,118,34548,1440,120,100.0,33616,1440,118,97.30230404075489,33616,1440,118,97.30230404075489,33614,1440,118,97.29651499363204,29555,1440,104,85.547643857821,19390,1440,69,56.12481185596851,19390,1440,69,56.12481185596851,2026-02-28|2026-05-27,True
764276,34548,932,33616,0,34548,0,0,34548,33616,33616,33616,33616,33616,33616,120,0,118,14.0/N,97.30230404075489,33616,1440,118,34548,1440,120,100.0,33616,1440,118,97.30230404075489,33616,1440,118,97.30230404075489,33616,1440,118,97.30230404075489,33616,1440,118,97.30230404075489,33616,1440,118,97.30230404075489,33616,1440,118,97.30230404075489,2026-02-28|2026-05-27,True
764297,34548,4625,29923,0,34548,0,0,34548,29923,29923,29923,29923,0,0,120,0,104,14.0/S,86.61282852842422,29923,1440,104,34548,1440,120,100.0,29923,1440,104,86.61282852842422,29923,1440,104,86.61282852842422,29923,1440,104,86.61282852842422,29923,1440,104,86.61282852842422,0,0,0,0.0,0,0,0,0.0,2026-02-28|2026-05-27,True
764304,34548,4337,30211,0,34548,0,0,34548,30211,30211,30211,30211,30211,30211,120,0,105,14.0/N,87.4464513141137,30211,1440,105,34548,1440,120,100.0,30211,1440,105,87.4464513141137,30211,1440,105,87.4464513141137,30211,1440,105,87.4464513141137,30211,1440,105,87.4464513141137,30211,1440,105,87.4464513141137,30211,1440,105,87.4464513141137,2026-02-28|2026-05-27,True
764311,34548,5203,29345,0,34548,0,0,34548,29345,29345,29345,29345,29345,29345,120,0,102,14.0/S,84.93979390992243,29345,1440,102,34548,1440,120,100.0,29345,1440,102,84.93979390992243,29345,1440,102,84.93979390992243,29345,1440,102,84.93979390992243,29345,1440,102,84.93979390992243,29345,1440,102,84.93979390992243,29345,1440,102,84.93979390992243,2026-02-28|2026-05-27,True
764578,34548,1796,32752,0,34548,0,0,34548,32752,32752,32752,32752,32747,32747,120,0,115,405.0/S,94.80143568368646,32752,1440,115,34548,1440,120,100.0,32752,1440,115,94.80143568368646,32752,1440,115,94.80143568368646,32752,1440,115,94.80143568368646,32752,1440,115,94.80143568368646,32747,1440,115,94.78696306587936,32747,1440,115,94.78696306587936,2026-02-28|2026-05-27,True
764583,34548,1796,32752,0,34548,0,0,34548,32752,32752,32752,32752,32388,32388,120,0,115,405.0/N,94.80143568368646,32752,1440,115,34548,1440,120,100.0,32752,1440,115,94.80143568368646,32752,1440,115,94.80143568368646,32752,1440,115,94.80143568368646,32752,1440,115,94.80143568368646,32388,1440,114,93.74782910732894,32388,1440,114,93.74782910732894,2026-02-28|2026-05-27,True
764781,34548,24796,9752,0,34548,0,0,34548,9752,9752,9752,9752,9172,0,120,0,34,101.0/S,28.227393770985294,9752,1440,34,34548,1440,120,100.0,9752,1440,34,28.227393770985294,9752,1440,34,28.227393770985294,9752,1440,34,28.227393770985294,9752,1440,34,28.227393770985294,9172,1440,32,26.548570105360657,0,0,0,0.0,2026-02-28|2026-05-27,True
764798,34548,14412,20136,0,34548,0,0,34548,20136,20136,20136,20136,20136,20136,120,0,70,101.0/S,58.284126432789165,20136,1440,70,34548,1440,120,100.0,20136,1440,70,58.284126432789165,20136,1440,70,58.284126432789165,20136,1440,70,58.284126432789165,20136,1440,70,58.284126432789165,20136,1440,70,58.284126432789165,20136,1440,70,58.284126432789165,2026-02-28|2026-05-27,True
764803,34548,14124,20424,0,34548,0,0,34548,20424,20424,19857,13212,4594,0,120,0,71,101.0/N,59.117749218478636,20424,1440,71,34548,1440,120,100.0,20424,1440,71,59.117749218478636,20424,1440,71,59.117749218478636,19857,1440,69,57.47655435915248,13212,1440,46,38.24244529350469,4594,1440,16,13.297441241171704,0,0,0,0.0,2026-02-28|2026-05-27,True
764808,34548,1204,33344,0,34548,0,0,34548,33344,33344,33344,0,0,0,120,0,117,101.0/N,96.51499363204816,33344,1440,117,34548,1440,120,100.0,33344,1440,117,96.51499363204816,33344,1440,117,96.51499363204816,33344,1440,117,96.51499363204816,0,0,0,0.0,0,0,0,0.0,0,0,0,0.0,2026-02-28|2026-05-27,True
764814,34548,1203,33345,0,34548,0,0,34548,33345,33345,33345,28460,14346,14346,120,0,117,101.0/S,96.51788815560958,33345,1440,117,34548,1440,120,100.0,33345,1440,117,96.51788815560958,33345,1440,117,96.51788815560958,33345,1440,117,96.51788815560958,28460,1440,100,82.37814055806415,14346,1440,51,41.524835012157,14346,1440,51,41.524835012157,2026-02-28|2026-05-27,True
764819,34548,1782,32766,0,34548,0,0,34548,32766,32766,32766,32766,32766,31309,120,0,115,101.0/N,94.84195901354637,32766,1440,115,34548,1440,120,100.0,32766,1440,115,94.84195901354637,32766,1440,115,94.84195901354637,32766,1440,115,94.84195901354637,32766,1440,115,94.84195901354637,32766,1440,115,94.84195901354637,31309,1440,110,90.62463818455483,2026-02-28|2026-05-27,True
764824,34548,1203,33345,0,34548,0,0,34548,33345,33345,33345,33345,33337,33337,120,0,117,101.0/S,96.51788815560958,33345,1440,117,34548,1440,120,100.0,33345,1440,117,96.51788815560958,33345,1440,117,96.51788815560958,33345,1440,117,96.51788815560958,33345,1440,117,96.51788815560958,33337,1440,117,96.49473196711821,33337,1440,117,96.49473196711821,2026-02-28|2026-05-27,True
764839,34548,13017,21531,0,34548,0,0,34548,21531,21531,21243,21243,20955,20955,120,0,76,101.0/N,62.32198680097256,21531,1440,76,34548,1440,120,100.0,21531,1440,76,62.32198680097256,21531,1440,76,62.32198680097256,21243,1440,75,61.48836401528308,21243,1440,75,61.48836401528308,20955,1440,74,60.65474122959361,20955,1440,74,60.65474122959361,2026-02-28|2026-05-27,True
764848,34548,2648,31900,0,34548,0,0,34548,31900,31900,31900,31612,31612,31612,120,0,112,101.0/S,92.3353016093551,31900,1440,112,34548,1440,120,100.0,31900,1440,112,92.3353016093551,31900,1440,112,92.3353016093551,31900,1440,112,92.3353016093551,31612,1440,111,91.50167882366563,31612,1440,111,91.50167882366563,31612,1440,111,91.50167882366563,2026-02-28|2026-05-27,True
764863,34548,6928,27620,0,34548,0,0,34548,27620,27620,27039,27039,0,0,120,0,96,101.0/N,79.94674076646984,27620,1440,96,34548,1440,120,100.0,27620,1440,96,79.94674076646984,27620,1440,96,79.94674076646984,27039,1440,94,78.26502257728377,27039,1440,94,78.26502257728377,0,0,0,0.0,0,0,0,0.0,2026-02-28|2026-05-27,True
764915,34548,932,33616,0,34548,0,0,34548,33616,33616,33616,33616,33327,33327,120,0,118,101.0/N,97.30230404075489,33616,1440,118,34548,1440,120,100.0,33616,1440,118,97.30230404075489,33616,1440,118,97.30230404075489,33616,1440,118,97.30230404075489,33616,1440,118,97.30230404075489,33327,1440,117,96.465786731504,33327,1440,117,96.465786731504,2026-02-28|2026-05-27,True
764932,34548,13016,21532,0,34548,0,0,34548,21532,21532,21532,21532,21532,21532,120,0,76,101.0/N,62.32488132453398,21532,1440,76,34548,1440,120,100.0,21532,1440,76,62.32488132453398,21532,1440,76,62.32488132453398,21532,1440,76,62.32488132453398,21532,1440,76,62.32488132453398,21532,1440,76,62.32488132453398,21532,1440,76,62.32488132453398,2026-02-28|2026-05-27,True
765150,34548,1782,32766,0,34548,0,0,34548,32766,32766,32766,32766,32766,20353,120,0,115,101.0/S,94.84195901354637,32766,1440,115,34548,1440,120,100.0,32766,1440,115,94.84195901354637,32766,1440,115,94.84195901354637,32766,1440,115,94.84195901354637,32766,1440,115,94.84195901354637,32766,1440,115,94.84195901354637,20353,1440,72,58.91223804561769,2026-02-28|2026-05-27,True
765153,34548,8121,26427,0,34548,0,0,34548,26427,26427,26139,26139,26139,26139,120,0,93,405.0/S,76.49357415769364,26427,1440,93,34548,1440,120,100.0,26427,1440,93,76.49357415769364,26427,1440,93,76.49357415769364,26139,1440,92,75.65995137200417,26139,1440,92,75.65995137200417,26139,1440,92,75.65995137200417,26139,1440,92,75.65995137200417,2026-02-28|2026-05-27,True
765456,34548,4100,30448,0,34548,0,0,34548,30448,30448,30448,30445,30445,30445,120,0,107,60.0/W,88.13245339817067,30448,1440,107,34548,1440,120,100.0,30448,1440,107,88.13245339817067,30448,1440,107,88.13245339817067,30448,1440,107,88.13245339817067,30445,1440,107,88.1237698274864,30445,1440,107,88.1237698274864,30445,1440,107,88.1237698274864,2026-02-28|2026-05-27,True
765461,34548,7545,27003,0,34548,0,0,34548,27003,27003,27003,27003,26139,26139,120,0,95,60.0/W,78.1608197290726,27003,1440,95,34548,1440,120,100.0,27003,1440,95,78.1608197290726,27003,1440,95,78.1608197290726,27003,1440,95,78.1608197290726,27003,1440,95,78.1608197290726,26139,1440,92,75.65995137200417,26139,1440,92,75.65995137200417,2026-02-28|2026-05-27,True
765477,34548,4525,30023,0,34548,0,0,34548,30023,30023,30023,30022,30018,30018,120,0,105,210.0/E,86.9022808845664,30023,1440,105,34548,1440,120,100.0,30023,1440,105,86.9022808845664,30023,1440,105,86.9022808845664,30023,1440,105,86.9022808845664,30022,1440,105,86.89938636100497,30018,1440,105,86.8878082667593,30018,1440,105,86.8878082667593,2026-02-28|2026-05-27,True
765501,34548,33972,576,0,34548,0,0,34548,576,576,576,576,576,576,120,0,2,605.0/S,1.6672455713789511,576,1440,2,34548,1440,120,100.0,576,1440,2,1.6672455713789511,576,1440,2,1.6672455713789511,576,1440,2,1.6672455713789511,576,1440,2,1.6672455713789511,576,1440,2,1.6672455713789511,576,1440,2,1.6672455713789511,2026-02-28|2026-05-27,True
765591,34548,31420,3128,0,34548,0,0,34548,3128,3128,3128,3128,3128,3128,120,0,12,91.0/W,9.054069700127359,3128,1440,12,34548,1440,120,100.0,3128,1440,12,9.054069700127359,3128,1440,12,9.054069700127359,3128,1440,12,9.054069700127359,3128,1440,12,9.054069700127359,3128,1440,12,9.054069700127359,3128,1440,12,9.054069700127359,2026-02-28|2026-05-27,True
765920,34548,30815,3733,0,34548,0,0,34548,3733,3733,3733,3733,3733,3733,120,0,13,118.0/E,10.805256454787543,3733,1440,13,34548,1440,120,100.0,3733,1440,13,10.805256454787543,3733,1440,13,10.805256454787543,3733,1440,13,10.805256454787543,3733,1440,13,10.805256454787543,3733,1440,13,10.805256454787543,3733,1440,13,10.805256454787543,2026-02-28|2026-05-27,True
765922,34548,30815,3733,0,34548,0,0,34548,3733,3733,3733,3733,3733,3733,120,0,13,118.0/W,10.805256454787543,3733,1440,13,34548,1440,120,100.0,3733,1440,13,10.805256454787543,3733,1440,13,10.805256454787543,3733,1440,13,10.805256454787543,3733,1440,13,10.805256454787543,3733,1440,13,10.805256454787543,3733,1440,13,10.805256454787543,2026-02-28|2026-05-27,True
765958,34548,30815,3733,0,34548,0,0,34548,3733,3733,3733,3733,3733,3733,120,0,13,118.0/E,10.805256454787543,3733,1440,13,34548,1440,120,100.0,3733,1440,13,10.805256454787543,3733,1440,13,10.805256454787543,3733,1440,13,10.805256454787543,3733,1440,13,10.805256454787543,3733,1440,13,10.805256454787543,3733,1440,13,10.805256454787543,2026-02-28|2026-05-27,True
765960,34548,30815,3733,0,34548,0,0,34548,3733,3733,3733,3733,3733,3733,120,0,13,118.0/W,10.805256454787543,3733,1440,13,34548,1440,120,100.0,3733,1440,13,10.805256454787543,3733,1440,13,10.805256454787543,3733,1440,13,10.805256454787543,3733,1440,13,10.805256454787543,3733,1440,13,10.805256454787543,3733,1440,13,10.805256454787543,2026-02-28|2026-05-27,True
765993,34548,30815,3733,0,34548,0,0,34548,3733,3733,3733,3733,3733,0,120,0,13,118.0/W,10.805256454787543,3733,1440,13,34548,1440,120,100.0,3733,1440,13,10.805256454787543,3733,1440,13,10.805256454787543,3733,1440,13,10.805256454787543,3733,1440,13,10.805256454787543,3733,1440,13,10.805256454787543,0,0,0,0.0,2026-02-28|2026-05-27,True
765995,34548,30815,3733,0,34548,0,0,34548,3733,3733,3733,3733,3733,3733,120,0,13,118.0/E,10.805256454787543,3733,1440,13,34548,1440,120,100.0,3733,1440,13,10.805256454787543,3733,1440,13,10.805256454787543,3733,1440,13,10.805256454787543,3733,1440,13,10.805256454787543,3733,1440,13,10.805256454787543,3733,1440,13,10.805256454787543,2026-02-28|2026-05-27,True
766027,34548,32532,2016,0,34548,0,0,34548,2016,2016,2016,2016,2016,2016,120,0,7,118.0/W,5.835359499826328,2016,1440,7,34548,1440,120,100.0,2016,1440,7,5.835359499826328,2016,1440,7,5.835359499826328,2016,1440,7,5.835359499826328,2016,1440,7,5.835359499826328,2016,1440,7,5.835359499826328,2016,1440,7,5.835359499826328,2026-02-28|2026-05-27,True
766029,34548,32532,2016,0,34548,0,0,34548,2016,2016,2016,2016,2016,2016,120,0,7,118.0/E,5.835359499826328,2016,1440,7,34548,1440,120,100.0,2016,1440,7,5.835359499826328,2016,1440,7,5.835359499826328,2016,1440,7,5.835359499826328,2016,1440,7,5.835359499826328,2016,1440,7,5.835359499826328,2016,1440,7,5.835359499826328,2026-02-28|2026-05-27,True
766585,34548,3473,31075,0,34548,0,0,34548,31075,31075,31075,31075,20128,20128,120,0,108,60.0/E,89.94731967118213,31075,1440,108,34548,1440,120,100.0,31075,1440,108,89.94731967118213,31075,1440,108,89.94731967118213,31075,1440,108,89.94731967118213,31075,1440,108,89.94731967118213,20128,1440,70,58.26097024429779,20128,1440,70,58.26097024429779,2026-02-28|2026-05-27,True
766587,34548,3473,31075,0,34548,0,0,34548,31075,31075,30780,8761,826,826,120,0,108,60.0/W,89.94731967118213,31075,1440,108,34548,1440,120,100.0,31075,1440,108,89.94731967118213,31075,1440,108,89.94731967118213,30780,1440,107,89.0934352205627,8761,1440,32,25.358920921616303,826,730,3,2.3908764617343987,826,730,3,2.3908764617343987,2026-02-28|2026-05-27,True
766600,34548,4377,30171,0,34548,0,0,34548,30171,30171,29881,20373,8863,8863,120,0,106,60.0/E,87.33067037165682,30171,1440,106,34548,1440,120,100.0,30171,1440,106,87.33067037165682,30171,1440,106,87.33067037165682,29881,1440,105,86.4912585388445,20373,1440,72,58.970128516846124,8863,1440,32,25.654162324881323,8863,1440,32,25.654162324881323,2026-02-28|2026-05-27,True
766602,34548,4089,30459,0,34548,0,0,34548,30459,30459,30170,24309,12755,12755,120,0,107,60.0/W,88.16429315734631,30459,1440,107,34548,1440,120,100.0,30459,1440,107,88.16429315734631,30459,1440,107,88.16429315734631,30170,1440,106,87.3277758480954,24309,1440,86,70.3629732546023,12755,1440,47,36.91964802593493,12755,1440,47,36.91964802593493,2026-02-28|2026-05-27,True
766620,34548,4952,29596,0,34548,0,0,34548,29596,29596,29308,29308,28155,28155,120,0,104,60.0/E,85.66631932383929,29596,1440,104,34548,1440,120,100.0,29596,1440,104,85.66631932383929,29596,1440,104,85.66631932383929,29308,1440,103,84.83269653814982,29308,1440,103,84.83269653814982,28155,1440,99,81.4953108718305,28155,1440,99,81.4953108718305,2026-02-28|2026-05-27,True
766622,34548,15568,18980,0,34548,0,0,34548,18980,18980,18692,0,0,0,120,0,66,60.0/W,54.938057195785575,18980,1440,66,34548,1440,120,100.0,18980,1440,66,54.938057195785575,18980,1440,66,54.938057195785575,18692,1440,65,54.1044344100961,0,0,0,0.0,0,0,0,0.0,0,0,0,0.0,2026-02-28|2026-05-27,True
766642,34548,2937,31611,0,34548,0,0,34548,31611,31611,31610,31322,31029,31029,120,0,111,60.0/W,91.4987843001042,31611,1440,111,34548,1440,120,100.0,31611,1440,111,91.4987843001042,31611,1440,111,91.4987843001042,31610,1440,111,91.49588977654278,31322,1440,110,90.66226699085331,31029,1440,109,89.81417158735673,31029,1440,109,89.81417158735673,2026-02-28|2026-05-27,True
766694,34548,932,33616,0,34548,0,0,34548,33616,33616,33616,0,0,0,120,0,118,14.0/N,97.30230404075489,33616,1440,118,34548,1440,120,100.0,33616,1440,118,97.30230404075489,33616,1440,118,97.30230404075489,33616,1440,118,97.30230404075489,0,0,0,0.0,0,0,0,0.0,0,0,0,0.0,2026-02-28|2026-05-27,True
766703,34548,7833,26715,0,34548,0,0,34548,26715,26715,26715,26133,26133,26133,120,0,94,14.0/S,77.32719694338311,26715,1440,94,34548,1440,120,100.0,26715,1440,94,77.32719694338311,26715,1440,94,77.32719694338311,26715,1440,94,77.32719694338311,26133,1440,92,75.64258423063563,26133,1440,92,75.64258423063563,26133,1440,92,75.64258423063563,2026-02-28|2026-05-27,True
766712,34548,12400,22148,0,34548,0,0,34548,22148,22148,22148,22148,22148,22148,120,0,77,14.0/S,64.1079078383698,22148,1440,77,34548,1440,120,100.0,22148,1440,77,64.1079078383698,22148,1440,77,64.1079078383698,22148,1440,77,64.1079078383698,22148,1440,77,64.1079078383698,22148,1440,77,64.1079078383698,22148,1440,77,64.1079078383698,2026-02-28|2026-05-27,True
766721,34548,933,33615,0,34548,0,0,34548,33615,33615,33615,32446,32446,32446,120,0,118,14.0/N,97.29940951719347,33615,1440,118,34548,1440,120,100.0,33615,1440,118,97.29940951719347,33615,1440,118,97.29940951719347,33615,1440,118,97.29940951719347,32446,1440,114,93.91571147389139,32446,1440,114,93.91571147389139,32446,1440,114,93.91571147389139,2026-02-28|2026-05-27,True
766788,34548,4680,29868,0,34548,0,0,34548,29868,29868,29868,29867,28978,28978,120,0,105,60.0/W,86.45362973254602,29868,1440,105,34548,1440,120,100.0,29868,1440,105,86.45362973254602,29868,1440,105,86.45362973254602,29868,1440,105,86.45362973254602,29867,1440,105,86.4507352089846,28978,1440,102,83.87750376288064,28978,1440,102,83.87750376288064,2026-02-28|2026-05-27,True
766843,34548,6354,28194,0,34548,0,0,34548,28194,28194,27906,27906,27905,27905,120,0,98,60.0/E,81.60819729072594,28194,1440,98,34548,1440,120,100.0,28194,1440,98,81.60819729072594,28194,1440,98,81.60819729072594,27906,1440,97,80.77457450503647,27906,1440,97,80.77457450503647,27905,1440,97,80.77167998147505,27905,1440,97,80.77167998147505,2026-02-28|2026-05-27,True
767470,34548,29703,4845,0,34548,0,0,34548,4845,4845,4845,4845,4845,0,120,0,18,2.0/E,14.023966655088572,4845,1440,18,34548,1440,120,100.0,4845,1440,18,14.023966655088572,4845,1440,18,14.023966655088572,4845,1440,18,14.023966655088572,4845,1440,18,14.023966655088572,4845,1440,18,14.023966655088572,0,0,0,0.0,2026-02-28|2026-05-27,True
767471,34548,29703,4845,0,34548,0,0,34548,4845,4845,4845,4845,4845,4845,120,0,18,2.0/W,14.023966655088572,4845,1440,18,34548,1440,120,100.0,4845,1440,18,14.023966655088572,4845,1440,18,14.023966655088572,4845,1440,18,14.023966655088572,4845,1440,18,14.023966655088572,4845,1440,18,14.023966655088572,4845,1440,18,14.023966655088572,2026-02-28|2026-05-27,True
767541,34548,2084,32464,0,34548,0,0,34548,32464,32464,32464,32464,9969,9969,120,0,114,2.0/E,93.96781289799699,32464,1440,114,34548,1440,120,100.0,32464,1440,114,93.96781289799699,32464,1440,114,93.96781289799699,32464,1440,114,93.96781289799699,32464,1440,114,93.96781289799699,9969,1440,35,28.855505383813824,9969,1440,35,28.855505383813824,2026-02-28|2026-05-27,True
767542,34548,2084,32464,0,34548,0,0,34548,32464,32464,32464,32225,11102,11102,120,0,114,2.0/W,93.96781289799699,32464,1440,114,34548,1440,120,100.0,32464,1440,114,93.96781289799699,32464,1440,114,93.96781289799699,32464,1440,114,93.96781289799699,32225,1440,114,93.27602176681718,11102,1440,41,32.13500057890471,11102,1440,41,32.13500057890471,2026-02-28|2026-05-27,True
767554,34548,3236,31312,0,34548,0,0,34548,31312,31312,31312,31312,31312,31312,120,0,110,2.0/E,90.63332175523908,31312,1440,110,34548,1440,120,100.0,31312,1440,110,90.63332175523908,31312,1440,110,90.63332175523908,31312,1440,110,90.63332175523908,31312,1440,110,90.63332175523908,31312,1440,110,90.63332175523908,31312,1440,110,90.63332175523908,2026-02-28|2026-05-27,True
767609,34548,33108,1440,0,34548,0,0,34548,1440,1440,1440,1440,1440,1152,120,0,5,2.0/E,4.168113928447378,1440,1440,5,34548,1440,120,100.0,1440,1440,5,4.168113928447378,1440,1440,5,4.168113928447378,1440,1440,5,4.168113928447378,1440,1440,5,4.168113928447378,1440,1440,5,4.168113928447378,1152,1440,4,3.3344911427579023,2026-02-28|2026-05-27,True
767610,34548,33108,1440,0,34548,0,0,34548,1440,1440,1440,1440,1440,1440,120,0,5,2.0/W,4.168113928447378,1440,1440,5,34548,1440,120,100.0,1440,1440,5,4.168113928447378,1440,1440,5,4.168113928447378,1440,1440,5,4.168113928447378,1440,1440,5,4.168113928447378,1440,1440,5,4.168113928447378,1440,1440,5,4.168113928447378,2026-02-28|2026-05-27,True
767678,34548,932,33616,0,34548,0,0,34548,33616,33616,33616,33616,33327,33327,120,0,118,605.0/N,97.30230404075489,33616,1440,118,34548,1440,120,100.0,33616,1440,118,97.30230404075489,33616,1440,118,97.30230404075489,33616,1440,118,97.30230404075489,33616,1440,118,97.30230404075489,33327,1440,117,96.465786731504,33327,1440,117,96.465786731504,2026-02-28|2026-05-27,True
767759,34548,5241,29307,0,34548,0,0,34548,29307,29307,29306,29306,29306,29306,120,0,103,110.0/S,84.8298020145884,29307,1440,103,34548,1440,120,100.0,29307,1440,103,84.8298020145884,29307,1440,103,84.8298020145884,29306,1440,103,84.82690749102697,29306,1440,103,84.82690749102697,29306,1440,103,84.82690749102697,29306,1440,103,84.82690749102697,2026-02-28|2026-05-27,True
767760,34548,4966,29582,0,34548,0,0,34548,29582,29582,29306,29306,14946,14946,120,0,104,110.0/N,85.6257959939794,29582,1440,104,34548,1440,120,100.0,29582,1440,104,85.6257959939794,29582,1440,104,85.6257959939794,29306,1440,103,84.82690749102697,29306,1440,103,84.82690749102697,14946,1440,53,43.26154914901007,14946,1440,53,43.26154914901007,2026-02-28|2026-05-27,True
767790,34548,21330,13218,0,34548,0,0,34548,13218,13218,13218,13218,13218,13218,120,0,46,14.0/S,38.25981243487322,13218,1440,46,34548,1440,120,100.0,13218,1440,46,38.25981243487322,13218,1440,46,38.25981243487322,13218,1440,46,38.25981243487322,13218,1440,46,38.25981243487322,13218,1440,46,38.25981243487322,13218,1440,46,38.25981243487322,2026-02-28|2026-05-27,True
767791,34548,21330,13218,0,34548,0,0,34548,13218,13218,13218,13218,13218,13218,120,0,46,14.0/N,38.25981243487322,13218,1440,46,34548,1440,120,100.0,13218,1440,46,38.25981243487322,13218,1440,46,38.25981243487322,13218,1440,46,38.25981243487322,13218,1440,46,38.25981243487322,13218,1440,46,38.25981243487322,13218,1440,46,38.25981243487322,2026-02-28|2026-05-27,True
767810,34548,3801,30747,0,34548,0,0,34548,30747,30747,30747,30747,30732,30732,120,0,108,101.0/N,88.99791594303578,30747,1440,108,34548,1440,120,100.0,30747,1440,108,88.99791594303578,30747,1440,108,88.99791594303578,30747,1440,108,88.99791594303578,30747,1440,108,88.99791594303578,30732,1440,108,88.95449808961445,30732,1440,108,88.95449808961445,2026-02-28|2026-05-27,True
767811,34548,4078,30470,0,34548,0,0,34548,30470,30470,30470,30470,30468,30468,120,0,107,101.0/S,88.19613291652195,30470,1440,107,34548,1440,120,100.0,30470,1440,107,88.19613291652195,30470,1440,107,88.19613291652195,30470,1440,107,88.19613291652195,30470,1440,107,88.19613291652195,30468,1440,107,88.1903438693991,30468,1440,107,88.1903438693991,2026-02-28|2026-05-27,True
768297,34548,17087,17461,0,34548,0,0,34548,17461,17461,565,565,0,0,120,0,61,210.0/E,50.54127590598588,17461,1440,61,34548,1440,120,100.0,17461,1440,61,50.54127590598588,17461,1440,61,50.54127590598588,565,1440,2,1.6354058122033113,565,1440,2,1.6354058122033113,0,0,0,0.0,0,0,0,0.0,2026-02-28|2026-05-27,True
768328,34548,1220,33328,0,34548,0,0,34548,33328,33328,33328,33328,33322,33322,120,0,117,10.0/E,96.46868125506542,33328,1440,117,34548,1440,120,100.0,33328,1440,117,96.46868125506542,33328,1440,117,96.46868125506542,33328,1440,117,96.46868125506542,33328,1440,117,96.46868125506542,33322,1440,117,96.45131411369688,33322,1440,117,96.45131411369688,2026-02-28|2026-05-27,True
768339,34548,1221,33327,0,34548,0,0,34548,33327,33327,33326,33033,2840,2840,120,0,117,10.0/W,96.465786731504,33327,1440,117,34548,1440,120,100.0,33327,1440,117,96.465786731504,33327,1440,117,96.465786731504,33326,1440,117,96.46289220794257,33033,1440,116,95.61479680444599,2840,1440,11,8.220446914437883,2840,1440,11,8.220446914437883,2026-02-28|2026-05-27,True
768349,34548,16709,17839,0,34548,0,0,34548,17839,17839,17839,17839,17838,17838,120,0,63,10.0/W,51.63540581220331,17839,1440,62,34548,1440,120,100.0,17839,1440,62,51.63540581220331,17839,1440,62,51.63540581220331,17839,1440,62,51.63540581220331,17839,1440,62,51.63540581220331,17838,1440,62,51.632511288641886,17838,1440,62,51.632511288641886,2026-02-28|2026-05-27,True
768779,34548,932,33616,0,34548,0,0,34548,33616,33616,33616,33616,33616,33616,120,0,118,57.0/S,97.30230404075489,33616,1440,118,34548,1440,120,100.0,33616,1440,118,97.30230404075489,33616,1440,118,97.30230404075489,33616,1440,118,97.30230404075489,33616,1440,118,97.30230404075489,33616,1440,118,97.30230404075489,33616,1440,118,97.30230404075489,2026-02-28|2026-05-27,True
768898,34548,32244,2304,0,34548,0,0,34548,2304,2304,2304,2304,2304,2304,120,0,8,91.0/E,6.6689822855158045,2304,1440,8,34548,1440,120,100.0,2304,1440,8,6.6689822855158045,2304,1440,8,6.6689822855158045,2304,1440,8,6.6689822855158045,2304,1440,8,6.6689822855158045,2304,1440,8,6.6689822855158045,2304,1440,8,6.6689822855158045,2026-02-28|2026-05-27,True
768907,34548,18444,16104,0,34548,0,0,34548,16104,16104,16104,16102,12039,12039,120,0,56,91.0/W,46.61340743313651,16104,1440,56,34548,1440,120,100.0,16104,1440,56,46.61340743313651,16104,1440,56,46.61340743313651,16104,1440,56,46.61340743313651,16102,1440,56,46.60761838601366,12039,1440,42,34.84716915595693,12039,1440,42,34.84716915595693,2026-02-28|2026-05-27,True
769722,34548,7268,27280,0,34548,0,0,34548,27280,27280,26702,15831,276,276,120,0,96,210.0/W,78.96260275558643,27280,1440,96,34548,1440,120,100.0,27280,1440,96,78.96260275558643,27280,1440,96,78.96260275558643,26702,1440,94,77.28956813708463,15831,1440,55,45.823202500868355,276,955,1,0.798888502952414,276,955,1,0.798888502952414,2026-02-28|2026-05-27,True
769772,34548,2084,32464,0,34548,0,0,34548,32464,32464,32464,32173,3426,3426,120,0,114,210.0/E,93.96781289799699,32464,1440,114,34548,1440,120,100.0,32464,1440,114,93.96781289799699,32464,1440,114,93.96781289799699,32464,1440,114,93.96781289799699,32173,1440,113,93.12550654162325,3426,1440,12,9.916637721431053,3426,1440,12,9.916637721431053,2026-02-28|2026-05-27,True
769788,34548,6116,28432,0,34548,0,0,34548,28432,28432,28432,28432,28432,28432,120,0,100,210.0/E,82.29709389834433,28432,1440,100,34548,1440,120,100.0,28432,1440,100,82.29709389834433,28432,1440,100,82.29709389834433,28432,1440,100,82.29709389834433,28432,1440,100,82.29709389834433,28432,1440,100,82.29709389834433,28432,1440,100,82.29709389834433,2026-02-28|2026-05-27,True
769806,34548,16732,17816,0,34548,0,0,34548,17816,17816,17240,17240,16952,16952,120,0,62,210.0/E,51.56883177029061,17816,1440,62,34548,1440,120,100.0,17816,1440,62,51.56883177029061,17816,1440,62,51.56883177029061,17240,1440,60,49.90158619891166,17240,1440,60,49.90158619891166,16952,1440,59,49.06796341322218,16952,1440,59,49.06796341322218,2026-02-28|2026-05-27,True
769807,34548,17332,17216,0,34548,0,0,34548,17216,17216,16953,16378,1440,1440,120,0,60,210.0/W,49.832117633437534,17216,1440,60,34548,1440,120,100.0,17216,1440,60,49.832117633437534,17216,1440,60,49.832117633437534,16953,1440,59,49.070857936783604,16378,1440,57,47.40650688896608,1440,1440,5,4.168113928447378,1440,1440,5,4.168113928447378,2026-02-28|2026-05-27,True
769819,34548,19324,15224,0,34548,0,0,34548,15224,15224,15224,15224,15224,15224,120,0,53,210.0/E,44.066226699085334,15224,1440,53,34548,1440,120,100.0,15224,1440,53,44.066226699085334,15224,1440,53,44.066226699085334,15224,1440,53,44.066226699085334,15224,1440,53,44.066226699085334,15224,1440,53,44.066226699085334,15224,1440,53,44.066226699085334,2026-02-28|2026-05-27,True
769831,34548,19601,14947,0,34548,0,0,34548,14947,14947,14947,14947,14947,14947,120,0,52,210.0/E,43.264443672571495,14947,1440,52,34548,1440,120,100.0,14947,1440,52,43.264443672571495,14947,1440,52,43.264443672571495,14947,1440,52,43.264443672571495,14947,1440,52,43.264443672571495,14947,1440,52,43.264443672571495,14947,1440,52,43.264443672571495,2026-02-28|2026-05-27,True
769847,34548,9848,24700,0,34548,0,0,34548,24700,24700,24700,24700,24700,24700,120,0,87,210.0/E,71.49473196711821,24700,1440,87,34548,1440,120,100.0,24700,1440,87,71.49473196711821,24700,1440,87,71.49473196711821,24700,1440,87,71.49473196711821,24700,1440,87,71.49473196711821,24700,1440,87,71.49473196711821,24700,1440,87,71.49473196711821,2026-02-28|2026-05-27,True
769866,34548,2084,32464,0,34548,0,0,34548,32464,32464,32464,32464,32460,32460,120,0,114,210.0/E,93.96781289799699,32464,1440,114,34548,1440,120,100.0,32464,1440,114,93.96781289799699,32464,1440,114,93.96781289799699,32464,1440,114,93.96781289799699,32464,1440,114,93.96781289799699,32460,1440,114,93.9562348037513,32460,1440,114,93.9562348037513,2026-02-28|2026-05-27,True
769867,34548,2084,32464,0,34548,0,0,34548,32464,32464,32464,32464,32464,32464,120,0,114,210.0/W,93.96781289799699,32464,1440,114,34548,1440,120,100.0,32464,1440,114,93.96781289799699,32464,1440,114,93.96781289799699,32464,1440,114,93.96781289799699,32464,1440,114,93.96781289799699,32464,1440,114,93.96781289799699,32464,1440,114,93.96781289799699,2026-02-28|2026-05-27,True
769880,34548,3513,31035,0,34548,0,0,34548,31035,31035,31035,31035,31034,31034,120,0,109,210.0/E,89.83153872872525,31035,1440,109,34548,1440,120,100.0,31035,1440,109,89.83153872872525,31035,1440,109,89.83153872872525,31035,1440,109,89.83153872872525,31035,1440,109,89.83153872872525,31034,1440,109,89.82864420516383,31034,1440,109,89.82864420516383,2026-02-28|2026-05-27,True
769895,34548,4377,30171,0,34548,0,0,34548,30171,30171,30171,30171,30171,30171,120,0,106,210.0/E,87.33067037165682,30171,1440,106,34548,1440,120,100.0,30171,1440,106,87.33067037165682,30171,1440,106,87.33067037165682,30171,1440,106,87.33067037165682,30171,1440,106,87.33067037165682,30171,1440,106,87.33067037165682,30171,1440,106,87.33067037165682,2026-02-28|2026-05-27,True
769911,34548,1220,33328,0,34548,0,0,34548,33328,33328,33328,33328,4056,0,120,0,117,210.0/W,96.46868125506542,33328,1440,117,34548,1440,120,100.0,33328,1440,117,96.46868125506542,33328,1440,117,96.46868125506542,33328,1440,117,96.46868125506542,33328,1440,117,96.46868125506542,4056,1105,21,11.74018756512678,0,0,0,0.0,2026-02-28|2026-05-27,True
769926,34548,2660,31888,0,34548,0,0,34548,31888,31888,31888,31598,31594,31584,120,0,112,210.0/W,92.30056732661804,31888,1440,112,34548,1440,120,100.0,31888,1440,112,92.30056732661804,31888,1440,112,92.30056732661804,31888,1440,112,92.30056732661804,31598,1440,111,91.46115549380572,31594,1440,111,91.44957739956003,31584,1440,111,91.42063216394581,2026-02-28|2026-05-27,True
769953,34548,14428,20120,0,34548,0,0,34548,20120,20120,20120,19970,19966,19966,120,0,70,210.0/W,58.23781405580642,20120,1440,70,34548,1440,120,100.0,20120,1440,70,58.23781405580642,20120,1440,70,58.23781405580642,20120,1440,70,58.23781405580642,19970,1440,70,57.803635521593144,19966,1440,70,57.79205742734746,19966,1440,70,57.79205742734746,2026-02-28|2026-05-27,True
769965,34548,932,33616,0,34548,0,0,34548,33616,33616,33616,33616,33616,33616,120,0,118,210.0/W,97.30230404075489,33616,1440,118,34548,1440,120,100.0,33616,1440,118,97.30230404075489,33616,1440,118,97.30230404075489,33616,1440,118,97.30230404075489,33616,1440,118,97.30230404075489,33616,1440,118,97.30230404075489,33616,1440,118,97.30230404075489,2026-02-28|2026-05-27,True
770000,34548,18172,16376,0,34548,0,0,34548,16376,16376,16376,16376,16376,16376,120,0,57,210.0/W,47.40071784184323,16376,1440,57,34548,1440,120,100.0,16376,1440,57,47.40071784184323,16376,1440,57,47.40071784184323,16376,1440,57,47.40071784184323,16376,1440,57,47.40071784184323,16376,1440,57,47.40071784184323,16376,1440,57,47.40071784184323,2026-02-28|2026-05-27,True
770061,34548,14728,19820,0,34548,0,0,34548,19820,19820,19820,19820,19820,19820,120,0,70,210.0/E,57.36945698737988,19820,1440,70,34548,1440,120,100.0,19820,1440,70,57.36945698737988,19820,1440,70,57.36945698737988,19820,1440,70,57.36945698737988,19820,1440,70,57.36945698737988,19820,1440,70,57.36945698737988,19820,1440,70,57.36945698737988,2026-02-28|2026-05-27,True
770089,34548,5828,28720,0,34548,0,0,34548,28720,28720,28720,28423,26963,26963,120,0,101,210.0/E,83.13071668403381,28720,1440,101,34548,1440,120,100.0,28720,1440,101,83.13071668403381,28720,1440,101,83.13071668403381,28720,1440,101,83.13071668403381,28423,1440,100,82.27104318629154,26963,1440,95,78.04503878661572,26963,1440,95,78.04503878661572,2026-02-28|2026-05-27,True
770129,34548,932,33616,0,34548,0,0,34548,33616,33616,33616,33616,33612,33612,120,0,118,210.0/W,97.30230404075489,33616,1440,118,34548,1440,120,100.0,33616,1440,118,97.30230404075489,33616,1440,118,97.30230404075489,33616,1440,118,97.30230404075489,33616,1440,118,97.30230404075489,33612,1440,118,97.2907259465092,33612,1440,118,97.2907259465092,2026-02-28|2026-05-27,True
770141,34548,4964,29584,0,34548,0,0,34548,29584,29584,29583,29583,29581,29581,120,0,104,210.0/W,85.63158504110224,29584,1440,104,34548,1440,120,100.0,29584,1440,104,85.63158504110224,29584,1440,104,85.63158504110224,29583,1440,104,85.62869051754082,29583,1440,104,85.62869051754082,29581,1440,104,85.62290147041797,29581,1440,104,85.62290147041797,2026-02-28|2026-05-27,True
770187,34548,5816,28732,0,34548,0,0,34548,28732,28732,28732,28732,28732,28732,120,0,101,210.0/W,83.16545096677088,28732,1440,101,34548,1440,120,100.0,28732,1440,101,83.16545096677088,28732,1440,101,83.16545096677088,28732,1440,101,83.16545096677088,28732,1440,101,83.16545096677088,28732,1440,101,83.16545096677088,28732,1440,101,83.16545096677088,2026-02-28|2026-05-27,True
770243,34548,1220,33328,0,34548,0,0,34548,33328,33328,33328,33328,33328,33328,120,0,117,210.0/W,96.46868125506542,33328,1440,117,34548,1440,120,100.0,33328,1440,117,96.46868125506542,33328,1440,117,96.46868125506542,33328,1440,117,96.46868125506542,33328,1440,117,96.46868125506542,33328,1440,117,96.46868125506542,33328,1440,117,96.46868125506542,2026-02-28|2026-05-27,True
770275,34548,2948,31600,0,34548,0,0,34548,31600,31600,31600,31600,31300,31300,120,0,111,210.0/W,91.46694454092857,31600,1440,111,34548,1440,120,100.0,31600,1440,111,91.46694454092857,31600,1440,111,91.46694454092857,31600,1440,111,91.46694454092857,31600,1440,111,91.46694454092857,31300,1440,110,90.59858747250203,31300,1440,110,90.59858747250203,2026-02-28|2026-05-27,True
770290,34548,13867,20681,0,34548,0,0,34548,20681,20681,20681,20393,20100,20100,120,0,72,210.0/W,59.86164177376404,20681,1440,72,34548,1440,120,100.0,20681,1440,72,59.86164177376404,20681,1440,72,59.86164177376404,20681,1440,72,59.86164177376404,20393,1440,71,59.028018988074564,20100,1440,70,58.17992358457798,20100,1440,70,58.17992358457798,2026-02-28|2026-05-27,True
770385,34548,19900,14648,0,34548,0,0,34548,14648,14648,14648,14648,14648,14648,120,0,51,210.0/E,42.39898112770638,14648,1440,51,34548,1440,120,100.0,14648,1440,51,42.39898112770638,14648,1440,51,42.39898112770638,14648,1440,51,42.39898112770638,14648,1440,51,42.39898112770638,14648,1440,51,42.39898112770638,14648,1440,51,42.39898112770638,2026-02-28|2026-05-27,True
770544,34548,22196,12352,0,34548,0,0,34548,12352,12352,0,0,0,0,120,0,43,210.0/E,35.75315503068195,12352,1440,43,34548,1440,120,100.0,12352,1440,43,35.75315503068195,12352,1440,43,35.75315503068195,0,0,0,0.0,0,0,0,0.0,0,0,0,0.0,0,0,0,0.0,2026-02-28|2026-05-27,True
770545,34548,23377,11171,0,34548,0,0,34548,11171,11171,8339,7475,0,0,120,0,39,210.0/W,32.334722704642815,11171,1440,39,34548,1440,120,100.0,11171,1440,39,32.334722704642815,11171,1440,39,32.334722704642815,8339,1440,29,24.137431978696306,7475,1440,26,21.63656362162788,0,0,0,0.0,0,0,0,0.0,2026-02-28|2026-05-27,True
770568,34548,2084,32464,0,34548,0,0,34548,32464,32464,32464,32464,32464,32464,120,0,114,210.0/W,93.96781289799699,32464,1440,114,34548,1440,120,100.0,32464,1440,114,93.96781289799699,32464,1440,114,93.96781289799699,32464,1440,114,93.96781289799699,32464,1440,114,93.96781289799699,32464,1440,114,93.96781289799699,32464,1440,114,93.96781289799699,2026-02-28|2026-05-27,True
771268,34548,30815,3733,0,34548,0,0,34548,3733,3733,1148,1148,0,0,120,0,13,23.0/N,10.805256454787543,3733,1440,13,34548,1440,120,100.0,3733,1440,13,10.805256454787543,3733,1440,13,10.805256454787543,1148,1440,4,3.322913048512215,1148,1440,4,3.322913048512215,0,0,0,0.0,0,0,0,0.0,2026-02-28|2026-05-27,True
771285,34548,30815,3733,0,34548,0,0,34548,3733,3733,3733,3733,3733,3733,120,0,13,23.0/N,10.805256454787543,3733,1440,13,34548,1440,120,100.0,3733,1440,13,10.805256454787543,3733,1440,13,10.805256454787543,3733,1440,13,10.805256454787543,3733,1440,13,10.805256454787543,3733,1440,13,10.805256454787543,3733,1440,13,10.805256454787543,2026-02-28|2026-05-27,True
771294,34548,30815,3733,0,34548,0,0,34548,3733,3733,3733,3733,3733,3733,120,0,13,23.0/N,10.805256454787543,3733,1440,13,34548,1440,120,100.0,3733,1440,13,10.805256454787543,3733,1440,13,10.805256454787543,3733,1440,13,10.805256454787543,3733,1440,13,10.805256454787543,3733,1440,13,10.805256454787543,3733,1440,13,10.805256454787543,2026-02-28|2026-05-27,True
771295,34548,30815,3733,0,34548,0,0,34548,3733,3733,3733,3733,3733,3733,120,0,13,23.0/S,10.805256454787543,3733,1440,13,34548,1440,120,100.0,3733,1440,13,10.805256454787543,3733,1440,13,10.805256454787543,3733,1440,13,10.805256454787543,3733,1440,13,10.805256454787543,3733,1440,13,10.805256454787543,3733,1440,13,10.805256454787543,2026-02-28|2026-05-27,True
771306,34548,30815,3733,0,34548,0,0,34548,3733,3733,3733,3733,3733,3733,120,0,13,23.0/N,10.805256454787543,3733,1440,13,34548,1440,120,100.0,3733,1440,13,10.805256454787543,3733,1440,13,10.805256454787543,3733,1440,13,10.805256454787543,3733,1440,13,10.805256454787543,3733,1440,13,10.805256454787543,3733,1440,13,10.805256454787543,2026-02-28|2026-05-27,True
771318,34548,31103,3445,0,34548,0,0,34548,3445,3445,3445,3445,3445,3445,120,0,12,23.0/N,9.971633669098066,3445,1440,12,34548,1440,120,100.0,3445,1440,12,9.971633669098066,3445,1440,12,9.971633669098066,3445,1440,12,9.971633669098066,3445,1440,12,9.971633669098066,3445,1440,12,9.971633669098066,3445,1440,12,9.971633669098066,2026-02-28|2026-05-27,True
771329,34548,31103,3445,0,34548,0,0,34548,3445,3445,3445,3445,3445,3445,120,0,12,23.0/N,9.971633669098066,3445,1440,12,34548,1440,120,100.0,3445,1440,12,9.971633669098066,3445,1440,12,9.971633669098066,3445,1440,12,9.971633669098066,3445,1440,12,9.971633669098066,3445,1440,12,9.971633669098066,3445,1440,12,9.971633669098066,2026-02-28|2026-05-27,True
771340,34548,31103,3445,0,34548,0,0,34548,3445,3445,3445,3445,3444,3444,120,0,12,23.0/N,9.971633669098066,3445,1440,12,34548,1440,120,100.0,3445,1440,12,9.971633669098066,3445,1440,12,9.971633669098066,3445,1440,12,9.971633669098066,3445,1440,12,9.971633669098066,3444,1440,12,9.968739145536645,3444,1440,12,9.968739145536645,2026-02-28|2026-05-27,True
771360,34548,32244,2304,0,34548,0,0,34548,2304,2304,2304,2304,2304,2304,120,0,8,23.0/N,6.6689822855158045,2304,1440,8,34548,1440,120,100.0,2304,1440,8,6.6689822855158045,2304,1440,8,6.6689822855158045,2304,1440,8,6.6689822855158045,2304,1440,8,6.6689822855158045,2304,1440,8,6.6689822855158045,2304,1440,8,6.6689822855158045,2026-02-28|2026-05-27,True
771371,34548,30815,3733,0,34548,0,0,34548,3733,3733,3733,3733,3733,3733,120,0,13,23.0/N,10.805256454787543,3733,1440,13,34548,1440,120,100.0,3733,1440,13,10.805256454787543,3733,1440,13,10.805256454787543,3733,1440,13,10.805256454787543,3733,1440,13,10.805256454787543,3733,1440,13,10.805256454787543,3733,1440,13,10.805256454787543,2026-02-28|2026-05-27,True
771385,34548,30815,3733,0,34548,0,0,34548,3733,3733,3733,3733,3733,3733,120,0,13,23.0/S,10.805256454787543,3733,1440,13,34548,1440,120,100.0,3733,1440,13,10.805256454787543,3733,1440,13,10.805256454787543,3733,1440,13,10.805256454787543,3733,1440,13,10.805256454787543,3733,1440,13,10.805256454787543,3733,1440,13,10.805256454787543,2026-02-28|2026-05-27,True
771386,34548,30815,3733,0,34548,0,0,34548,3733,3733,3733,3733,3733,3733,120,0,13,23.0/N,10.805256454787543,3733,1440,13,34548,1440,120,100.0,3733,1440,13,10.805256454787543,3733,1440,13,10.805256454787543,3733,1440,13,10.805256454787543,3733,1440,13,10.805256454787543,3733,1440,13,10.805256454787543,3733,1440,13,10.805256454787543,2026-02-28|2026-05-27,True
771396,34548,31103,3445,0,34548,0,0,34548,3445,3445,3445,3445,3444,3444,120,0,12,23.0/N,9.971633669098066,3445,1440,12,34548,1440,120,100.0,3445,1440,12,9.971633669098066,3445,1440,12,9.971633669098066,3445,1440,12,9.971633669098066,3445,1440,12,9.971633669098066,3444,1440,12,9.968739145536645,3444,1440,12,9.968739145536645,2026-02-28|2026-05-27,True
771400,34548,31103,3445,0,34548,0,0,34548,3445,3445,3445,3445,3445,3445,120,0,12,23.0/S,9.971633669098066,3445,1440,12,34548,1440,120,100.0,3445,1440,12,9.971633669098066,3445,1440,12,9.971633669098066,3445,1440,12,9.971633669098066,3445,1440,12,9.971633669098066,3445,1440,12,9.971633669098066,3445,1440,12,9.971633669098066,2026-02-28|2026-05-27,True
771410,34548,30815,3733,0,34548,0,0,34548,3733,3733,3733,3733,3733,3733,120,0,13,23.0/N,10.805256454787543,3733,1440,13,34548,1440,120,100.0,3733,1440,13,10.805256454787543,3733,1440,13,10.805256454787543,3733,1440,13,10.805256454787543,3733,1440,13,10.805256454787543,3733,1440,13,10.805256454787543,3733,1440,13,10.805256454787543,2026-02-28|2026-05-27,True
771421,34548,30815,3733,0,34548,0,0,34548,3733,3733,3733,3733,3733,3733,120,0,13,23.0/N,10.805256454787543,3733,1440,13,34548,1440,120,100.0,3733,1440,13,10.805256454787543,3733,1440,13,10.805256454787543,3733,1440,13,10.805256454787543,3733,1440,13,10.805256454787543,3733,1440,13,10.805256454787543,3733,1440,13,10.805256454787543,2026-02-28|2026-05-27,True
771441,34548,30815,3733,0,34548,0,0,34548,3733,3733,3733,3733,3733,3733,120,0,13,23.0/N,10.805256454787543,3733,1440,13,34548,1440,120,100.0,3733,1440,13,10.805256454787543,3733,1440,13,10.805256454787543,3733,1440,13,10.805256454787543,3733,1440,13,10.805256454787543,3733,1440,13,10.805256454787543,3733,1440,13,10.805256454787543,2026-02-28|2026-05-27,True
771488,34548,30815,3733,0,34548,0,0,34548,3733,3733,3733,3733,3733,3733,120,0,13,23.0/S,10.805256454787543,3733,1440,13,34548,1440,120,100.0,3733,1440,13,10.805256454787543,3733,1440,13,10.805256454787543,3733,1440,13,10.805256454787543,3733,1440,13,10.805256454787543,3733,1440,13,10.805256454787543,3733,1440,13,10.805256454787543,2026-02-28|2026-05-27,True
771509,34548,31103,3445,0,34548,0,0,34548,3445,3445,3445,3445,3445,3445,120,0,12,23.0/S,9.971633669098066,3445,1440,12,34548,1440,120,100.0,3445,1440,12,9.971633669098066,3445,1440,12,9.971633669098066,3445,1440,12,9.971633669098066,3445,1440,12,9.971633669098066,3445,1440,12,9.971633669098066,3445,1440,12,9.971633669098066,2026-02-28|2026-05-27,True
771521,34548,31103,3445,0,34548,0,0,34548,3445,3445,3445,3445,3445,3445,120,0,12,23.0/S,9.971633669098066,3445,1440,12,34548,1440,120,100.0,3445,1440,12,9.971633669098066,3445,1440,12,9.971633669098066,3445,1440,12,9.971633669098066,3445,1440,12,9.971633669098066,3445,1440,12,9.971633669098066,3445,1440,12,9.971633669098066,2026-02-28|2026-05-27,True
771531,34548,31103,3445,0,34548,0,0,34548,3445,3445,3445,3445,3445,3445,120,0,12,23.0/S,9.971633669098066,3445,1440,12,34548,1440,120,100.0,3445,1440,12,9.971633669098066,3445,1440,12,9.971633669098066,3445,1440,12,9.971633669098066,3445,1440,12,9.971633669098066,3445,1440,12,9.971633669098066,3445,1440,12,9.971633669098066,2026-02-28|2026-05-27,True
771542,34548,31103,3445,0,34548,0,0,34548,3445,3445,3445,3445,3445,3445,120,0,12,23.0/S,9.971633669098066,3445,1440,12,34548,1440,120,100.0,3445,1440,12,9.971633669098066,3445,1440,12,9.971633669098066,3445,1440,12,9.971633669098066,3445,1440,12,9.971633669098066,3445,1440,12,9.971633669098066,3445,1440,12,9.971633669098066,2026-02-28|2026-05-27,True
771553,34548,32543,2005,0,34548,0,0,34548,2005,2005,2005,2005,0,0,120,0,7,23.0/S,5.803519740650689,2005,1440,7,34548,1440,120,100.0,2005,1440,7,5.803519740650689,2005,1440,7,5.803519740650689,2005,1440,7,5.803519740650689,2005,1440,7,5.803519740650689,0,0,0,0.0,0,0,0,0.0,2026-02-28|2026-05-27,True
771577,34548,32255,2293,0,34548,0,0,34548,2293,2293,2293,2293,0,0,120,0,8,23.0/S,6.637142526340164,2293,1440,8,34548,1440,120,100.0,2293,1440,8,6.637142526340164,2293,1440,8,6.637142526340164,2293,1440,8,6.637142526340164,2293,1440,8,6.637142526340164,0,0,0,0.0,0,0,0,0.0,2026-02-28|2026-05-27,True
771578,34548,32255,2293,0,34548,0,0,34548,2293,2293,2293,2292,0,0,120,0,8,23.0/N,6.637142526340164,2293,1440,8,34548,1440,120,100.0,2293,1440,8,6.637142526340164,2293,1440,8,6.637142526340164,2293,1440,8,6.637142526340164,2292,1440,8,6.634248002778743,0,0,0,0.0,0,0,0,0.0,2026-02-28|2026-05-27,True
771706,34548,30815,3733,0,34548,0,0,34548,3733,3733,3733,3733,3733,3733,120,0,13,118.0/E,10.805256454787543,3733,1440,13,34548,1440,120,100.0,3733,1440,13,10.805256454787543,3733,1440,13,10.805256454787543,3733,1440,13,10.805256454787543,3733,1440,13,10.805256454787543,3733,1440,13,10.805256454787543,3733,1440,13,10.805256454787543,2026-02-28|2026-05-27,True
771721,34548,30815,3733,0,34548,0,0,34548,3733,3733,3157,2291,0,0,120,0,13,118.0/W,10.805256454787543,3733,1440,13,34548,1440,120,100.0,3733,1440,13,10.805256454787543,3733,1440,13,10.805256454787543,3157,1440,11,9.13801088340859,2291,1440,8,6.631353479217321,0,0,0,0.0,0,0,0,0.0,2026-02-28|2026-05-27,True
771767,34548,32244,2304,0,34548,0,0,34548,2304,0,0,0,0,0,120,0,8,405.0/N,6.6689822855158045,2304,1440,8,34548,1440,120,100.0,2304,1440,8,6.6689822855158045,0,0,0,0.0,0,0,0,0.0,0,0,0,0.0,0,0,0,0.0,0,0,0,0.0,2026-02-28|2026-05-27,True
772011,34548,31967,2581,0,34548,0,0,34548,2581,2581,2581,2581,2581,2581,120,0,9,405.0/N,7.47076531202964,2581,1440,9,34548,1440,120,100.0,2581,1440,9,7.47076531202964,2581,1440,9,7.47076531202964,2581,1440,9,7.47076531202964,2581,1440,9,7.47076531202964,2581,1440,9,7.47076531202964,2581,1440,9,7.47076531202964,2026-02-28|2026-05-27,True
772024,34548,31103,3445,0,34548,0,0,34548,3445,3445,3445,3445,3445,3445,120,0,12,405.0/N,9.971633669098066,3445,1440,12,34548,1440,120,100.0,3445,1440,12,9.971633669098066,3445,1440,12,9.971633669098066,3445,1440,12,9.971633669098066,3445,1440,12,9.971633669098066,3445,1440,12,9.971633669098066,3445,1440,12,9.971633669098066,2026-02-28|2026-05-27,True
772092,34548,30815,3733,0,34548,0,0,34548,3733,3733,3733,3733,3733,3733,120,0,13,118.0/W,10.805256454787543,3733,1440,13,34548,1440,120,100.0,3733,1440,13,10.805256454787543,3733,1440,13,10.805256454787543,3733,1440,13,10.805256454787543,3733,1440,13,10.805256454787543,3733,1440,13,10.805256454787543,3733,1440,13,10.805256454787543,2026-02-28|2026-05-27,True
772118,34548,31391,3157,0,34548,0,0,34548,3157,3157,3157,3157,3157,3157,120,0,11,118.0/E,9.13801088340859,3157,1440,11,34548,1440,120,100.0,3157,1440,11,9.13801088340859,3157,1440,11,9.13801088340859,3157,1440,11,9.13801088340859,3157,1440,11,9.13801088340859,3157,1440,11,9.13801088340859,3157,1440,11,9.13801088340859,2026-02-28|2026-05-27,True
772119,34548,31391,3157,0,34548,0,0,34548,3157,3157,3157,3157,3157,3157,120,0,11,118.0/W,9.13801088340859,3157,1440,11,34548,1440,120,100.0,3157,1440,11,9.13801088340859,3157,1440,11,9.13801088340859,3157,1440,11,9.13801088340859,3157,1440,11,9.13801088340859,3157,1440,11,9.13801088340859,3157,1440,11,9.13801088340859,2026-02-28|2026-05-27,True
772454,34548,3524,31024,0,34548,0,0,34548,31024,31024,31024,30140,24032,3103,120,0,109,405.0/S,89.79969896954961,31024,1440,109,34548,1440,120,100.0,31024,1440,109,89.79969896954961,31024,1440,109,89.79969896954961,31024,1440,109,89.79969896954961,30140,1440,106,87.24094014125275,24032,1440,85,69.56119022808846,3103,1440,12,8.981706611091814,2026-02-28|2026-05-27,True
772455,34548,3524,31024,0,34548,0,0,34548,31024,31024,30746,7399,0,0,120,0,109,405.0/N,89.79969896954961,31024,1440,109,34548,1440,120,100.0,31024,1440,109,89.79969896954961,31024,1440,109,89.79969896954961,30746,1440,108,88.99502141947436,7399,1440,26,21.416579830959822,0,0,0,0.0,0,0,0,0.0,2026-02-28|2026-05-27,True
772487,34548,30815,3733,0,34548,0,0,34548,3733,3733,3733,3733,3733,3733,120,0,13,118.0/E,10.805256454787543,3733,1440,13,34548,1440,120,100.0,3733,1440,13,10.805256454787543,3733,1440,13,10.805256454787543,3733,1440,13,10.805256454787543,3733,1440,13,10.805256454787543,3733,1440,13,10.805256454787543,3733,1440,13,10.805256454787543,2026-02-28|2026-05-27,True
772488,34548,30815,3733,0,34548,0,0,34548,3733,3733,3733,3733,3733,3733,120,0,13,118.0/W,10.805256454787543,3733,1440,13,34548,1440,120,100.0,3733,1440,13,10.805256454787543,3733,1440,13,10.805256454787543,3733,1440,13,10.805256454787543,3733,1440,13,10.805256454787543,3733,1440,13,10.805256454787543,3733,1440,13,10.805256454787543,2026-02-28|2026-05-27,True
772609,34548,23644,10904,0,34548,0,0,34548,10904,10904,10904,10903,10903,0,120,0,38,101.0/N,31.5618849137432,10904,1440,38,34548,1440,120,100.0,10904,1440,38,31.5618849137432,10904,1440,38,31.5618849137432,10904,1440,38,31.5618849137432,10903,1440,38,31.558990390181776,10903,1440,38,31.558990390181776,0,0,0,0.0,2026-02-28|2026-05-27,True
772610,34548,23644,10904,0,34548,0,0,34548,10904,10904,10904,10904,0,0,120,0,38,101.0/S,31.5618849137432,10904,1440,38,34548,1440,120,100.0,10904,1440,38,31.5618849137432,10904,1440,38,31.5618849137432,10904,1440,38,31.5618849137432,10904,1440,38,31.5618849137432,0,0,0,0.0,0,0,0,0.0,2026-02-28|2026-05-27,True
772857,34548,31380,3168,0,34548,0,0,34548,3168,3168,3168,3168,3168,2875,120,0,11,210.0/E,9.169850642584231,3168,1440,11,34548,1440,120,100.0,3168,1440,11,9.169850642584231,3168,1440,11,9.169850642584231,3168,1440,11,9.169850642584231,3168,1440,11,9.169850642584231,3168,1440,11,9.169850642584231,2875,1440,10,8.321755239087647,2026-02-28|2026-05-27,True
772858,34548,31380,3168,0,34548,0,0,34548,3168,3168,3168,3168,1152,0,120,0,11,210.0/W,9.169850642584231,3168,1440,11,34548,1440,120,100.0,3168,1440,11,9.169850642584231,3168,1440,11,9.169850642584231,3168,1440,11,9.169850642584231,3168,1440,11,9.169850642584231,1152,1440,4,3.3344911427579023,0,0,0,0.0,2026-02-28|2026-05-27,True
772902,34548,7981,26567,0,34548,0,0,34548,26567,26567,26567,25984,0,0,120,0,93,210.0/W,76.8988074562927,26567,1440,93,34548,1440,120,100.0,26567,1440,93,76.8988074562927,26567,1440,93,76.8988074562927,26567,1440,93,76.8988074562927,25984,1440,91,75.21130021998378,0,0,0,0.0,0,0,0,0.0,2026-02-28|2026-05-27,True
772903,34548,7981,26567,0,34548,0,0,34548,26567,26567,26567,26567,26567,26567,120,0,93,210.0/E,76.8988074562927,26567,1440,93,34548,1440,120,100.0,26567,1440,93,76.8988074562927,26567,1440,93,76.8988074562927,26567,1440,93,76.8988074562927,26567,1440,93,76.8988074562927,26567,1440,93,76.8988074562927,26567,1440,93,76.8988074562927,2026-02-28|2026-05-27,True
772917,34548,3661,30887,0,34548,0,0,34548,30887,30887,30887,30886,30886,30886,120,0,108,210.0/E,89.40314924163482,30887,1440,108,34548,1440,120,100.0,30887,1440,108,89.40314924163482,30887,1440,108,89.40314924163482,30887,1440,108,89.40314924163482,30886,1440,108,89.4002547180734,30886,1440,108,89.4002547180734,30886,1440,108,89.4002547180734,2026-02-28|2026-05-27,True
772932,34548,10521,24027,0,34548,0,0,34548,24027,24027,15772,4610,0,0,120,0,85,210.0/E,69.54671761028135,24027,1440,85,34548,1440,120,100.0,24027,1440,85,69.54671761028135,24027,1440,85,69.54671761028135,15772,1440,56,45.65242561074447,4610,1440,17,13.343753618154452,0,0,0,0.0,0,0,0,0.0,2026-02-28|2026-05-27,True
772933,34548,3949,30599,0,34548,0,0,34548,30599,30599,30599,30599,29732,29732,120,0,107,210.0/W,88.56952645594535,30599,1440,107,34548,1440,120,100.0,30599,1440,107,88.56952645594535,30599,1440,107,88.56952645594535,30599,1440,107,88.56952645594535,30599,1440,107,88.56952645594535,29732,1440,104,86.05997452819265,29732,1440,104,86.05997452819265,2026-02-28|2026-05-27,True
772953,34548,3661,30887,0,34548,0,0,34548,30887,30887,30887,30887,27718,27718,120,0,108,210.0/E,89.40314924163482,30887,1440,108,34548,1440,120,100.0,30887,1440,108,89.40314924163482,30887,1440,108,89.40314924163482,30887,1440,108,89.40314924163482,30887,1440,108,89.40314924163482,27718,1440,97,80.23040407548918,27718,1440,97,80.23040407548918,2026-02-28|2026-05-27,True
773723,34548,10664,23884,0,34548,0,0,34548,23884,23884,23579,22115,0,0,120,0,84,605.0/N,69.13280074099804,23884,1440,83,34548,1440,120,100.0,23884,1440,83,69.13280074099804,23884,1440,83,69.13280074099804,23579,1440,82,68.24997105476439,22115,1440,77,64.01238856084288,0,0,0,0.0,0,0,0,0.0,2026-02-28|2026-05-27,True
773890,34548,2660,31888,0,34548,0,0,34548,31888,31888,31888,31888,31887,31887,120,0,112,134.0/E,92.30056732661804,31888,1440,112,34548,1440,120,100.0,31888,1440,112,92.30056732661804,31888,1440,112,92.30056732661804,31888,1440,112,92.30056732661804,31888,1440,112,92.30056732661804,31887,1440,112,92.29767280305661,31887,1440,112,92.29767280305661,2026-02-28|2026-05-27,True
773904,34548,22492,12056,0,34548,0,0,34548,12056,12056,3704,1976,1109,1109,120,0,43,134.0/E,34.8963760565011,12056,1440,43,34548,1440,120,100.0,12056,1440,43,34.8963760565011,12056,1440,43,34.8963760565011,3704,1440,14,10.72131527150631,1976,1440,8,5.719578557369457,1109,1440,5,3.210026629616765,1109,1440,5,3.210026629616765,2026-02-28|2026-05-27,True
773906,34548,22492,12056,0,34548,0,0,34548,12056,12056,12056,0,0,0,120,0,43,134.0/W,34.8963760565011,12056,1440,43,34548,1440,120,100.0,12056,1440,43,34.8963760565011,12056,1440,43,34.8963760565011,12056,1440,43,34.8963760565011,0,0,0,0.0,0,0,0,0.0,0,0,0,0.0,2026-02-28|2026-05-27,True
773927,34548,4377,30171,0,34548,0,0,34548,30171,30171,29883,29883,29595,29595,120,0,106,134.0/E,87.33067037165682,30171,1440,106,34548,1440,120,100.0,30171,1440,106,87.33067037165682,30171,1440,106,87.33067037165682,29883,1440,105,86.49704758596735,29883,1440,105,86.49704758596735,29595,1440,104,85.66342480027788,29595,1440,104,85.66342480027788,2026-02-28|2026-05-27,True
774204,34548,3236,31312,0,34548,0,0,34548,31312,31312,31312,31312,31312,31312,120,0,110,134.0/W,90.63332175523908,31312,1440,110,34548,1440,120,100.0,31312,1440,110,90.63332175523908,31312,1440,110,90.63332175523908,31312,1440,110,90.63332175523908,31312,1440,110,90.63332175523908,31312,1440,110,90.63332175523908,31312,1440,110,90.63332175523908,2026-02-28|2026-05-27,True
774278,34548,2660,31888,0,34548,0,0,34548,31888,31888,31825,31825,0,0,120,0,112,90.0/W,92.30056732661804,31888,1440,112,34548,1440,120,100.0,31888,1440,112,92.30056732661804,31888,1440,112,92.30056732661804,31825,1440,112,92.11821234224847,31825,1440,112,92.11821234224847,0,0,0,0.0,0,0,0,0.0,2026-02-28|2026-05-27,True
774279,34548,2660,31888,0,34548,0,0,34548,31888,31888,29624,29624,0,0,120,0,112,90.0/E,92.30056732661804,31888,1440,112,34548,1440,120,100.0,31888,1440,112,92.30056732661804,31888,1440,112,92.30056732661804,29624,1440,103,85.7473659835591,29624,1440,103,85.7473659835591,0,0,0,0.0,0,0,0,0.0,2026-02-28|2026-05-27,True
774475,34548,2356,32192,0,34548,0,0,34548,32192,32192,31903,28457,17238,17238,120,0,113,60.0/E,93.18050248929026,32192,1440,113,34548,1440,120,100.0,32192,1440,113,93.18050248929026,32192,1440,113,93.18050248929026,31903,1440,112,92.34398518003937,28457,1440,100,82.36945698737988,17238,1440,61,49.89579715178881,17238,1440,61,49.89579715178881,2026-02-28|2026-05-27,True
774491,34548,932,33616,0,34548,0,0,34548,33616,33616,33615,33612,32476,32476,120,0,118,60.0/W,97.30230404075489,33616,1440,118,34548,1440,120,100.0,33616,1440,118,97.30230404075489,33616,1440,118,97.30230404075489,33615,1440,118,97.29940951719347,33612,1440,118,97.2907259465092,32476,1440,114,94.00254718073406,32476,1440,114,94.00254718073406,2026-02-28|2026-05-27,True
774728,34548,1220,33328,0,34548,0,0,34548,33328,33328,33328,33328,33328,33328,120,0,117,10.0/W,96.46868125506542,33328,1440,117,34548,1440,120,100.0,33328,1440,117,96.46868125506542,33328,1440,117,96.46868125506542,33328,1440,117,96.46868125506542,33328,1440,117,96.46868125506542,33328,1440,117,96.46868125506542,33328,1440,117,96.46868125506542,2026-02-28|2026-05-27,True
774729,34548,1221,33327,0,34548,0,0,34548,33327,33327,33327,33327,33327,33327,120,0,117,10.0/E,96.465786731504,33327,1440,117,34548,1440,120,100.0,33327,1440,117,96.465786731504,33327,1440,117,96.465786731504,33327,1440,117,96.465786731504,33327,1440,117,96.465786731504,33327,1440,117,96.465786731504,33327,1440,117,96.465786731504,2026-02-28|2026-05-27,True
774799,34548,2087,32461,0,34548,0,0,34548,32461,32461,32461,32461,32461,0,120,0,114,57.0/N,93.95912932731272,32461,1440,114,34548,1440,120,100.0,32461,1440,114,93.95912932731272,32461,1440,114,93.95912932731272,32461,1440,114,93.95912932731272,32461,1440,114,93.95912932731272,32461,1440,114,93.95912932731272,0,0,0,0.0,2026-02-28|2026-05-27,True
774800,34548,2084,32464,0,34548,0,0,34548,32464,32464,32461,32461,32461,0,120,0,114,57.0/S,93.96781289799699,32464,1440,114,34548,1440,120,100.0,32464,1440,114,93.96781289799699,32464,1440,114,93.96781289799699,32461,1440,114,93.95912932731272,32461,1440,114,93.95912932731272,32461,1440,114,93.95912932731272,0,0,0,0.0,2026-02-28|2026-05-27,True
774841,34548,5336,29212,0,34548,0,0,34548,29212,29212,17412,8164,541,0,120,0,103,57.0/N,84.55482227625333,29212,1440,103,34548,1440,120,100.0,29212,1440,103,84.55482227625333,29212,1440,103,84.55482227625333,17412,1440,62,50.399444251476204,8164,1440,30,23.630890355447494,541,405,2,1.5659372467291883,0,0,0,0.0,2026-02-28|2026-05-27,True
774877,34548,1508,33040,0,34548,0,0,34548,33040,33040,33040,32737,27396,27396,120,0,116,57.0/N,95.63505846937593,33040,1440,116,34548,1440,120,100.0,33040,1440,116,95.63505846937593,33040,1440,116,95.63505846937593,33040,1440,116,95.63505846937593,32737,1440,115,94.75801783026513,27396,1440,97,79.29836748871136,27396,1440,97,79.29836748871136,2026-02-28|2026-05-27,True
774878,34548,1508,33040,0,34548,0,0,34548,33040,33040,33040,33036,32449,32449,120,0,116,57.0/S,95.63505846937593,33040,1440,116,34548,1440,120,100.0,33040,1440,116,95.63505846937593,33040,1440,116,95.63505846937593,33040,1440,116,95.63505846937593,33036,1440,116,95.62348037513026,32449,1440,114,93.92439504457566,32449,1440,114,93.92439504457566,2026-02-28|2026-05-27,True
775029,34548,6393,28155,0,34548,0,0,34548,28155,28155,28155,28154,27572,27572,120,0,99,10.0/W,81.4953108718305,28155,1440,99,34548,1440,120,100.0,28155,1440,99,81.4953108718305,28155,1440,99,81.4953108718305,28155,1440,99,81.4953108718305,28154,1440,99,81.49241634826907,27572,1440,97,79.8078036355216,27572,1440,97,79.8078036355216,2026-02-28|2026-05-27,True
775120,34548,13853,20695,0,34548,0,0,34548,20695,20695,20695,20694,19239,6030,120,0,72,405.0/N,59.90216510362394,20695,1440,72,34548,1440,120,100.0,20695,1440,72,59.90216510362394,20695,1440,72,59.90216510362394,20695,1440,72,59.90216510362394,20694,1440,72,59.89927058006252,19239,1440,67,55.68773879819382,6030,1440,21,17.453977075373395,2026-02-28|2026-05-27,True
775121,34548,13853,20695,0,34548,0,0,34548,20695,20695,20695,20695,19543,19543,120,0,72,405.0/S,59.90216510362394,20695,1440,72,34548,1440,120,100.0,20695,1440,72,59.90216510362394,20695,1440,72,59.90216510362394,20695,1440,72,59.90216510362394,20695,1440,72,59.90216510362394,19543,1440,68,56.56767396086604,19543,1440,68,56.56767396086604,2026-02-28|2026-05-27,True
775136,34548,1797,32751,0,34548,0,0,34548,32751,32751,32184,1721,0,0,120,0,115,405.0/S,94.79854116012504,32751,1440,115,34548,1440,120,100.0,32751,1440,115,94.79854116012504,32751,1440,115,94.79854116012504,32184,1440,113,93.15734630079889,1721,1440,6,4.9814750492069,0,0,0,0.0,0,0,0,0.0,2026-02-28|2026-05-27,True
775137,34548,1797,32751,0,34548,0,0,34548,32751,32751,32751,32751,32171,24277,120,0,115,405.0/N,94.79854116012504,32751,1440,115,34548,1440,120,100.0,32751,1440,115,94.79854116012504,32751,1440,115,94.79854116012504,32751,1440,115,94.79854116012504,32751,1440,115,94.79854116012504,32171,1440,113,93.1197174945004,24277,1440,86,70.2703485006368,2026-02-28|2026-05-27,True
775511,34548,18473,16075,0,34548,0,0,34548,16075,16075,15787,15787,15787,15787,120,0,56,14.0/S,46.529466249855275,16075,1440,56,34548,1440,120,100.0,16075,1440,56,46.529466249855275,16075,1440,56,46.529466249855275,15787,1440,55,45.6958434641658,15787,1440,55,45.6958434641658,15787,1440,55,45.6958434641658,15787,1440,55,45.6958434641658,2026-02-28|2026-05-27,True
775535,34548,19934,14614,0,34548,0,0,34548,14614,14614,14049,14047,0,0,120,0,51,5.0/N,42.30056732661804,14614,1440,51,34548,1440,120,100.0,14614,1440,51,42.30056732661804,14614,1440,51,42.30056732661804,14049,1440,49,40.66516151441473,14047,1440,49,40.65937246729188,0,0,0,0.0,0,0,0,0.0,2026-02-28|2026-05-27,True
775536,34548,19934,14614,0,34548,0,0,34548,14614,14614,14050,13762,10275,10275,120,0,51,5.0/S,42.30056732661804,14614,1440,51,34548,1440,120,100.0,14614,1440,51,42.30056732661804,14614,1440,51,42.30056732661804,14050,1440,49,40.66805603797615,13762,1440,48,39.83443325228667,10275,1440,36,29.741229593608892,10275,1440,36,29.741229593608892,2026-02-28|2026-05-27,True
775552,34548,2372,32176,0,34548,0,0,34548,32176,32176,32176,32176,32176,32176,120,0,113,10.0/E,93.13419011230751,32176,1440,113,34548,1440,120,100.0,32176,1440,113,93.13419011230751,32176,1440,113,93.13419011230751,32176,1440,113,93.13419011230751,32176,1440,113,93.13419011230751,32176,1440,113,93.13419011230751,32176,1440,113,93.13419011230751,2026-02-28|2026-05-27,True
775795,34548,1220,33328,0,34548,0,0,34548,33328,33328,33328,33326,33326,33326,120,0,117,210.0/W,96.46868125506542,33328,1440,117,34548,1440,120,100.0,33328,1440,117,96.46868125506542,33328,1440,117,96.46868125506542,33328,1440,117,96.46868125506542,33326,1440,117,96.46289220794257,33326,1440,117,96.46289220794257,33326,1440,117,96.46289220794257,2026-02-28|2026-05-27,True
776465,34548,932,33616,0,34548,0,0,34548,33616,33616,33616,33616,33616,33616,120,0,118,101.0/N,97.30230404075489,33616,1440,118,34548,1440,120,100.0,33616,1440,118,97.30230404075489,33616,1440,118,97.30230404075489,33616,1440,118,97.30230404075489,33616,1440,118,97.30230404075489,33616,1440,118,97.30230404075489,33616,1440,118,97.30230404075489,2026-02-28|2026-05-27,True
776480,34548,19612,14936,0,34548,0,0,34548,14936,14936,10314,9464,7736,0,120,0,53,101.0/N,43.232603913395856,14936,1440,53,34548,1440,120,100.0,14936,1440,53,43.232603913395856,14936,1440,53,43.232603913395856,10314,1440,37,29.854116012504342,9464,1440,34,27.39377098529582,7736,1440,28,22.392034271158966,0,0,0,0.0,2026-02-28|2026-05-27,True
776487,34548,33120,1428,0,34548,0,0,34548,1428,1428,1428,1428,0,0,120,0,5,605.0/N,4.133379645710316,1428,1440,5,34548,1440,120,100.0,1428,1440,5,4.133379645710316,1428,1440,5,4.133379645710316,1428,1440,5,4.133379645710316,1428,1440,5,4.133379645710316,0,0,0,0.0,0,0,0,0.0,2026-02-28|2026-05-27,True
776493,34548,22204,12344,0,34548,0,0,34548,12344,12344,12343,12339,12325,12320,120,0,44,710.0/N,35.729998842190575,12344,1440,44,34548,1440,120,100.0,12344,1440,44,35.729998842190575,12344,1440,44,35.729998842190575,12343,1440,44,35.72710431862915,12339,1440,44,35.71552622438347,12325,1440,44,35.67500289452356,12320,1440,44,35.66053027671645,2026-02-28|2026-05-27,True
776751,34548,19612,14936,0,34548,0,0,34548,14936,14936,14936,14936,14936,14936,120,0,53,101.0/S,43.232603913395856,14936,1440,53,34548,1440,120,100.0,14936,1440,53,43.232603913395856,14936,1440,53,43.232603913395856,14936,1440,53,43.232603913395856,14936,1440,53,43.232603913395856,14936,1440,53,43.232603913395856,14936,1440,53,43.232603913395856,2026-02-28|2026-05-27,True
776752,34548,19612,14936,0,34548,0,0,34548,14936,14936,14936,14936,14646,14646,120,0,53,101.0/N,43.232603913395856,14936,1440,53,34548,1440,120,100.0,14936,1440,53,43.232603913395856,14936,1440,53,43.232603913395856,14936,1440,53,43.232603913395856,14936,1440,53,43.232603913395856,14646,1440,52,42.39319208058354,14646,1440,52,42.39319208058354,2026-02-28|2026-05-27,True
777212,34548,1779,32769,0,34548,0,0,34548,32769,32769,32769,32769,22176,22176,120,0,115,710.0/N,94.85064258423064,32769,1440,115,34548,1440,120,100.0,32769,1440,115,94.85064258423064,32769,1440,115,94.85064258423064,32769,1440,115,94.85064258423064,32769,1440,115,94.85064258423064,22176,1440,77,64.18895449808961,22176,1440,77,64.18895449808961,2026-02-28|2026-05-27,True
777213,34548,14456,20092,0,34548,0,0,34548,20092,20092,14265,14265,144,144,120,0,71,710.0/S,58.15676739608661,20092,1440,71,34548,1440,120,100.0,20092,1440,71,58.15676739608661,20092,1440,71,58.15676739608661,14265,1440,50,41.29037860368184,14265,1440,50,41.29037860368184,144,650,1,0.4168113928447378,144,650,1,0.4168113928447378,2026-02-28|2026-05-27,True
777243,34548,27935,6613,0,34548,0,0,34548,6613,6613,0,0,0,0,120,0,23,710.0/N,19.141484311682298,6613,1440,23,34548,1440,120,100.0,6613,1440,23,19.141484311682298,6613,1440,23,19.141484311682298,0,0,0,0.0,0,0,0,0.0,0,0,0,0.0,0,0,0,0.0,2026-02-28|2026-05-27,True
777245,34548,27071,7477,0,34548,0,0,34548,7477,7477,0,0,0,0,120,0,26,710.0/S,21.642352668750725,7477,1440,26,34548,1440,120,100.0,7477,1440,26,21.642352668750725,7477,1440,26,21.642352668750725,0,0,0,0.0,0,0,0,0.0,0,0,0,0.0,0,0,0,0.0,2026-02-28|2026-05-27,True
777316,34548,9219,25329,0,34548,0,0,34548,25329,25329,25329,22457,22457,22457,120,0,88,47.0/N,73.31538728725252,25329,1440,88,34548,1440,120,100.0,25329,1440,88,73.31538728725252,25329,1440,88,73.31538728725252,25329,1440,88,73.31538728725252,22457,1440,78,65.00231561884914,22457,1440,78,65.00231561884914,22457,1440,78,65.00231561884914,2026-02-28|2026-05-27,True
777733,34548,10724,23824,0,34548,0,0,34548,23824,23824,17785,5419,863,0,120,0,84,5.0/S,68.95912932731272,23824,1440,84,34548,1440,120,100.0,23824,1440,84,68.95912932731272,23824,1440,84,68.95912932731272,17785,1440,63,51.479101539886535,5419,1440,19,15.68542317934468,863,1440,3,2.4979738335070047,0,0,0,0.0,2026-02-28|2026-05-27,True
777767,34548,22493,12055,0,34548,0,0,34548,12055,12055,6909,2016,864,862,120,0,43,5.0/S,34.89348153293968,12055,1440,43,34548,1440,120,100.0,12055,1440,43,34.89348153293968,12055,1440,43,34.89348153293968,6909,1440,24,19.998263285863146,2016,1440,7,5.835359499826328,864,1440,3,2.5008683570684265,862,1440,3,2.495079309945583,2026-02-28|2026-05-27,True
777781,34548,29406,5142,0,34548,0,0,34548,5142,5142,576,288,288,284,120,0,19,5.0/N,14.883640152830845,5142,1440,19,34548,1440,120,100.0,5142,1440,19,14.883640152830845,5142,1440,19,14.883640152830845,576,1440,2,1.6672455713789511,288,1440,1,0.8336227856894756,288,1440,1,0.8336227856894756,284,1255,1,0.8220446914437883,2026-02-28|2026-05-27,True
777796,34548,21157,13391,0,34548,0,0,34548,13391,13391,3433,1152,845,282,120,0,48,5.0/N,38.76056501099919,13391,1440,48,34548,1440,120,100.0,13391,1440,48,38.76056501099919,13391,1440,48,38.76056501099919,3433,1440,12,9.936899386361006,1152,1440,4,3.3344911427579023,845,1440,3,2.4458724094014124,282,965,1,0.8162556443209448,2026-02-28|2026-05-27,True
