station_id,freeway,direction,rows,valid_coverage_rows,zero_rows,positive_rows,ge40_rows,ge80_rows,observed_sum,days_present,days_any_observed,days_any_ge40,days_any_ge80,zero_pct,positive_pct,ge40_pct,ge80_pct,mean_observed_pct,coverage_group
715898.0,5.0,N,34548,34548,34548,0,0,0,0.0,120,0,0,0,100.0,0.0,0.0,0.0,0.0,never positive observed
715915.0,5.0,N,34548,34548,34548,0,0,0,0.0,120,0,0,0,100.0,0.0,0.0,0.0,0.0,never positive observed
715916.0,5.0,S,34548,34548,34548,0,0,0,0.0,120,0,0,0,100.0,0.0,0.0,0.0,0.0,never positive observed
715918.0,5.0,N,34548,34548,34548,0,0,0,0.0,120,0,0,0,100.0,0.0,0.0,0.0,0.0,never positive observed
715920.0,5.0,S,34548,34548,34548,0,0,0,0.0,120,0,0,0,100.0,0.0,0.0,0.0,0.0,never positive observed
715929.0,5.0,S,34548,34548,34548,0,0,0,0.0,120,0,0,0,100.0,0.0,0.0,0.0,0.0,never positive observed
715930.0,5.0,N,34548,34548,34548,0,0,0,0.0,120,0,0,0,100.0,0.0,0.0,0.0,0.0,never positive observed
715933.0,5.0,N,34548,34548,34548,0,0,0,0.0,120,0,0,0,100.0,0.0,0.0,0.0,0.0,never positive observed
715938.0,5.0,N,34548,34548,31420,3128,3128,3128,312800.0,120,12,12,12,90.94593029987264,9.054069700127359,9.054069700127359,9.054069700127359,9.054069700127359,mixed zero and positive
715944.0,5.0,N,34548,34548,30556,3992,3992,0,299400.0,120,15,15,0,88.44506194280422,11.554938057195786,11.554938057195786,0.0,8.66620354289684,mixed zero and positive
715947.0,5.0,S,34548,34548,34548,0,0,0,0.0,120,0,0,0,100.0,0.0,0.0,0.0,0.0,never positive observed
715996.0,5.0,S,34548,34548,34548,0,0,0,0.0,120,0,0,0,100.0,0.0,0.0,0.0,0.0,never positive observed
716016.0,5.0,S,34548,34548,34548,0,0,0,0.0,120,0,0,0,100.0,0.0,0.0,0.0,0.0,never positive observed
716017.0,5.0,N,34548,34548,34548,0,0,0,0.0,120,0,0,0,100.0,0.0,0.0,0.0,0.0,never positive observed
716023.0,5.0,N,34548,34548,34548,0,0,0,0.0,120,0,0,0,100.0,0.0,0.0,0.0,0.0,never positive observed
716028.0,10.0,E,34548,34548,34548,0,0,0,0.0,120,0,0,0,100.0,0.0,0.0,0.0,0.0,never positive observed
716032.0,10.0,W,34548,34548,34548,0,0,0,0.0,120,0,0,0,100.0,0.0,0.0,0.0,0.0,never positive observed
716036.0,10.0,E,34548,34548,34548,0,0,0,0.0,120,0,0,0,100.0,0.0,0.0,0.0,0.0,never positive observed
716047.0,10.0,E,34548,34548,34548,0,0,0,0.0,120,0,0,0,100.0,0.0,0.0,0.0,0.0,never positive observed
716050.0,10.0,E,34548,34548,34548,0,0,0,0.0,120,0,0,0,100.0,0.0,0.0,0.0,0.0,never positive observed
716057.0,10.0,E,34548,34548,34548,0,0,0,0.0,120,0,0,0,100.0,0.0,0.0,0.0,0.0,never positive observed
716063.0,10.0,W,34548,34548,34548,0,0,0,0.0,120,0,0,0,100.0,0.0,0.0,0.0,0.0,never positive observed
716067.0,10.0,E,34548,34548,34548,0,0,0,0.0,120,0,0,0,100.0,0.0,0.0,0.0,0.0,never positive observed
716069.0,10.0,E,34548,34548,34548,0,0,0,0.0,120,0,0,0,100.0,0.0,0.0,0.0,0.0,never positive observed
716072.0,10.0,E,34548,34548,34548,0,0,0,0.0,120,0,0,0,100.0,0.0,0.0,0.0,0.0,never positive observed
716075.0,10.0,E,34548,34548,34548,0,0,0,0.0,120,0,0,0,100.0,0.0,0.0,0.0,0.0,never positive observed
716076.0,10.0,W,34548,34548,34548,0,0,0,0.0,120,0,0,0,100.0,0.0,0.0,0.0,0.0,never positive observed
716078.0,10.0,E,34548,34548,34548,0,0,0,0.0,120,0,0,0,100.0,0.0,0.0,0.0,0.0,never positive observed
716081.0,10.0,E,34548,34548,5771,28777,28777,28777,2877700.0,120,100,100,100,16.70429547296515,83.29570452703484,83.29570452703484,83.29570452703484,83.29570452703484,mixed zero and positive
716084.0,10.0,W,34548,34548,34548,0,0,0,0.0,120,0,0,0,100.0,0.0,0.0,0.0,0.0,never positive observed
716085.0,10.0,E,34548,34548,4083,30465,30464,30463,3046375.0,120,107,107,107,11.818339701285169,88.18166029871483,88.17876577515341,88.17587125159199,88.17804214426306,mixed zero and positive
716087.0,10.0,E,34548,34548,28799,5749,5461,5461,551860.0,120,20,19,19,83.35938404538614,16.64061595461387,15.806993168924395,15.806993168924395,15.97371772606229,mixed zero and positive
716088.0,10.0,W,34548,34548,4085,30463,30462,30459,3046100.0,120,107,107,107,11.824128748408013,88.17587125159199,88.17297672803056,88.16429315734631,88.17008220446914,mixed zero and positive
716091.0,10.0,W,34548,34548,4371,30177,30176,29897,3010625.0,120,106,106,105,12.651962486974645,87.34803751302536,87.34514298946394,86.53757091582726,87.14324997105476,mixed zero and positive
716092.0,10.0,E,34548,34548,34548,0,0,0,0.0,120,0,0,0,100.0,0.0,0.0,0.0,0.0,never positive observed
716101.0,10.0,W,34548,34548,5235,29313,29313,0,2198475.0,120,103,103,0,15.15283084404307,84.84716915595693,84.84716915595693,0.0,63.6353768669677,mixed zero and positive
716126.0,10.0,E,34548,34548,34548,0,0,0,0.0,120,0,0,0,100.0,0.0,0.0,0.0,0.0,never positive observed
716142.0,210.0,E,34548,34548,3662,30886,30885,30885,3088525.0,120,108,108,108,10.599745281926594,89.4002547180734,89.39736019451199,89.39736019451199,89.39808382540234,mixed zero and positive
716143.0,210.0,E,34548,34548,34548,0,0,0,0.0,120,0,0,0,100.0,0.0,0.0,0.0,0.0,never positive observed
716146.0,10.0,W,34548,34548,34548,0,0,0,0.0,120,0,0,0,100.0,0.0,0.0,0.0,0.0,never positive observed
716152.0,10.0,E,34548,34548,2084,32464,32176,32174,3224750.0,120,114,113,113,6.03218710200301,93.96781289799699,93.13419011230751,93.12840106518468,93.34114854694917,mixed zero and positive
716153.0,10.0,W,34548,34548,2084,32464,32464,0,1947660.0,120,114,114,0,6.03218710200301,93.96781289799699,93.96781289799699,0.0,56.37547759638763,mixed zero and positive
716172.0,10.0,E,34548,34548,34548,0,0,0,0.0,120,0,0,0,100.0,0.0,0.0,0.0,0.0,never positive observed
716174.0,10.0,W,34548,34548,34548,0,0,0,0.0,120,0,0,0,100.0,0.0,0.0,0.0,0.0,never positive observed
716176.0,10.0,W,34548,34548,34548,0,0,0,0.0,120,0,0,0,100.0,0.0,0.0,0.0,0.0,never positive observed
716181.0,10.0,E,34548,34548,34548,0,0,0,0.0,120,0,0,0,100.0,0.0,0.0,0.0,0.0,never positive observed
716187.0,10.0,E,34548,34548,933,33615,0,0,840375.0,120,118,0,0,2.70059048280653,97.29940951719347,0.0,0.0,24.324852379298367,mixed zero and positive
716193.0,10.0,W,34548,34548,34548,0,0,0,0.0,120,0,0,0,100.0,0.0,0.0,0.0,0.0,never positive observed
716203.0,57.0,N,34548,34548,34548,0,0,0,0.0,120,0,0,0,100.0,0.0,0.0,0.0,0.0,never positive observed
716206.0,60.0,W,34548,34548,34548,0,0,0,0.0,120,0,0,0,100.0,0.0,0.0,0.0,0.0,never positive observed
716213.0,60.0,E,34548,34548,34548,0,0,0,0.0,120,0,0,0,100.0,0.0,0.0,0.0,0.0,never positive observed
716235.0,60.0,E,34548,34548,34548,0,0,0,0.0,120,0,0,0,100.0,0.0,0.0,0.0,0.0,never positive observed
716237.0,60.0,E,34548,34548,34548,0,0,0,0.0,120,0,0,0,100.0,0.0,0.0,0.0,0.0,never positive observed
716238.0,60.0,W,34548,34548,34548,0,0,0,0.0,120,0,0,0,100.0,0.0,0.0,0.0,0.0,never positive observed
716241.0,60.0,W,34548,34548,34548,0,0,0,0.0,120,0,0,0,100.0,0.0,0.0,0.0,0.0,never positive observed
716253.0,60.0,W,34548,34548,34548,0,0,0,0.0,120,0,0,0,100.0,0.0,0.0,0.0,0.0,never positive observed
716254.0,60.0,E,34548,34548,34548,0,0,0,0.0,120,0,0,0,100.0,0.0,0.0,0.0,0.0,never positive observed
716265.0,60.0,E,34548,34548,34548,0,0,0,0.0,120,0,0,0,100.0,0.0,0.0,0.0,0.0,never positive observed
716271.0,71.0,S,34548,34548,34548,0,0,0,0.0,120,0,0,0,100.0,0.0,0.0,0.0,0.0,never positive observed
716272.0,91.0,E,34548,34548,34548,0,0,0,0.0,120,0,0,0,100.0,0.0,0.0,0.0,0.0,never positive observed
716273.0,91.0,E,34548,34548,34548,0,0,0,0.0,120,0,0,0,100.0,0.0,0.0,0.0,0.0,never positive observed
716295.0,91.0,W,34548,34548,29940,4608,4608,4608,460800.0,120,16,16,16,86.6620354289684,13.337964571031609,13.337964571031609,13.337964571031609,13.337964571031609,mixed zero and positive
716296.0,91.0,E,34548,34548,29940,4608,4608,0,273780.0,120,16,16,0,86.6620354289684,13.337964571031609,13.337964571031609,0.0,7.924626606460577,mixed zero and positive
716311.0,91.0,W,34548,34548,34548,0,0,0,0.0,120,0,0,0,100.0,0.0,0.0,0.0,0.0,never positive observed
716312.0,91.0,E,34548,34548,34548,0,0,0,0.0,120,0,0,0,100.0,0.0,0.0,0.0,0.0,never positive observed
716313.0,91.0,E,34548,34548,34548,0,0,0,0.0,120,0,0,0,100.0,0.0,0.0,0.0,0.0,never positive observed
716314.0,91.0,W,34548,34548,34548,0,0,0,0.0,120,0,0,0,100.0,0.0,0.0,0.0,0.0,never positive observed
716328.0,101.0,S,34548,34548,21340,13208,12920,4219,1074600.0,120,47,46,16,61.769132800741,38.230867199259,37.397244413569524,12.211994905638532,31.104550191038555,mixed zero and positive
716331.0,101.0,S,34548,34548,34548,0,0,0,0.0,120,0,0,0,100.0,0.0,0.0,0.0,0.0,never positive observed
716337.0,101.0,N,34548,34548,34548,0,0,0,0.0,120,0,0,0,100.0,0.0,0.0,0.0,0.0,never positive observed
716339.0,101.0,S,34548,34548,34548,0,0,0,0.0,120,0,0,0,100.0,0.0,0.0,0.0,0.0,never positive observed
716359.0,101.0,N,34548,34548,34548,0,0,0,0.0,120,0,0,0,100.0,0.0,0.0,0.0,0.0,never positive observed
716390.0,101.0,S,34548,34548,34548,0,0,0,0.0,120,0,0,0,100.0,0.0,0.0,0.0,0.0,never positive observed
716391.0,101.0,S,34548,34548,34548,0,0,0,0.0,120,0,0,0,100.0,0.0,0.0,0.0,0.0,never positive observed
716392.0,101.0,S,34548,34548,34548,0,0,0,0.0,120,0,0,0,100.0,0.0,0.0,0.0,0.0,never positive observed
716402.0,105.0,W,34548,34548,34548,0,0,0,0.0,120,0,0,0,100.0,0.0,0.0,0.0,0.0,never positive observed
716404.0,105.0,W,34548,34548,34548,0,0,0,0.0,120,0,0,0,100.0,0.0,0.0,0.0,0.0,never positive observed
716405.0,105.0,W,34548,34548,34548,0,0,0,0.0,120,0,0,0,100.0,0.0,0.0,0.0,0.0,never positive observed
716407.0,105.0,W,34548,34548,34548,0,0,0,0.0,120,0,0,0,100.0,0.0,0.0,0.0,0.0,never positive observed
716409.0,105.0,W,34548,34548,34548,0,0,0,0.0,120,0,0,0,100.0,0.0,0.0,0.0,0.0,never positive observed
716413.0,105.0,W,34548,34548,34548,0,0,0,0.0,120,0,0,0,100.0,0.0,0.0,0.0,0.0,never positive observed
716414.0,105.0,E,34548,34548,34548,0,0,0,0.0,120,0,0,0,100.0,0.0,0.0,0.0,0.0,never positive observed
716419.0,105.0,E,34548,34548,34548,0,0,0,0.0,120,0,0,0,100.0,0.0,0.0,0.0,0.0,never positive observed
716420.0,105.0,W,34548,34548,34548,0,0,0,0.0,120,0,0,0,100.0,0.0,0.0,0.0,0.0,never positive observed
716421.0,105.0,E,34548,34548,34548,0,0,0,0.0,120,0,0,0,100.0,0.0,0.0,0.0,0.0,never positive observed
716422.0,105.0,W,34548,34548,34548,0,0,0,0.0,120,0,0,0,100.0,0.0,0.0,0.0,0.0,never positive observed
716424.0,105.0,E,34548,34548,34548,0,0,0,0.0,120,0,0,0,100.0,0.0,0.0,0.0,0.0,never positive observed
716426.0,105.0,W,34548,34548,34548,0,0,0,0.0,120,0,0,0,100.0,0.0,0.0,0.0,0.0,never positive observed
716427.0,105.0,E,34548,34548,34548,0,0,0,0.0,120,0,0,0,100.0,0.0,0.0,0.0,0.0,never positive observed
716428.0,105.0,W,34548,34548,34548,0,0,0,0.0,120,0,0,0,100.0,0.0,0.0,0.0,0.0,never positive observed
716431.0,105.0,E,34548,34548,34548,0,0,0,0.0,120,0,0,0,100.0,0.0,0.0,0.0,0.0,never positive observed
716433.0,105.0,E,34548,34548,34548,0,0,0,0.0,120,0,0,0,100.0,0.0,0.0,0.0,0.0,never positive observed
716434.0,105.0,W,34548,34548,34548,0,0,0,0.0,120,0,0,0,100.0,0.0,0.0,0.0,0.0,never positive observed
716437.0,105.0,W,34548,34548,34548,0,0,0,0.0,120,0,0,0,100.0,0.0,0.0,0.0,0.0,never positive observed
716440.0,105.0,E,34548,34548,34548,0,0,0,0.0,120,0,0,0,100.0,0.0,0.0,0.0,0.0,never positive observed
716441.0,105.0,W,34548,34548,34548,0,0,0,0.0,120,0,0,0,100.0,0.0,0.0,0.0,0.0,never positive observed
716442.0,105.0,E,34548,34548,34548,0,0,0,0.0,120,0,0,0,100.0,0.0,0.0,0.0,0.0,never positive observed
716443.0,105.0,W,34548,34548,34548,0,0,0,0.0,120,0,0,0,100.0,0.0,0.0,0.0,0.0,never positive observed
716448.0,105.0,W,34548,34548,34548,0,0,0,0.0,120,0,0,0,100.0,0.0,0.0,0.0,0.0,never positive observed
716449.0,105.0,E,34548,34548,34548,0,0,0,0.0,120,0,0,0,100.0,0.0,0.0,0.0,0.0,never positive observed
716450.0,105.0,W,34548,34548,34548,0,0,0,0.0,120,0,0,0,100.0,0.0,0.0,0.0,0.0,never positive observed
716453.0,105.0,E,34548,34548,34548,0,0,0,0.0,120,0,0,0,100.0,0.0,0.0,0.0,0.0,never positive observed
716456.0,105.0,E,34548,34548,34548,0,0,0,0.0,120,0,0,0,100.0,0.0,0.0,0.0,0.0,never positive observed
716457.0,105.0,W,34548,34548,34548,0,0,0,0.0,120,0,0,0,100.0,0.0,0.0,0.0,0.0,never positive observed
716459.0,105.0,W,34548,34548,34548,0,0,0,0.0,120,0,0,0,100.0,0.0,0.0,0.0,0.0,never positive observed
716460.0,105.0,E,34548,34548,34548,0,0,0,0.0,120,0,0,0,100.0,0.0,0.0,0.0,0.0,never positive observed
716461.0,105.0,W,34548,34548,34548,0,0,0,0.0,120,0,0,0,100.0,0.0,0.0,0.0,0.0,never positive observed
716466.0,105.0,E,34548,34548,34548,0,0,0,0.0,120,0,0,0,100.0,0.0,0.0,0.0,0.0,never positive observed
716470.0,105.0,E,34548,34548,34548,0,0,0,0.0,120,0,0,0,100.0,0.0,0.0,0.0,0.0,never positive observed
716471.0,105.0,W,34548,34548,34548,0,0,0,0.0,120,0,0,0,100.0,0.0,0.0,0.0,0.0,never positive observed
716481.0,110.0,S,34548,34548,34548,0,0,0,0.0,120,0,0,0,100.0,0.0,0.0,0.0,0.0,never positive observed
716484.0,110.0,N,34548,34548,34548,0,0,0,0.0,120,0,0,0,100.0,0.0,0.0,0.0,0.0,never positive observed
716485.0,110.0,S,34548,34548,34548,0,0,0,0.0,120,0,0,0,100.0,0.0,0.0,0.0,0.0,never positive observed
716490.0,110.0,N,34548,34548,34548,0,0,0,0.0,120,0,0,0,100.0,0.0,0.0,0.0,0.0,never positive observed
716491.0,110.0,S,34548,34548,34548,0,0,0,0.0,120,0,0,0,100.0,0.0,0.0,0.0,0.0,never positive observed
716494.0,110.0,S,34548,34548,34548,0,0,0,0.0,120,0,0,0,100.0,0.0,0.0,0.0,0.0,never positive observed
716495.0,110.0,N,34548,34548,34548,0,0,0,0.0,120,0,0,0,100.0,0.0,0.0,0.0,0.0,never positive observed
716499.0,110.0,N,34548,34548,34548,0,0,0,0.0,120,0,0,0,100.0,0.0,0.0,0.0,0.0,never positive observed
716500.0,110.0,S,34548,34548,34548,0,0,0,0.0,120,0,0,0,100.0,0.0,0.0,0.0,0.0,never positive observed
716551.0,134.0,W,34548,34548,10425,24123,23834,23534,2375875.0,120,85,84,83,30.17540812782216,69.82459187217783,68.98807456292694,68.1197174945004,68.77026166492995,mixed zero and positive
716554.0,134.0,W,34548,34548,4665,29883,29883,29306,2959475.0,120,105,105,103,13.50295241403265,86.49704758596735,86.49704758596735,84.82690749102697,85.66270116938752,mixed zero and positive
716571.0,170.0,S,34548,34548,34548,0,0,0,0.0,120,0,0,0,100.0,0.0,0.0,0.0,0.0,never positive observed
716573.0,170.0,S,34548,34548,34548,0,0,0,0.0,120,0,0,0,100.0,0.0,0.0,0.0,0.0,never positive observed
716626.0,405.0,S,34548,34548,34548,0,0,0,0.0,120,0,0,0,100.0,0.0,0.0,0.0,0.0,never positive observed
716632.0,405.0,N,34548,34548,34548,0,0,0,0.0,120,0,0,0,100.0,0.0,0.0,0.0,0.0,never positive observed
716659.0,405.0,N,34548,34548,34548,0,0,0,0.0,120,0,0,0,100.0,0.0,0.0,0.0,0.0,never positive observed
716660.0,405.0,S,34548,34548,34548,0,0,0,0.0,120,0,0,0,100.0,0.0,0.0,0.0,0.0,never positive observed
716663.0,405.0,N,34548,34548,34548,0,0,0,0.0,120,0,0,0,100.0,0.0,0.0,0.0,0.0,never positive observed
716670.0,405.0,N,34548,34548,34548,0,0,0,0.0,120,0,0,0,100.0,0.0,0.0,0.0,0.0,never positive observed
716674.0,405.0,S,34548,34548,34548,0,0,0,0.0,120,0,0,0,100.0,0.0,0.0,0.0,0.0,never positive observed
716689.0,405.0,N,34548,34548,7804,26744,26744,24135,2058540.0,120,93,93,84,22.58886187333565,77.41113812666435,77.41113812666435,69.8593261549149,59.58492532129212,mixed zero and positive
716694.0,405.0,N,34548,34548,34548,0,0,0,0.0,120,0,0,0,100.0,0.0,0.0,0.0,0.0,never positive observed
716714.0,405.0,N,34548,34548,34548,0,0,0,0.0,120,0,0,0,100.0,0.0,0.0,0.0,0.0,never positive observed
716719.0,405.0,S,34548,34548,34548,0,0,0,0.0,120,0,0,0,100.0,0.0,0.0,0.0,0.0,never positive observed
716720.0,405.0,N,34548,34548,34548,0,0,0,0.0,120,0,0,0,100.0,0.0,0.0,0.0,0.0,never positive observed
716733.0,405.0,N,34548,34548,34548,0,0,0,0.0,120,0,0,0,100.0,0.0,0.0,0.0,0.0,never positive observed
716738.0,405.0,N,34548,34548,34548,0,0,0,0.0,120,0,0,0,100.0,0.0,0.0,0.0,0.0,never positive observed
716739.0,405.0,N,34548,34548,34548,0,0,0,0.0,120,0,0,0,100.0,0.0,0.0,0.0,0.0,never positive observed
716760.0,605.0,N,34548,34548,34548,0,0,0,0.0,120,0,0,0,100.0,0.0,0.0,0.0,0.0,never positive observed
716775.0,605.0,S,34548,34548,34548,0,0,0,0.0,120,0,0,0,100.0,0.0,0.0,0.0,0.0,never positive observed
716776.0,605.0,S,34548,34548,34548,0,0,0,0.0,120,0,0,0,100.0,0.0,0.0,0.0,0.0,never positive observed
716778.0,605.0,S,34548,34548,34548,0,0,0,0.0,120,0,0,0,100.0,0.0,0.0,0.0,0.0,never positive observed
716784.0,605.0,N,34548,34548,34548,0,0,0,0.0,120,0,0,0,100.0,0.0,0.0,0.0,0.0,never positive observed
716788.0,605.0,N,34548,34548,1207,33341,33341,13422,2263140.0,120,117,117,48,3.4936899386361007,96.5063100613639,96.5063100613639,38.850295241403266,65.50712052796109,mixed zero and positive
716797.0,605.0,S,34548,34548,34548,0,0,0,0.0,120,0,0,0,100.0,0.0,0.0,0.0,0.0,never positive observed
716800.0,605.0,N,34548,34548,34548,0,0,0,0.0,120,0,0,0,100.0,0.0,0.0,0.0,0.0,never positive observed
716810.0,605.0,S,34548,34548,34548,0,0,0,0.0,120,0,0,0,100.0,0.0,0.0,0.0,0.0,never positive observed
716819.0,605.0,N,34548,34548,34548,0,0,0,0.0,120,0,0,0,100.0,0.0,0.0,0.0,0.0,never positive observed
716829.0,605.0,N,34548,34548,34548,0,0,0,0.0,120,0,0,0,100.0,0.0,0.0,0.0,0.0,never positive observed
716834.0,605.0,N,34548,34548,34548,0,0,0,0.0,120,0,0,0,100.0,0.0,0.0,0.0,0.0,never positive observed
716841.0,605.0,N,34548,34548,34548,0,0,0,0.0,120,0,0,0,100.0,0.0,0.0,0.0,0.0,never positive observed
716847.0,710.0,S,34548,34548,34548,0,0,0,0.0,120,0,0,0,100.0,0.0,0.0,0.0,0.0,never positive observed
716857.0,710.0,S,34548,34548,34548,0,0,0,0.0,120,0,0,0,100.0,0.0,0.0,0.0,0.0,never positive observed
716875.0,710.0,S,34548,34548,34548,0,0,0,0.0,120,0,0,0,100.0,0.0,0.0,0.0,0.0,never positive observed
716891.0,710.0,S,34548,34548,34548,0,0,0,0.0,120,0,0,0,100.0,0.0,0.0,0.0,0.0,never positive observed
716895.0,5.0,S,34548,34548,34548,0,0,0,0.0,120,0,0,0,100.0,0.0,0.0,0.0,0.0,never positive observed
716896.0,5.0,S,34548,34548,34548,0,0,0,0.0,120,0,0,0,100.0,0.0,0.0,0.0,0.0,never positive observed
716898.0,5.0,S,34548,34548,34548,0,0,0,0.0,120,0,0,0,100.0,0.0,0.0,0.0,0.0,never positive observed
716899.0,5.0,N,34548,34548,34548,0,0,0,0.0,120,0,0,0,100.0,0.0,0.0,0.0,0.0,never positive observed
716900.0,5.0,N,34548,34548,34548,0,0,0,0.0,120,0,0,0,100.0,0.0,0.0,0.0,0.0,never positive observed
716902.0,5.0,S,34548,34548,34548,0,0,0,0.0,120,0,0,0,100.0,0.0,0.0,0.0,0.0,never positive observed
716904.0,5.0,N,34548,34548,34548,0,0,0,0.0,120,0,0,0,100.0,0.0,0.0,0.0,0.0,never positive observed
716906.0,5.0,S,34548,34548,34548,0,0,0,0.0,120,0,0,0,100.0,0.0,0.0,0.0,0.0,never positive observed
716907.0,5.0,S,34548,34548,34548,0,0,0,0.0,120,0,0,0,100.0,0.0,0.0,0.0,0.0,never positive observed
716908.0,5.0,S,34548,34548,34548,0,0,0,0.0,120,0,0,0,100.0,0.0,0.0,0.0,0.0,never positive observed
716911.0,5.0,S,34548,34548,34548,0,0,0,0.0,120,0,0,0,100.0,0.0,0.0,0.0,0.0,never positive observed
716912.0,5.0,S,34548,34548,34548,0,0,0,0.0,120,0,0,0,100.0,0.0,0.0,0.0,0.0,never positive observed
716916.0,5.0,S,34548,34548,34548,0,0,0,0.0,120,0,0,0,100.0,0.0,0.0,0.0,0.0,never positive observed
716918.0,5.0,S,34548,34548,34548,0,0,0,0.0,120,0,0,0,100.0,0.0,0.0,0.0,0.0,never positive observed
716920.0,5.0,S,34548,34548,34548,0,0,0,0.0,120,0,0,0,100.0,0.0,0.0,0.0,0.0,never positive observed
716921.0,5.0,N,34548,34548,34548,0,0,0,0.0,120,0,0,0,100.0,0.0,0.0,0.0,0.0,never positive observed
716922.0,5.0,S,34548,34548,34548,0,0,0,0.0,120,0,0,0,100.0,0.0,0.0,0.0,0.0,never positive observed
716923.0,5.0,N,34548,34548,34548,0,0,0,0.0,120,0,0,0,100.0,0.0,0.0,0.0,0.0,never positive observed
716924.0,5.0,S,34548,34548,34548,0,0,0,0.0,120,0,0,0,100.0,0.0,0.0,0.0,0.0,never positive observed
716925.0,5.0,N,34548,34548,34548,0,0,0,0.0,120,0,0,0,100.0,0.0,0.0,0.0,0.0,never positive observed
716928.0,5.0,S,34548,34548,33685,863,0,0,21575.0,120,3,0,0,97.502026166493,2.4979738335070047,0.0,0.0,0.6244934583767512,mixed zero and positive
716929.0,5.0,N,34548,34548,30556,3992,3992,3992,399200.0,120,15,15,15,88.44506194280422,11.554938057195786,11.554938057195786,11.554938057195786,11.554938057195786,mixed zero and positive
716930.0,5.0,S,34548,34548,30556,3992,3992,3990,399100.0,120,15,15,15,88.44506194280422,11.554938057195786,11.554938057195786,11.549149010072941,11.552043533634365,mixed zero and positive
716933.0,5.0,N,34548,34548,30556,3992,0,0,79840.0,120,15,0,0,88.44506194280422,11.554938057195786,0.0,0.0,2.310987611439157,mixed zero and positive
716934.0,5.0,S,34548,34548,30556,3992,3992,3992,399200.0,120,15,15,15,88.44506194280422,11.554938057195786,11.554938057195786,11.554938057195786,11.554938057195786,mixed zero and positive
716936.0,5.0,S,34548,34548,34548,0,0,0,0.0,120,0,0,0,100.0,0.0,0.0,0.0,0.0,never positive observed
716937.0,5.0,N,34548,34548,34548,0,0,0,0.0,120,0,0,0,100.0,0.0,0.0,0.0,0.0,never positive observed
716938.0,5.0,S,34548,34548,34548,0,0,0,0.0,120,0,0,0,100.0,0.0,0.0,0.0,0.0,never positive observed
716939.0,5.0,S,34548,34548,34548,0,0,0,0.0,120,0,0,0,100.0,0.0,0.0,0.0,0.0,never positive observed
716940.0,5.0,S,34548,34548,34548,0,0,0,0.0,120,0,0,0,100.0,0.0,0.0,0.0,0.0,never positive observed
716941.0,5.0,S,34548,34548,34548,0,0,0,0.0,120,0,0,0,100.0,0.0,0.0,0.0,0.0,never positive observed
716942.0,5.0,N,34548,34548,34548,0,0,0,0.0,120,0,0,0,100.0,0.0,0.0,0.0,0.0,never positive observed
716943.0,5.0,S,34548,34548,34548,0,0,0,0.0,120,0,0,0,100.0,0.0,0.0,0.0,0.0,never positive observed
716944.0,5.0,S,34548,34548,34548,0,0,0,0.0,120,0,0,0,100.0,0.0,0.0,0.0,0.0,never positive observed
716946.0,5.0,S,34548,34548,34548,0,0,0,0.0,120,0,0,0,100.0,0.0,0.0,0.0,0.0,never positive observed
716949.0,5.0,S,34548,34548,34548,0,0,0,0.0,120,0,0,0,100.0,0.0,0.0,0.0,0.0,never positive observed
716951.0,5.0,N,34548,34548,34548,0,0,0,0.0,120,0,0,0,100.0,0.0,0.0,0.0,0.0,never positive observed
716953.0,5.0,N,34548,34548,34548,0,0,0,0.0,120,0,0,0,100.0,0.0,0.0,0.0,0.0,never positive observed
716955.0,5.0,S,34548,34548,33917,631,193,0,20000.0,120,3,1,0,98.17355563274285,1.8264443672571495,0.5586430473544055,0.0,0.578904712284358,mixed zero and positive
716956.0,5.0,N,34548,34548,34548,0,0,0,0.0,120,0,0,0,100.0,0.0,0.0,0.0,0.0,never positive observed
716958.0,5.0,S,34548,34548,34548,0,0,0,0.0,120,0,0,0,100.0,0.0,0.0,0.0,0.0,never positive observed
716960.0,5.0,S,34548,34548,34548,0,0,0,0.0,120,0,0,0,100.0,0.0,0.0,0.0,0.0,never positive observed
716963.0,5.0,N,34548,34548,34548,0,0,0,0.0,120,0,0,0,100.0,0.0,0.0,0.0,0.0,never positive observed
716965.0,5.0,S,34548,34548,34548,0,0,0,0.0,120,0,0,0,100.0,0.0,0.0,0.0,0.0,never positive observed
716968.0,5.0,N,34548,34548,34548,0,0,0,0.0,120,0,0,0,100.0,0.0,0.0,0.0,0.0,never positive observed
716971.0,5.0,N,34548,34548,34548,0,0,0,0.0,120,0,0,0,100.0,0.0,0.0,0.0,0.0,never positive observed
716973.0,5.0,N,34548,34548,34548,0,0,0,0.0,120,0,0,0,100.0,0.0,0.0,0.0,0.0,never positive observed
716974.0,5.0,N,34548,34548,10724,23824,23824,0,1414350.0,120,84,84,0,31.040870672687277,68.95912932731272,68.95912932731272,0.0,40.938693990969085,mixed zero and positive
716977.0,5.0,S,34548,34548,33684,864,859,527,77000.0,120,3,3,2,97.49913164293157,2.5008683570684265,2.4863957392613174,1.5254139168692833,2.228783142294778,mixed zero and positive
716978.0,5.0,N,34548,34548,25074,9474,5152,1439,396160.0,120,33,18,5,72.57728377908997,27.42271622091004,14.912585388445063,4.165219404885955,11.466944540928564,mixed zero and positive
716979.0,5.0,S,34548,34548,29116,5432,0,0,108640.0,120,20,0,0,84.27694801435683,15.723051985643163,0.0,0.0,3.1446103971286328,mixed zero and positive
716981.0,5.0,N,34548,34548,23068,11480,3168,0,380575.0,120,40,11,0,66.77086951487784,33.22913048512215,9.169850642584231,0.0,11.015833043880978,mixed zero and positive
716983.0,5.0,S,34548,34548,19654,14894,14894,12305,1417725.0,120,53,53,44,56.88896607618386,43.11103392381614,43.11103392381614,35.617112423295126,41.03638416116707,mixed zero and positive
716985.0,5.0,N,34548,34548,11827,22721,0,0,568025.0,120,79,0,0,34.23353016093551,65.76646983906448,0.0,0.0,16.44161745976612,mixed zero and positive
716986.0,5.0,S,34548,34548,10724,23824,23824,23824,2382400.0,120,84,84,84,31.040870672687277,68.95912932731272,68.95912932731272,68.95912932731272,68.95912932731272,mixed zero and positive
716988.0,5.0,N,34548,34548,34548,0,0,0,0.0,120,0,0,0,100.0,0.0,0.0,0.0,0.0,never positive observed
716989.0,5.0,S,34548,34548,34548,0,0,0,0.0,120,0,0,0,100.0,0.0,0.0,0.0,0.0,never positive observed
716990.0,5.0,N,34548,34548,34548,0,0,0,0.0,120,0,0,0,100.0,0.0,0.0,0.0,0.0,never positive observed
716991.0,5.0,S,34548,34548,34548,0,0,0,0.0,120,0,0,0,100.0,0.0,0.0,0.0,0.0,never positive observed
716993.0,5.0,S,34548,34548,34548,0,0,0,0.0,120,0,0,0,100.0,0.0,0.0,0.0,0.0,never positive observed
716994.0,5.0,N,34548,34548,34548,0,0,0,0.0,120,0,0,0,100.0,0.0,0.0,0.0,0.0,never positive observed
716996.0,5.0,S,34548,34548,34548,0,0,0,0.0,120,0,0,0,100.0,0.0,0.0,0.0,0.0,never positive observed
716997.0,5.0,N,34548,34548,34548,0,0,0,0.0,120,0,0,0,100.0,0.0,0.0,0.0,0.0,never positive observed
716999.0,5.0,S,34548,34548,34548,0,0,0,0.0,120,0,0,0,100.0,0.0,0.0,0.0,0.0,never positive observed
717000.0,5.0,N,34548,34548,34548,0,0,0,0.0,120,0,0,0,100.0,0.0,0.0,0.0,0.0,never positive observed
717001.0,5.0,S,34548,34548,34548,0,0,0,0.0,120,0,0,0,100.0,0.0,0.0,0.0,0.0,never positive observed
717002.0,5.0,S,34548,34548,34548,0,0,0,0.0,120,0,0,0,100.0,0.0,0.0,0.0,0.0,never positive observed
717004.0,5.0,S,34548,34548,34548,0,0,0,0.0,120,0,0,0,100.0,0.0,0.0,0.0,0.0,never positive observed
717006.0,5.0,S,34548,34548,34548,0,0,0,0.0,120,0,0,0,100.0,0.0,0.0,0.0,0.0,never positive observed
717008.0,10.0,E,34548,34548,34548,0,0,0,0.0,120,0,0,0,100.0,0.0,0.0,0.0,0.0,never positive observed
717009.0,10.0,E,34548,34548,34548,0,0,0,0.0,120,0,0,0,100.0,0.0,0.0,0.0,0.0,never positive observed
717011.0,10.0,E,34548,34548,34548,0,0,0,0.0,120,0,0,0,100.0,0.0,0.0,0.0,0.0,never positive observed
717012.0,10.0,W,34548,34548,34548,0,0,0,0.0,120,0,0,0,100.0,0.0,0.0,0.0,0.0,never positive observed
717014.0,10.0,E,34548,34548,34548,0,0,0,0.0,120,0,0,0,100.0,0.0,0.0,0.0,0.0,never positive observed
717015.0,10.0,W,34548,34548,34548,0,0,0,0.0,120,0,0,0,100.0,0.0,0.0,0.0,0.0,never positive observed
717016.0,10.0,E,34548,34548,34548,0,0,0,0.0,120,0,0,0,100.0,0.0,0.0,0.0,0.0,never positive observed
717019.0,10.0,W,34548,34548,34548,0,0,0,0.0,120,0,0,0,100.0,0.0,0.0,0.0,0.0,never positive observed
717020.0,10.0,E,34548,34548,34548,0,0,0,0.0,120,0,0,0,100.0,0.0,0.0,0.0,0.0,never positive observed
717022.0,10.0,E,34548,34548,34548,0,0,0,0.0,120,0,0,0,100.0,0.0,0.0,0.0,0.0,never positive observed
717026.0,10.0,W,34548,34548,34548,0,0,0,0.0,120,0,0,0,100.0,0.0,0.0,0.0,0.0,never positive observed
717028.0,10.0,E,34548,34548,34548,0,0,0,0.0,120,0,0,0,100.0,0.0,0.0,0.0,0.0,never positive observed
717029.0,10.0,W,34548,34548,34548,0,0,0,0.0,120,0,0,0,100.0,0.0,0.0,0.0,0.0,never positive observed
717031.0,10.0,W,34548,34548,34548,0,0,0,0.0,120,0,0,0,100.0,0.0,0.0,0.0,0.0,never positive observed
717032.0,10.0,E,34548,34548,34548,0,0,0,0.0,120,0,0,0,100.0,0.0,0.0,0.0,0.0,never positive observed
717033.0,10.0,W,34548,34548,34548,0,0,0,0.0,120,0,0,0,100.0,0.0,0.0,0.0,0.0,never positive observed
717035.0,10.0,E,34548,34548,34548,0,0,0,0.0,120,0,0,0,100.0,0.0,0.0,0.0,0.0,never positive observed
717036.0,10.0,W,34548,34548,34548,0,0,0,0.0,120,0,0,0,100.0,0.0,0.0,0.0,0.0,never positive observed
717039.0,10.0,E,34548,34548,34548,0,0,0,0.0,120,0,0,0,100.0,0.0,0.0,0.0,0.0,never positive observed
717040.0,10.0,W,34548,34548,34548,0,0,0,0.0,120,0,0,0,100.0,0.0,0.0,0.0,0.0,never positive observed
717041.0,10.0,W,34548,34548,34548,0,0,0,0.0,120,0,0,0,100.0,0.0,0.0,0.0,0.0,never positive observed
717042.0,10.0,E,34548,34548,34548,0,0,0,0.0,120,0,0,0,100.0,0.0,0.0,0.0,0.0,never positive observed
717043.0,10.0,W,34548,34548,34548,0,0,0,0.0,120,0,0,0,100.0,0.0,0.0,0.0,0.0,never positive observed
717045.0,10.0,W,34548,34548,34548,0,0,0,0.0,120,0,0,0,100.0,0.0,0.0,0.0,0.0,never positive observed
717046.0,10.0,E,34548,34548,34548,0,0,0,0.0,120,0,0,0,100.0,0.0,0.0,0.0,0.0,never positive observed
717047.0,10.0,W,34548,34548,34548,0,0,0,0.0,120,0,0,0,100.0,0.0,0.0,0.0,0.0,never positive observed
717049.0,10.0,W,34548,34548,34548,0,0,0,0.0,120,0,0,0,100.0,0.0,0.0,0.0,0.0,never positive observed
717052.0,10.0,W,34548,34548,34548,0,0,0,0.0,120,0,0,0,100.0,0.0,0.0,0.0,0.0,never positive observed
717055.0,10.0,W,34548,34548,34548,0,0,0,0.0,120,0,0,0,100.0,0.0,0.0,0.0,0.0,never positive observed
717059.0,10.0,E,34548,34548,34548,0,0,0,0.0,120,0,0,0,100.0,0.0,0.0,0.0,0.0,never positive observed
717060.0,10.0,W,34548,34548,34548,0,0,0,0.0,120,0,0,0,100.0,0.0,0.0,0.0,0.0,never positive observed
717065.0,10.0,W,34548,34548,5771,28777,28777,0,1438850.0,120,100,100,0,16.70429547296515,83.29570452703484,83.29570452703484,0.0,41.64785226351742,mixed zero and positive
717070.0,10.0,E,34548,34548,34548,0,0,0,0.0,120,0,0,0,100.0,0.0,0.0,0.0,0.0,never positive observed
717071.0,10.0,W,34548,34548,34548,0,0,0,0.0,120,0,0,0,100.0,0.0,0.0,0.0,0.0,never positive observed
717073.0,10.0,W,34548,34548,34548,0,0,0,0.0,120,0,0,0,100.0,0.0,0.0,0.0,0.0,never positive observed
717075.0,10.0,E,34548,34548,4371,30177,30177,30176,3017650.0,120,106,106,106,12.651962486974645,87.34803751302536,87.34803751302536,87.34514298946394,87.34659025124465,mixed zero and positive
717077.0,10.0,E,34548,34548,4371,30177,30177,30176,3017650.0,120,106,106,106,12.651962486974645,87.34803751302536,87.34803751302536,87.34514298946394,87.34659025124465,mixed zero and positive
717079.0,10.0,W,34548,34548,34548,0,0,0,0.0,120,0,0,0,100.0,0.0,0.0,0.0,0.0,never positive observed
717081.0,10.0,W,34548,34548,34548,0,0,0,0.0,120,0,0,0,100.0,0.0,0.0,0.0,0.0,never positive observed
717083.0,10.0,E,34548,34548,4372,30176,30175,2840,2334025.0,120,106,106,11,12.654857010536066,87.34514298946394,87.34224846590251,8.220446914437883,67.55890355447494,mixed zero and positive
717084.0,10.0,E,34548,34548,5237,29311,29308,0,2190925.0,120,103,103,0,15.158619891165914,84.84138010883409,84.83269653814982,0.0,63.416840338080355,mixed zero and positive
717087.0,10.0,W,34548,34548,4083,30465,30465,30464,3046450.0,120,107,107,107,11.818339701285169,88.18166029871483,88.18166029871483,88.17876577515341,88.18021303693412,mixed zero and positive
717089.0,10.0,E,34548,34548,4371,30177,30176,30175,3017600.0,120,106,106,106,12.651962486974645,87.34803751302536,87.34514298946394,87.34224846590251,87.34514298946394,mixed zero and positive
717091.0,10.0,W,34548,34548,4083,30465,30464,30463,3046375.0,120,107,107,107,11.818339701285169,88.18166029871483,88.17876577515341,88.17587125159199,88.17804214426306,mixed zero and positive
717093.0,10.0,E,34548,34548,4083,30465,30465,30465,3046500.0,120,107,107,107,11.818339701285169,88.18166029871483,88.18166029871483,88.18166029871483,88.18166029871483,mixed zero and positive
717095.0,10.0,W,34548,34548,4371,30177,30177,0,2263275.0,120,106,106,0,12.651962486974645,87.34803751302536,87.34803751302536,0.0,65.51102813476902,mixed zero and positive
717097.0,10.0,E,34548,34548,4083,30465,30465,29854,3031225.0,120,107,107,105,11.818339701285169,88.18166029871483,88.18166029871483,86.41310640268611,87.73952182470765,mixed zero and positive
717099.0,134.0,W,34548,34548,34548,0,0,0,0.0,120,0,0,0,100.0,0.0,0.0,0.0,0.0,never positive observed
717101.0,10.0,W,34548,34548,4371,30177,30177,30176,3017650.0,120,106,106,106,12.651962486974645,87.34803751302536,87.34803751302536,87.34514298946394,87.34659025124465,mixed zero and positive
717105.0,10.0,E,34548,34548,34548,0,0,0,0.0,120,0,0,0,100.0,0.0,0.0,0.0,0.0,never positive observed
717108.0,10.0,W,34548,34548,10407,24141,24141,24140,2414075.0,120,85,85,85,30.12330670371657,69.87669329628343,69.87669329628343,69.87379877272201,69.87596966539307,mixed zero and positive
717110.0,10.0,E,34548,34548,34548,0,0,0,0.0,120,0,0,0,100.0,0.0,0.0,0.0,0.0,never positive observed
717112.0,10.0,W,34548,34548,10407,24141,24141,24141,2414100.0,120,85,85,85,30.12330670371657,69.87669329628343,69.87669329628343,69.87669329628343,69.87669329628343,mixed zero and positive
717114.0,10.0,E,34548,34548,34548,0,0,0,0.0,120,0,0,0,100.0,0.0,0.0,0.0,0.0,never positive observed
717116.0,10.0,W,34548,34548,33119,1429,1429,1429,142900.0,120,5,5,5,95.86372583072826,4.136274169271738,4.136274169271738,4.136274169271738,4.136274169271738,mixed zero and positive
717119.0,10.0,W,34548,34548,34548,0,0,0,0.0,120,0,0,0,100.0,0.0,0.0,0.0,0.0,never positive observed
717121.0,10.0,W,34548,34548,34548,0,0,0,0.0,120,0,0,0,100.0,0.0,0.0,0.0,0.0,never positive observed
717123.0,10.0,E,34548,34548,34548,0,0,0,0.0,120,0,0,0,100.0,0.0,0.0,0.0,0.0,never positive observed
717125.0,10.0,W,34548,34548,34548,0,0,0,0.0,120,0,0,0,100.0,0.0,0.0,0.0,0.0,never positive observed
717127.0,10.0,E,34548,34548,34548,0,0,0,0.0,120,0,0,0,100.0,0.0,0.0,0.0,0.0,never positive observed
717129.0,10.0,W,34548,34548,34548,0,0,0,0.0,120,0,0,0,100.0,0.0,0.0,0.0,0.0,never positive observed
717131.0,10.0,E,34548,34548,34548,0,0,0,0.0,120,0,0,0,100.0,0.0,0.0,0.0,0.0,never positive observed
717133.0,10.0,E,34548,34548,34548,0,0,0,0.0,120,0,0,0,100.0,0.0,0.0,0.0,0.0,never positive observed
717134.0,10.0,W,34548,34548,34548,0,0,0,0.0,120,0,0,0,100.0,0.0,0.0,0.0,0.0,never positive observed
717135.0,10.0,W,34548,34548,34548,0,0,0,0.0,120,0,0,0,100.0,0.0,0.0,0.0,0.0,never positive observed
717136.0,10.0,E,34548,34548,34548,0,0,0,0.0,120,0,0,0,100.0,0.0,0.0,0.0,0.0,never positive observed
717139.0,10.0,W,34548,34548,34548,0,0,0,0.0,120,0,0,0,100.0,0.0,0.0,0.0,0.0,never positive observed
717142.0,10.0,W,34548,34548,932,33616,33616,33613,3361525.0,120,118,118,118,2.697695959245108,97.30230404075489,97.30230404075489,97.29362047007062,97.30013314808383,mixed zero and positive
717143.0,605.0,N,34548,34548,3647,30901,30901,30900,3090050.0,120,109,109,109,10.556327428505268,89.44367257149473,89.44367257149473,89.4407780479333,89.44222530971402,mixed zero and positive
717146.0,10.0,E,34548,34548,34548,0,0,0,0.0,120,0,0,0,100.0,0.0,0.0,0.0,0.0,never positive observed
717150.0,10.0,W,34548,34548,932,33616,33616,33326,3343100.0,120,118,118,117,2.697695959245108,97.30230404075489,97.30230404075489,96.46289220794257,96.76681718189187,mixed zero and positive
717152.0,10.0,E,34548,34548,34548,0,0,0,0.0,120,0,0,0,100.0,0.0,0.0,0.0,0.0,never positive observed
717154.0,10.0,W,34548,34548,932,33616,33616,33615,3355800.0,120,118,118,118,2.697695959245108,97.30230404075489,97.30230404075489,97.29940951719347,97.13442167419242,mixed zero and positive
717155.0,10.0,E,34548,34548,34548,0,0,0,0.0,120,0,0,0,100.0,0.0,0.0,0.0,0.0,never positive observed
717156.0,10.0,E,34548,34548,34548,0,0,0,0.0,120,0,0,0,100.0,0.0,0.0,0.0,0.0,never positive observed
717157.0,10.0,W,34548,34548,34548,0,0,0,0.0,120,0,0,0,100.0,0.0,0.0,0.0,0.0,never positive observed
717160.0,10.0,W,34548,34548,932,33616,33616,33614,3361550.0,120,118,118,118,2.697695959245108,97.30230404075489,97.30230404075489,97.29651499363204,97.30085677897418,mixed zero and positive
717162.0,10.0,W,34548,34548,932,33616,33616,32579,2945920.0,120,118,118,118,2.697695959245108,97.30230404075489,97.30230404075489,94.3006831075605,85.2703485006368,mixed zero and positive
717165.0,10.0,E,34548,34548,932,33616,33616,22249,2490360.0,120,118,118,79,2.697695959245108,97.30230404075489,97.30230404075489,64.4002547180734,72.08405696422369,mixed zero and positive
717167.0,10.0,W,34548,34548,932,33616,33616,22937,2638260.0,120,118,118,82,2.697695959245108,97.30230404075489,97.30230404075489,66.3916869283316,76.36505731156652,mixed zero and positive
717169.0,10.0,W,34548,34548,34548,0,0,0,0.0,120,0,0,0,100.0,0.0,0.0,0.0,0.0,never positive observed
717171.0,10.0,W,34548,34548,34548,0,0,0,0.0,120,0,0,0,100.0,0.0,0.0,0.0,0.0,never positive observed
717174.0,10.0,E,34548,34548,932,33616,33616,33614,3361550.0,120,118,118,118,2.697695959245108,97.30230404075489,97.30230404075489,97.29651499363204,97.30085677897418,mixed zero and positive
717176.0,10.0,W,34548,34548,932,33616,33616,33318,3354125.0,120,118,118,117,2.697695959245108,97.30230404075489,97.30230404075489,96.4397360194512,97.08593840453861,mixed zero and positive
717179.0,10.0,E,34548,34548,932,33616,33323,288,1687875.0,120,118,117,1,2.697695959245108,97.30230404075489,96.4542086372583,0.8336227856894756,48.855939562348034,mixed zero and positive
717185.0,10.0,E,34548,34548,932,33616,33616,33616,3361600.0,120,118,118,118,2.697695959245108,97.30230404075489,97.30230404075489,97.30230404075489,97.30230404075489,mixed zero and positive
717187.0,10.0,W,34548,34548,1796,32752,32752,32435,3267250.0,120,115,115,114,5.198564316313535,94.80143568368646,94.80143568368646,93.88387171471575,94.57132106055343,mixed zero and positive
717190.0,10.0,E,34548,34548,932,33616,33616,33615,3361575.0,120,118,118,118,2.697695959245108,97.30230404075489,97.30230404075489,97.29940951719347,97.30158040986454,mixed zero and positive
717192.0,10.0,W,34548,34548,1796,32752,32752,32751,3275175.0,120,115,115,115,5.198564316313535,94.80143568368646,94.80143568368646,94.79854116012504,94.80071205279611,mixed zero and positive
717195.0,10.0,E,34548,34548,932,33616,33616,31636,3304900.0,120,118,118,110,2.697695959245108,97.30230404075489,97.30230404075489,91.57114738913975,95.66110918142874,mixed zero and positive
717196.0,10.0,W,34548,34548,932,33616,33616,8575,2181225.0,120,118,118,31,2.697695959245108,97.30230404075489,97.30230404075489,24.82053953919185,63.13607155262244,mixed zero and positive
717198.0,10.0,E,34548,34548,932,33616,33616,33616,3361600.0,120,118,118,118,2.697695959245108,97.30230404075489,97.30230404075489,97.30230404075489,97.30230404075489,mixed zero and positive
717200.0,10.0,W,34548,34548,932,33616,33616,32461,3332725.0,120,118,118,114,2.697695959245108,97.30230404075489,97.30230404075489,93.95912932731272,96.46651036239435,mixed zero and positive
717202.0,10.0,W,34548,34548,33121,1427,863,0,71150.0,120,5,3,0,95.8695148778511,4.130485122148894,2.4979738335070047,0.0,2.0594535139516035,mixed zero and positive
717205.0,10.0,E,34548,34548,32843,1705,288,0,56900.0,120,6,1,0,95.06483732777585,4.935162672224152,0.8336227856894756,0.0,1.6469839064489984,mixed zero and positive
717207.0,10.0,W,34548,34548,3801,30747,30747,30747,3074700.0,120,108,108,108,11.002084056964224,88.99791594303578,88.99791594303578,88.99791594303578,88.99791594303578,mixed zero and positive
717209.0,10.0,W,34548,34548,33108,1440,863,277,85550.0,120,5,3,1,95.83188607155262,4.168113928447378,2.4979738335070047,0.8017830265138358,2.476264906796341,mixed zero and positive
717211.0,10.0,W,34548,34548,31382,3166,1723,283,136500.0,120,11,6,1,90.83593840453861,9.164061595461387,4.987264096329744,0.8191501678823666,3.9510246613407434,mixed zero and positive
717214.0,10.0,E,34548,34548,30646,3902,1091,288,122200.0,120,14,4,1,88.70556906333218,11.294430936667824,3.157925205511173,0.8336227856894756,3.5371077920574274,mixed zero and positive
717216.0,10.0,W,34548,34548,32244,2304,1727,862,158325.0,120,8,6,3,93.33101771448419,6.6689822855158045,4.998842190575432,2.495079309945583,4.582754428621049,mixed zero and positive
717219.0,10.0,E,34548,34548,1220,33328,33328,33328,3332780.0,120,117,117,117,3.531318744934584,96.46868125506542,96.46868125506542,96.46868125506542,96.46810235035313,mixed zero and positive
717220.0,10.0,W,34548,34548,31956,2592,576,288,93600.0,120,9,2,1,92.49739492879472,7.50260507120528,1.6672455713789511,0.8336227856894756,2.7092740534907955,mixed zero and positive
717224.0,10.0,W,34548,34548,33396,1152,863,288,70800.0,120,4,3,1,96.6655088572421,3.3344911427579023,2.4979738335070047,0.8336227856894756,2.049322681486627,mixed zero and positive
717226.0,10.0,W,34548,34548,33684,864,575,261,49600.0,120,3,2,1,97.49913164293157,2.5008683570684265,1.6643510478175292,0.7554706495310872,1.4356836864652078,mixed zero and positive
717235.0,10.0,W,34548,34548,34548,0,0,0,0.0,120,0,0,0,100.0,0.0,0.0,0.0,0.0,never positive observed
717236.0,10.0,E,34548,34548,34548,0,0,0,0.0,120,0,0,0,100.0,0.0,0.0,0.0,0.0,never positive observed
717238.0,10.0,W,34548,34548,34548,0,0,0,0.0,120,0,0,0,100.0,0.0,0.0,0.0,0.0,never positive observed
717240.0,10.0,W,34548,34548,932,33616,33616,33021,3339200.0,120,118,118,116,2.697695959245108,97.30230404075489,97.30230404075489,95.58006252170892,96.65393076299641,mixed zero and positive
717241.0,10.0,E,34548,34548,932,33616,33616,33616,3361600.0,120,118,118,118,2.697695959245108,97.30230404075489,97.30230404075489,97.30230404075489,97.30230404075489,mixed zero and positive
717243.0,10.0,E,34548,34548,34548,0,0,0,0.0,120,0,0,0,100.0,0.0,0.0,0.0,0.0,never positive observed
717245.0,10.0,W,34548,34548,932,33616,33616,0,2521200.0,120,118,118,0,2.697695959245108,97.30230404075489,97.30230404075489,0.0,72.97672803056616,mixed zero and positive
717246.0,10.0,W,34548,34548,932,33616,33613,33610,3361300.0,120,118,118,118,2.697695959245108,97.30230404075489,97.29362047007062,97.28493689938637,97.29362047007062,mixed zero and positive
717247.0,10.0,E,34548,34548,932,33616,33616,33616,3361600.0,120,118,118,118,2.697695959245108,97.30230404075489,97.30230404075489,97.30230404075489,97.30230404075489,mixed zero and positive
717249.0,10.0,W,34548,34548,1220,33328,33328,33036,3325500.0,120,117,117,116,3.531318744934584,96.46868125506542,96.46868125506542,95.62348037513026,96.25738103508162,mixed zero and positive
717251.0,10.0,E,34548,34548,1220,33328,33328,33326,3332700.0,120,117,117,117,3.531318744934584,96.46868125506542,96.46868125506542,96.46289220794257,96.465786731504,mixed zero and positive
717252.0,10.0,W,34548,34548,1220,33328,33328,33327,3332775.0,120,117,117,117,3.531318744934584,96.46868125506542,96.46868125506542,96.465786731504,96.46795762417506,mixed zero and positive
717254.0,10.0,E,34548,34548,932,33616,33616,33615,3361575.0,120,118,118,118,2.697695959245108,97.30230404075489,97.30230404075489,97.29940951719347,97.30158040986454,mixed zero and positive
717257.0,10.0,E,34548,34548,34548,0,0,0,0.0,120,0,0,0,100.0,0.0,0.0,0.0,0.0,never positive observed
717258.0,10.0,W,34548,34548,1796,32752,32751,32750,3275100.0,120,115,115,115,5.198564316313535,94.80143568368646,94.79854116012504,94.79564663656362,94.79854116012504,mixed zero and positive
717260.0,10.0,E,34548,34548,34548,0,0,0,0.0,120,0,0,0,100.0,0.0,0.0,0.0,0.0,never positive observed
717262.0,60.0,E,34548,34548,34548,0,0,0,0.0,120,0,0,0,100.0,0.0,0.0,0.0,0.0,never positive observed
717263.0,60.0,W,34548,34548,34548,0,0,0,0.0,120,0,0,0,100.0,0.0,0.0,0.0,0.0,never positive observed
717264.0,60.0,E,34548,34548,34548,0,0,0,0.0,120,0,0,0,100.0,0.0,0.0,0.0,0.0,never positive observed
717265.0,60.0,E,34548,34548,34548,0,0,0,0.0,120,0,0,0,100.0,0.0,0.0,0.0,0.0,never positive observed
717266.0,60.0,W,34548,34548,34548,0,0,0,0.0,120,0,0,0,100.0,0.0,0.0,0.0,0.0,never positive observed
717268.0,60.0,E,34548,34548,34548,0,0,0,0.0,120,0,0,0,100.0,0.0,0.0,0.0,0.0,never positive observed
717269.0,60.0,W,34548,34548,34548,0,0,0,0.0,120,0,0,0,100.0,0.0,0.0,0.0,0.0,never positive observed
717270.0,60.0,W,34548,34548,34548,0,0,0,0.0,120,0,0,0,100.0,0.0,0.0,0.0,0.0,never positive observed
717273.0,60.0,E,34548,34548,34548,0,0,0,0.0,120,0,0,0,100.0,0.0,0.0,0.0,0.0,never positive observed
717274.0,60.0,W,34548,34548,34548,0,0,0,0.0,120,0,0,0,100.0,0.0,0.0,0.0,0.0,never positive observed
717277.0,60.0,W,34548,34548,34548,0,0,0,0.0,120,0,0,0,100.0,0.0,0.0,0.0,0.0,never positive observed
717279.0,60.0,E,34548,34548,34548,0,0,0,0.0,120,0,0,0,100.0,0.0,0.0,0.0,0.0,never positive observed
717281.0,60.0,W,34548,34548,34548,0,0,0,0.0,120,0,0,0,100.0,0.0,0.0,0.0,0.0,never positive observed
717282.0,60.0,W,34548,34548,34548,0,0,0,0.0,120,0,0,0,100.0,0.0,0.0,0.0,0.0,never positive observed
717285.0,60.0,E,34548,34548,34548,0,0,0,0.0,120,0,0,0,100.0,0.0,0.0,0.0,0.0,never positive observed
717288.0,60.0,W,34548,34548,34548,0,0,0,0.0,120,0,0,0,100.0,0.0,0.0,0.0,0.0,never positive observed
717290.0,60.0,E,34548,34548,34548,0,0,0,0.0,120,0,0,0,100.0,0.0,0.0,0.0,0.0,never positive observed
717292.0,60.0,E,34548,34548,34548,0,0,0,0.0,120,0,0,0,100.0,0.0,0.0,0.0,0.0,never positive observed
717294.0,60.0,W,34548,34548,34548,0,0,0,0.0,120,0,0,0,100.0,0.0,0.0,0.0,0.0,never positive observed
717296.0,60.0,E,34548,34548,34548,0,0,0,0.0,120,0,0,0,100.0,0.0,0.0,0.0,0.0,never positive observed
717298.0,60.0,W,34548,34548,34548,0,0,0,0.0,120,0,0,0,100.0,0.0,0.0,0.0,0.0,never positive observed
717300.0,60.0,W,34548,34548,34548,0,0,0,0.0,120,0,0,0,100.0,0.0,0.0,0.0,0.0,never positive observed
717301.0,60.0,E,34548,34548,34548,0,0,0,0.0,120,0,0,0,100.0,0.0,0.0,0.0,0.0,never positive observed
717303.0,60.0,E,34548,34548,34548,0,0,0,0.0,120,0,0,0,100.0,0.0,0.0,0.0,0.0,never positive observed
717306.0,60.0,W,34548,34548,34548,0,0,0,0.0,120,0,0,0,100.0,0.0,0.0,0.0,0.0,never positive observed
717308.0,60.0,E,34548,34548,34548,0,0,0,0.0,120,0,0,0,100.0,0.0,0.0,0.0,0.0,never positive observed
717312.0,60.0,E,34548,34548,34548,0,0,0,0.0,120,0,0,0,100.0,0.0,0.0,0.0,0.0,never positive observed
717315.0,60.0,W,34548,34548,34548,0,0,0,0.0,120,0,0,0,100.0,0.0,0.0,0.0,0.0,never positive observed
717316.0,60.0,W,34548,34548,34548,0,0,0,0.0,120,0,0,0,100.0,0.0,0.0,0.0,0.0,never positive observed
717318.0,60.0,E,34548,34548,34548,0,0,0,0.0,120,0,0,0,100.0,0.0,0.0,0.0,0.0,never positive observed
717320.0,60.0,W,34548,34548,34548,0,0,0,0.0,120,0,0,0,100.0,0.0,0.0,0.0,0.0,never positive observed
717322.0,60.0,E,34548,34548,34548,0,0,0,0.0,120,0,0,0,100.0,0.0,0.0,0.0,0.0,never positive observed
717324.0,60.0,W,34548,34548,34548,0,0,0,0.0,120,0,0,0,100.0,0.0,0.0,0.0,0.0,never positive observed
717328.0,60.0,E,34548,34548,34548,0,0,0,0.0,120,0,0,0,100.0,0.0,0.0,0.0,0.0,never positive observed
717330.0,60.0,W,34548,34548,34548,0,0,0,0.0,120,0,0,0,100.0,0.0,0.0,0.0,0.0,never positive observed
717332.0,60.0,E,34548,34548,34548,0,0,0,0.0,120,0,0,0,100.0,0.0,0.0,0.0,0.0,never positive observed
717334.0,60.0,E,34548,34548,34548,0,0,0,0.0,120,0,0,0,100.0,0.0,0.0,0.0,0.0,never positive observed
717337.0,60.0,W,34548,34548,34548,0,0,0,0.0,120,0,0,0,100.0,0.0,0.0,0.0,0.0,never positive observed
717339.0,60.0,W,34548,34548,34548,0,0,0,0.0,120,0,0,0,100.0,0.0,0.0,0.0,0.0,never positive observed
717340.0,60.0,E,34548,34548,34548,0,0,0,0.0,120,0,0,0,100.0,0.0,0.0,0.0,0.0,never positive observed
717342.0,60.0,W,34548,34548,34548,0,0,0,0.0,120,0,0,0,100.0,0.0,0.0,0.0,0.0,never positive observed
717343.0,60.0,E,34548,34548,34548,0,0,0,0.0,120,0,0,0,100.0,0.0,0.0,0.0,0.0,never positive observed
717346.0,60.0,E,34548,34548,34548,0,0,0,0.0,120,0,0,0,100.0,0.0,0.0,0.0,0.0,never positive observed
717350.0,60.0,W,34548,34548,34548,0,0,0,0.0,120,0,0,0,100.0,0.0,0.0,0.0,0.0,never positive observed
717352.0,60.0,E,34548,34548,34548,0,0,0,0.0,120,0,0,0,100.0,0.0,0.0,0.0,0.0,never positive observed
717355.0,60.0,W,34548,34548,34548,0,0,0,0.0,120,0,0,0,100.0,0.0,0.0,0.0,0.0,never positive observed
717357.0,60.0,E,34548,34548,34548,0,0,0,0.0,120,0,0,0,100.0,0.0,0.0,0.0,0.0,never positive observed
717358.0,60.0,E,34548,34548,34548,0,0,0,0.0,120,0,0,0,100.0,0.0,0.0,0.0,0.0,never positive observed
717361.0,60.0,W,34548,34548,34548,0,0,0,0.0,120,0,0,0,100.0,0.0,0.0,0.0,0.0,never positive observed
717365.0,91.0,W,34548,34548,34548,0,0,0,0.0,120,0,0,0,100.0,0.0,0.0,0.0,0.0,never positive observed
717367.0,91.0,E,34548,34548,16437,18111,17556,15830,1661420.0,120,63,61,55,47.57728377908996,52.42271622091004,50.81625564432095,45.82030797730693,48.090193354173906,mixed zero and positive
717368.0,91.0,W,34548,34548,29359,5189,2339,0,208150.0,120,100,97,0,84.98031723978234,15.019682760217668,6.770290610165567,0.0,6.024950793099456,mixed zero and positive
717369.0,91.0,E,34548,34548,13550,20998,20994,20706,2092300.0,120,73,73,72,39.220794257265254,60.779205742734746,60.76762764848906,59.93400486279958,60.56211647562811,mixed zero and positive
717373.0,91.0,E,34548,34548,2647,31901,31901,31901,3190100.0,120,112,112,112,7.661803867083478,92.33819613291652,92.33819613291652,92.33819613291652,92.33819613291652,mixed zero and positive
717374.0,91.0,W,34548,34548,2647,31901,31901,31901,3190100.0,120,112,112,112,7.661803867083478,92.33819613291652,92.33819613291652,92.33819613291652,92.33819613291652,mixed zero and positive
717375.0,91.0,W,34548,34548,34548,0,0,0,0.0,120,0,0,0,100.0,0.0,0.0,0.0,0.0,never positive observed
717376.0,91.0,E,34548,34548,34548,0,0,0,0.0,120,0,0,0,100.0,0.0,0.0,0.0,0.0,never positive observed
717378.0,91.0,W,34548,34548,34548,0,0,0,0.0,120,0,0,0,100.0,0.0,0.0,0.0,0.0,never positive observed
717379.0,91.0,E,34548,34548,34548,0,0,0,0.0,120,0,0,0,100.0,0.0,0.0,0.0,0.0,never positive observed
717380.0,91.0,W,34548,34548,34548,0,0,0,0.0,120,0,0,0,100.0,0.0,0.0,0.0,0.0,never positive observed
717381.0,91.0,E,34548,34548,34548,0,0,0,0.0,120,0,0,0,100.0,0.0,0.0,0.0,0.0,never positive observed
717383.0,91.0,E,34548,34548,34548,0,0,0,0.0,120,0,0,0,100.0,0.0,0.0,0.0,0.0,never positive observed
717384.0,91.0,W,34548,34548,34548,0,0,0,0.0,120,0,0,0,100.0,0.0,0.0,0.0,0.0,never positive observed
717387.0,91.0,E,34548,34548,32820,1728,1728,1728,172800.0,120,6,6,6,94.99826328586315,5.001736714136853,5.001736714136853,5.001736714136853,5.001736714136853,mixed zero and positive
717388.0,91.0,W,34548,34548,32820,1728,1728,1728,172800.0,120,6,6,6,94.99826328586315,5.001736714136853,5.001736714136853,5.001736714136853,5.001736714136853,mixed zero and positive
717390.0,91.0,E,34548,34548,32532,2016,2016,2016,201600.0,120,7,7,7,94.16464050017368,5.835359499826328,5.835359499826328,5.835359499826328,5.835359499826328,mixed zero and positive
717392.0,91.0,W,34548,34548,34548,0,0,0,0.0,120,0,0,0,100.0,0.0,0.0,0.0,0.0,never positive observed
717393.0,91.0,E,34548,34548,34548,0,0,0,0.0,120,0,0,0,100.0,0.0,0.0,0.0,0.0,never positive observed
717396.0,91.0,E,34548,34548,9517,25031,25031,25031,2503080.0,120,87,87,87,27.547180734051175,72.45281926594882,72.45281926594882,72.45281926594882,72.45224036123653,mixed zero and positive
717397.0,91.0,W,34548,34548,9517,25031,25031,25031,2503100.0,120,87,87,87,27.547180734051175,72.45281926594882,72.45281926594882,72.45281926594882,72.45281926594882,mixed zero and positive
717399.0,91.0,W,34548,34548,20574,13974,13974,13110,1345560.0,120,49,49,46,59.55192775269191,40.44807224730809,40.44807224730809,37.94720389023966,38.94755123306704,mixed zero and positive
717402.0,91.0,E,34548,34548,34548,0,0,0,0.0,120,0,0,0,100.0,0.0,0.0,0.0,0.0,never positive observed
717404.0,91.0,W,34548,34548,15568,18980,18680,12057,1463640.0,120,66,65,43,45.061942804214425,54.938057195785575,54.069700127359035,34.89927058006252,42.365404654393885,mixed zero and positive
717406.0,91.0,E,34548,34548,22188,12360,12359,12359,1235925.0,120,43,43,43,64.22368878082668,35.77631121917332,35.7734166956119,35.7734166956119,35.774140326502256,mixed zero and positive
717410.0,91.0,W,34548,34548,34548,0,0,0,0.0,120,0,0,0,100.0,0.0,0.0,0.0,0.0,never positive observed
717413.0,91.0,W,34548,34548,32244,2304,2304,2304,230400.0,120,8,8,8,93.33101771448419,6.6689822855158045,6.6689822855158045,6.6689822855158045,6.6689822855158045,mixed zero and positive
717416.0,91.0,W,34548,34548,34548,0,0,0,0.0,120,0,0,0,100.0,0.0,0.0,0.0,0.0,never positive observed
717418.0,91.0,E,34548,34548,24785,9763,9763,1440,761000.0,120,34,34,5,71.74076646983906,28.259233530160934,28.259233530160934,4.168113928447378,22.02732430241982,mixed zero and positive
717420.0,91.0,E,34548,34548,34548,0,0,0,0.0,120,0,0,0,100.0,0.0,0.0,0.0,0.0,never positive observed
717421.0,91.0,W,34548,34548,34548,0,0,0,0.0,120,0,0,0,100.0,0.0,0.0,0.0,0.0,never positive observed
717424.0,91.0,W,34548,34548,32244,2304,2304,2302,230350.0,120,8,8,8,93.33101771448419,6.6689822855158045,6.6689822855158045,6.66319323839296,6.667535023735093,mixed zero and positive
717426.0,91.0,E,34548,34548,18156,16392,16104,15816,1564160.0,120,57,56,55,52.55296978117402,47.44703021882598,46.61340743313651,45.77978464744703,45.27497973833507,mixed zero and positive
717428.0,91.0,W,34548,34548,34548,0,0,0,0.0,120,0,0,0,100.0,0.0,0.0,0.0,0.0,never positive observed
717431.0,91.0,E,34548,34548,5610,28938,28938,17256,2544175.0,120,101,101,60,16.23827717957624,83.76172282042376,83.76172282042376,49.947898575894406,73.64174481880282,mixed zero and positive
717433.0,91.0,W,34548,34548,1208,33340,33052,0,2197350.0,120,117,116,0,3.4965844621975224,96.50341553780248,95.669792752113,0.0,63.6028134769017,mixed zero and positive
717434.0,91.0,E,34548,34548,1207,33341,33341,33340,3334075.0,120,117,117,117,3.4936899386361007,96.5063100613639,96.5063100613639,96.50341553780248,96.50558643047354,mixed zero and positive
717435.0,91.0,W,34548,34548,1207,33341,33053,33053,3312500.0,120,117,116,116,3.4936899386361007,96.5063100613639,95.67268727567442,95.67268727567442,95.8810929720968,mixed zero and positive
717436.0,91.0,E,34548,34548,1207,33341,33341,33045,3326650.0,120,117,117,116,3.4936899386361007,96.5063100613639,96.5063100613639,95.64953108718305,96.29066805603797,mixed zero and positive
717438.0,91.0,W,34548,34548,34548,0,0,0,0.0,120,0,0,0,100.0,0.0,0.0,0.0,0.0,never positive observed
717439.0,91.0,E,34548,34548,13015,21533,21531,768,1618425.0,120,76,76,3,37.672224151904594,62.327775848095406,62.32198680097256,2.2229940951719347,46.8456929489406,mixed zero and positive
717440.0,91.0,W,34548,34548,1207,33341,33341,33052,3319650.0,120,117,117,116,3.4936899386361007,96.5063100613639,96.5063100613639,95.669792752113,96.08805140673844,mixed zero and positive
717441.0,91.0,E,34548,34548,1207,33341,33341,33341,3334100.0,120,117,117,117,3.4936899386361007,96.5063100613639,96.5063100613639,96.5063100613639,96.5063100613639,mixed zero and positive
717442.0,91.0,W,34548,34548,25045,9503,9503,3366,796875.0,120,33,33,12,72.49334259580873,27.50665740419127,27.50665740419127,9.742966307745744,23.065734630079888,mixed zero and positive
717443.0,91.0,E,34548,34548,25045,9503,9503,8639,928700.0,120,33,33,30,72.49334259580873,27.50665740419127,27.50665740419127,25.005789047122843,26.881440314924163,mixed zero and positive
717445.0,101.0,N,34548,34548,34548,0,0,0,0.0,120,0,0,0,100.0,0.0,0.0,0.0,0.0,never positive observed
717446.0,101.0,S,34548,34548,34548,0,0,0,0.0,120,0,0,0,100.0,0.0,0.0,0.0,0.0,never positive observed
717447.0,101.0,N,34548,34548,34548,0,0,0,0.0,120,0,0,0,100.0,0.0,0.0,0.0,0.0,never positive observed
717450.0,101.0,S,34548,34548,34548,0,0,0,0.0,120,0,0,0,100.0,0.0,0.0,0.0,0.0,never positive observed
717452.0,101.0,N,34548,34548,34548,0,0,0,0.0,120,0,0,0,100.0,0.0,0.0,0.0,0.0,never positive observed
717453.0,101.0,S,34548,34548,34548,0,0,0,0.0,120,0,0,0,100.0,0.0,0.0,0.0,0.0,never positive observed
717456.0,101.0,N,34548,34548,34548,0,0,0,0.0,120,0,0,0,100.0,0.0,0.0,0.0,0.0,never positive observed
717458.0,101.0,S,34548,34548,34548,0,0,0,0.0,120,0,0,0,100.0,0.0,0.0,0.0,0.0,never positive observed
717459.0,101.0,N,34548,34548,34548,0,0,0,0.0,120,0,0,0,100.0,0.0,0.0,0.0,0.0,never positive observed
717460.0,101.0,N,34548,34548,34548,0,0,0,0.0,120,0,0,0,100.0,0.0,0.0,0.0,0.0,never positive observed
717461.0,101.0,S,34548,34548,34548,0,0,0,0.0,120,0,0,0,100.0,0.0,0.0,0.0,0.0,never positive observed
717462.0,101.0,S,34548,34548,34548,0,0,0,0.0,120,0,0,0,100.0,0.0,0.0,0.0,0.0,never positive observed
717463.0,101.0,N,34548,34548,34548,0,0,0,0.0,120,0,0,0,100.0,0.0,0.0,0.0,0.0,never positive observed
717465.0,101.0,N,34548,34548,34548,0,0,0,0.0,120,0,0,0,100.0,0.0,0.0,0.0,0.0,never positive observed
717466.0,101.0,S,34548,34548,34548,0,0,0,0.0,120,0,0,0,100.0,0.0,0.0,0.0,0.0,never positive observed
717468.0,101.0,S,34548,34548,34548,0,0,0,0.0,120,0,0,0,100.0,0.0,0.0,0.0,0.0,never positive observed
717469.0,101.0,N,34548,34548,34548,0,0,0,0.0,120,0,0,0,100.0,0.0,0.0,0.0,0.0,never positive observed
717472.0,101.0,S,34548,34548,1508,33040,33039,6868,2649575.0,120,116,116,27,4.364941530624059,95.63505846937593,95.63216394581453,19.879587819844854,76.69257265254139,mixed zero and positive
717473.0,101.0,N,34548,34548,1508,33040,33039,10217,2732900.0,120,116,116,41,4.364941530624059,95.63505846937593,95.63216394581453,29.57334722704643,79.1044344100961,mixed zero and positive
717479.0,101.0,S,34548,34548,1784,32764,32759,0,1642150.0,120,115,115,0,5.163830033576473,94.83616996642353,94.82169734861641,0.0,47.532418663887924,mixed zero and positive
717480.0,101.0,N,34548,34548,34548,0,0,0,0.0,120,0,0,0,100.0,0.0,0.0,0.0,0.0,never positive observed
717481.0,101.0,S,34548,34548,34548,0,0,0,0.0,120,0,0,0,100.0,0.0,0.0,0.0,0.0,never positive observed
717483.0,101.0,N,34548,34548,1508,33040,33040,0,1340120.0,120,116,116,0,4.364941530624059,95.63505846937593,95.63505846937593,0.0,38.790089151325695,mixed zero and positive
717484.0,101.0,S,34548,34548,1508,33040,33039,0,1651975.0,120,116,116,0,4.364941530624059,95.63505846937593,95.63216394581453,0.0,47.81680560379761,mixed zero and positive
717486.0,101.0,S,34548,34548,34548,0,0,0,0.0,120,0,0,0,100.0,0.0,0.0,0.0,0.0,never positive observed
717488.0,101.0,S,34548,34548,34548,0,0,0,0.0,120,0,0,0,100.0,0.0,0.0,0.0,0.0,never positive observed
717489.0,101.0,S,34548,34548,34548,0,0,0,0.0,120,0,0,0,100.0,0.0,0.0,0.0,0.0,never positive observed
717490.0,101.0,S,34548,34548,34548,0,0,0,0.0,120,0,0,0,100.0,0.0,0.0,0.0,0.0,never positive observed
717491.0,101.0,N,34548,34548,34548,0,0,0,0.0,120,0,0,0,100.0,0.0,0.0,0.0,0.0,never positive observed
717492.0,101.0,N,34548,34548,3772,30776,30776,30776,3077600.0,120,107,107,107,10.918142873682992,89.081857126317,89.081857126317,89.081857126317,89.081857126317,mixed zero and positive
717493.0,101.0,S,34548,34548,34548,0,0,0,0.0,120,0,0,0,100.0,0.0,0.0,0.0,0.0,never positive observed
717495.0,101.0,S,34548,34548,34548,0,0,0,0.0,120,0,0,0,100.0,0.0,0.0,0.0,0.0,never positive observed
717497.0,101.0,N,34548,34548,34548,0,0,0,0.0,120,0,0,0,100.0,0.0,0.0,0.0,0.0,never positive observed
717498.0,101.0,N,34548,34548,34548,0,0,0,0.0,120,0,0,0,100.0,0.0,0.0,0.0,0.0,never positive observed
717499.0,101.0,S,34548,34548,23644,10904,9126,710,505800.0,120,38,32,3,68.4381150862568,31.5618849137432,26.415422021535257,2.0551117286094707,14.640500173671414,mixed zero and positive
717501.0,101.0,N,34548,34548,23644,10904,8680,0,411240.0,120,38,31,0,68.4381150862568,31.5618849137432,25.124464513141138,0.0,11.903438693990969,mixed zero and positive
717502.0,101.0,N,34548,34548,34548,0,0,0,0.0,120,0,0,0,100.0,0.0,0.0,0.0,0.0,never positive observed
717504.0,101.0,S,34548,34548,34548,0,0,0,0.0,120,0,0,0,100.0,0.0,0.0,0.0,0.0,never positive observed
717508.0,101.0,S,34548,34548,34548,0,0,0,0.0,120,0,0,0,100.0,0.0,0.0,0.0,0.0,never positive observed
717510.0,101.0,N,34548,34548,34548,0,0,0,0.0,120,0,0,0,100.0,0.0,0.0,0.0,0.0,never positive observed
717511.0,101.0,S,34548,34548,34548,0,0,0,0.0,120,0,0,0,100.0,0.0,0.0,0.0,0.0,never positive observed
717513.0,101.0,N,34548,34548,23644,10904,10904,288,660000.0,120,38,38,1,68.4381150862568,31.5618849137432,31.5618849137432,0.8336227856894756,19.103855505383812,mixed zero and positive
717514.0,101.0,S,34548,34548,23644,10904,10904,10892,872080.0,120,38,38,38,68.4381150862568,31.5618849137432,31.5618849137432,31.527150631006137,25.242561074447146,mixed zero and positive
717515.0,101.0,N,34548,34548,23644,10904,10904,10904,1078960.0,120,38,38,38,68.4381150862568,31.5618849137432,31.5618849137432,31.5618849137432,31.230751418316544,mixed zero and positive
717516.0,101.0,S,34548,34548,34548,0,0,0,0.0,120,0,0,0,100.0,0.0,0.0,0.0,0.0,never positive observed
717517.0,101.0,N,34548,34548,34548,0,0,0,0.0,120,0,0,0,100.0,0.0,0.0,0.0,0.0,never positive observed
717518.0,101.0,S,34548,34548,23644,10904,10897,0,653940.0,120,38,38,0,68.4381150862568,31.5618849137432,31.541623248813245,0.0,18.928447377561653,mixed zero and positive
717519.0,101.0,N,34548,34548,23644,10904,10602,0,430120.0,120,38,37,0,68.4381150862568,31.5618849137432,30.687738798193816,0.0,12.449924742387402,mixed zero and positive
717520.0,101.0,S,34548,34548,34548,0,0,0,0.0,120,0,0,0,100.0,0.0,0.0,0.0,0.0,never positive observed
717522.0,101.0,N,34548,34548,34548,0,0,0,0.0,120,0,0,0,100.0,0.0,0.0,0.0,0.0,never positive observed
717524.0,101.0,N,34548,34548,34548,0,0,0,0.0,120,0,0,0,100.0,0.0,0.0,0.0,0.0,never positive observed
717525.0,118.0,E,34548,34548,34548,0,0,0,0.0,120,0,0,0,100.0,0.0,0.0,0.0,0.0,never positive observed
717528.0,118.0,W,34548,34548,34548,0,0,0,0.0,120,0,0,0,100.0,0.0,0.0,0.0,0.0,never positive observed
717530.0,118.0,E,34548,34548,34548,0,0,0,0.0,120,0,0,0,100.0,0.0,0.0,0.0,0.0,never positive observed
717532.0,118.0,W,34548,34548,34548,0,0,0,0.0,120,0,0,0,100.0,0.0,0.0,0.0,0.0,never positive observed
717533.0,118.0,E,34548,34548,31967,2581,2581,2581,258100.0,120,9,9,9,92.52923468797036,7.47076531202964,7.47076531202964,7.47076531202964,7.47076531202964,mixed zero and positive
717535.0,118.0,W,34548,34548,30815,3733,3733,3733,373300.0,120,13,13,13,89.19474354521246,10.805256454787543,10.805256454787543,10.805256454787543,10.805256454787543,mixed zero and positive
717536.0,118.0,E,34548,34548,31967,2581,2581,2581,258100.0,120,9,9,9,92.52923468797036,7.47076531202964,7.47076531202964,7.47076531202964,7.47076531202964,mixed zero and positive
717537.0,118.0,W,34548,34548,31967,2581,2581,2581,258100.0,120,9,9,9,92.52923468797036,7.47076531202964,7.47076531202964,7.47076531202964,7.47076531202964,mixed zero and positive
717539.0,118.0,E,34548,34548,32255,2293,2293,0,171975.0,120,8,8,0,93.36285747365983,6.637142526340164,6.637142526340164,0.0,4.977856894755123,mixed zero and positive
717541.0,118.0,E,34548,34548,31679,2869,2869,0,172140.0,120,10,10,0,91.69561190228089,8.304388097719116,8.304388097719116,0.0,4.98263285863147,mixed zero and positive
717543.0,118.0,E,34548,34548,31967,2581,2581,2581,258100.0,120,9,9,9,92.52923468797036,7.47076531202964,7.47076531202964,7.47076531202964,7.47076531202964,mixed zero and positive
717544.0,118.0,W,34548,34548,31967,2581,2581,2581,258100.0,120,9,9,9,92.52923468797036,7.47076531202964,7.47076531202964,7.47076531202964,7.47076531202964,mixed zero and positive
717546.0,118.0,W,34548,34548,34548,0,0,0,0.0,120,0,0,0,100.0,0.0,0.0,0.0,0.0,never positive observed
717547.0,118.0,E,34548,34548,34548,0,0,0,0.0,120,0,0,0,100.0,0.0,0.0,0.0,0.0,never positive observed
717549.0,118.0,W,34548,34548,31956,2592,2592,2592,259200.0,120,9,9,9,92.49739492879472,7.50260507120528,7.50260507120528,7.50260507120528,7.50260507120528,mixed zero and positive
717553.0,118.0,E,34548,34548,31956,2592,2592,2592,259200.0,120,9,9,9,92.49739492879472,7.50260507120528,7.50260507120528,7.50260507120528,7.50260507120528,mixed zero and positive
717554.0,118.0,W,34548,34548,32244,2304,2304,2304,230400.0,120,8,8,8,93.33101771448419,6.6689822855158045,6.6689822855158045,6.6689822855158045,6.6689822855158045,mixed zero and positive
717557.0,118.0,W,34548,34548,34548,0,0,0,0.0,120,0,0,0,100.0,0.0,0.0,0.0,0.0,never positive observed
717558.0,118.0,W,34548,34548,34548,0,0,0,0.0,120,0,0,0,100.0,0.0,0.0,0.0,0.0,never positive observed
717560.0,118.0,E,34548,34548,34548,0,0,0,0.0,120,0,0,0,100.0,0.0,0.0,0.0,0.0,never positive observed
717562.0,118.0,W,34548,34548,34548,0,0,0,0.0,120,0,0,0,100.0,0.0,0.0,0.0,0.0,never positive observed
717565.0,118.0,E,34548,34548,34548,0,0,0,0.0,120,0,0,0,100.0,0.0,0.0,0.0,0.0,never positive observed
717566.0,118.0,W,34548,34548,31956,2592,2592,2592,259200.0,120,9,9,9,92.49739492879472,7.50260507120528,7.50260507120528,7.50260507120528,7.50260507120528,mixed zero and positive
717568.0,118.0,E,34548,34548,34548,0,0,0,0.0,120,0,0,0,100.0,0.0,0.0,0.0,0.0,never positive observed
717570.0,134.0,E,34548,34548,34548,0,0,0,0.0,120,0,0,0,100.0,0.0,0.0,0.0,0.0,never positive observed
717571.0,134.0,W,34548,34548,34548,0,0,0,0.0,120,0,0,0,100.0,0.0,0.0,0.0,0.0,never positive observed
717572.0,134.0,W,34548,34548,34548,0,0,0,0.0,120,0,0,0,100.0,0.0,0.0,0.0,0.0,never positive observed
717573.0,134.0,E,34548,34548,34548,0,0,0,0.0,120,0,0,0,100.0,0.0,0.0,0.0,0.0,never positive observed
717576.0,134.0,W,34548,34548,34548,0,0,0,0.0,120,0,0,0,100.0,0.0,0.0,0.0,0.0,never positive observed
717578.0,134.0,E,34548,34548,5241,29307,29307,29019,2916300.0,120,103,103,102,15.170197985411601,84.8298020145884,84.8298020145884,83.99617922889892,84.41299062174366,mixed zero and positive
717580.0,134.0,E,34548,34548,4665,29883,29883,29294,2959175.0,120,105,105,103,13.50295241403265,86.49704758596735,86.49704758596735,84.79217320828991,85.65401759870325,mixed zero and positive
717582.0,134.0,W,34548,34548,4953,29595,29307,29017,2930650.0,120,104,103,102,14.336575199722125,85.66342480027788,84.8298020145884,83.99039018177608,84.82835475280768,mixed zero and positive
717583.0,134.0,E,34548,34548,4953,29595,29307,28682,2922275.0,120,104,103,101,14.336575199722125,85.66342480027788,84.8298020145884,83.02072478869978,84.58593840453861,mixed zero and positive
717585.0,134.0,E,34548,34548,34548,0,0,0,0.0,120,0,0,0,100.0,0.0,0.0,0.0,0.0,never positive observed
717587.0,134.0,E,34548,34548,34548,0,0,0,0.0,120,0,0,0,100.0,0.0,0.0,0.0,0.0,never positive observed
717590.0,134.0,W,34548,34548,34548,0,0,0,0.0,120,0,0,0,100.0,0.0,0.0,0.0,0.0,never positive observed
717592.0,134.0,E,34548,34548,34548,0,0,0,0.0,120,0,0,0,100.0,0.0,0.0,0.0,0.0,never positive observed
717595.0,134.0,E,34548,34548,34548,0,0,0,0.0,120,0,0,0,100.0,0.0,0.0,0.0,0.0,never positive observed
717597.0,134.0,W,34548,34548,34548,0,0,0,0.0,120,0,0,0,100.0,0.0,0.0,0.0,0.0,never positive observed
717599.0,134.0,W,34548,34548,34548,0,0,0,0.0,120,0,0,0,100.0,0.0,0.0,0.0,0.0,never positive observed
717601.0,134.0,E,34548,34548,34548,0,0,0,0.0,120,0,0,0,100.0,0.0,0.0,0.0,0.0,never positive observed
717603.0,134.0,W,34548,34548,34548,0,0,0,0.0,120,0,0,0,100.0,0.0,0.0,0.0,0.0,never positive observed
717606.0,134.0,E,34548,34548,34548,0,0,0,0.0,120,0,0,0,100.0,0.0,0.0,0.0,0.0,never positive observed
717608.0,170.0,S,34548,34548,34548,0,0,0,0.0,120,0,0,0,100.0,0.0,0.0,0.0,0.0,never positive observed
717610.0,170.0,S,34548,34548,34548,0,0,0,0.0,120,0,0,0,100.0,0.0,0.0,0.0,0.0,never positive observed
717612.0,170.0,S,34548,34548,34548,0,0,0,0.0,120,0,0,0,100.0,0.0,0.0,0.0,0.0,never positive observed
717613.0,170.0,S,34548,34548,34548,0,0,0,0.0,120,0,0,0,100.0,0.0,0.0,0.0,0.0,never positive observed
717614.0,170.0,S,34548,34548,34548,0,0,0,0.0,120,0,0,0,100.0,0.0,0.0,0.0,0.0,never positive observed
717615.0,210.0,W,34548,34548,34548,0,0,0,0.0,120,0,0,0,100.0,0.0,0.0,0.0,0.0,never positive observed
717617.0,210.0,E,34548,34548,18460,16088,16088,16085,1608725.0,120,56,56,56,53.432904943846246,46.567095056153754,46.567095056153754,46.55841148546949,46.564924163482694,mixed zero and positive
717620.0,210.0,E,34548,34548,34548,0,0,0,0.0,120,0,0,0,100.0,0.0,0.0,0.0,0.0,never positive observed
717622.0,210.0,W,34548,34548,1796,32752,32752,282,2463400.0,120,115,115,1,5.198564316313535,94.80143568368646,94.80143568368646,0.8162556443209448,71.30369341206438,mixed zero and positive
717624.0,210.0,W,34548,34548,34548,0,0,0,0.0,120,0,0,0,100.0,0.0,0.0,0.0,0.0,never positive observed
717625.0,210.0,E,34548,34548,34548,0,0,0,0.0,120,0,0,0,100.0,0.0,0.0,0.0,0.0,never positive observed
717627.0,210.0,W,34548,34548,34548,0,0,0,0.0,120,0,0,0,100.0,0.0,0.0,0.0,0.0,never positive observed
717628.0,210.0,E,34548,34548,34548,0,0,0,0.0,120,0,0,0,100.0,0.0,0.0,0.0,0.0,never positive observed
717630.0,210.0,W,34548,34548,34548,0,0,0,0.0,120,0,0,0,100.0,0.0,0.0,0.0,0.0,never positive observed
717631.0,210.0,E,34548,34548,34548,0,0,0,0.0,120,0,0,0,100.0,0.0,0.0,0.0,0.0,never positive observed
717633.0,210.0,E,34548,34548,34548,0,0,0,0.0,120,0,0,0,100.0,0.0,0.0,0.0,0.0,never positive observed
717634.0,210.0,W,34548,34548,34548,0,0,0,0.0,120,0,0,0,100.0,0.0,0.0,0.0,0.0,never positive observed
717635.0,210.0,E,34548,34548,34548,0,0,0,0.0,120,0,0,0,100.0,0.0,0.0,0.0,0.0,never positive observed
717637.0,210.0,W,34548,34548,932,33616,33616,33616,3338020.0,120,118,118,118,2.697695959245108,97.30230404075489,97.30230404075489,97.30230404075489,96.61977538497163,mixed zero and positive
717638.0,210.0,E,34548,34548,1508,33040,33040,33040,3298080.0,120,116,116,116,4.364941530624059,95.63505846937593,95.63505846937593,95.63505846937593,95.46370267453977,mixed zero and positive
717640.0,210.0,E,34548,34548,1220,33328,33328,33328,3332800.0,120,117,117,117,3.531318744934584,96.46868125506542,96.46868125506542,96.46868125506542,96.46868125506542,mixed zero and positive
717642.0,210.0,W,34548,34548,946,33602,26443,22712,2448240.0,120,118,93,80,2.738219289105013,97.26178071089498,76.5398865346764,65.74041912701169,70.86488364015283,mixed zero and positive
717644.0,210.0,W,34548,34548,34548,0,0,0,0.0,120,0,0,0,100.0,0.0,0.0,0.0,0.0,never positive observed
717646.0,210.0,E,34548,34548,1508,33040,33038,33034,3303600.0,120,116,116,116,4.364941530624059,95.63505846937593,95.6292694222531,95.61769132800741,95.62348037513026,mixed zero and positive
717649.0,210.0,W,34548,34548,932,33616,33616,33600,2688960.0,120,118,118,118,2.697695959245108,97.30230404075489,97.30230404075489,97.25599166377215,77.83258075720737,mixed zero and positive
717650.0,210.0,E,34548,34548,1508,33040,33040,33040,3303960.0,120,116,116,116,4.364941530624059,95.63505846937593,95.63505846937593,95.63505846937593,95.63390065995137,mixed zero and positive
717653.0,210.0,W,34548,34548,34548,0,0,0,0.0,120,0,0,0,100.0,0.0,0.0,0.0,0.0,never positive observed
717654.0,210.0,E,34548,34548,1221,33327,33327,33325,3332650.0,120,117,117,117,3.5342132684960057,96.465786731504,96.465786731504,96.45999768438115,96.46433946972328,mixed zero and positive
717657.0,210.0,W,34548,34548,34548,0,0,0,0.0,120,0,0,0,100.0,0.0,0.0,0.0,0.0,never positive observed
717659.0,210.0,E,34548,34548,1510,33038,0,0,825950.0,120,116,0,0,4.370730577746903,95.6292694222531,0.0,0.0,23.907317355563276,mixed zero and positive
717660.0,710.0,N,34548,34548,34548,0,0,0,0.0,120,0,0,0,100.0,0.0,0.0,0.0,0.0,never positive observed
717661.0,210.0,W,34548,34548,31679,2869,2869,2869,286900.0,120,10,10,10,91.69561190228089,8.304388097719116,8.304388097719116,8.304388097719116,8.304388097719116,mixed zero and positive
717663.0,210.0,W,34548,34548,932,33616,33616,258,2519850.0,120,118,118,1,2.697695959245108,97.30230404075489,97.30230404075489,0.7467870788468218,72.93765196248698,mixed zero and positive
717664.0,210.0,W,34548,34548,31679,2869,2869,2869,286900.0,120,10,10,10,91.69561190228089,8.304388097719116,8.304388097719116,8.304388097719116,8.304388097719116,mixed zero and positive
717667.0,210.0,E,34548,34548,34548,0,0,0,0.0,120,0,0,0,100.0,0.0,0.0,0.0,0.0,never positive observed
717669.0,210.0,W,34548,34548,1934,32614,32613,0,2387750.0,120,114,114,0,5.5980085677897415,94.40199143221025,94.39909690864884,0.0,69.11398633784879,mixed zero and positive
717672.0,210.0,E,34548,34548,2234,32314,32314,32310,3231300.0,120,113,113,113,6.4663656362162785,93.53363436378372,93.53363436378372,93.52205626953804,93.5307398402223,mixed zero and positive
717673.0,210.0,W,34548,34548,1220,33328,33328,29551,3238375.0,120,117,117,104,3.531318744934584,96.46868125506542,96.46868125506542,85.53606576357531,93.73552738219288,mixed zero and positive
717674.0,210.0,W,34548,34548,2084,32464,32464,31922,3232725.0,120,114,114,111,6.03218710200301,93.96781289799699,93.96781289799699,92.39898112770638,93.57198680097255,mixed zero and positive
717675.0,210.0,W,34548,34548,30239,4309,4309,4309,430900.0,120,15,15,15,87.5274979738335,12.472502026166493,12.472502026166493,12.472502026166493,12.472502026166493,mixed zero and positive
717676.0,210.0,W,34548,34548,30239,4309,4309,4309,430900.0,120,15,15,15,87.5274979738335,12.472502026166493,12.472502026166493,12.472502026166493,12.472502026166493,mixed zero and positive
717678.0,210.0,W,34548,34548,30239,4309,4309,4309,419140.0,120,15,15,15,87.5274979738335,12.472502026166493,12.472502026166493,12.472502026166493,12.132106055343291,mixed zero and positive
717682.0,210.0,W,34548,34548,3661,30887,30887,30880,3088525.0,120,108,108,108,10.596850758365173,89.40314924163482,89.40314924163482,89.38288757670487,89.39808382540234,mixed zero and positive
717684.0,210.0,E,34548,34548,30527,4021,4021,4021,402100.0,120,14,14,14,88.36112075952298,11.638879240477017,11.638879240477017,11.638879240477017,11.638879240477017,mixed zero and positive
717685.0,210.0,W,34548,34548,3661,30887,30887,30885,3088625.0,120,108,108,108,10.596850758365173,89.40314924163482,89.40314924163482,89.39736019451199,89.40097834896376,mixed zero and positive
717686.0,210.0,W,34548,34548,3661,30887,30887,30871,3088050.0,120,108,108,108,10.596850758365173,89.40314924163482,89.40314924163482,89.35683686465208,89.38433483848559,mixed zero and positive
717688.0,210.0,W,34548,34548,3661,30887,30597,30568,3065775.0,120,108,107,107,10.596850758365173,89.40314924163482,88.5637374088225,88.47979622554128,88.73957971517888,mixed zero and positive
717692.0,210.0,E,34548,34548,34548,0,0,0,0.0,120,0,0,0,100.0,0.0,0.0,0.0,0.0,never positive observed
717694.0,210.0,W,34548,34548,3661,30887,30887,30301,3074050.0,120,108,108,106,10.596850758365173,89.40314924163482,89.40314924163482,87.70695843464166,88.97910153988653,mixed zero and positive
717696.0,405.0,N,34548,34548,34548,0,0,0,0.0,120,0,0,0,100.0,0.0,0.0,0.0,0.0,never positive observed
717697.0,405.0,S,34548,34548,34548,0,0,0,0.0,120,0,0,0,100.0,0.0,0.0,0.0,0.0,never positive observed
717699.0,405.0,S,34548,34548,34548,0,0,0,0.0,120,0,0,0,100.0,0.0,0.0,0.0,0.0,never positive observed
717701.0,405.0,N,34548,34548,34548,0,0,0,0.0,120,0,0,0,100.0,0.0,0.0,0.0,0.0,never positive observed
717703.0,405.0,N,34548,34548,34548,0,0,0,0.0,120,0,0,0,100.0,0.0,0.0,0.0,0.0,never positive observed
717706.0,405.0,N,34548,34548,34548,0,0,0,0.0,120,0,0,0,100.0,0.0,0.0,0.0,0.0,never positive observed
717709.0,405.0,N,34548,34548,34548,0,0,0,0.0,120,0,0,0,100.0,0.0,0.0,0.0,0.0,never positive observed
717710.0,405.0,S,34548,34548,34548,0,0,0,0.0,120,0,0,0,100.0,0.0,0.0,0.0,0.0,never positive observed
717711.0,405.0,N,34548,34548,34548,0,0,0,0.0,120,0,0,0,100.0,0.0,0.0,0.0,0.0,never positive observed
717713.0,405.0,N,34548,34548,34548,0,0,0,0.0,120,0,0,0,100.0,0.0,0.0,0.0,0.0,never positive observed
717715.0,405.0,N,34548,34548,34548,0,0,0,0.0,120,0,0,0,100.0,0.0,0.0,0.0,0.0,never positive observed
717717.0,405.0,N,34548,34548,34548,0,0,0,0.0,120,0,0,0,100.0,0.0,0.0,0.0,0.0,never positive observed
717719.0,405.0,N,34548,34548,34548,0,0,0,0.0,120,0,0,0,100.0,0.0,0.0,0.0,0.0,never positive observed
717720.0,405.0,N,34548,34548,34548,0,0,0,0.0,120,0,0,0,100.0,0.0,0.0,0.0,0.0,never positive observed
717721.0,405.0,N,34548,34548,34548,0,0,0,0.0,120,0,0,0,100.0,0.0,0.0,0.0,0.0,never positive observed
717723.0,405.0,N,34548,34548,34548,0,0,0,0.0,120,0,0,0,100.0,0.0,0.0,0.0,0.0,never positive observed
717724.0,405.0,S,34548,34548,34548,0,0,0,0.0,120,0,0,0,100.0,0.0,0.0,0.0,0.0,never positive observed
717727.0,405.0,N,34548,34548,34548,0,0,0,0.0,120,0,0,0,100.0,0.0,0.0,0.0,0.0,never positive observed
717729.0,405.0,N,34548,34548,34548,0,0,0,0.0,120,0,0,0,100.0,0.0,0.0,0.0,0.0,never positive observed
717731.0,405.0,S,34548,34548,34548,0,0,0,0.0,120,0,0,0,100.0,0.0,0.0,0.0,0.0,never positive observed
717733.0,405.0,N,34548,34548,34548,0,0,0,0.0,120,0,0,0,100.0,0.0,0.0,0.0,0.0,never positive observed
717735.0,405.0,N,34548,34548,34548,0,0,0,0.0,120,0,0,0,100.0,0.0,0.0,0.0,0.0,never positive observed
717740.0,405.0,N,34548,34548,34548,0,0,0,0.0,120,0,0,0,100.0,0.0,0.0,0.0,0.0,never positive observed
717742.0,405.0,N,34548,34548,34548,0,0,0,0.0,120,0,0,0,100.0,0.0,0.0,0.0,0.0,never positive observed
717744.0,405.0,N,34548,34548,34548,0,0,0,0.0,120,0,0,0,100.0,0.0,0.0,0.0,0.0,never positive observed
717746.0,405.0,S,34548,34548,34548,0,0,0,0.0,120,0,0,0,100.0,0.0,0.0,0.0,0.0,never positive observed
717750.0,405.0,N,34548,34548,34548,0,0,0,0.0,120,0,0,0,100.0,0.0,0.0,0.0,0.0,never positive observed
717751.0,405.0,S,34548,34548,34548,0,0,0,0.0,120,0,0,0,100.0,0.0,0.0,0.0,0.0,never positive observed
717752.0,405.0,N,34548,34548,34548,0,0,0,0.0,120,0,0,0,100.0,0.0,0.0,0.0,0.0,never positive observed
717753.0,405.0,S,34548,34548,34548,0,0,0,0.0,120,0,0,0,100.0,0.0,0.0,0.0,0.0,never positive observed
717755.0,405.0,N,34548,34548,12876,21672,11845,0,892975.0,120,76,42,0,37.26988537686697,62.73011462313303,34.2856315850411,0.0,25.84737177260623,mixed zero and positive
717758.0,405.0,N,34548,34548,34548,0,0,0,0.0,120,0,0,0,100.0,0.0,0.0,0.0,0.0,never positive observed
717760.0,405.0,N,34548,34548,4924,29624,29624,24987,2846475.0,120,103,103,87,14.252634016440894,85.7473659835591,85.7473659835591,72.32546022924626,82.3918895449809,mixed zero and positive
717763.0,405.0,N,34548,34548,4924,29624,23534,282,1471800.0,120,103,82,1,14.252634016440894,85.7473659835591,68.1197174945004,0.8162556443209448,42.60159777700591,mixed zero and positive
717765.0,405.0,N,34548,34548,34548,0,0,0,0.0,120,0,0,0,100.0,0.0,0.0,0.0,0.0,never positive observed
717766.0,405.0,S,34548,34548,7804,26744,26742,26741,2139360.0,120,93,93,93,22.58886187333565,77.41113812666435,77.40534907954151,77.40245455598009,61.9242792636332,mixed zero and positive
717769.0,405.0,N,34548,34548,34548,0,0,0,0.0,120,0,0,0,100.0,0.0,0.0,0.0,0.0,never positive observed
717770.0,710.0,N,34548,34548,34548,0,0,0,0.0,120,0,0,0,100.0,0.0,0.0,0.0,0.0,never positive observed
717772.0,405.0,S,34548,34548,34548,0,0,0,0.0,120,0,0,0,100.0,0.0,0.0,0.0,0.0,never positive observed
717776.0,405.0,N,34548,34548,34548,0,0,0,0.0,120,0,0,0,100.0,0.0,0.0,0.0,0.0,never positive observed
717777.0,405.0,N,34548,34548,34548,0,0,0,0.0,120,0,0,0,100.0,0.0,0.0,0.0,0.0,never positive observed
717779.0,405.0,N,34548,34548,34548,0,0,0,0.0,120,0,0,0,100.0,0.0,0.0,0.0,0.0,never positive observed
717787.0,405.0,N,34548,34548,34548,0,0,0,0.0,120,0,0,0,100.0,0.0,0.0,0.0,0.0,never positive observed
717788.0,405.0,S,34548,34548,34548,0,0,0,0.0,120,0,0,0,100.0,0.0,0.0,0.0,0.0,never positive observed
717790.0,405.0,N,34548,34548,10984,23564,23564,22136,2270460.0,120,83,83,78,31.79344679865694,68.20655320134306,68.20655320134306,64.07317355563275,65.71899965265717,mixed zero and positive
717794.0,405.0,N,34548,34548,34548,0,0,0,0.0,120,0,0,0,100.0,0.0,0.0,0.0,0.0,never positive observed
717795.0,405.0,S,34548,34548,34548,0,0,0,0.0,120,0,0,0,100.0,0.0,0.0,0.0,0.0,never positive observed
717797.0,405.0,N,34548,34548,34548,0,0,0,0.0,120,0,0,0,100.0,0.0,0.0,0.0,0.0,never positive observed
717798.0,405.0,N,34548,34548,34548,0,0,0,0.0,120,0,0,0,100.0,0.0,0.0,0.0,0.0,never positive observed
717799.0,405.0,N,34548,34548,34548,0,0,0,0.0,120,0,0,0,100.0,0.0,0.0,0.0,0.0,never positive observed
717800.0,405.0,N,34548,34548,34548,0,0,0,0.0,120,0,0,0,100.0,0.0,0.0,0.0,0.0,never positive observed
717801.0,405.0,N,34548,34548,2396,32152,25774,279,1243600.0,120,113,91,1,6.9352784531666085,93.0647215468334,74.60345027208521,0.8075720736366794,35.99629500984138,mixed zero and positive
717804.0,405.0,N,34548,34548,34548,0,0,0,0.0,120,0,0,0,100.0,0.0,0.0,0.0,0.0,never positive observed
717806.0,405.0,N,34548,34548,34548,0,0,0,0.0,120,0,0,0,100.0,0.0,0.0,0.0,0.0,never positive observed
717807.0,405.0,S,34548,34548,34548,0,0,0,0.0,120,0,0,0,100.0,0.0,0.0,0.0,0.0,never positive observed
717809.0,405.0,S,34548,34548,34548,0,0,0,0.0,120,0,0,0,100.0,0.0,0.0,0.0,0.0,never positive observed
717813.0,101.0,S,34548,34548,34548,0,0,0,0.0,120,0,0,0,100.0,0.0,0.0,0.0,0.0,never positive observed
717814.0,405.0,N,34548,34548,11588,22960,22960,0,1714775.0,120,81,81,0,33.5417390297557,66.4582609702443,66.4582609702443,0.0,49.6345664003705,mixed zero and positive
717816.0,405.0,S,34548,34548,34548,0,0,0,0.0,120,0,0,0,100.0,0.0,0.0,0.0,0.0,never positive observed
717818.0,405.0,N,34548,34548,34548,0,0,0,0.0,120,0,0,0,100.0,0.0,0.0,0.0,0.0,never positive observed
717819.0,405.0,N,34548,34548,34548,0,0,0,0.0,120,0,0,0,100.0,0.0,0.0,0.0,0.0,never positive observed
717821.0,405.0,S,34548,34548,34548,0,0,0,0.0,120,0,0,0,100.0,0.0,0.0,0.0,0.0,never positive observed
717823.0,405.0,N,34548,34548,34548,0,0,0,0.0,120,0,0,0,100.0,0.0,0.0,0.0,0.0,never positive observed
717824.0,405.0,S,34548,34548,34548,0,0,0,0.0,120,0,0,0,100.0,0.0,0.0,0.0,0.0,never positive observed
717825.0,405.0,N,34548,34548,34548,0,0,0,0.0,120,0,0,0,100.0,0.0,0.0,0.0,0.0,never positive observed
717826.0,405.0,S,34548,34548,34548,0,0,0,0.0,120,0,0,0,100.0,0.0,0.0,0.0,0.0,never positive observed
717827.0,405.0,N,34548,34548,34548,0,0,0,0.0,120,0,0,0,100.0,0.0,0.0,0.0,0.0,never positive observed
717828.0,405.0,S,34548,34548,34548,0,0,0,0.0,120,0,0,0,100.0,0.0,0.0,0.0,0.0,never positive observed
717829.0,405.0,S,34548,34548,34548,0,0,0,0.0,120,0,0,0,100.0,0.0,0.0,0.0,0.0,never positive observed
717831.0,605.0,N,34548,34548,18183,16365,16365,16364,1636450.0,120,58,58,58,52.63112191733241,47.36887808266759,47.36887808266759,47.36598355910617,47.36743082088688,mixed zero and positive
717832.0,605.0,S,34548,34548,15551,18997,18997,18995,1899625.0,120,67,67,67,45.012735903670254,54.987264096329746,54.987264096329746,54.9814750492069,54.98509320365868,mixed zero and positive
717833.0,605.0,S,34548,34548,23052,11496,11496,11485,1149325.0,120,40,40,40,66.7245571378951,33.275442862104896,33.275442862104896,33.24360310292926,33.26748292231099,mixed zero and positive
717836.0,605.0,N,34548,34548,34271,277,277,0,13850.0,120,1,1,0,99.19821697348617,0.8017830265138358,0.8017830265138358,0.0,0.4008915132569179,mixed zero and positive
717838.0,605.0,S,34548,34548,19020,15528,15528,15519,1552575.0,120,54,54,54,55.05383813824245,44.94616186175755,44.94616186175755,44.92011114970476,44.93964918374436,mixed zero and positive
717839.0,605.0,N,34548,34548,34548,0,0,0,0.0,120,0,0,0,100.0,0.0,0.0,0.0,0.0,never positive observed
717842.0,605.0,S,34548,34548,34548,0,0,0,0.0,120,0,0,0,100.0,0.0,0.0,0.0,0.0,never positive observed
717843.0,605.0,S,34548,34548,34548,0,0,0,0.0,120,0,0,0,100.0,0.0,0.0,0.0,0.0,never positive observed
717844.0,605.0,N,34548,34548,17596,16952,16951,0,1271350.0,120,60,60,0,50.93203658677782,49.06796341322218,49.065068889660765,0.0,36.799525298135926,mixed zero and positive
717846.0,605.0,S,34548,34548,15801,18747,18747,0,1406025.0,120,66,66,0,45.736366794025706,54.263633205974294,54.263633205974294,0.0,40.69772490448072,mixed zero and positive
717847.0,605.0,S,34548,34548,34548,0,0,0,0.0,120,0,0,0,100.0,0.0,0.0,0.0,0.0,never positive observed
717848.0,605.0,S,34548,34548,34548,0,0,0,0.0,120,0,0,0,100.0,0.0,0.0,0.0,0.0,never positive observed
717850.0,605.0,N,34548,34548,2948,31600,31599,31596,3159850.0,120,111,111,111,8.533055459071436,91.46694454092857,91.46405001736714,91.45536644668287,91.46260275558643,mixed zero and positive
717851.0,605.0,N,34548,34548,34548,0,0,0,0.0,120,0,0,0,100.0,0.0,0.0,0.0,0.0,never positive observed
717853.0,605.0,S,34548,34548,15018,19530,19529,0,1464700.0,120,68,68,0,43.46995484543244,56.53004515456756,56.52715063100614,0.0,42.396086604144955,mixed zero and positive
717854.0,605.0,N,34548,34548,34548,0,0,0,0.0,120,0,0,0,100.0,0.0,0.0,0.0,0.0,never positive observed
717857.0,605.0,N,34548,34548,34548,0,0,0,0.0,120,0,0,0,100.0,0.0,0.0,0.0,0.0,never positive observed
717858.0,605.0,N,34548,34548,34548,0,0,0,0.0,120,0,0,0,100.0,0.0,0.0,0.0,0.0,never positive observed
717859.0,605.0,S,34548,34548,34548,0,0,0,0.0,120,0,0,0,100.0,0.0,0.0,0.0,0.0,never positive observed
717862.0,605.0,S,34548,34548,34548,0,0,0,0.0,120,0,0,0,100.0,0.0,0.0,0.0,0.0,never positive observed
717863.0,605.0,N,34548,34548,16739,17809,17809,17804,1658360.0,120,63,63,63,48.45142989463934,51.54857010536066,51.54857010536066,51.534097487553545,48.001620933194395,mixed zero and positive
717864.0,605.0,N,34548,34548,34548,0,0,0,0.0,120,0,0,0,100.0,0.0,0.0,0.0,0.0,never positive observed
717865.0,605.0,S,34548,34548,34548,0,0,0,0.0,120,0,0,0,100.0,0.0,0.0,0.0,0.0,never positive observed
717867.0,605.0,S,34548,34548,34260,288,288,282,22920.0,120,1,1,1,99.16637721431053,0.8336227856894756,0.8336227856894756,0.8162556443209448,0.6634248002778743,mixed zero and positive
717871.0,605.0,S,34548,34548,34548,0,0,0,0.0,120,0,0,0,100.0,0.0,0.0,0.0,0.0,never positive observed
717872.0,605.0,S,34548,34548,34548,0,0,0,0.0,120,0,0,0,100.0,0.0,0.0,0.0,0.0,never positive observed
717875.0,605.0,N,34548,34548,34548,0,0,0,0.0,120,0,0,0,100.0,0.0,0.0,0.0,0.0,never positive observed
717877.0,605.0,S,34548,34548,34548,0,0,0,0.0,120,0,0,0,100.0,0.0,0.0,0.0,0.0,never positive observed
717879.0,605.0,N,34548,34548,34548,0,0,0,0.0,120,0,0,0,100.0,0.0,0.0,0.0,0.0,never positive observed
717881.0,605.0,N,34548,34548,34548,0,0,0,0.0,120,0,0,0,100.0,0.0,0.0,0.0,0.0,never positive observed
717884.0,605.0,S,34548,34548,34548,0,0,0,0.0,120,0,0,0,100.0,0.0,0.0,0.0,0.0,never positive observed
717885.0,605.0,S,34548,34548,34548,0,0,0,0.0,120,0,0,0,100.0,0.0,0.0,0.0,0.0,never positive observed
717887.0,605.0,S,34548,34548,34548,0,0,0,0.0,120,0,0,0,100.0,0.0,0.0,0.0,0.0,never positive observed
717888.0,605.0,N,34548,34548,34548,0,0,0,0.0,120,0,0,0,100.0,0.0,0.0,0.0,0.0,never positive observed
717893.0,605.0,N,34548,34548,34548,0,0,0,0.0,120,0,0,0,100.0,0.0,0.0,0.0,0.0,never positive observed
717894.0,605.0,S,34548,34548,34548,0,0,0,0.0,120,0,0,0,100.0,0.0,0.0,0.0,0.0,never positive observed
717896.0,605.0,S,34548,34548,34548,0,0,0,0.0,120,0,0,0,100.0,0.0,0.0,0.0,0.0,never positive observed
717897.0,605.0,N,34548,34548,34548,0,0,0,0.0,120,0,0,0,100.0,0.0,0.0,0.0,0.0,never positive observed
717898.0,605.0,S,34548,34548,34548,0,0,0,0.0,120,0,0,0,100.0,0.0,0.0,0.0,0.0,never positive observed
717903.0,605.0,N,34548,34548,34548,0,0,0,0.0,120,0,0,0,100.0,0.0,0.0,0.0,0.0,never positive observed
717906.0,605.0,N,34548,34548,34548,0,0,0,0.0,120,0,0,0,100.0,0.0,0.0,0.0,0.0,never positive observed
717907.0,605.0,S,34548,34548,34548,0,0,0,0.0,120,0,0,0,100.0,0.0,0.0,0.0,0.0,never positive observed
717909.0,605.0,N,34548,34548,34548,0,0,0,0.0,120,0,0,0,100.0,0.0,0.0,0.0,0.0,never positive observed
717912.0,605.0,S,34548,34548,34548,0,0,0,0.0,120,0,0,0,100.0,0.0,0.0,0.0,0.0,never positive observed
717914.0,605.0,S,34548,34548,29570,4978,0,0,124450.0,120,18,0,0,85.59106171124233,14.408938288757671,0.0,0.0,3.602234572189418,mixed zero and positive
717915.0,605.0,N,34548,34548,34548,0,0,0,0.0,120,0,0,0,100.0,0.0,0.0,0.0,0.0,never positive observed
717922.0,605.0,N,34548,34548,34548,0,0,0,0.0,120,0,0,0,100.0,0.0,0.0,0.0,0.0,never positive observed
717924.0,605.0,S,34548,34548,34548,0,0,0,0.0,120,0,0,0,100.0,0.0,0.0,0.0,0.0,never positive observed
717925.0,605.0,S,34548,34548,34548,0,0,0,0.0,120,0,0,0,100.0,0.0,0.0,0.0,0.0,never positive observed
717926.0,605.0,N,34548,34548,34548,0,0,0,0.0,120,0,0,0,100.0,0.0,0.0,0.0,0.0,never positive observed
717929.0,605.0,N,34548,34548,34548,0,0,0,0.0,120,0,0,0,100.0,0.0,0.0,0.0,0.0,never positive observed
717930.0,605.0,S,34548,34548,34548,0,0,0,0.0,120,0,0,0,100.0,0.0,0.0,0.0,0.0,never positive observed
717933.0,605.0,S,34548,34548,34548,0,0,0,0.0,120,0,0,0,100.0,0.0,0.0,0.0,0.0,never positive observed
717934.0,605.0,N,34548,34548,34548,0,0,0,0.0,120,0,0,0,100.0,0.0,0.0,0.0,0.0,never positive observed
717940.0,605.0,N,34548,34548,34548,0,0,0,0.0,120,0,0,0,100.0,0.0,0.0,0.0,0.0,never positive observed
717942.0,605.0,S,34548,34548,34548,0,0,0,0.0,120,0,0,0,100.0,0.0,0.0,0.0,0.0,never positive observed
717943.0,605.0,S,34548,34548,34548,0,0,0,0.0,120,0,0,0,100.0,0.0,0.0,0.0,0.0,never positive observed
717945.0,605.0,N,34548,34548,937,33611,0,0,840275.0,120,118,0,0,2.7121685770522173,97.28783142294779,0.0,0.0,24.321957855736947,mixed zero and positive
717951.0,605.0,S,34548,34548,34548,0,0,0,0.0,120,0,0,0,100.0,0.0,0.0,0.0,0.0,never positive observed
717956.0,605.0,N,34548,34548,33972,576,576,576,57600.0,120,2,2,2,98.33275442862104,1.6672455713789511,1.6672455713789511,1.6672455713789511,1.6672455713789511,mixed zero and positive
717957.0,605.0,S,34548,34548,34548,0,0,0,0.0,120,0,0,0,100.0,0.0,0.0,0.0,0.0,never positive observed
717958.0,605.0,N,34548,34548,33972,576,576,576,57600.0,120,2,2,2,98.33275442862104,1.6672455713789511,1.6672455713789511,1.6672455713789511,1.6672455713789511,mixed zero and positive
717960.0,710.0,S,34548,34548,34548,0,0,0,0.0,120,0,0,0,100.0,0.0,0.0,0.0,0.0,never positive observed
717962.0,710.0,N,34548,34548,34548,0,0,0,0.0,120,0,0,0,100.0,0.0,0.0,0.0,0.0,never positive observed
717963.0,710.0,S,34548,34548,34548,0,0,0,0.0,120,0,0,0,100.0,0.0,0.0,0.0,0.0,never positive observed
717966.0,710.0,N,34548,34548,34548,0,0,0,0.0,120,0,0,0,100.0,0.0,0.0,0.0,0.0,never positive observed
717968.0,710.0,N,34548,34548,34548,0,0,0,0.0,120,0,0,0,100.0,0.0,0.0,0.0,0.0,never positive observed
717970.0,710.0,S,34548,34548,34548,0,0,0,0.0,120,0,0,0,100.0,0.0,0.0,0.0,0.0,never positive observed
717972.0,710.0,S,34548,34548,19900,14648,14648,14648,1215784.0,120,52,52,52,57.60101887229362,42.39898112770638,42.39898112770638,42.39898112770638,35.191154335996295,mixed zero and positive
717975.0,710.0,S,34548,34548,34548,0,0,0,0.0,120,0,0,0,100.0,0.0,0.0,0.0,0.0,never positive observed
717977.0,710.0,N,34548,34548,34548,0,0,0,0.0,120,0,0,0,100.0,0.0,0.0,0.0,0.0,never positive observed
717978.0,710.0,S,34548,34548,34548,0,0,0,0.0,120,0,0,0,100.0,0.0,0.0,0.0,0.0,never positive observed
717980.0,710.0,S,34548,34548,34548,0,0,0,0.0,120,0,0,0,100.0,0.0,0.0,0.0,0.0,never positive observed
717983.0,710.0,N,34548,34548,20476,14072,14072,0,1055400.0,120,50,50,0,59.26826444367257,40.73173555632743,40.73173555632743,0.0,30.54880166724557,mixed zero and positive
717986.0,710.0,S,34548,34548,31411,3137,1728,0,143175.0,120,11,6,0,90.91987958781985,9.080120412180156,5.001736714136853,0.0,4.144234109065648,mixed zero and positive
717989.0,710.0,S,34548,34548,20476,14072,14072,14072,1407200.0,120,50,50,50,59.26826444367257,40.73173555632743,40.73173555632743,40.73173555632743,40.73173555632743,mixed zero and positive
717992.0,710.0,N,34548,34548,19900,14648,14648,0,962450.0,120,52,52,0,57.60101887229362,42.39898112770638,42.39898112770638,0.0,27.858342016904018,mixed zero and positive
717995.0,710.0,N,34548,34548,26317,8231,8231,8223,822850.0,120,29,29,29,76.17517656593725,23.824823434062754,23.824823434062754,23.80166724557138,23.8175871251592,mixed zero and positive
718002.0,710.0,S,34548,34548,34548,0,0,0,0.0,120,0,0,0,100.0,0.0,0.0,0.0,0.0,never positive observed
718008.0,710.0,S,34548,34548,34548,0,0,0,0.0,120,0,0,0,100.0,0.0,0.0,0.0,0.0,never positive observed
718012.0,710.0,S,34548,34548,22780,11768,11768,11768,963680.0,120,42,42,42,65.93724672918837,34.062753270811626,34.062753270811626,34.062753270811626,27.893944656709504,mixed zero and positive
718014.0,710.0,N,34548,34548,34548,0,0,0,0.0,120,0,0,0,100.0,0.0,0.0,0.0,0.0,never positive observed
718016.0,710.0,N,34548,34548,34548,0,0,0,0.0,120,0,0,0,100.0,0.0,0.0,0.0,0.0,never positive observed
718017.0,710.0,S,34548,34548,34548,0,0,0,0.0,120,0,0,0,100.0,0.0,0.0,0.0,0.0,never positive observed
718018.0,710.0,S,34548,34548,34548,0,0,0,0.0,120,0,0,0,100.0,0.0,0.0,0.0,0.0,never positive observed
718020.0,10.0,W,34548,34548,34548,0,0,0,0.0,120,0,0,0,100.0,0.0,0.0,0.0,0.0,never positive observed
718041.0,110.0,S,34548,34548,34548,0,0,0,0.0,120,0,0,0,100.0,0.0,0.0,0.0,0.0,never positive observed
718045.0,110.0,S,34548,34548,34548,0,0,0,0.0,120,0,0,0,100.0,0.0,0.0,0.0,0.0,never positive observed
718046.0,110.0,N,34548,34548,34548,0,0,0,0.0,120,0,0,0,100.0,0.0,0.0,0.0,0.0,never positive observed
718047.0,210.0,W,34548,34548,34548,0,0,0,0.0,120,0,0,0,100.0,0.0,0.0,0.0,0.0,never positive observed
718048.0,57.0,S,34548,34548,34548,0,0,0,0.0,120,0,0,0,100.0,0.0,0.0,0.0,0.0,never positive observed
718050.0,57.0,S,34548,34548,34548,0,0,0,0.0,120,0,0,0,100.0,0.0,0.0,0.0,0.0,never positive observed
718051.0,57.0,N,34548,34548,34548,0,0,0,0.0,120,0,0,0,100.0,0.0,0.0,0.0,0.0,never positive observed
718052.0,57.0,S,34548,34548,34548,0,0,0,0.0,120,0,0,0,100.0,0.0,0.0,0.0,0.0,never positive observed
718053.0,57.0,N,34548,34548,34548,0,0,0,0.0,120,0,0,0,100.0,0.0,0.0,0.0,0.0,never positive observed
718054.0,57.0,S,34548,34548,34548,0,0,0,0.0,120,0,0,0,100.0,0.0,0.0,0.0,0.0,never positive observed
718064.0,2.0,W,34548,34548,34548,0,0,0,0.0,120,0,0,0,100.0,0.0,0.0,0.0,0.0,never positive observed
718066.0,2.0,W,34548,34548,1796,32752,32752,32752,3275200.0,120,115,115,115,5.198564316313535,94.80143568368646,94.80143568368646,94.80143568368646,94.80143568368646,mixed zero and positive
718072.0,2.0,W,34548,34548,1796,32752,32752,32752,3275200.0,120,115,115,115,5.198564316313535,94.80143568368646,94.80143568368646,94.80143568368646,94.80143568368646,mixed zero and positive
718076.0,2.0,W,34548,34548,1796,32752,32752,22214,3011750.0,120,115,115,79,5.198564316313535,94.80143568368646,94.80143568368646,64.29894639342365,87.17581336112076,mixed zero and positive
718081.0,5.0,N,34548,34548,1937,32611,32610,32608,3260967.0,120,114,114,114,5.606692138474007,94.393307861526,94.39041333796457,94.38462429084173,94.38945814518931,mixed zero and positive
718085.0,5.0,S,34548,34548,34548,0,0,0,0.0,120,0,0,0,100.0,0.0,0.0,0.0,0.0,never positive observed
718086.0,5.0,N,34548,34548,34548,0,0,0,0.0,120,0,0,0,100.0,0.0,0.0,0.0,0.0,never positive observed
718089.0,5.0,S,34548,34548,34548,0,0,0,0.0,120,0,0,0,100.0,0.0,0.0,0.0,0.0,never positive observed
718090.0,5.0,S,34548,34548,34548,0,0,0,0.0,120,0,0,0,100.0,0.0,0.0,0.0,0.0,never positive observed
718092.0,5.0,N,34548,34548,34548,0,0,0,0.0,120,0,0,0,100.0,0.0,0.0,0.0,0.0,never positive observed
718099.0,10.0,W,34548,34548,34548,0,0,0,0.0,120,0,0,0,100.0,0.0,0.0,0.0,0.0,never positive observed
718102.0,710.0,N,34548,34548,34548,0,0,0,0.0,120,0,0,0,100.0,0.0,0.0,0.0,0.0,never positive observed
718103.0,10.0,W,34548,34548,34548,0,0,0,0.0,120,0,0,0,100.0,0.0,0.0,0.0,0.0,never positive observed
718118.0,10.0,E,34548,34548,32543,2005,576,277,85700.0,120,7,2,1,94.19648025934931,5.803519740650689,1.6672455713789511,0.8017830265138358,2.480606692138474,mixed zero and positive
718119.0,10.0,E,34548,34548,33110,1438,864,286,67980.0,120,5,3,1,95.83767511867546,4.162324881324534,2.5008683570684265,0.8278337385666319,1.9676971170545328,mixed zero and positive
718123.0,60.0,E,34548,34548,34548,0,0,0,0.0,120,0,0,0,100.0,0.0,0.0,0.0,0.0,never positive observed
718124.0,60.0,W,34548,34548,34548,0,0,0,0.0,120,0,0,0,100.0,0.0,0.0,0.0,0.0,never positive observed
718125.0,60.0,W,34548,34548,34548,0,0,0,0.0,120,0,0,0,100.0,0.0,0.0,0.0,0.0,never positive observed
718126.0,60.0,W,34548,34548,34548,0,0,0,0.0,120,0,0,0,100.0,0.0,0.0,0.0,0.0,never positive observed
718127.0,60.0,E,34548,34548,34548,0,0,0,0.0,120,0,0,0,100.0,0.0,0.0,0.0,0.0,never positive observed
718130.0,91.0,E,34548,34548,31420,3128,3128,3128,312800.0,120,12,12,12,90.94593029987264,9.054069700127359,9.054069700127359,9.054069700127359,9.054069700127359,mixed zero and positive
718141.0,101.0,N,34548,34548,34548,0,0,0,0.0,120,0,0,0,100.0,0.0,0.0,0.0,0.0,never positive observed
718142.0,101.0,S,34548,34548,34548,0,0,0,0.0,120,0,0,0,100.0,0.0,0.0,0.0,0.0,never positive observed
718143.0,101.0,S,34548,34548,34548,0,0,0,0.0,120,0,0,0,100.0,0.0,0.0,0.0,0.0,never positive observed
718144.0,101.0,S,34548,34548,34548,0,0,0,0.0,120,0,0,0,100.0,0.0,0.0,0.0,0.0,never positive observed
718146.0,101.0,S,34548,34548,34548,0,0,0,0.0,120,0,0,0,100.0,0.0,0.0,0.0,0.0,never positive observed
718147.0,710.0,N,34548,34548,21916,12632,12632,0,927725.0,120,45,45,0,63.43637837211995,36.56362162788005,36.56362162788005,0.0,26.853218710200302,mixed zero and positive
718148.0,101.0,S,34548,34548,34548,0,0,0,0.0,120,0,0,0,100.0,0.0,0.0,0.0,0.0,never positive observed
718149.0,101.0,S,34548,34548,34548,0,0,0,0.0,120,0,0,0,100.0,0.0,0.0,0.0,0.0,never positive observed
718150.0,101.0,S,34548,34548,34548,0,0,0,0.0,120,0,0,0,100.0,0.0,0.0,0.0,0.0,never positive observed
718151.0,710.0,N,34548,34548,19900,14648,14648,0,732400.0,120,52,52,0,57.60101887229362,42.39898112770638,42.39898112770638,0.0,21.19949056385319,mixed zero and positive
718155.0,105.0,E,34548,34548,34548,0,0,0,0.0,120,0,0,0,100.0,0.0,0.0,0.0,0.0,never positive observed
718164.0,110.0,N,34548,34548,34548,0,0,0,0.0,120,0,0,0,100.0,0.0,0.0,0.0,0.0,never positive observed
718165.0,110.0,N,34548,34548,34548,0,0,0,0.0,120,0,0,0,100.0,0.0,0.0,0.0,0.0,never positive observed
718166.0,110.0,S,34548,34548,34548,0,0,0,0.0,120,0,0,0,100.0,0.0,0.0,0.0,0.0,never positive observed
718173.0,110.0,S,34548,34548,34548,0,0,0,0.0,120,0,0,0,100.0,0.0,0.0,0.0,0.0,never positive observed
718204.0,134.0,E,34548,34548,34548,0,0,0,0.0,120,0,0,0,100.0,0.0,0.0,0.0,0.0,never positive observed
718210.0,210.0,W,34548,34548,932,33616,33616,33615,3361550.0,120,118,118,118,2.697695959245108,97.30230404075489,97.30230404075489,97.29940951719347,97.30085677897418,mixed zero and positive
718219.0,405.0,N,34548,34548,34548,0,0,0,0.0,120,0,0,0,100.0,0.0,0.0,0.0,0.0,never positive observed
718221.0,405.0,S,34548,34548,34548,0,0,0,0.0,120,0,0,0,100.0,0.0,0.0,0.0,0.0,never positive observed
718223.0,405.0,S,34548,34548,34548,0,0,0,0.0,120,0,0,0,100.0,0.0,0.0,0.0,0.0,never positive observed
718226.0,405.0,S,34548,34548,34548,0,0,0,0.0,120,0,0,0,100.0,0.0,0.0,0.0,0.0,never positive observed
718227.0,405.0,N,34548,34548,34548,0,0,0,0.0,120,0,0,0,100.0,0.0,0.0,0.0,0.0,never positive observed
718229.0,405.0,S,34548,34548,34548,0,0,0,0.0,120,0,0,0,100.0,0.0,0.0,0.0,0.0,never positive observed
718232.0,405.0,S,34548,34548,34548,0,0,0,0.0,120,0,0,0,100.0,0.0,0.0,0.0,0.0,never positive observed
718235.0,405.0,S,34548,34548,34548,0,0,0,0.0,120,0,0,0,100.0,0.0,0.0,0.0,0.0,never positive observed
718238.0,405.0,S,34548,34548,34548,0,0,0,0.0,120,0,0,0,100.0,0.0,0.0,0.0,0.0,never positive observed
718240.0,405.0,S,34548,34548,34548,0,0,0,0.0,120,0,0,0,100.0,0.0,0.0,0.0,0.0,never positive observed
718242.0,405.0,S,34548,34548,34548,0,0,0,0.0,120,0,0,0,100.0,0.0,0.0,0.0,0.0,never positive observed
718243.0,405.0,S,34548,34548,34548,0,0,0,0.0,120,0,0,0,100.0,0.0,0.0,0.0,0.0,never positive observed
718245.0,405.0,S,34548,34548,34548,0,0,0,0.0,120,0,0,0,100.0,0.0,0.0,0.0,0.0,never positive observed
718247.0,405.0,S,34548,34548,34548,0,0,0,0.0,120,0,0,0,100.0,0.0,0.0,0.0,0.0,never positive observed
718249.0,405.0,S,34548,34548,34548,0,0,0,0.0,120,0,0,0,100.0,0.0,0.0,0.0,0.0,never positive observed
718251.0,405.0,N,34548,34548,34548,0,0,0,0.0,120,0,0,0,100.0,0.0,0.0,0.0,0.0,never positive observed
718253.0,405.0,S,34548,34548,34548,0,0,0,0.0,120,0,0,0,100.0,0.0,0.0,0.0,0.0,never positive observed
718256.0,405.0,S,34548,34548,23356,11192,11192,0,789000.0,120,40,40,0,67.60449230056733,32.39550769943267,32.39550769943267,0.0,22.83779089961792,mixed zero and positive
718258.0,405.0,S,34548,34548,34548,0,0,0,0.0,120,0,0,0,100.0,0.0,0.0,0.0,0.0,never positive observed
718259.0,405.0,N,34548,34548,32284,2264,2264,2264,226400.0,120,9,9,9,93.44679865694107,6.553201343058933,6.553201343058933,6.553201343058933,6.553201343058933,mixed zero and positive
718262.0,405.0,S,34548,34548,34548,0,0,0,0.0,120,0,0,0,100.0,0.0,0.0,0.0,0.0,never positive observed
718265.0,405.0,S,34548,34548,34548,0,0,0,0.0,120,0,0,0,100.0,0.0,0.0,0.0,0.0,never positive observed
718266.0,405.0,N,34548,34548,34548,0,0,0,0.0,120,0,0,0,100.0,0.0,0.0,0.0,0.0,never positive observed
718267.0,405.0,N,34548,34548,34548,0,0,0,0.0,120,0,0,0,100.0,0.0,0.0,0.0,0.0,never positive observed
718275.0,405.0,S,34548,34548,34548,0,0,0,0.0,120,0,0,0,100.0,0.0,0.0,0.0,0.0,never positive observed
718277.0,405.0,S,34548,34548,34548,0,0,0,0.0,120,0,0,0,100.0,0.0,0.0,0.0,0.0,never positive observed
718280.0,405.0,S,34548,34548,34548,0,0,0,0.0,120,0,0,0,100.0,0.0,0.0,0.0,0.0,never positive observed
718284.0,405.0,S,34548,34548,34548,0,0,0,0.0,120,0,0,0,100.0,0.0,0.0,0.0,0.0,never positive observed
718287.0,405.0,S,34548,34548,1799,32749,32361,26123,3082650.0,120,115,114,95,5.2072478869978,94.7927521130022,93.66967697117055,75.61363899502142,89.22803056616881,mixed zero and positive
718290.0,405.0,S,34548,34548,34548,0,0,0,0.0,120,0,0,0,100.0,0.0,0.0,0.0,0.0,never positive observed
718291.0,405.0,N,34548,34548,34548,0,0,0,0.0,120,0,0,0,100.0,0.0,0.0,0.0,0.0,never positive observed
718292.0,405.0,N,34548,34548,34548,0,0,0,0.0,120,0,0,0,100.0,0.0,0.0,0.0,0.0,never positive observed
718296.0,405.0,S,34548,34548,34548,0,0,0,0.0,120,0,0,0,100.0,0.0,0.0,0.0,0.0,never positive observed
718297.0,405.0,S,34548,34548,34548,0,0,0,0.0,120,0,0,0,100.0,0.0,0.0,0.0,0.0,never positive observed
718300.0,405.0,S,34548,34548,34548,0,0,0,0.0,120,0,0,0,100.0,0.0,0.0,0.0,0.0,never positive observed
718302.0,405.0,S,34548,34548,34548,0,0,0,0.0,120,0,0,0,100.0,0.0,0.0,0.0,0.0,never positive observed
718304.0,405.0,S,34548,34548,34548,0,0,0,0.0,120,0,0,0,100.0,0.0,0.0,0.0,0.0,never positive observed
718308.0,405.0,S,34548,34548,34548,0,0,0,0.0,120,0,0,0,100.0,0.0,0.0,0.0,0.0,never positive observed
718310.0,405.0,S,34548,34548,34548,0,0,0,0.0,120,0,0,0,100.0,0.0,0.0,0.0,0.0,never positive observed
718312.0,405.0,S,34548,34548,34548,0,0,0,0.0,120,0,0,0,100.0,0.0,0.0,0.0,0.0,never positive observed
718314.0,405.0,S,34548,34548,34548,0,0,0,0.0,120,0,0,0,100.0,0.0,0.0,0.0,0.0,never positive observed
718315.0,405.0,S,34548,34548,34548,0,0,0,0.0,120,0,0,0,100.0,0.0,0.0,0.0,0.0,never positive observed
718320.0,710.0,N,34548,34548,34548,0,0,0,0.0,120,0,0,0,100.0,0.0,0.0,0.0,0.0,never positive observed
718321.0,710.0,S,34548,34548,34548,0,0,0,0.0,120,0,0,0,100.0,0.0,0.0,0.0,0.0,never positive observed
718326.0,91.0,E,34548,34548,34548,0,0,0,0.0,120,0,0,0,100.0,0.0,0.0,0.0,0.0,never positive observed
718327.0,91.0,W,34548,34548,6193,28355,26220,4208,1587580.0,120,99,92,15,17.925784415885147,82.07421558411485,75.89440778047933,12.180155146462893,45.95287715642005,mixed zero and positive
718332.0,10.0,W,34548,34548,34548,0,0,0,0.0,120,0,0,0,100.0,0.0,0.0,0.0,0.0,never positive observed
718335.0,10.0,E,34548,34548,34548,0,0,0,0.0,120,0,0,0,100.0,0.0,0.0,0.0,0.0,never positive observed
718356.0,57.0,N,34548,34548,932,33616,33616,33604,3361300.0,120,118,118,118,2.697695959245108,97.30230404075489,97.30230404075489,97.26756975801783,97.29362047007062,mixed zero and positive
718358.0,5.0,N,34548,34548,34548,0,0,0,0.0,120,0,0,0,100.0,0.0,0.0,0.0,0.0,never positive observed
718360.0,5.0,N,34548,34548,34548,0,0,0,0.0,120,0,0,0,100.0,0.0,0.0,0.0,0.0,never positive observed
718364.0,5.0,S,34548,34548,31420,3128,3128,3128,312800.0,120,12,12,12,90.94593029987264,9.054069700127359,9.054069700127359,9.054069700127359,9.054069700127359,mixed zero and positive
718370.0,5.0,S,34548,34548,6404,28144,28144,0,1271620.0,120,99,99,0,18.536528887345142,81.46347111265486,81.46347111265486,0.0,36.80734051175177,mixed zero and positive
718371.0,5.0,N,34548,34548,6404,28144,28144,28143,2251500.0,120,99,99,99,18.536528887345142,81.46347111265486,81.46347111265486,81.46057658909344,65.1701979854116,mixed zero and positive
718375.0,5.0,S,34548,34548,2372,32176,32176,32176,3217600.0,120,113,113,113,6.865809887692486,93.13419011230751,93.13419011230751,93.13419011230751,93.13419011230751,mixed zero and positive
718376.0,5.0,S,34548,34548,11548,23000,23000,22999,2299950.0,120,80,80,80,33.42595808729883,66.57404191270118,66.57404191270118,66.57114738913975,66.57259465092046,mixed zero and positive
718379.0,5.0,S,34548,34548,34548,0,0,0,0.0,120,0,0,0,100.0,0.0,0.0,0.0,0.0,never positive observed
718384.0,5.0,N,34548,34548,34548,0,0,0,0.0,120,0,0,0,100.0,0.0,0.0,0.0,0.0,never positive observed
718389.0,5.0,N,34548,34548,34548,0,0,0,0.0,120,0,0,0,100.0,0.0,0.0,0.0,0.0,never positive observed
718392.0,5.0,S,34548,34548,34548,0,0,0,0.0,120,0,0,0,100.0,0.0,0.0,0.0,0.0,never positive observed
718393.0,5.0,S,34548,34548,34548,0,0,0,0.0,120,0,0,0,100.0,0.0,0.0,0.0,0.0,never positive observed
718394.0,5.0,N,34548,34548,34548,0,0,0,0.0,120,0,0,0,100.0,0.0,0.0,0.0,0.0,never positive observed
718404.0,5.0,N,34548,34548,34548,0,0,0,0.0,120,0,0,0,100.0,0.0,0.0,0.0,0.0,never positive observed
718405.0,5.0,S,34548,34548,34548,0,0,0,0.0,120,0,0,0,100.0,0.0,0.0,0.0,0.0,never positive observed
718410.0,10.0,E,34548,34548,34548,0,0,0,0.0,120,0,0,0,100.0,0.0,0.0,0.0,0.0,never positive observed
718411.0,10.0,W,34548,34548,34548,0,0,0,0.0,120,0,0,0,100.0,0.0,0.0,0.0,0.0,never positive observed
718412.0,10.0,E,34548,34548,34548,0,0,0,0.0,120,0,0,0,100.0,0.0,0.0,0.0,0.0,never positive observed
718414.0,10.0,W,34548,34548,34548,0,0,0,0.0,120,0,0,0,100.0,0.0,0.0,0.0,0.0,never positive observed
718415.0,10.0,E,34548,34548,34548,0,0,0,0.0,120,0,0,0,100.0,0.0,0.0,0.0,0.0,never positive observed
718419.0,10.0,E,34548,34548,34548,0,0,0,0.0,120,0,0,0,100.0,0.0,0.0,0.0,0.0,never positive observed
718421.0,10.0,E,34548,34548,34548,0,0,0,0.0,120,0,0,0,100.0,0.0,0.0,0.0,0.0,never positive observed
718445.0,10.0,E,34548,34548,34548,0,0,0,0.0,120,0,0,0,100.0,0.0,0.0,0.0,0.0,never positive observed
718453.0,60.0,E,34548,34548,34548,0,0,0,0.0,120,0,0,0,100.0,0.0,0.0,0.0,0.0,never positive observed
718455.0,60.0,W,34548,34548,34548,0,0,0,0.0,120,0,0,0,100.0,0.0,0.0,0.0,0.0,never positive observed
718466.0,605.0,N,34548,34548,34548,0,0,0,0.0,120,0,0,0,100.0,0.0,0.0,0.0,0.0,never positive observed
718469.0,210.0,E,34548,34548,3661,30887,30887,0,2316475.0,120,108,108,0,10.596850758365173,89.40314924163482,89.40314924163482,0.0,67.0509146694454,mixed zero and positive
718479.0,405.0,S,34548,34548,34548,0,0,0,0.0,120,0,0,0,100.0,0.0,0.0,0.0,0.0,never positive observed
718488.0,710.0,N,34548,34548,19900,14648,14648,14648,1215784.0,120,52,52,52,57.60101887229362,42.39898112770638,42.39898112770638,42.39898112770638,35.191154335996295,mixed zero and positive
718492.0,710.0,N,34548,34548,34548,0,0,0,0.0,120,0,0,0,100.0,0.0,0.0,0.0,0.0,never positive observed
718493.0,710.0,S,34548,34548,34548,0,0,0,0.0,120,0,0,0,100.0,0.0,0.0,0.0,0.0,never positive observed
718496.0,134.0,W,34548,34548,2948,31600,31600,31599,3159950.0,120,111,111,111,8.533055459071436,91.46694454092857,91.46694454092857,91.46405001736714,91.46549727914785,mixed zero and positive
718499.0,134.0,W,34548,34548,3236,31312,31312,31311,3131175.0,120,110,110,110,9.366678244760912,90.63332175523908,90.63332175523908,90.63042723167767,90.63259812434873,mixed zero and positive
718500.0,405.0,N,34548,34548,34548,0,0,0,0.0,120,0,0,0,100.0,0.0,0.0,0.0,0.0,never positive observed
737152.0,605.0,S,34548,34548,34548,0,0,0,0.0,120,0,0,0,100.0,0.0,0.0,0.0,0.0,never positive observed
737158.0,10.0,E,34548,34548,34548,0,0,0,0.0,120,0,0,0,100.0,0.0,0.0,0.0,0.0,never positive observed
737184.0,10.0,E,34548,34548,34548,0,0,0,0.0,120,0,0,0,100.0,0.0,0.0,0.0,0.0,never positive observed
737229.0,10.0,E,34548,34548,34548,0,0,0,0.0,120,0,0,0,100.0,0.0,0.0,0.0,0.0,never positive observed
737232.0,10.0,W,34548,34548,34548,0,0,0,0.0,120,0,0,0,100.0,0.0,0.0,0.0,0.0,never positive observed
737237.0,10.0,E,34548,34548,34548,0,0,0,0.0,120,0,0,0,100.0,0.0,0.0,0.0,0.0,never positive observed
737242.0,10.0,W,34548,34548,34548,0,0,0,0.0,120,0,0,0,100.0,0.0,0.0,0.0,0.0,never positive observed
737246.0,10.0,E,34548,34548,34548,0,0,0,0.0,120,0,0,0,100.0,0.0,0.0,0.0,0.0,never positive observed
737257.0,10.0,E,34548,34548,34548,0,0,0,0.0,120,0,0,0,100.0,0.0,0.0,0.0,0.0,never positive observed
737258.0,10.0,W,34548,34548,34548,0,0,0,0.0,120,0,0,0,100.0,0.0,0.0,0.0,0.0,never positive observed
737269.0,10.0,W,34548,34548,34548,0,0,0,0.0,120,0,0,0,100.0,0.0,0.0,0.0,0.0,never positive observed
737278.0,10.0,E,34548,34548,34548,0,0,0,0.0,120,0,0,0,100.0,0.0,0.0,0.0,0.0,never positive observed
737292.0,10.0,W,34548,34548,34548,0,0,0,0.0,120,0,0,0,100.0,0.0,0.0,0.0,0.0,never positive observed
737313.0,10.0,E,34548,34548,34548,0,0,0,0.0,120,0,0,0,100.0,0.0,0.0,0.0,0.0,never positive observed
737320.0,10.0,E,34548,34548,34548,0,0,0,0.0,120,0,0,0,100.0,0.0,0.0,0.0,0.0,never positive observed
737344.0,10.0,E,34548,34548,34548,0,0,0,0.0,120,0,0,0,100.0,0.0,0.0,0.0,0.0,never positive observed
737345.0,10.0,W,34548,34548,34548,0,0,0,0.0,120,0,0,0,100.0,0.0,0.0,0.0,0.0,never positive observed
737433.0,101.0,N,34548,34548,34548,0,0,0,0.0,120,0,0,0,100.0,0.0,0.0,0.0,0.0,never positive observed
737504.0,605.0,S,34548,34548,1220,33328,33327,32994,3324350.0,120,117,117,116,3.531318744934584,96.46868125506542,96.465786731504,95.50191038555054,96.22409401412527,mixed zero and positive
737529.0,405.0,S,34548,34548,34548,0,0,0,0.0,120,0,0,0,100.0,0.0,0.0,0.0,0.0,never positive observed
759142.0,118.0,E,34548,34548,34548,0,0,0,0.0,120,0,0,0,100.0,0.0,0.0,0.0,0.0,never positive observed
759165.0,118.0,W,34548,34548,34548,0,0,0,0.0,120,0,0,0,100.0,0.0,0.0,0.0,0.0,never positive observed
759228.0,5.0,S,34548,34548,34548,0,0,0,0.0,120,0,0,0,100.0,0.0,0.0,0.0,0.0,never positive observed
759250.0,5.0,S,34548,34548,34548,0,0,0,0.0,120,0,0,0,100.0,0.0,0.0,0.0,0.0,never positive observed
759257.0,10.0,E,34548,34548,34548,0,0,0,0.0,120,0,0,0,100.0,0.0,0.0,0.0,0.0,never positive observed
759259.0,10.0,W,34548,34548,34548,0,0,0,0.0,120,0,0,0,100.0,0.0,0.0,0.0,0.0,never positive observed
759271.0,101.0,N,34548,34548,34548,0,0,0,0.0,120,0,0,0,100.0,0.0,0.0,0.0,0.0,never positive observed
759280.0,10.0,E,34548,34548,34548,0,0,0,0.0,120,0,0,0,100.0,0.0,0.0,0.0,0.0,never positive observed
759289.0,10.0,W,34548,34548,34548,0,0,0,0.0,120,0,0,0,100.0,0.0,0.0,0.0,0.0,never positive observed
759385.0,10.0,E,34548,34548,34548,0,0,0,0.0,120,0,0,0,100.0,0.0,0.0,0.0,0.0,never positive observed
759416.0,110.0,S,34548,34548,34548,0,0,0,0.0,120,0,0,0,100.0,0.0,0.0,0.0,0.0,never positive observed
759418.0,110.0,S,34548,34548,34548,0,0,0,0.0,120,0,0,0,100.0,0.0,0.0,0.0,0.0,never positive observed
759422.0,405.0,S,34548,34548,34548,0,0,0,0.0,120,0,0,0,100.0,0.0,0.0,0.0,0.0,never positive observed
759427.0,405.0,N,34548,34548,34548,0,0,0,0.0,120,0,0,0,100.0,0.0,0.0,0.0,0.0,never positive observed
759513.0,5.0,N,34548,34548,34548,0,0,0,0.0,120,0,0,0,100.0,0.0,0.0,0.0,0.0,never positive observed
759518.0,5.0,N,34548,34548,34548,0,0,0,0.0,120,0,0,0,100.0,0.0,0.0,0.0,0.0,never positive observed
759531.0,5.0,N,34548,34548,34548,0,0,0,0.0,120,0,0,0,100.0,0.0,0.0,0.0,0.0,never positive observed
759542.0,5.0,N,34548,34548,34548,0,0,0,0.0,120,0,0,0,100.0,0.0,0.0,0.0,0.0,never positive observed
759552.0,5.0,N,34548,34548,34548,0,0,0,0.0,120,0,0,0,100.0,0.0,0.0,0.0,0.0,never positive observed
759566.0,5.0,N,34548,34548,31132,3416,3416,3416,341600.0,120,13,13,13,90.11230751418317,9.887692485816835,9.887692485816835,9.887692485816835,9.887692485816835,mixed zero and positive
759576.0,5.0,N,34548,34548,34548,0,0,0,0.0,120,0,0,0,100.0,0.0,0.0,0.0,0.0,never positive observed
759591.0,5.0,N,34548,34548,34548,0,0,0,0.0,120,0,0,0,100.0,0.0,0.0,0.0,0.0,never positive observed
759602.0,5.0,N,34548,34548,34548,0,0,0,0.0,120,0,0,0,100.0,0.0,0.0,0.0,0.0,never positive observed
759610.0,5.0,S,34548,34548,34548,0,0,0,0.0,120,0,0,0,100.0,0.0,0.0,0.0,0.0,never positive observed
759617.0,5.0,N,34548,34548,34548,0,0,0,0.0,120,0,0,0,100.0,0.0,0.0,0.0,0.0,never positive observed
759626.0,5.0,N,34548,34548,34548,0,0,0,0.0,120,0,0,0,100.0,0.0,0.0,0.0,0.0,never positive observed
759636.0,5.0,N,34548,34548,34548,0,0,0,0.0,120,0,0,0,100.0,0.0,0.0,0.0,0.0,never positive observed
759648.0,5.0,N,34548,34548,34548,0,0,0,0.0,120,0,0,0,100.0,0.0,0.0,0.0,0.0,never positive observed
759654.0,5.0,N,34548,34548,34548,0,0,0,0.0,120,0,0,0,100.0,0.0,0.0,0.0,0.0,never positive observed
759666.0,5.0,N,34548,34548,34548,0,0,0,0.0,120,0,0,0,100.0,0.0,0.0,0.0,0.0,never positive observed
759672.0,5.0,N,34548,34548,34548,0,0,0,0.0,120,0,0,0,100.0,0.0,0.0,0.0,0.0,never positive observed
759677.0,5.0,N,34548,34548,34548,0,0,0,0.0,120,0,0,0,100.0,0.0,0.0,0.0,0.0,never positive observed
759685.0,5.0,N,34548,34548,34548,0,0,0,0.0,120,0,0,0,100.0,0.0,0.0,0.0,0.0,never positive observed
759700.0,5.0,S,34548,34548,34548,0,0,0,0.0,120,0,0,0,100.0,0.0,0.0,0.0,0.0,never positive observed
759707.0,5.0,S,34548,34548,34548,0,0,0,0.0,120,0,0,0,100.0,0.0,0.0,0.0,0.0,never positive observed
759747.0,5.0,S,34548,34548,34548,0,0,0,0.0,120,0,0,0,100.0,0.0,0.0,0.0,0.0,never positive observed
759762.0,5.0,S,34548,34548,13316,21232,21232,21231,2123150.0,120,75,75,75,38.54347574389256,61.45652425610744,61.45652425610744,61.45362973254602,61.45507699432673,mixed zero and positive
759772.0,5.0,S,34548,34548,13316,21232,21232,12384,1901950.0,120,75,75,45,38.54347574389256,61.45652425610744,61.45652425610744,35.84577978464745,55.052390876461736,mixed zero and positive
759783.0,5.0,S,34548,34548,13316,21232,21232,21232,2123200.0,120,75,75,75,38.54347574389256,61.45652425610744,61.45652425610744,61.45652425610744,61.45652425610744,mixed zero and positive
759822.0,5.0,S,34548,34548,34548,0,0,0,0.0,120,0,0,0,100.0,0.0,0.0,0.0,0.0,never positive observed
759834.0,5.0,N,34548,34548,34548,0,0,0,0.0,120,0,0,0,100.0,0.0,0.0,0.0,0.0,never positive observed
759835.0,5.0,S,34548,34548,34548,0,0,0,0.0,120,0,0,0,100.0,0.0,0.0,0.0,0.0,never positive observed
759844.0,5.0,S,34548,34548,34548,0,0,0,0.0,120,0,0,0,100.0,0.0,0.0,0.0,0.0,never positive observed
759850.0,5.0,S,34548,34548,34548,0,0,0,0.0,120,0,0,0,100.0,0.0,0.0,0.0,0.0,never positive observed
759858.0,5.0,S,34548,34548,34548,0,0,0,0.0,120,0,0,0,100.0,0.0,0.0,0.0,0.0,never positive observed
759870.0,5.0,S,34548,34548,34548,0,0,0,0.0,120,0,0,0,100.0,0.0,0.0,0.0,0.0,never positive observed
759900.0,5.0,S,34548,34548,34548,0,0,0,0.0,120,0,0,0,100.0,0.0,0.0,0.0,0.0,never positive observed
759914.0,5.0,S,34548,34548,34548,0,0,0,0.0,120,0,0,0,100.0,0.0,0.0,0.0,0.0,never positive observed
759927.0,5.0,S,34548,34548,34548,0,0,0,0.0,120,0,0,0,100.0,0.0,0.0,0.0,0.0,never positive observed
759933.0,5.0,S,34548,34548,15871,18677,0,0,466925.0,120,66,0,0,45.93898344332523,54.06101655667477,0.0,0.0,13.515254139168693,mixed zero and positive
759942.0,5.0,S,34548,34548,34548,0,0,0,0.0,120,0,0,0,100.0,0.0,0.0,0.0,0.0,never positive observed
759980.0,91.0,E,34548,34548,1207,33341,31613,2591,2133900.0,120,117,111,9,3.4936899386361007,96.5063100613639,91.50457334722705,7.499710547643858,61.766238277179575,mixed zero and positive
760002.0,101.0,N,34548,34548,34548,0,0,0,0.0,120,0,0,0,100.0,0.0,0.0,0.0,0.0,never positive observed
760013.0,101.0,S,34548,34548,34548,0,0,0,0.0,120,0,0,0,100.0,0.0,0.0,0.0,0.0,never positive observed
760024.0,101.0,S,34548,34548,34548,0,0,0,0.0,120,0,0,0,100.0,0.0,0.0,0.0,0.0,never positive observed
760046.0,105.0,E,34548,34548,34548,0,0,0,0.0,120,0,0,0,100.0,0.0,0.0,0.0,0.0,never positive observed
760063.0,105.0,E,34548,34548,34548,0,0,0,0.0,120,0,0,0,100.0,0.0,0.0,0.0,0.0,never positive observed
760074.0,105.0,E,34548,34548,34548,0,0,0,0.0,120,0,0,0,100.0,0.0,0.0,0.0,0.0,never positive observed
760080.0,105.0,E,34548,34548,34548,0,0,0,0.0,120,0,0,0,100.0,0.0,0.0,0.0,0.0,never positive observed
760101.0,105.0,E,34548,34548,34548,0,0,0,0.0,120,0,0,0,100.0,0.0,0.0,0.0,0.0,never positive observed
760112.0,105.0,E,34548,34548,34548,0,0,0,0.0,120,0,0,0,100.0,0.0,0.0,0.0,0.0,never positive observed
760167.0,105.0,E,34548,34548,34548,0,0,0,0.0,120,0,0,0,100.0,0.0,0.0,0.0,0.0,never positive observed
760187.0,105.0,E,34548,34548,34548,0,0,0,0.0,120,0,0,0,100.0,0.0,0.0,0.0,0.0,never positive observed
760196.0,105.0,E,34548,34548,34548,0,0,0,0.0,120,0,0,0,100.0,0.0,0.0,0.0,0.0,never positive observed
760226.0,105.0,E,34548,34548,34548,0,0,0,0.0,120,0,0,0,100.0,0.0,0.0,0.0,0.0,never positive observed
760236.0,105.0,E,34548,34548,34548,0,0,0,0.0,120,0,0,0,100.0,0.0,0.0,0.0,0.0,never positive observed
760283.0,105.0,E,34548,34548,34548,0,0,0,0.0,120,0,0,0,100.0,0.0,0.0,0.0,0.0,never positive observed
760301.0,105.0,E,34548,34548,34548,0,0,0,0.0,120,0,0,0,100.0,0.0,0.0,0.0,0.0,never positive observed
760315.0,105.0,E,34548,34548,34548,0,0,0,0.0,120,0,0,0,100.0,0.0,0.0,0.0,0.0,never positive observed
760330.0,105.0,E,34548,34548,34548,0,0,0,0.0,120,0,0,0,100.0,0.0,0.0,0.0,0.0,never positive observed
760349.0,105.0,E,34548,34548,34548,0,0,0,0.0,120,0,0,0,100.0,0.0,0.0,0.0,0.0,never positive observed
760358.0,105.0,W,34548,34548,34548,0,0,0,0.0,120,0,0,0,100.0,0.0,0.0,0.0,0.0,never positive observed
760361.0,105.0,W,34548,34548,34548,0,0,0,0.0,120,0,0,0,100.0,0.0,0.0,0.0,0.0,never positive observed
760369.0,105.0,W,34548,34548,34548,0,0,0,0.0,120,0,0,0,100.0,0.0,0.0,0.0,0.0,never positive observed
760375.0,105.0,W,34548,34548,2071,32477,32477,258,2442225.0,120,114,114,1,5.994558295704527,94.00544170429548,94.00544170429548,0.7467870788468218,70.6907780479333,mixed zero and positive
760384.0,105.0,W,34548,34548,34548,0,0,0,0.0,120,0,0,0,100.0,0.0,0.0,0.0,0.0,never positive observed
760398.0,105.0,W,34548,34548,34548,0,0,0,0.0,120,0,0,0,100.0,0.0,0.0,0.0,0.0,never positive observed
760426.0,105.0,W,34548,34548,34548,0,0,0,0.0,120,0,0,0,100.0,0.0,0.0,0.0,0.0,never positive observed
760440.0,105.0,W,34548,34548,34548,0,0,0,0.0,120,0,0,0,100.0,0.0,0.0,0.0,0.0,never positive observed
760452.0,105.0,W,34548,34548,34548,0,0,0,0.0,120,0,0,0,100.0,0.0,0.0,0.0,0.0,never positive observed
760473.0,105.0,W,34548,34548,34548,0,0,0,0.0,120,0,0,0,100.0,0.0,0.0,0.0,0.0,never positive observed
760481.0,105.0,W,34548,34548,34548,0,0,0,0.0,120,0,0,0,100.0,0.0,0.0,0.0,0.0,never positive observed
760496.0,105.0,W,34548,34548,34548,0,0,0,0.0,120,0,0,0,100.0,0.0,0.0,0.0,0.0,never positive observed
760512.0,105.0,W,34548,34548,34548,0,0,0,0.0,120,0,0,0,100.0,0.0,0.0,0.0,0.0,never positive observed
760535.0,105.0,W,34548,34548,34548,0,0,0,0.0,120,0,0,0,100.0,0.0,0.0,0.0,0.0,never positive observed
760558.0,105.0,W,34548,34548,34548,0,0,0,0.0,120,0,0,0,100.0,0.0,0.0,0.0,0.0,never positive observed
760568.0,105.0,W,34548,34548,34548,0,0,0,0.0,120,0,0,0,100.0,0.0,0.0,0.0,0.0,never positive observed
760599.0,105.0,W,34548,34548,34548,0,0,0,0.0,120,0,0,0,100.0,0.0,0.0,0.0,0.0,never positive observed
760606.0,105.0,W,34548,34548,34548,0,0,0,0.0,120,0,0,0,100.0,0.0,0.0,0.0,0.0,never positive observed
760619.0,105.0,W,34548,34548,34548,0,0,0,0.0,120,0,0,0,100.0,0.0,0.0,0.0,0.0,never positive observed
760635.0,110.0,S,34548,34548,34548,0,0,0,0.0,120,0,0,0,100.0,0.0,0.0,0.0,0.0,never positive observed
760643.0,110.0,S,34548,34548,34548,0,0,0,0.0,120,0,0,0,100.0,0.0,0.0,0.0,0.0,never positive observed
760650.0,110.0,S,34548,34548,34548,0,0,0,0.0,120,0,0,0,100.0,0.0,0.0,0.0,0.0,never positive observed
760686.0,118.0,E,34548,34548,32244,2304,2304,2304,230400.0,120,8,8,8,93.33101771448419,6.6689822855158045,6.6689822855158045,6.6689822855158045,6.6689822855158045,mixed zero and positive
760693.0,118.0,E,34548,34548,31956,2592,2592,2592,259200.0,120,9,9,9,92.49739492879472,7.50260507120528,7.50260507120528,7.50260507120528,7.50260507120528,mixed zero and positive
760706.0,118.0,W,34548,34548,34548,0,0,0,0.0,120,0,0,0,100.0,0.0,0.0,0.0,0.0,never positive observed
760718.0,118.0,E,34548,34548,34548,0,0,0,0.0,120,0,0,0,100.0,0.0,0.0,0.0,0.0,never positive observed
760726.0,118.0,E,34548,34548,31391,3157,3157,3157,315700.0,120,11,11,11,90.8619891165914,9.13801088340859,9.13801088340859,9.13801088340859,9.13801088340859,mixed zero and positive
760738.0,118.0,E,34548,34548,31391,3157,3157,3157,315700.0,120,11,11,11,90.8619891165914,9.13801088340859,9.13801088340859,9.13801088340859,9.13801088340859,mixed zero and positive
760746.0,118.0,E,34548,34548,31391,3157,3157,0,236775.0,120,11,11,0,90.8619891165914,9.13801088340859,9.13801088340859,0.0,6.853508162556444,mixed zero and positive
760756.0,118.0,E,34548,34548,31391,3157,3157,3157,315700.0,120,11,11,11,90.8619891165914,9.13801088340859,9.13801088340859,9.13801088340859,9.13801088340859,mixed zero and positive
760765.0,118.0,E,34548,34548,34288,260,260,257,25901.0,120,1,1,1,99.24742387403033,0.7525761259696654,0.7525761259696654,0.7438925552854,0.7497105476438578,mixed zero and positive
760774.0,118.0,E,34548,34548,31391,3157,3157,3157,315700.0,120,11,11,11,90.8619891165914,9.13801088340859,9.13801088340859,9.13801088340859,9.13801088340859,mixed zero and positive
760782.0,118.0,E,34548,34548,31391,3157,3157,3157,315700.0,120,11,11,11,90.8619891165914,9.13801088340859,9.13801088340859,9.13801088340859,9.13801088340859,mixed zero and positive
760794.0,118.0,E,34548,34548,34548,0,0,0,0.0,120,0,0,0,100.0,0.0,0.0,0.0,0.0,never positive observed
760801.0,118.0,E,34548,34548,31391,3157,3157,3157,315700.0,120,11,11,11,90.8619891165914,9.13801088340859,9.13801088340859,9.13801088340859,9.13801088340859,mixed zero and positive
760812.0,118.0,E,34548,34548,34548,0,0,0,0.0,120,0,0,0,100.0,0.0,0.0,0.0,0.0,never positive observed
760814.0,118.0,E,34548,34548,31391,3157,3157,3157,315700.0,120,11,11,11,90.8619891165914,9.13801088340859,9.13801088340859,9.13801088340859,9.13801088340859,mixed zero and positive
760828.0,118.0,W,34548,34548,34548,0,0,0,0.0,120,0,0,0,100.0,0.0,0.0,0.0,0.0,never positive observed
760869.0,118.0,W,34548,34548,31391,3157,3157,3157,315700.0,120,11,11,11,90.8619891165914,9.13801088340859,9.13801088340859,9.13801088340859,9.13801088340859,mixed zero and positive
760892.0,118.0,W,34548,34548,31391,3157,3157,3157,315700.0,120,11,11,11,90.8619891165914,9.13801088340859,9.13801088340859,9.13801088340859,9.13801088340859,mixed zero and positive
760900.0,118.0,W,34548,34548,31391,3157,3157,0,236775.0,120,11,11,0,90.8619891165914,9.13801088340859,9.13801088340859,0.0,6.853508162556444,mixed zero and positive
760911.0,118.0,W,34548,34548,31391,3157,3157,3157,315700.0,120,11,11,11,90.8619891165914,9.13801088340859,9.13801088340859,9.13801088340859,9.13801088340859,mixed zero and positive
760921.0,118.0,W,34548,34548,34548,0,0,0,0.0,120,0,0,0,100.0,0.0,0.0,0.0,0.0,never positive observed
760932.0,118.0,W,34548,34548,31391,3157,3157,2272,286495.0,120,11,11,8,90.8619891165914,9.13801088340859,9.13801088340859,6.576357531550307,8.292665277295358,mixed zero and positive
760941.0,118.0,W,34548,34548,32831,1717,1717,1717,171700.0,120,6,6,6,95.03010304503879,4.9698969549612135,4.9698969549612135,4.9698969549612135,4.9698969549612135,mixed zero and positive
760951.0,118.0,W,34548,34548,34548,0,0,0,0.0,120,0,0,0,100.0,0.0,0.0,0.0,0.0,never positive observed
760959.0,118.0,W,34548,34548,31391,3157,3157,3157,315700.0,120,11,11,11,90.8619891165914,9.13801088340859,9.13801088340859,9.13801088340859,9.13801088340859,mixed zero and positive
760971.0,118.0,W,34548,34548,31391,3157,3157,3157,315700.0,120,11,11,11,90.8619891165914,9.13801088340859,9.13801088340859,9.13801088340859,9.13801088340859,mixed zero and positive
760987.0,134.0,E,34548,34548,7844,26704,26416,26416,2648800.0,120,94,93,93,22.70464281579252,77.29535718420748,76.461734398518,76.461734398518,76.67014009494038,mixed zero and positive
761003.0,134.0,E,34548,34548,8996,25552,25552,25552,2555200.0,120,90,90,90,26.039133958550423,73.96086604144958,73.96086604144958,73.96086604144958,73.96086604144958,mixed zero and positive
761016.0,134.0,E,34548,34548,34548,0,0,0,0.0,120,0,0,0,100.0,0.0,0.0,0.0,0.0,never positive observed
761070.0,170.0,S,34548,34548,34548,0,0,0,0.0,120,0,0,0,100.0,0.0,0.0,0.0,0.0,never positive observed
761128.0,210.0,E,34548,34548,34548,0,0,0,0.0,120,0,0,0,100.0,0.0,0.0,0.0,0.0,never positive observed
761141.0,210.0,E,34548,34548,34548,0,0,0,0.0,120,0,0,0,100.0,0.0,0.0,0.0,0.0,never positive observed
761152.0,210.0,E,34548,34548,34548,0,0,0,0.0,120,0,0,0,100.0,0.0,0.0,0.0,0.0,never positive observed
761165.0,210.0,E,34548,34548,2948,31600,31599,7735,2426975.0,120,111,111,28,8.533055459071436,91.46694454092857,91.46405001736714,22.389139747597547,70.24936320481649,mixed zero and positive
761177.0,210.0,E,34548,34548,4189,30359,25940,0,1289400.0,120,107,92,0,12.125159198795878,87.87484080120412,75.08394118328123,0.0,37.32198680097256,mixed zero and positive
761191.0,210.0,E,34548,34548,4388,30160,29313,28761,2938675.0,120,106,103,102,12.701169387518814,87.29883061248118,84.84716915595693,83.2493921500521,85.06064026861179,mixed zero and positive
761206.0,210.0,E,34548,34548,2948,31600,31600,31599,3159975.0,120,111,111,111,8.533055459071436,91.46694454092857,91.46694454092857,91.46405001736714,91.4662209100382,mixed zero and positive
761220.0,210.0,E,34548,34548,4813,29735,29734,29733,2973375.0,120,104,104,104,13.931341901123075,86.06865809887692,86.0657635753155,86.06286905175408,86.06503994442515,mixed zero and positive
761342.0,210.0,W,34548,34548,34548,0,0,0,0.0,120,0,0,0,100.0,0.0,0.0,0.0,0.0,never positive observed
761356.0,210.0,W,34548,34548,933,33615,33324,29742,3250100.0,120,118,117,107,2.70059048280653,97.29940951719347,96.45710316081973,86.08891976380687,94.07491026976959,mixed zero and positive
761374.0,210.0,W,34548,34548,1220,33328,33328,33328,3332800.0,120,117,117,117,3.531318744934584,96.46868125506542,96.46868125506542,96.46868125506542,96.46868125506542,mixed zero and positive
761455.0,405.0,N,34548,34548,34548,0,0,0,0.0,120,0,0,0,100.0,0.0,0.0,0.0,0.0,never positive observed
761482.0,405.0,N,34548,34548,34548,0,0,0,0.0,120,0,0,0,100.0,0.0,0.0,0.0,0.0,never positive observed
761492.0,405.0,N,34548,34548,34548,0,0,0,0.0,120,0,0,0,100.0,0.0,0.0,0.0,0.0,never positive observed
761500.0,405.0,S,34548,34548,34548,0,0,0,0.0,120,0,0,0,100.0,0.0,0.0,0.0,0.0,never positive observed
761526.0,405.0,S,34548,34548,34548,0,0,0,0.0,120,0,0,0,100.0,0.0,0.0,0.0,0.0,never positive observed
761541.0,405.0,S,34548,34548,34548,0,0,0,0.0,120,0,0,0,100.0,0.0,0.0,0.0,0.0,never positive observed
761552.0,405.0,S,34548,34548,1796,32752,32752,31870,3253150.0,120,115,115,112,5.198564316313535,94.80143568368646,94.80143568368646,92.24846590251245,94.16319323839296,mixed zero and positive
761599.0,5.0,N,34548,34548,34548,0,0,0,0.0,120,0,0,0,100.0,0.0,0.0,0.0,0.0,never positive observed
761604.0,5.0,N,34548,34548,34548,0,0,0,0.0,120,0,0,0,100.0,0.0,0.0,0.0,0.0,never positive observed
761644.0,5.0,N,34548,34548,34548,0,0,0,0.0,120,0,0,0,100.0,0.0,0.0,0.0,0.0,never positive observed
761675.0,605.0,N,34548,34548,34548,0,0,0,0.0,120,0,0,0,100.0,0.0,0.0,0.0,0.0,never positive observed
761734.0,710.0,N,34548,34548,34548,0,0,0,0.0,120,0,0,0,100.0,0.0,0.0,0.0,0.0,never positive observed
761761.0,710.0,S,34548,34548,34548,0,0,0,0.0,120,0,0,0,100.0,0.0,0.0,0.0,0.0,never positive observed
761776.0,710.0,S,34548,34548,19900,14648,14648,14648,1464800.0,120,52,52,52,57.60101887229362,42.39898112770638,42.39898112770638,42.39898112770638,42.39898112770638,mixed zero and positive
761844.0,605.0,N,34548,34548,13893,20655,20367,20366,2043875.0,120,73,72,72,40.21361583883293,59.78638416116707,58.9527613754776,58.94986685191618,59.16044344100961,mixed zero and positive
761851.0,710.0,S,34548,34548,19900,14648,14648,14360,1211176.0,120,52,52,51,57.60101887229362,42.39898112770638,42.39898112770638,41.56535834201691,35.05777469028598,mixed zero and positive
762329.0,2.0,W,34548,34548,1796,32752,32752,32752,3275200.0,120,115,115,115,5.198564316313535,94.80143568368646,94.80143568368646,94.80143568368646,94.80143568368646,mixed zero and positive
762347.0,5.0,S,34548,34548,34548,0,0,0,0.0,120,0,0,0,100.0,0.0,0.0,0.0,0.0,never positive observed
762353.0,5.0,N,34548,34548,34548,0,0,0,0.0,120,0,0,0,100.0,0.0,0.0,0.0,0.0,never positive observed
762398.0,5.0,S,34548,34548,34548,0,0,0,0.0,120,0,0,0,100.0,0.0,0.0,0.0,0.0,never positive observed
763237.0,5.0,N,34548,34548,34548,0,0,0,0.0,120,0,0,0,100.0,0.0,0.0,0.0,0.0,never positive observed
763246.0,110.0,S,34548,34548,34548,0,0,0,0.0,120,0,0,0,100.0,0.0,0.0,0.0,0.0,never positive observed
763251.0,110.0,S,34548,34548,34548,0,0,0,0.0,120,0,0,0,100.0,0.0,0.0,0.0,0.0,never positive observed
763259.0,110.0,S,34548,34548,34548,0,0,0,0.0,120,0,0,0,100.0,0.0,0.0,0.0,0.0,never positive observed
763267.0,110.0,S,34548,34548,34548,0,0,0,0.0,120,0,0,0,100.0,0.0,0.0,0.0,0.0,never positive observed
763275.0,110.0,S,34548,34548,34548,0,0,0,0.0,120,0,0,0,100.0,0.0,0.0,0.0,0.0,never positive observed
763286.0,110.0,S,34548,34548,34548,0,0,0,0.0,120,0,0,0,100.0,0.0,0.0,0.0,0.0,never positive observed
763294.0,110.0,S,34548,34548,34548,0,0,0,0.0,120,0,0,0,100.0,0.0,0.0,0.0,0.0,never positive observed
763299.0,110.0,S,34548,34548,34548,0,0,0,0.0,120,0,0,0,100.0,0.0,0.0,0.0,0.0,never positive observed
763304.0,110.0,N,34548,34548,34548,0,0,0,0.0,120,0,0,0,100.0,0.0,0.0,0.0,0.0,never positive observed
763309.0,110.0,S,34548,34548,34548,0,0,0,0.0,120,0,0,0,100.0,0.0,0.0,0.0,0.0,never positive observed
763314.0,110.0,S,34548,34548,34548,0,0,0,0.0,120,0,0,0,100.0,0.0,0.0,0.0,0.0,never positive observed
763325.0,10.0,W,34548,34548,34548,0,0,0,0.0,120,0,0,0,100.0,0.0,0.0,0.0,0.0,never positive observed
763330.0,10.0,W,34548,34548,34548,0,0,0,0.0,120,0,0,0,100.0,0.0,0.0,0.0,0.0,never positive observed
763336.0,10.0,E,34548,34548,34548,0,0,0,0.0,120,0,0,0,100.0,0.0,0.0,0.0,0.0,never positive observed
763341.0,10.0,W,34548,34548,34548,0,0,0,0.0,120,0,0,0,100.0,0.0,0.0,0.0,0.0,never positive observed
763346.0,10.0,E,34548,34548,34548,0,0,0,0.0,120,0,0,0,100.0,0.0,0.0,0.0,0.0,never positive observed
763354.0,110.0,N,34548,34548,34548,0,0,0,0.0,120,0,0,0,100.0,0.0,0.0,0.0,0.0,never positive observed
763361.0,110.0,N,34548,34548,34548,0,0,0,0.0,120,0,0,0,100.0,0.0,0.0,0.0,0.0,never positive observed
763367.0,110.0,N,34548,34548,33396,1152,1152,0,86400.0,120,4,4,0,96.6655088572421,3.3344911427579023,3.3344911427579023,0.0,2.5008683570684265,mixed zero and positive
763372.0,110.0,N,34548,34548,34548,0,0,0,0.0,120,0,0,0,100.0,0.0,0.0,0.0,0.0,never positive observed
763377.0,110.0,S,34548,34548,34548,0,0,0,0.0,120,0,0,0,100.0,0.0,0.0,0.0,0.0,never positive observed
763384.0,110.0,N,34548,34548,34548,0,0,0,0.0,120,0,0,0,100.0,0.0,0.0,0.0,0.0,never positive observed
763392.0,110.0,N,34548,34548,34548,0,0,0,0.0,120,0,0,0,100.0,0.0,0.0,0.0,0.0,never positive observed
763400.0,110.0,N,34548,34548,34548,0,0,0,0.0,120,0,0,0,100.0,0.0,0.0,0.0,0.0,never positive observed
763408.0,110.0,N,34548,34548,28500,6048,6047,6047,604725.0,120,21,21,21,82.49392150052101,17.506078499478985,17.503183975917565,17.503183975917565,17.50390760680792,mixed zero and positive
763419.0,110.0,N,34548,34548,34548,0,0,0,0.0,120,0,0,0,100.0,0.0,0.0,0.0,0.0,never positive observed
763424.0,110.0,N,34548,34548,34548,0,0,0,0.0,120,0,0,0,100.0,0.0,0.0,0.0,0.0,never positive observed
763429.0,110.0,N,34548,34548,34548,0,0,0,0.0,120,0,0,0,100.0,0.0,0.0,0.0,0.0,never positive observed
763434.0,110.0,N,34548,34548,34548,0,0,0,0.0,120,0,0,0,100.0,0.0,0.0,0.0,0.0,never positive observed
763439.0,110.0,N,34548,34548,34548,0,0,0,0.0,120,0,0,0,100.0,0.0,0.0,0.0,0.0,never positive observed
763447.0,110.0,S,34548,34548,34548,0,0,0,0.0,120,0,0,0,100.0,0.0,0.0,0.0,0.0,never positive observed
763453.0,10.0,E,34548,34548,34548,0,0,0,0.0,120,0,0,0,100.0,0.0,0.0,0.0,0.0,never positive observed
763458.0,10.0,E,34548,34548,34548,0,0,0,0.0,120,0,0,0,100.0,0.0,0.0,0.0,0.0,never positive observed
763468.0,710.0,N,34548,34548,34548,0,0,0,0.0,120,0,0,0,100.0,0.0,0.0,0.0,0.0,never positive observed
763479.0,10.0,E,34548,34548,1220,33328,33328,33326,3332680.0,120,117,117,117,3.531318744934584,96.46868125506542,96.46868125506542,96.46289220794257,96.46520782679171,mixed zero and positive
763485.0,10.0,W,34548,34548,34548,0,0,0,0.0,120,0,0,0,100.0,0.0,0.0,0.0,0.0,never positive observed
763490.0,10.0,W,34548,34548,34548,0,0,0,0.0,120,0,0,0,100.0,0.0,0.0,0.0,0.0,never positive observed
763498.0,110.0,N,34548,34548,34548,0,0,0,0.0,120,0,0,0,100.0,0.0,0.0,0.0,0.0,never positive observed
763502.0,110.0,N,34548,34548,34548,0,0,0,0.0,120,0,0,0,100.0,0.0,0.0,0.0,0.0,never positive observed
763507.0,110.0,N,34548,34548,34548,0,0,0,0.0,120,0,0,0,100.0,0.0,0.0,0.0,0.0,never positive observed
763512.0,110.0,N,34548,34548,34548,0,0,0,0.0,120,0,0,0,100.0,0.0,0.0,0.0,0.0,never positive observed
763517.0,110.0,N,34548,34548,34548,0,0,0,0.0,120,0,0,0,100.0,0.0,0.0,0.0,0.0,never positive observed
763522.0,110.0,N,34548,34548,34548,0,0,0,0.0,120,0,0,0,100.0,0.0,0.0,0.0,0.0,never positive observed
763527.0,110.0,N,34548,34548,34548,0,0,0,0.0,120,0,0,0,100.0,0.0,0.0,0.0,0.0,never positive observed
763532.0,110.0,N,34548,34548,34548,0,0,0,0.0,120,0,0,0,100.0,0.0,0.0,0.0,0.0,never positive observed
763539.0,57.0,N,34548,34548,34548,0,0,0,0.0,120,0,0,0,100.0,0.0,0.0,0.0,0.0,never positive observed
763553.0,57.0,N,34548,34548,34548,0,0,0,0.0,120,0,0,0,100.0,0.0,0.0,0.0,0.0,never positive observed
763558.0,57.0,N,34548,34548,1508,33040,33040,32747,3296675.0,120,116,116,115,4.364941530624059,95.63505846937593,95.63505846937593,94.78696306587936,95.42303461850179,mixed zero and positive
763563.0,57.0,N,34548,34548,932,33616,33616,33614,3361500.0,120,118,118,118,2.697695959245108,97.30230404075489,97.30230404075489,97.29651499363204,97.29940951719347,mixed zero and positive
763568.0,57.0,N,34548,34548,34548,0,0,0,0.0,120,0,0,0,100.0,0.0,0.0,0.0,0.0,never positive observed
763573.0,57.0,S,34548,34548,4142,30406,29830,14936,2624875.0,120,107,105,53,11.989116591409054,88.01088340859094,86.343637837212,43.232603913395856,75.9776253328702,mixed zero and positive
763578.0,57.0,S,34548,34548,1508,33040,33040,33039,3303950.0,120,116,116,116,4.364941530624059,95.63505846937593,95.63505846937593,95.63216394581453,95.63361120759522,mixed zero and positive
763583.0,57.0,S,34548,34548,5540,29008,29008,29008,2900800.0,120,102,102,102,16.035660530276715,83.96433946972328,83.96433946972328,83.96433946972328,83.96433946972328,mixed zero and positive
763590.0,57.0,S,34548,34548,34548,0,0,0,0.0,120,0,0,0,100.0,0.0,0.0,0.0,0.0,never positive observed
763616.0,605.0,S,34548,34548,932,33616,33616,576,2160550.0,120,118,118,2,2.697695959245108,97.30230404075489,97.30230404075489,1.6672455713789511,62.537628806298486,mixed zero and positive
763621.0,110.0,S,34548,34548,34548,0,0,0,0.0,120,0,0,0,100.0,0.0,0.0,0.0,0.0,never positive observed
763626.0,110.0,N,34548,34548,34548,0,0,0,0.0,120,0,0,0,100.0,0.0,0.0,0.0,0.0,never positive observed
763641.0,5.0,N,34548,34548,34548,0,0,0,0.0,120,0,0,0,100.0,0.0,0.0,0.0,0.0,never positive observed
763649.0,57.0,S,34548,34548,932,33616,33616,33616,3361600.0,120,118,118,118,2.697695959245108,97.30230404075489,97.30230404075489,97.30230404075489,97.30230404075489,mixed zero and positive
763663.0,110.0,N,34548,34548,34548,0,0,0,0.0,120,0,0,0,100.0,0.0,0.0,0.0,0.0,never positive observed
763669.0,5.0,N,34548,34548,11548,23000,23000,23000,2300000.0,120,80,80,80,33.42595808729883,66.57404191270118,66.57404191270118,66.57404191270118,66.57404191270118,mixed zero and positive
763674.0,5.0,N,34548,34548,2372,32176,32176,0,2413200.0,120,113,113,0,6.865809887692486,93.13419011230751,93.13419011230751,0.0,69.85064258423064,mixed zero and positive
763683.0,605.0,N,34548,34548,932,33616,33616,27499,3159739.0,120,118,118,97,2.697695959245108,97.30230404075489,97.30230404075489,79.5965034155378,91.45938983443325,mixed zero and positive
763689.0,605.0,S,34548,34548,34548,0,0,0,0.0,120,0,0,0,100.0,0.0,0.0,0.0,0.0,never positive observed
763695.0,10.0,E,34548,34548,34548,0,0,0,0.0,120,0,0,0,100.0,0.0,0.0,0.0,0.0,never positive observed
763700.0,5.0,N,34548,34548,34548,0,0,0,0.0,120,0,0,0,100.0,0.0,0.0,0.0,0.0,never positive observed
763706.0,5.0,S,34548,34548,34548,0,0,0,0.0,120,0,0,0,100.0,0.0,0.0,0.0,0.0,never positive observed
763712.0,105.0,W,34548,34548,34548,0,0,0,0.0,120,0,0,0,100.0,0.0,0.0,0.0,0.0,never positive observed
763720.0,110.0,N,34548,34548,34548,0,0,0,0.0,120,0,0,0,100.0,0.0,0.0,0.0,0.0,never positive observed
763731.0,10.0,W,34548,34548,34548,0,0,0,0.0,120,0,0,0,100.0,0.0,0.0,0.0,0.0,never positive observed
763748.0,5.0,S,34548,34548,34548,0,0,0,0.0,120,0,0,0,100.0,0.0,0.0,0.0,0.0,never positive observed
763963.0,10.0,E,34548,34548,34548,0,0,0,0.0,120,0,0,0,100.0,0.0,0.0,0.0,0.0,never positive observed
763970.0,57.0,S,34548,34548,34548,0,0,0,0.0,120,0,0,0,100.0,0.0,0.0,0.0,0.0,never positive observed
763975.0,5.0,N,34548,34548,34548,0,0,0,0.0,120,0,0,0,100.0,0.0,0.0,0.0,0.0,never positive observed
763980.0,5.0,S,34548,34548,34548,0,0,0,0.0,120,0,0,0,100.0,0.0,0.0,0.0,0.0,never positive observed
763985.0,5.0,N,34548,34548,34548,0,0,0,0.0,120,0,0,0,100.0,0.0,0.0,0.0,0.0,never positive observed
763990.0,5.0,S,34548,34548,34548,0,0,0,0.0,120,0,0,0,100.0,0.0,0.0,0.0,0.0,never positive observed
763995.0,170.0,N,34548,34548,34548,0,0,0,0.0,120,0,0,0,100.0,0.0,0.0,0.0,0.0,never positive observed
764001.0,605.0,S,34548,34548,932,33616,33616,33616,3361600.0,120,118,118,118,2.697695959245108,97.30230404075489,97.30230404075489,97.30230404075489,97.30230404075489,mixed zero and positive
764021.0,605.0,S,34548,34548,32801,1747,0,0,43675.0,120,7,0,0,94.94326733819614,5.056732661803867,0.0,0.0,1.2641831654509668,mixed zero and positive
764026.0,10.0,E,34548,34548,34548,0,0,0,0.0,120,0,0,0,100.0,0.0,0.0,0.0,0.0,never positive observed
764032.0,110.0,N,34548,34548,34548,0,0,0,0.0,120,0,0,0,100.0,0.0,0.0,0.0,0.0,never positive observed
764037.0,110.0,S,34548,34548,34548,0,0,0,0.0,120,0,0,0,100.0,0.0,0.0,0.0,0.0,never positive observed
764050.0,10.0,W,34548,34548,34548,0,0,0,0.0,120,0,0,0,100.0,0.0,0.0,0.0,0.0,never positive observed
764054.0,10.0,E,34548,34548,34548,0,0,0,0.0,120,0,0,0,100.0,0.0,0.0,0.0,0.0,never positive observed
764059.0,10.0,W,34548,34548,34548,0,0,0,0.0,120,0,0,0,100.0,0.0,0.0,0.0,0.0,never positive observed
764064.0,118.0,W,34548,34548,31391,3157,3157,3157,315700.0,120,11,11,11,90.8619891165914,9.13801088340859,9.13801088340859,9.13801088340859,9.13801088340859,mixed zero and positive
764068.0,118.0,E,34548,34548,31391,3157,3157,0,211519.0,120,11,11,0,90.8619891165914,9.13801088340859,9.13801088340859,0.0,6.122467291883756,mixed zero and positive
764072.0,118.0,E,34548,34548,31391,3157,3157,3157,315700.0,120,11,11,11,90.8619891165914,9.13801088340859,9.13801088340859,9.13801088340859,9.13801088340859,mixed zero and positive
764076.0,118.0,W,34548,34548,31391,3157,3157,2879,306526.0,120,11,11,10,90.8619891165914,9.13801088340859,9.13801088340859,8.333333333333334,8.872467291883757,mixed zero and positive
764081.0,118.0,E,34548,34548,31973,2575,2575,2575,257500.0,120,9,9,9,92.5466018293389,7.453398170661109,7.453398170661109,7.453398170661109,7.453398170661109,mixed zero and positive
764085.0,118.0,W,34548,34548,31391,3157,3157,3157,315700.0,120,11,11,11,90.8619891165914,9.13801088340859,9.13801088340859,9.13801088340859,9.13801088340859,mixed zero and positive
764089.0,57.0,N,34548,34548,34548,0,0,0,0.0,120,0,0,0,100.0,0.0,0.0,0.0,0.0,never positive observed
764096.0,57.0,N,34548,34548,932,33616,33616,33614,3361520.0,120,118,118,118,2.697695959245108,97.30230404075489,97.30230404075489,97.29651499363204,97.29998842190575,mixed zero and positive
764101.0,170.0,S,34548,34548,34548,0,0,0,0.0,120,0,0,0,100.0,0.0,0.0,0.0,0.0,never positive observed
764106.0,170.0,N,34548,34548,34548,0,0,0,0.0,120,0,0,0,100.0,0.0,0.0,0.0,0.0,never positive observed
764130.0,10.0,E,34548,34548,34548,0,0,0,0.0,120,0,0,0,100.0,0.0,0.0,0.0,0.0,never positive observed
764137.0,210.0,W,34548,34548,34548,0,0,0,0.0,120,0,0,0,100.0,0.0,0.0,0.0,0.0,never positive observed
764146.0,210.0,W,34548,34548,34548,0,0,0,0.0,120,0,0,0,100.0,0.0,0.0,0.0,0.0,never positive observed
764151.0,5.0,S,34548,34548,34548,0,0,0,0.0,120,0,0,0,100.0,0.0,0.0,0.0,0.0,never positive observed
764156.0,5.0,N,34548,34548,34548,0,0,0,0.0,120,0,0,0,100.0,0.0,0.0,0.0,0.0,never positive observed
764161.0,118.0,W,34548,34548,31956,2592,2592,2592,259200.0,120,9,9,9,92.49739492879472,7.50260507120528,7.50260507120528,7.50260507120528,7.50260507120528,mixed zero and positive
764165.0,118.0,E,34548,34548,31956,2592,2592,2592,259200.0,120,9,9,9,92.49739492879472,7.50260507120528,7.50260507120528,7.50260507120528,7.50260507120528,mixed zero and positive
764169.0,118.0,W,34548,34548,34548,0,0,0,0.0,120,0,0,0,100.0,0.0,0.0,0.0,0.0,never positive observed
764173.0,118.0,E,34548,34548,34548,0,0,0,0.0,120,0,0,0,100.0,0.0,0.0,0.0,0.0,never positive observed
764177.0,118.0,W,34548,34548,31391,3157,3157,3156,315675.0,120,11,11,11,90.8619891165914,9.13801088340859,9.13801088340859,9.135116359847169,9.137287252518236,mixed zero and positive
764181.0,118.0,E,34548,34548,31391,3157,3157,3157,315700.0,120,11,11,11,90.8619891165914,9.13801088340859,9.13801088340859,9.13801088340859,9.13801088340859,mixed zero and positive
764185.0,118.0,E,34548,34548,31391,3157,3157,3157,315700.0,120,11,11,11,90.8619891165914,9.13801088340859,9.13801088340859,9.13801088340859,9.13801088340859,mixed zero and positive
764189.0,118.0,W,34548,34548,31391,3157,3157,0,236775.0,120,11,11,0,90.8619891165914,9.13801088340859,9.13801088340859,0.0,6.853508162556444,mixed zero and positive
764193.0,118.0,E,34548,34548,34548,0,0,0,0.0,120,0,0,0,100.0,0.0,0.0,0.0,0.0,never positive observed
764197.0,118.0,W,34548,34548,34548,0,0,0,0.0,120,0,0,0,100.0,0.0,0.0,0.0,0.0,never positive observed
764201.0,10.0,W,34548,34548,34548,0,0,0,0.0,120,0,0,0,100.0,0.0,0.0,0.0,0.0,never positive observed
764206.0,10.0,W,34548,34548,34548,0,0,0,0.0,120,0,0,0,100.0,0.0,0.0,0.0,0.0,never positive observed
764217.0,10.0,E,34548,34548,34548,0,0,0,0.0,120,0,0,0,100.0,0.0,0.0,0.0,0.0,never positive observed
764222.0,10.0,E,34548,34548,932,33616,33616,33615,3361575.0,120,118,118,118,2.697695959245108,97.30230404075489,97.30230404075489,97.29940951719347,97.30158040986454,mixed zero and positive
764227.0,10.0,W,34548,34548,932,33616,33614,19390,2904375.0,120,118,118,69,2.697695959245108,97.30230404075489,97.29651499363204,56.12481185596851,84.06781868704411,mixed zero and positive
764232.0,5.0,N,34548,34548,34548,0,0,0,0.0,120,0,0,0,100.0,0.0,0.0,0.0,0.0,never positive observed
764244.0,10.0,W,34548,34548,34548,0,0,0,0.0,120,0,0,0,100.0,0.0,0.0,0.0,0.0,never positive observed
764249.0,10.0,E,34548,34548,34548,0,0,0,0.0,120,0,0,0,100.0,0.0,0.0,0.0,0.0,never positive observed
764262.0,14.0,N,34548,34548,34548,0,0,0,0.0,120,0,0,0,100.0,0.0,0.0,0.0,0.0,never positive observed
764269.0,14.0,N,34548,34548,34548,0,0,0,0.0,120,0,0,0,100.0,0.0,0.0,0.0,0.0,never positive observed
764276.0,14.0,N,34548,34548,932,33616,33616,33616,3361600.0,120,118,118,118,2.697695959245108,97.30230404075489,97.30230404075489,97.30230404075489,97.30230404075489,mixed zero and positive
764283.0,14.0,S,34548,34548,34548,0,0,0,0.0,120,0,0,0,100.0,0.0,0.0,0.0,0.0,never positive observed
764290.0,14.0,S,34548,34548,34548,0,0,0,0.0,120,0,0,0,100.0,0.0,0.0,0.0,0.0,never positive observed
764297.0,14.0,S,34548,34548,4625,29923,29923,0,2004841.0,120,104,104,0,13.387171471575778,86.61282852842422,86.61282852842422,0.0,58.03059511404423,mixed zero and positive
764304.0,14.0,N,34548,34548,4337,30211,30211,30211,3021100.0,120,105,105,105,12.553548685886303,87.4464513141137,87.4464513141137,87.4464513141137,87.4464513141137,mixed zero and positive
764311.0,14.0,S,34548,34548,5203,29345,29345,29345,2934500.0,120,102,102,102,15.060206090077573,84.93979390992243,84.93979390992243,84.93979390992243,84.93979390992243,mixed zero and positive
764318.0,14.0,N,34548,34548,34548,0,0,0,0.0,120,0,0,0,100.0,0.0,0.0,0.0,0.0,never positive observed
764322.0,14.0,S,34548,34548,34548,0,0,0,0.0,120,0,0,0,100.0,0.0,0.0,0.0,0.0,never positive observed
764417.0,5.0,S,34548,34548,34548,0,0,0,0.0,120,0,0,0,100.0,0.0,0.0,0.0,0.0,never positive observed
764418.0,60.0,W,34548,34548,34548,0,0,0,0.0,120,0,0,0,100.0,0.0,0.0,0.0,0.0,never positive observed
764420.0,57.0,S,34548,34548,34548,0,0,0,0.0,120,0,0,0,100.0,0.0,0.0,0.0,0.0,never positive observed
764425.0,91.0,W,34548,34548,34548,0,0,0,0.0,120,0,0,0,100.0,0.0,0.0,0.0,0.0,never positive observed
764430.0,170.0,N,34548,34548,34548,0,0,0,0.0,120,0,0,0,100.0,0.0,0.0,0.0,0.0,never positive observed
764435.0,5.0,N,34548,34548,34548,0,0,0,0.0,120,0,0,0,100.0,0.0,0.0,0.0,0.0,never positive observed
764567.0,405.0,S,34548,34548,34548,0,0,0,0.0,120,0,0,0,100.0,0.0,0.0,0.0,0.0,never positive observed
764572.0,405.0,S,34548,34548,34548,0,0,0,0.0,120,0,0,0,100.0,0.0,0.0,0.0,0.0,never positive observed
764578.0,405.0,S,34548,34548,1796,32752,32752,32747,3275075.0,120,115,115,115,5.198564316313535,94.80143568368646,94.80143568368646,94.78696306587936,94.79781752923469,mixed zero and positive
764583.0,405.0,N,34548,34548,1796,32752,32752,32388,3266100.0,120,115,115,114,5.198564316313535,94.80143568368646,94.80143568368646,93.74782910732894,94.53803403959708,mixed zero and positive
764590.0,405.0,S,34548,34548,34548,0,0,0,0.0,120,0,0,0,100.0,0.0,0.0,0.0,0.0,never positive observed
764598.0,405.0,S,34548,34548,34548,0,0,0,0.0,120,0,0,0,100.0,0.0,0.0,0.0,0.0,never positive observed
764604.0,405.0,S,34548,34548,34548,0,0,0,0.0,120,0,0,0,100.0,0.0,0.0,0.0,0.0,never positive observed
764622.0,101.0,S,34548,34548,34548,0,0,0,0.0,120,0,0,0,100.0,0.0,0.0,0.0,0.0,never positive observed
764627.0,101.0,S,34548,34548,34548,0,0,0,0.0,120,0,0,0,100.0,0.0,0.0,0.0,0.0,never positive observed
764632.0,101.0,S,34548,34548,34548,0,0,0,0.0,120,0,0,0,100.0,0.0,0.0,0.0,0.0,never positive observed
764637.0,101.0,S,34548,34548,34548,0,0,0,0.0,120,0,0,0,100.0,0.0,0.0,0.0,0.0,never positive observed
764646.0,101.0,S,34548,34548,34548,0,0,0,0.0,120,0,0,0,100.0,0.0,0.0,0.0,0.0,never positive observed
764671.0,405.0,S,34548,34548,34548,0,0,0,0.0,120,0,0,0,100.0,0.0,0.0,0.0,0.0,never positive observed
764754.0,405.0,S,34548,34548,34548,0,0,0,0.0,120,0,0,0,100.0,0.0,0.0,0.0,0.0,never positive observed
764760.0,101.0,N,34548,34548,34548,0,0,0,0.0,120,0,0,0,100.0,0.0,0.0,0.0,0.0,never positive observed
764766.0,101.0,S,34548,34548,34548,0,0,0,0.0,120,0,0,0,100.0,0.0,0.0,0.0,0.0,never positive observed
764781.0,101.0,S,34548,34548,24796,9752,9752,9172,768560.0,120,34,34,32,71.7726062290147,28.227393770985294,28.227393770985294,26.548570105360657,22.246150283663308,mixed zero and positive
764794.0,101.0,N,34548,34548,34548,0,0,0,0.0,120,0,0,0,100.0,0.0,0.0,0.0,0.0,never positive observed
764798.0,101.0,S,34548,34548,14412,20136,20136,20136,2013600.0,120,70,70,70,41.715873567210835,58.284126432789165,58.284126432789165,58.284126432789165,58.284126432789165,mixed zero and positive
764803.0,101.0,N,34548,34548,14124,20424,19857,4594,1161740.0,120,71,69,16,40.882250781521364,59.117749218478636,57.47655435915248,13.297441241171704,33.626838022461506,mixed zero and positive
764808.0,101.0,N,34548,34548,1204,33344,33344,0,1333760.0,120,117,117,0,3.485006367951835,96.51499363204816,96.51499363204816,0.0,38.60599745281927,mixed zero and positive
764814.0,101.0,S,34548,34548,1203,33345,33345,14346,2737400.0,120,117,117,51,3.4821118443904133,96.51788815560958,96.51788815560958,41.524835012157,79.23468797036008,mixed zero and positive
764819.0,101.0,N,34548,34548,1782,32766,32766,32766,3247460.0,120,115,115,115,5.15804098645363,94.84195901354637,94.84195901354637,94.84195901354637,93.99849484774806,mixed zero and positive
764824.0,101.0,S,34548,34548,1203,33345,33345,33337,3334300.0,120,117,117,117,3.4821118443904133,96.51788815560958,96.51788815560958,96.49473196711821,96.51209910848674,mixed zero and positive
764829.0,101.0,N,34548,34548,34548,0,0,0,0.0,120,0,0,0,100.0,0.0,0.0,0.0,0.0,never positive observed
764834.0,101.0,S,34548,34548,34548,0,0,0,0.0,120,0,0,0,100.0,0.0,0.0,0.0,0.0,never positive observed
764839.0,101.0,N,34548,34548,13017,21531,21243,20955,2124300.0,120,76,75,74,37.67801319902744,62.32198680097256,61.48836401528308,60.65474122959361,61.48836401528308,mixed zero and positive
764848.0,101.0,S,34548,34548,2648,31900,31900,31612,3175600.0,120,112,112,111,7.6646983906449,92.3353016093551,92.3353016093551,91.50167882366563,91.91849021651036,mixed zero and positive
764853.0,101.0,S,34548,34548,34548,0,0,0,0.0,120,0,0,0,100.0,0.0,0.0,0.0,0.0,never positive observed
764863.0,101.0,N,34548,34548,6928,27620,27039,0,1830786.0,120,96,94,0,20.05325923353016,79.94674076646984,78.26502257728377,0.0,52.99253212921153,mixed zero and positive
764868.0,101.0,S,34548,34548,34548,0,0,0,0.0,120,0,0,0,100.0,0.0,0.0,0.0,0.0,never positive observed
764874.0,101.0,S,34548,34548,34548,0,0,0,0.0,120,0,0,0,100.0,0.0,0.0,0.0,0.0,never positive observed
764879.0,101.0,N,34548,34548,34548,0,0,0,0.0,120,0,0,0,100.0,0.0,0.0,0.0,0.0,never positive observed
764885.0,101.0,S,34548,34548,34548,0,0,0,0.0,120,0,0,0,100.0,0.0,0.0,0.0,0.0,never positive observed
764891.0,101.0,N,34548,34548,34548,0,0,0,0.0,120,0,0,0,100.0,0.0,0.0,0.0,0.0,never positive observed
764900.0,101.0,N,34548,34548,34548,0,0,0,0.0,120,0,0,0,100.0,0.0,0.0,0.0,0.0,never positive observed
764905.0,101.0,S,34548,34548,34548,0,0,0,0.0,120,0,0,0,100.0,0.0,0.0,0.0,0.0,never positive observed
764910.0,101.0,N,34548,34548,34548,0,0,0,0.0,120,0,0,0,100.0,0.0,0.0,0.0,0.0,never positive observed
764915.0,101.0,N,34548,34548,932,33616,33616,33327,3354375.0,120,118,118,117,2.697695959245108,97.30230404075489,97.30230404075489,96.465786731504,97.09317471344217,mixed zero and positive
764921.0,101.0,N,34548,34548,34548,0,0,0,0.0,120,0,0,0,100.0,0.0,0.0,0.0,0.0,never positive observed
764927.0,101.0,S,34548,34548,34548,0,0,0,0.0,120,0,0,0,100.0,0.0,0.0,0.0,0.0,never positive observed
764932.0,101.0,N,34548,34548,13016,21532,21532,21532,2153200.0,120,76,76,76,37.67511867546602,62.32488132453398,62.32488132453398,62.32488132453398,62.32488132453398,mixed zero and positive
764937.0,101.0,S,34548,34548,34548,0,0,0,0.0,120,0,0,0,100.0,0.0,0.0,0.0,0.0,never positive observed
764941.0,10.0,W,34548,34548,34548,0,0,0,0.0,120,0,0,0,100.0,0.0,0.0,0.0,0.0,never positive observed
764949.0,101.0,N,34548,34548,34548,0,0,0,0.0,120,0,0,0,100.0,0.0,0.0,0.0,0.0,never positive observed
764958.0,101.0,N,34548,34548,34548,0,0,0,0.0,120,0,0,0,100.0,0.0,0.0,0.0,0.0,never positive observed
764963.0,101.0,N,34548,34548,34548,0,0,0,0.0,120,0,0,0,100.0,0.0,0.0,0.0,0.0,never positive observed
765098.0,10.0,E,34548,34548,34548,0,0,0,0.0,120,0,0,0,100.0,0.0,0.0,0.0,0.0,never positive observed
765099.0,101.0,N,34548,34548,34548,0,0,0,0.0,120,0,0,0,100.0,0.0,0.0,0.0,0.0,never positive observed
765100.0,101.0,S,34548,34548,34548,0,0,0,0.0,120,0,0,0,100.0,0.0,0.0,0.0,0.0,never positive observed
765101.0,101.0,N,34548,34548,34548,0,0,0,0.0,120,0,0,0,100.0,0.0,0.0,0.0,0.0,never positive observed
765106.0,101.0,S,34548,34548,34548,0,0,0,0.0,120,0,0,0,100.0,0.0,0.0,0.0,0.0,never positive observed
765150.0,101.0,S,34548,34548,1782,32766,32766,32766,3028340.0,120,115,115,115,5.15804098645363,94.84195901354637,94.84195901354637,94.84195901354637,87.65601481996063,mixed zero and positive
765153.0,405.0,S,34548,34548,8121,26427,26139,26139,2621100.0,120,93,92,92,23.506425842306356,76.49357415769364,75.65995137200417,75.65995137200417,75.86835706842653,mixed zero and positive
765164.0,101.0,N,34548,34548,34548,0,0,0,0.0,120,0,0,0,100.0,0.0,0.0,0.0,0.0,never positive observed
765171.0,405.0,S,34548,34548,34548,0,0,0,0.0,120,0,0,0,100.0,0.0,0.0,0.0,0.0,never positive observed
765176.0,101.0,N,34548,34548,34548,0,0,0,0.0,120,0,0,0,100.0,0.0,0.0,0.0,0.0,never positive observed
765265.0,405.0,S,34548,34548,34548,0,0,0,0.0,120,0,0,0,100.0,0.0,0.0,0.0,0.0,never positive observed
765273.0,405.0,S,34548,34548,34548,0,0,0,0.0,120,0,0,0,100.0,0.0,0.0,0.0,0.0,never positive observed
765444.0,101.0,S,34548,34548,34548,0,0,0,0.0,120,0,0,0,100.0,0.0,0.0,0.0,0.0,never positive observed
765451.0,10.0,E,34548,34548,34548,0,0,0,0.0,120,0,0,0,100.0,0.0,0.0,0.0,0.0,never positive observed
765456.0,60.0,W,34548,34548,4100,30448,30448,30445,3044650.0,120,107,107,107,11.86754660182934,88.13245339817067,88.13245339817067,88.1237698274864,88.12811161282853,mixed zero and positive
765461.0,60.0,W,34548,34548,7545,27003,27003,26139,2678700.0,120,95,95,92,21.839180270927404,78.1608197290726,78.1608197290726,75.65995137200417,77.53560263980549,mixed zero and positive
765467.0,91.0,E,34548,34548,34548,0,0,0,0.0,120,0,0,0,100.0,0.0,0.0,0.0,0.0,never positive observed
765472.0,101.0,N,34548,34548,34548,0,0,0,0.0,120,0,0,0,100.0,0.0,0.0,0.0,0.0,never positive observed
765476.0,105.0,E,34548,34548,34548,0,0,0,0.0,120,0,0,0,100.0,0.0,0.0,0.0,0.0,never positive observed
765477.0,210.0,E,34548,34548,4525,30023,30023,30018,3002150.0,120,105,105,105,13.0977191154336,86.9022808845664,86.9022808845664,86.8878082667593,86.89793909922427,mixed zero and positive
765486.0,210.0,E,34548,34548,34548,0,0,0,0.0,120,0,0,0,100.0,0.0,0.0,0.0,0.0,never positive observed
765501.0,605.0,S,34548,34548,33972,576,576,576,57600.0,120,2,2,2,98.33275442862104,1.6672455713789511,1.6672455713789511,1.6672455713789511,1.6672455713789511,mixed zero and positive
765506.0,10.0,E,34548,34548,34548,0,0,0,0.0,120,0,0,0,100.0,0.0,0.0,0.0,0.0,never positive observed
765591.0,91.0,W,34548,34548,31420,3128,3128,3128,312800.0,120,12,12,12,90.94593029987264,9.054069700127359,9.054069700127359,9.054069700127359,9.054069700127359,mixed zero and positive
765920.0,118.0,E,34548,34548,30815,3733,3733,3733,373300.0,120,13,13,13,89.19474354521246,10.805256454787543,10.805256454787543,10.805256454787543,10.805256454787543,mixed zero and positive
765922.0,118.0,W,34548,34548,30815,3733,3733,3733,373300.0,120,13,13,13,89.19474354521246,10.805256454787543,10.805256454787543,10.805256454787543,10.805256454787543,mixed zero and positive
765941.0,118.0,E,34548,34548,34548,0,0,0,0.0,120,0,0,0,100.0,0.0,0.0,0.0,0.0,never positive observed
765943.0,118.0,W,34548,34548,34548,0,0,0,0.0,120,0,0,0,100.0,0.0,0.0,0.0,0.0,never positive observed
765958.0,118.0,E,34548,34548,30815,3733,3733,3733,373300.0,120,13,13,13,89.19474354521246,10.805256454787543,10.805256454787543,10.805256454787543,10.805256454787543,mixed zero and positive
765960.0,118.0,W,34548,34548,30815,3733,3733,3733,373300.0,120,13,13,13,89.19474354521246,10.805256454787543,10.805256454787543,10.805256454787543,10.805256454787543,mixed zero and positive
765976.0,118.0,W,34548,34548,34548,0,0,0,0.0,120,0,0,0,100.0,0.0,0.0,0.0,0.0,never positive observed
765978.0,118.0,E,34548,34548,34548,0,0,0,0.0,120,0,0,0,100.0,0.0,0.0,0.0,0.0,never positive observed
765993.0,118.0,W,34548,34548,30815,3733,3733,3733,298640.0,120,13,13,13,89.19474354521246,10.805256454787543,10.805256454787543,10.805256454787543,8.644205163830033,mixed zero and positive
765995.0,118.0,E,34548,34548,30815,3733,3733,3733,373300.0,120,13,13,13,89.19474354521246,10.805256454787543,10.805256454787543,10.805256454787543,10.805256454787543,mixed zero and positive
766010.0,118.0,W,34548,34548,34548,0,0,0,0.0,120,0,0,0,100.0,0.0,0.0,0.0,0.0,never positive observed
766012.0,118.0,E,34548,34548,34548,0,0,0,0.0,120,0,0,0,100.0,0.0,0.0,0.0,0.0,never positive observed
766027.0,118.0,W,34548,34548,32532,2016,2016,2016,201600.0,120,7,7,7,94.16464050017368,5.835359499826328,5.835359499826328,5.835359499826328,5.835359499826328,mixed zero and positive
766029.0,118.0,E,34548,34548,32532,2016,2016,2016,201600.0,120,7,7,7,94.16464050017368,5.835359499826328,5.835359499826328,5.835359499826328,5.835359499826328,mixed zero and positive
766044.0,118.0,W,34548,34548,34548,0,0,0,0.0,120,0,0,0,100.0,0.0,0.0,0.0,0.0,never positive observed
766046.0,118.0,E,34548,34548,34548,0,0,0,0.0,120,0,0,0,100.0,0.0,0.0,0.0,0.0,never positive observed
766060.0,118.0,W,34548,34548,34548,0,0,0,0.0,120,0,0,0,100.0,0.0,0.0,0.0,0.0,never positive observed
766062.0,118.0,E,34548,34548,34548,0,0,0,0.0,120,0,0,0,100.0,0.0,0.0,0.0,0.0,never positive observed
766096.0,118.0,W,34548,34548,34548,0,0,0,0.0,120,0,0,0,100.0,0.0,0.0,0.0,0.0,never positive observed
766110.0,118.0,W,34548,34548,34548,0,0,0,0.0,120,0,0,0,100.0,0.0,0.0,0.0,0.0,never positive observed
766112.0,118.0,E,34548,34548,34548,0,0,0,0.0,120,0,0,0,100.0,0.0,0.0,0.0,0.0,never positive observed
766124.0,118.0,W,34548,34548,34548,0,0,0,0.0,120,0,0,0,100.0,0.0,0.0,0.0,0.0,never positive observed
766138.0,118.0,E,34548,34548,34548,0,0,0,0.0,120,0,0,0,100.0,0.0,0.0,0.0,0.0,never positive observed
766153.0,118.0,E,34548,34548,34548,0,0,0,0.0,120,0,0,0,100.0,0.0,0.0,0.0,0.0,never positive observed
766167.0,118.0,W,34548,34548,34548,0,0,0,0.0,120,0,0,0,100.0,0.0,0.0,0.0,0.0,never positive observed
766170.0,118.0,E,34548,34548,34548,0,0,0,0.0,120,0,0,0,100.0,0.0,0.0,0.0,0.0,never positive observed
766184.0,118.0,W,34548,34548,34548,0,0,0,0.0,120,0,0,0,100.0,0.0,0.0,0.0,0.0,never positive observed
766185.0,118.0,E,34548,34548,34548,0,0,0,0.0,120,0,0,0,100.0,0.0,0.0,0.0,0.0,never positive observed
766209.0,91.0,E,34548,34548,34548,0,0,0,0.0,120,0,0,0,100.0,0.0,0.0,0.0,0.0,never positive observed
766211.0,91.0,W,34548,34548,34548,0,0,0,0.0,120,0,0,0,100.0,0.0,0.0,0.0,0.0,never positive observed
766336.0,110.0,N,34548,34548,34548,0,0,0,0.0,120,0,0,0,100.0,0.0,0.0,0.0,0.0,never positive observed
766337.0,110.0,S,34548,34548,34548,0,0,0,0.0,120,0,0,0,100.0,0.0,0.0,0.0,0.0,never positive observed
766493.0,405.0,S,34548,34548,34548,0,0,0,0.0,120,0,0,0,100.0,0.0,0.0,0.0,0.0,never positive observed
766505.0,405.0,N,34548,34548,34548,0,0,0,0.0,120,0,0,0,100.0,0.0,0.0,0.0,0.0,never positive observed
766555.0,91.0,W,34548,34548,34548,0,0,0,0.0,120,0,0,0,100.0,0.0,0.0,0.0,0.0,never positive observed
766569.0,60.0,E,34548,34548,34548,0,0,0,0.0,120,0,0,0,100.0,0.0,0.0,0.0,0.0,never positive observed
766571.0,60.0,W,34548,34548,34548,0,0,0,0.0,120,0,0,0,100.0,0.0,0.0,0.0,0.0,never positive observed
766585.0,60.0,E,34548,34548,3473,31075,31075,20128,2833825.0,120,108,108,70,10.052680328817877,89.94731967118213,89.94731967118213,58.26097024429779,82.02573231446104,mixed zero and positive
766587.0,60.0,W,34548,34548,3473,31075,30780,826,1786050.0,120,108,107,3,10.052680328817877,89.94731967118213,89.0934352205627,2.3908764617343987,51.69763806877388,mixed zero and positive
766600.0,60.0,E,34548,34548,4377,30171,29881,8863,2232200.0,120,106,105,32,12.669329628343174,87.33067037165682,86.4912585388445,25.654162324881323,64.6115549380572,mixed zero and positive
766602.0,60.0,W,34548,34548,4089,30459,30170,12755,2442325.0,120,107,106,47,11.8357068426537,88.16429315734631,87.3277758480954,36.91964802593493,70.69367257149473,mixed zero and positive
766620.0,60.0,E,34548,34548,4952,29596,29308,28155,2909175.0,120,104,103,99,14.333680676160704,85.66631932383929,84.83269653814982,81.4953108718305,84.20675581799236,mixed zero and positive
766622.0,60.0,W,34548,34548,15568,18980,18692,0,941800.0,120,66,65,0,45.061942804214425,54.938057195785575,54.1044344100961,0.0,27.260622901470416,mixed zero and positive
766642.0,60.0,W,34548,34548,2937,31611,31610,31029,3139300.0,120,111,111,109,8.501215699895797,91.4987843001042,91.49588977654278,89.81417158735673,90.86777816371425,mixed zero and positive
766644.0,60.0,E,34548,34548,34548,0,0,0,0.0,120,0,0,0,100.0,0.0,0.0,0.0,0.0,never positive observed
766661.0,60.0,E,34548,34548,34548,0,0,0,0.0,120,0,0,0,100.0,0.0,0.0,0.0,0.0,never positive observed
766673.0,71.0,N,34548,34548,34548,0,0,0,0.0,120,0,0,0,100.0,0.0,0.0,0.0,0.0,never positive observed
766685.0,71.0,S,34548,34548,34548,0,0,0,0.0,120,0,0,0,100.0,0.0,0.0,0.0,0.0,never positive observed
766694.0,14.0,N,34548,34548,932,33616,33616,0,1680800.0,120,118,118,0,2.697695959245108,97.30230404075489,97.30230404075489,0.0,48.651152020377445,mixed zero and positive
766703.0,14.0,S,34548,34548,7833,26715,26715,26133,2642400.0,120,94,94,92,22.672803056616882,77.32719694338311,77.32719694338311,75.64258423063563,76.48489058700937,mixed zero and positive
766712.0,14.0,S,34548,34548,12400,22148,22148,22148,2214800.0,120,77,77,77,35.892092161630195,64.1079078383698,64.1079078383698,64.1079078383698,64.1079078383698,mixed zero and positive
766721.0,14.0,N,34548,34548,933,33615,33615,32446,3303050.0,120,118,118,114,2.70059048280653,97.29940951719347,97.29940951719347,93.91571147389139,95.60756049554243,mixed zero and positive
766730.0,14.0,S,34548,34548,34548,0,0,0,0.0,120,0,0,0,100.0,0.0,0.0,0.0,0.0,never positive observed
766740.0,14.0,N,34548,34548,34548,0,0,0,0.0,120,0,0,0,100.0,0.0,0.0,0.0,0.0,never positive observed
766749.0,14.0,S,34548,34548,34548,0,0,0,0.0,120,0,0,0,100.0,0.0,0.0,0.0,0.0,never positive observed
766758.0,14.0,N,34548,34548,34548,0,0,0,0.0,120,0,0,0,100.0,0.0,0.0,0.0,0.0,never positive observed
766788.0,60.0,W,34548,34548,4680,29868,29868,28978,2964525.0,120,105,105,102,13.546370267453977,86.45362973254602,86.45362973254602,83.87750376288064,85.80887460923933,mixed zero and positive
766806.0,60.0,E,34548,34548,34548,0,0,0,0.0,120,0,0,0,100.0,0.0,0.0,0.0,0.0,never positive observed
766843.0,60.0,E,34548,34548,6354,28194,27906,27905,2797775.0,120,98,97,97,18.391802709274053,81.60819729072594,80.77457450503647,80.77167998147505,80.98225657056848,mixed zero and positive
766851.0,605.0,N,34548,34548,34548,0,0,0,0.0,120,0,0,0,100.0,0.0,0.0,0.0,0.0,never positive observed
766875.0,105.0,E,34548,34548,34548,0,0,0,0.0,120,0,0,0,100.0,0.0,0.0,0.0,0.0,never positive observed
766937.0,605.0,S,34548,34548,34548,0,0,0,0.0,120,0,0,0,100.0,0.0,0.0,0.0,0.0,never positive observed
766988.0,110.0,S,34548,34548,34548,0,0,0,0.0,120,0,0,0,100.0,0.0,0.0,0.0,0.0,never positive observed
767053.0,405.0,S,34548,34548,34548,0,0,0,0.0,120,0,0,0,100.0,0.0,0.0,0.0,0.0,never positive observed
767166.0,71.0,N,34548,34548,34548,0,0,0,0.0,120,0,0,0,100.0,0.0,0.0,0.0,0.0,never positive observed
767233.0,605.0,N,34548,34548,34548,0,0,0,0.0,120,0,0,0,100.0,0.0,0.0,0.0,0.0,never positive observed
767329.0,10.0,W,34548,34548,34548,0,0,0,0.0,120,0,0,0,100.0,0.0,0.0,0.0,0.0,never positive observed
767350.0,405.0,S,34548,34548,34548,0,0,0,0.0,120,0,0,0,100.0,0.0,0.0,0.0,0.0,never positive observed
767351.0,405.0,N,34548,34548,34548,0,0,0,0.0,120,0,0,0,100.0,0.0,0.0,0.0,0.0,never positive observed
767366.0,405.0,S,34548,34548,34548,0,0,0,0.0,120,0,0,0,100.0,0.0,0.0,0.0,0.0,never positive observed
767367.0,405.0,N,34548,34548,34548,0,0,0,0.0,120,0,0,0,100.0,0.0,0.0,0.0,0.0,never positive observed
767454.0,2.0,W,34548,34548,34548,0,0,0,0.0,120,0,0,0,100.0,0.0,0.0,0.0,0.0,never positive observed
767455.0,2.0,E,34548,34548,34548,0,0,0,0.0,120,0,0,0,100.0,0.0,0.0,0.0,0.0,never positive observed
767470.0,2.0,E,34548,34548,29703,4845,4845,4845,402135.0,120,18,18,18,85.97603334491143,14.023966655088572,14.023966655088572,14.023966655088572,11.639892323723515,mixed zero and positive
767471.0,2.0,W,34548,34548,29703,4845,4845,4845,484500.0,120,18,18,18,85.97603334491143,14.023966655088572,14.023966655088572,14.023966655088572,14.023966655088572,mixed zero and positive
767494.0,2.0,E,34548,34548,34548,0,0,0,0.0,120,0,0,0,100.0,0.0,0.0,0.0,0.0,never positive observed
767495.0,2.0,W,34548,34548,34548,0,0,0,0.0,120,0,0,0,100.0,0.0,0.0,0.0,0.0,never positive observed
767509.0,2.0,E,34548,34548,34548,0,0,0,0.0,120,0,0,0,100.0,0.0,0.0,0.0,0.0,never positive observed
767523.0,2.0,E,34548,34548,34548,0,0,0,0.0,120,0,0,0,100.0,0.0,0.0,0.0,0.0,never positive observed
767541.0,2.0,E,34548,34548,2084,32464,32464,9969,2684025.0,120,114,114,35,6.03218710200301,93.96781289799699,93.96781289799699,28.855505383813824,77.6897360194512,mixed zero and positive
767542.0,2.0,W,34548,34548,2084,32464,32464,11102,2706375.0,120,114,114,41,6.03218710200301,93.96781289799699,93.96781289799699,32.13500057890471,78.33666203542897,mixed zero and positive
767554.0,2.0,E,34548,34548,3236,31312,31312,31312,3131200.0,120,110,110,110,9.366678244760912,90.63332175523908,90.63332175523908,90.63332175523908,90.63332175523908,mixed zero and positive
767572.0,2.0,E,34548,34548,34548,0,0,0,0.0,120,0,0,0,100.0,0.0,0.0,0.0,0.0,never positive observed
767573.0,2.0,W,34548,34548,34548,0,0,0,0.0,120,0,0,0,100.0,0.0,0.0,0.0,0.0,never positive observed
767585.0,2.0,E,34548,34548,34548,0,0,0,0.0,120,0,0,0,100.0,0.0,0.0,0.0,0.0,never positive observed
767597.0,2.0,E,34548,34548,34548,0,0,0,0.0,120,0,0,0,100.0,0.0,0.0,0.0,0.0,never positive observed
767598.0,2.0,W,34548,34548,34548,0,0,0,0.0,120,0,0,0,100.0,0.0,0.0,0.0,0.0,never positive observed
767609.0,2.0,E,34548,34548,33108,1440,1440,1440,138240.0,120,5,5,5,95.83188607155262,4.168113928447378,4.168113928447378,4.168113928447378,4.001389371309482,mixed zero and positive
767610.0,2.0,W,34548,34548,33108,1440,1440,1440,144000.0,120,5,5,5,95.83188607155262,4.168113928447378,4.168113928447378,4.168113928447378,4.168113928447378,mixed zero and positive
767620.0,2.0,E,34548,34548,34548,0,0,0,0.0,120,0,0,0,100.0,0.0,0.0,0.0,0.0,never positive observed
767621.0,2.0,W,34548,34548,34548,0,0,0,0.0,120,0,0,0,100.0,0.0,0.0,0.0,0.0,never positive observed
767678.0,605.0,N,34548,34548,932,33616,33616,33327,3354375.0,120,118,118,117,2.697695959245108,97.30230404075489,97.30230404075489,96.465786731504,97.09317471344217,mixed zero and positive
767722.0,60.0,E,34548,34548,34548,0,0,0,0.0,120,0,0,0,100.0,0.0,0.0,0.0,0.0,never positive observed
767723.0,60.0,W,34548,34548,34548,0,0,0,0.0,120,0,0,0,100.0,0.0,0.0,0.0,0.0,never positive observed
767750.0,110.0,S,34548,34548,34548,0,0,0,0.0,120,0,0,0,100.0,0.0,0.0,0.0,0.0,never positive observed
767751.0,110.0,N,34548,34548,34548,0,0,0,0.0,120,0,0,0,100.0,0.0,0.0,0.0,0.0,never positive observed
767759.0,110.0,S,34548,34548,5241,29307,29306,29306,2930633.0,120,103,103,103,15.170197985411601,84.8298020145884,84.82690749102697,84.82690749102697,84.82786268380225,mixed zero and positive
767760.0,110.0,N,34548,34548,4966,29582,29306,14946,2465828.0,120,104,103,54,14.374204006020609,85.6257959939794,84.82690749102697,43.26154914901007,71.37397244413569,mixed zero and positive
767767.0,110.0,S,34548,34548,34548,0,0,0,0.0,120,0,0,0,100.0,0.0,0.0,0.0,0.0,never positive observed
767768.0,110.0,N,34548,34548,34548,0,0,0,0.0,120,0,0,0,100.0,0.0,0.0,0.0,0.0,never positive observed
767790.0,14.0,S,34548,34548,21330,13218,13218,13218,1321800.0,120,46,46,46,61.74018756512678,38.25981243487322,38.25981243487322,38.25981243487322,38.25981243487322,mixed zero and positive
767791.0,14.0,N,34548,34548,21330,13218,13218,13218,1321800.0,120,46,46,46,61.74018756512678,38.25981243487322,38.25981243487322,38.25981243487322,38.25981243487322,mixed zero and positive
767801.0,101.0,S,34548,34548,34548,0,0,0,0.0,120,0,0,0,100.0,0.0,0.0,0.0,0.0,never positive observed
767810.0,101.0,N,34548,34548,3801,30747,30747,30732,3074205.0,120,108,108,108,11.002084056964224,88.99791594303578,88.99791594303578,88.95449808961445,88.98358805140674,mixed zero and positive
767811.0,101.0,S,34548,34548,4078,30470,30470,30468,3046934.0,120,107,107,107,11.80386708347806,88.19613291652195,88.19613291652195,88.1903438693991,88.1942225309714,mixed zero and positive
767812.0,405.0,N,34548,34548,34548,0,0,0,0.0,120,0,0,0,100.0,0.0,0.0,0.0,0.0,never positive observed
767827.0,405.0,S,34548,34548,34548,0,0,0,0.0,120,0,0,0,100.0,0.0,0.0,0.0,0.0,never positive observed
767838.0,105.0,E,34548,34548,34548,0,0,0,0.0,120,0,0,0,100.0,0.0,0.0,0.0,0.0,never positive observed
767857.0,105.0,E,34548,34548,34548,0,0,0,0.0,120,0,0,0,100.0,0.0,0.0,0.0,0.0,never positive observed
767868.0,105.0,E,34548,34548,34548,0,0,0,0.0,120,0,0,0,100.0,0.0,0.0,0.0,0.0,never positive observed
767883.0,210.0,E,34548,34548,34548,0,0,0,0.0,120,0,0,0,100.0,0.0,0.0,0.0,0.0,never positive observed
767896.0,210.0,E,34548,34548,34548,0,0,0,0.0,120,0,0,0,100.0,0.0,0.0,0.0,0.0,never positive observed
767898.0,210.0,W,34548,34548,34548,0,0,0,0.0,120,0,0,0,100.0,0.0,0.0,0.0,0.0,never positive observed
767910.0,210.0,W,34548,34548,34548,0,0,0,0.0,120,0,0,0,100.0,0.0,0.0,0.0,0.0,never positive observed
767925.0,210.0,E,34548,34548,34548,0,0,0,0.0,120,0,0,0,100.0,0.0,0.0,0.0,0.0,never positive observed
767940.0,210.0,W,34548,34548,34548,0,0,0,0.0,120,0,0,0,100.0,0.0,0.0,0.0,0.0,never positive observed
767942.0,210.0,E,34548,34548,34548,0,0,0,0.0,120,0,0,0,100.0,0.0,0.0,0.0,0.0,never positive observed
767955.0,210.0,W,34548,34548,34548,0,0,0,0.0,120,0,0,0,100.0,0.0,0.0,0.0,0.0,never positive observed
767970.0,210.0,E,34548,34548,34548,0,0,0,0.0,120,0,0,0,100.0,0.0,0.0,0.0,0.0,never positive observed
767984.0,210.0,E,34548,34548,34548,0,0,0,0.0,120,0,0,0,100.0,0.0,0.0,0.0,0.0,never positive observed
767986.0,210.0,W,34548,34548,34548,0,0,0,0.0,120,0,0,0,100.0,0.0,0.0,0.0,0.0,never positive observed
767998.0,210.0,E,34548,34548,34548,0,0,0,0.0,120,0,0,0,100.0,0.0,0.0,0.0,0.0,never positive observed
768000.0,210.0,W,34548,34548,34548,0,0,0,0.0,120,0,0,0,100.0,0.0,0.0,0.0,0.0,never positive observed
768012.0,210.0,E,34548,34548,34548,0,0,0,0.0,120,0,0,0,100.0,0.0,0.0,0.0,0.0,never positive observed
768014.0,210.0,W,34548,34548,34548,0,0,0,0.0,120,0,0,0,100.0,0.0,0.0,0.0,0.0,never positive observed
768026.0,210.0,E,34548,34548,34548,0,0,0,0.0,120,0,0,0,100.0,0.0,0.0,0.0,0.0,never positive observed
768028.0,210.0,W,34548,34548,34548,0,0,0,0.0,120,0,0,0,100.0,0.0,0.0,0.0,0.0,never positive observed
768041.0,210.0,E,34548,34548,34548,0,0,0,0.0,120,0,0,0,100.0,0.0,0.0,0.0,0.0,never positive observed
768055.0,210.0,W,34548,34548,34548,0,0,0,0.0,120,0,0,0,100.0,0.0,0.0,0.0,0.0,never positive observed
768066.0,101.0,S,34548,34548,34548,0,0,0,0.0,120,0,0,0,100.0,0.0,0.0,0.0,0.0,never positive observed
768173.0,10.0,E,34548,34548,34548,0,0,0,0.0,120,0,0,0,100.0,0.0,0.0,0.0,0.0,never positive observed
768174.0,10.0,W,34548,34548,34548,0,0,0,0.0,120,0,0,0,100.0,0.0,0.0,0.0,0.0,never positive observed
768202.0,2.0,E,34548,34548,34548,0,0,0,0.0,120,0,0,0,100.0,0.0,0.0,0.0,0.0,never positive observed
768222.0,91.0,W,34548,34548,34548,0,0,0,0.0,120,0,0,0,100.0,0.0,0.0,0.0,0.0,never positive observed
768223.0,91.0,E,34548,34548,34548,0,0,0,0.0,120,0,0,0,100.0,0.0,0.0,0.0,0.0,never positive observed
768230.0,2.0,W,34548,34548,34548,0,0,0,0.0,120,0,0,0,100.0,0.0,0.0,0.0,0.0,never positive observed
768238.0,2.0,E,34548,34548,34548,0,0,0,0.0,120,0,0,0,100.0,0.0,0.0,0.0,0.0,never positive observed
768253.0,101.0,N,34548,34548,34548,0,0,0,0.0,120,0,0,0,100.0,0.0,0.0,0.0,0.0,never positive observed
768265.0,101.0,S,34548,34548,34548,0,0,0,0.0,120,0,0,0,100.0,0.0,0.0,0.0,0.0,never positive observed
768283.0,210.0,E,34548,34548,34548,0,0,0,0.0,120,0,0,0,100.0,0.0,0.0,0.0,0.0,never positive observed
768297.0,210.0,E,34548,34548,17087,17461,565,0,595423.0,120,61,2,0,49.45872409401412,50.54127590598588,1.6354058122033113,0.0,17.234659025124465,mixed zero and positive
768328.0,10.0,E,34548,34548,1220,33328,33328,33322,3332650.0,120,117,117,117,3.531318744934584,96.46868125506542,96.46868125506542,96.45131411369688,96.46433946972328,mixed zero and positive
768339.0,10.0,W,34548,34548,1221,33327,33326,2840,2563150.0,120,117,117,11,3.5342132684960057,96.465786731504,96.46289220794257,8.220446914437883,74.19098066458261,mixed zero and positive
768349.0,10.0,W,34548,34548,16709,17839,17839,17838,1783875.0,120,63,63,63,48.36459418779669,51.63540581220331,51.63540581220331,51.632511288641886,51.634682181312954,mixed zero and positive
768444.0,60.0,E,34548,34548,34548,0,0,0,0.0,120,0,0,0,100.0,0.0,0.0,0.0,0.0,never positive observed
768469.0,101.0,N,34548,34548,34548,0,0,0,0.0,120,0,0,0,100.0,0.0,0.0,0.0,0.0,never positive observed
768477.0,101.0,S,34548,34548,34548,0,0,0,0.0,120,0,0,0,100.0,0.0,0.0,0.0,0.0,never positive observed
768523.0,5.0,S,34548,34548,34548,0,0,0,0.0,120,0,0,0,100.0,0.0,0.0,0.0,0.0,never positive observed
768584.0,10.0,E,34548,34548,34548,0,0,0,0.0,120,0,0,0,100.0,0.0,0.0,0.0,0.0,never positive observed
768598.0,10.0,W,34548,34548,34548,0,0,0,0.0,120,0,0,0,100.0,0.0,0.0,0.0,0.0,never positive observed
768626.0,405.0,S,34548,34548,34548,0,0,0,0.0,120,0,0,0,100.0,0.0,0.0,0.0,0.0,never positive observed
768643.0,405.0,N,34548,34548,34548,0,0,0,0.0,120,0,0,0,100.0,0.0,0.0,0.0,0.0,never positive observed
768655.0,5.0,N,34548,34548,34548,0,0,0,0.0,120,0,0,0,100.0,0.0,0.0,0.0,0.0,never positive observed
768664.0,5.0,N,34548,34548,34548,0,0,0,0.0,120,0,0,0,100.0,0.0,0.0,0.0,0.0,never positive observed
768682.0,5.0,N,34548,34548,34548,0,0,0,0.0,120,0,0,0,100.0,0.0,0.0,0.0,0.0,never positive observed
768701.0,5.0,S,34548,34548,34548,0,0,0,0.0,120,0,0,0,100.0,0.0,0.0,0.0,0.0,never positive observed
768779.0,57.0,S,34548,34548,932,33616,33616,33616,3361600.0,120,118,118,118,2.697695959245108,97.30230404075489,97.30230404075489,97.30230404075489,97.30230404075489,mixed zero and positive
768898.0,91.0,E,34548,34548,32244,2304,2304,2304,230400.0,120,8,8,8,93.33101771448419,6.6689822855158045,6.6689822855158045,6.6689822855158045,6.6689822855158045,mixed zero and positive
768907.0,91.0,W,34548,34548,18444,16104,16104,12039,1508725.0,120,56,56,42,53.38659256686349,46.61340743313651,46.61340743313651,34.84716915595693,43.6704006020609,mixed zero and positive
768968.0,405.0,S,34548,34548,34548,0,0,0,0.0,120,0,0,0,100.0,0.0,0.0,0.0,0.0,never positive observed
768969.0,405.0,N,34548,34548,34548,0,0,0,0.0,120,0,0,0,100.0,0.0,0.0,0.0,0.0,never positive observed
768978.0,710.0,N,34548,34548,34548,0,0,0,0.0,120,0,0,0,100.0,0.0,0.0,0.0,0.0,never positive observed
768984.0,710.0,N,34548,34548,34548,0,0,0,0.0,120,0,0,0,100.0,0.0,0.0,0.0,0.0,never positive observed
769029.0,5.0,N,34548,34548,34548,0,0,0,0.0,120,0,0,0,100.0,0.0,0.0,0.0,0.0,never positive observed
769030.0,5.0,S,34548,34548,34548,0,0,0,0.0,120,0,0,0,100.0,0.0,0.0,0.0,0.0,never positive observed
769068.0,57.0,N,34548,34548,34548,0,0,0,0.0,120,0,0,0,100.0,0.0,0.0,0.0,0.0,never positive observed
769090.0,5.0,S,34548,34548,34548,0,0,0,0.0,120,0,0,0,100.0,0.0,0.0,0.0,0.0,never positive observed
769091.0,5.0,N,34548,34548,34548,0,0,0,0.0,120,0,0,0,100.0,0.0,0.0,0.0,0.0,never positive observed
769105.0,10.0,W,34548,34548,34548,0,0,0,0.0,120,0,0,0,100.0,0.0,0.0,0.0,0.0,never positive observed
769118.0,10.0,W,34548,34548,34548,0,0,0,0.0,120,0,0,0,100.0,0.0,0.0,0.0,0.0,never positive observed
769136.0,210.0,W,34548,34548,34548,0,0,0,0.0,120,0,0,0,100.0,0.0,0.0,0.0,0.0,never positive observed
769150.0,210.0,W,34548,34548,34548,0,0,0,0.0,120,0,0,0,100.0,0.0,0.0,0.0,0.0,never positive observed
769195.0,405.0,S,34548,34548,34548,0,0,0,0.0,120,0,0,0,100.0,0.0,0.0,0.0,0.0,never positive observed
769228.0,405.0,N,34548,34548,34548,0,0,0,0.0,120,0,0,0,100.0,0.0,0.0,0.0,0.0,never positive observed
769248.0,405.0,S,34548,34548,34548,0,0,0,0.0,120,0,0,0,100.0,0.0,0.0,0.0,0.0,never positive observed
769279.0,71.0,N,34548,34548,34548,0,0,0,0.0,120,0,0,0,100.0,0.0,0.0,0.0,0.0,never positive observed
769292.0,71.0,N,34548,34548,34548,0,0,0,0.0,120,0,0,0,100.0,0.0,0.0,0.0,0.0,never positive observed
769294.0,71.0,S,34548,34548,34548,0,0,0,0.0,120,0,0,0,100.0,0.0,0.0,0.0,0.0,never positive observed
769345.0,101.0,S,34548,34548,34548,0,0,0,0.0,120,0,0,0,100.0,0.0,0.0,0.0,0.0,never positive observed
769346.0,101.0,N,34548,34548,34548,0,0,0,0.0,120,0,0,0,100.0,0.0,0.0,0.0,0.0,never positive observed
769358.0,101.0,N,34548,34548,34548,0,0,0,0.0,120,0,0,0,100.0,0.0,0.0,0.0,0.0,never positive observed
769359.0,101.0,S,34548,34548,34548,0,0,0,0.0,120,0,0,0,100.0,0.0,0.0,0.0,0.0,never positive observed
769372.0,101.0,N,34548,34548,34548,0,0,0,0.0,120,0,0,0,100.0,0.0,0.0,0.0,0.0,never positive observed
769373.0,101.0,S,34548,34548,34548,0,0,0,0.0,120,0,0,0,100.0,0.0,0.0,0.0,0.0,never positive observed
769388.0,101.0,S,34548,34548,34548,0,0,0,0.0,120,0,0,0,100.0,0.0,0.0,0.0,0.0,never positive observed
769389.0,101.0,N,34548,34548,34548,0,0,0,0.0,120,0,0,0,100.0,0.0,0.0,0.0,0.0,never positive observed
769402.0,101.0,N,34548,34548,34548,0,0,0,0.0,120,0,0,0,100.0,0.0,0.0,0.0,0.0,never positive observed
769403.0,101.0,S,34548,34548,34548,0,0,0,0.0,120,0,0,0,100.0,0.0,0.0,0.0,0.0,never positive observed
769405.0,101.0,S,34548,34548,34548,0,0,0,0.0,120,0,0,0,100.0,0.0,0.0,0.0,0.0,never positive observed
769418.0,101.0,N,34548,34548,34548,0,0,0,0.0,120,0,0,0,100.0,0.0,0.0,0.0,0.0,never positive observed
769430.0,101.0,S,34548,34548,34548,0,0,0,0.0,120,0,0,0,100.0,0.0,0.0,0.0,0.0,never positive observed
769431.0,101.0,N,34548,34548,34548,0,0,0,0.0,120,0,0,0,100.0,0.0,0.0,0.0,0.0,never positive observed
769443.0,101.0,N,34548,34548,34548,0,0,0,0.0,120,0,0,0,100.0,0.0,0.0,0.0,0.0,never positive observed
769444.0,101.0,S,34548,34548,34548,0,0,0,0.0,120,0,0,0,100.0,0.0,0.0,0.0,0.0,never positive observed
769454.0,60.0,W,34548,34548,34548,0,0,0,0.0,120,0,0,0,100.0,0.0,0.0,0.0,0.0,never positive observed
769467.0,101.0,N,34548,34548,34548,0,0,0,0.0,120,0,0,0,100.0,0.0,0.0,0.0,0.0,never positive observed
769496.0,405.0,N,34548,34548,34548,0,0,0,0.0,120,0,0,0,100.0,0.0,0.0,0.0,0.0,never positive observed
769513.0,605.0,N,34548,34548,34548,0,0,0,0.0,120,0,0,0,100.0,0.0,0.0,0.0,0.0,never positive observed
769625.0,5.0,N,34548,34548,34548,0,0,0,0.0,120,0,0,0,100.0,0.0,0.0,0.0,0.0,never positive observed
769701.0,210.0,E,34548,34548,34548,0,0,0,0.0,120,0,0,0,100.0,0.0,0.0,0.0,0.0,never positive observed
769702.0,210.0,W,34548,34548,34548,0,0,0,0.0,120,0,0,0,100.0,0.0,0.0,0.0,0.0,never positive observed
769722.0,210.0,W,34548,34548,7268,27280,26702,276,1752225.0,120,96,94,1,21.03739724441357,78.96260275558643,77.28956813708463,0.798888502952414,50.71856547412296,mixed zero and positive
769744.0,210.0,W,34548,34548,34548,0,0,0,0.0,120,0,0,0,100.0,0.0,0.0,0.0,0.0,never positive observed
769758.0,210.0,E,34548,34548,34548,0,0,0,0.0,120,0,0,0,100.0,0.0,0.0,0.0,0.0,never positive observed
769772.0,210.0,E,34548,34548,2084,32464,32464,3426,2513175.0,120,114,114,12,6.03218710200301,93.96781289799699,93.96781289799699,9.916637721431053,72.74444251476207,mixed zero and positive
769788.0,210.0,E,34548,34548,6116,28432,28432,28432,2843200.0,120,100,100,100,17.702906101655667,82.29709389834433,82.29709389834433,82.29709389834433,82.29709389834433,mixed zero and positive
769806.0,210.0,E,34548,34548,16732,17816,17240,16952,1731200.0,120,62,60,59,48.43116822970939,51.56883177029061,49.90158619891166,49.06796341322218,50.109991895334026,mixed zero and positive
769807.0,210.0,W,34548,34548,17332,17216,16953,1440,1299675.0,120,60,60,5,50.167882366562466,49.832117633437534,49.070857936783604,4.168113928447378,37.61939909690865,mixed zero and positive
769819.0,210.0,E,34548,34548,19324,15224,15224,15224,1522400.0,120,53,53,53,55.933773300914666,44.066226699085334,44.066226699085334,44.066226699085334,44.066226699085334,mixed zero and positive
769831.0,210.0,E,34548,34548,19601,14947,14947,14947,1494700.0,120,52,52,52,56.735556327428505,43.264443672571495,43.264443672571495,43.264443672571495,43.264443672571495,mixed zero and positive
769847.0,210.0,E,34548,34548,9848,24700,24700,24700,2470000.0,120,87,87,87,28.505268032881787,71.49473196711821,71.49473196711821,71.49473196711821,71.49473196711821,mixed zero and positive
769866.0,210.0,E,34548,34548,2084,32464,32464,32460,3246300.0,120,114,114,114,6.03218710200301,93.96781289799699,93.96781289799699,93.9562348037513,93.96491837443557,mixed zero and positive
769867.0,210.0,W,34548,34548,2084,32464,32464,32464,3246400.0,120,114,114,114,6.03218710200301,93.96781289799699,93.96781289799699,93.96781289799699,93.96781289799699,mixed zero and positive
769880.0,210.0,E,34548,34548,3513,31035,31035,31034,3103475.0,120,109,109,109,10.168461271274747,89.83153872872525,89.83153872872525,89.82864420516383,89.8308150978349,mixed zero and positive
769895.0,210.0,E,34548,34548,4377,30171,30171,30171,3017100.0,120,106,106,106,12.669329628343174,87.33067037165682,87.33067037165682,87.33067037165682,87.33067037165682,mixed zero and positive
769911.0,210.0,W,34548,34548,1220,33328,33328,4056,2080800.0,120,117,117,21,3.531318744934584,96.46868125506542,96.46868125506542,11.74018756512678,60.22924626606461,mixed zero and positive
769926.0,210.0,W,34548,34548,2660,31888,31888,31594,3173998.0,120,112,112,111,7.699432673381962,92.30056732661804,92.30056732661804,91.44957739956003,91.87211994905638,mixed zero and positive
769941.0,210.0,W,34548,34548,34548,0,0,0,0.0,120,0,0,0,100.0,0.0,0.0,0.0,0.0,never positive observed
769953.0,210.0,W,34548,34548,14428,20120,20120,19966,2004400.0,120,70,70,70,41.76218594419358,58.23781405580642,58.23781405580642,57.79205742734746,58.01783026513836,mixed zero and positive
769965.0,210.0,W,34548,34548,932,33616,33616,33616,3361600.0,120,118,118,118,2.697695959245108,97.30230404075489,97.30230404075489,97.30230404075489,97.30230404075489,mixed zero and positive
769983.0,210.0,W,34548,34548,34548,0,0,0,0.0,120,0,0,0,100.0,0.0,0.0,0.0,0.0,never positive observed
769984.0,210.0,E,34548,34548,34548,0,0,0,0.0,120,0,0,0,100.0,0.0,0.0,0.0,0.0,never positive observed
770000.0,210.0,W,34548,34548,18172,16376,16376,16376,1637600.0,120,57,57,57,52.59928215815677,47.40071784184323,47.40071784184323,47.40071784184323,47.40071784184323,mixed zero and positive
770012.0,210.0,E,34548,34548,34548,0,0,0,0.0,120,0,0,0,100.0,0.0,0.0,0.0,0.0,never positive observed
770024.0,210.0,E,34548,34548,34548,0,0,0,0.0,120,0,0,0,100.0,0.0,0.0,0.0,0.0,never positive observed
770036.0,210.0,E,34548,34548,34548,0,0,0,0.0,120,0,0,0,100.0,0.0,0.0,0.0,0.0,never positive observed
770048.0,210.0,E,34548,34548,34548,0,0,0,0.0,120,0,0,0,100.0,0.0,0.0,0.0,0.0,never positive observed
770061.0,210.0,E,34548,34548,14728,19820,19820,19820,1982000.0,120,70,70,70,42.63054301262012,57.36945698737988,57.36945698737988,57.36945698737988,57.36945698737988,mixed zero and positive
770076.0,210.0,E,34548,34548,34548,0,0,0,0.0,120,0,0,0,100.0,0.0,0.0,0.0,0.0,never positive observed
770089.0,210.0,E,34548,34548,5828,28720,28720,26963,2820650.0,120,101,101,95,16.869283315966193,83.13071668403381,83.13071668403381,78.04503878661572,81.64437883524371,mixed zero and positive
770103.0,210.0,E,34548,34548,34548,0,0,0,0.0,120,0,0,0,100.0,0.0,0.0,0.0,0.0,never positive observed
770116.0,210.0,E,34548,34548,34548,0,0,0,0.0,120,0,0,0,100.0,0.0,0.0,0.0,0.0,never positive observed
770129.0,210.0,W,34548,34548,932,33616,33616,33612,3361500.0,120,118,118,118,2.697695959245108,97.30230404075489,97.30230404075489,97.2907259465092,97.29940951719347,mixed zero and positive
770141.0,210.0,W,34548,34548,4964,29584,29583,29581,2958275.0,120,104,104,104,14.368414958897766,85.63158504110224,85.62869051754082,85.62290147041797,85.62796688665046,mixed zero and positive
770187.0,210.0,W,34548,34548,5816,28732,28732,28732,2873200.0,120,101,101,101,16.83454903322913,83.16545096677088,83.16545096677088,83.16545096677088,83.16545096677088,mixed zero and positive
770200.0,210.0,W,34548,34548,34548,0,0,0,0.0,120,0,0,0,100.0,0.0,0.0,0.0,0.0,never positive observed
770215.0,210.0,W,34548,34548,34548,0,0,0,0.0,120,0,0,0,100.0,0.0,0.0,0.0,0.0,never positive observed
770229.0,210.0,W,34548,34548,34548,0,0,0,0.0,120,0,0,0,100.0,0.0,0.0,0.0,0.0,never positive observed
770243.0,210.0,W,34548,34548,1220,33328,33328,33328,3332800.0,120,117,117,117,3.531318744934584,96.46868125506542,96.46868125506542,96.46868125506542,96.46868125506542,mixed zero and positive
770259.0,210.0,W,34548,34548,34548,0,0,0,0.0,120,0,0,0,100.0,0.0,0.0,0.0,0.0,never positive observed
770275.0,210.0,W,34548,34548,2948,31600,31600,31300,3152500.0,120,111,111,110,8.533055459071436,91.46694454092857,91.46694454092857,90.59858747250203,91.24985527382194,mixed zero and positive
770290.0,210.0,W,34548,34548,13867,20681,20681,20100,2046375.0,120,72,72,70,40.13835822623596,59.86164177376404,59.86164177376404,58.17992358457798,59.23280653004515,mixed zero and positive
770303.0,210.0,W,34548,34548,34548,0,0,0,0.0,120,0,0,0,100.0,0.0,0.0,0.0,0.0,never positive observed
770315.0,210.0,W,34548,34548,34548,0,0,0,0.0,120,0,0,0,100.0,0.0,0.0,0.0,0.0,never positive observed
770331.0,210.0,E,34548,34548,34548,0,0,0,0.0,120,0,0,0,100.0,0.0,0.0,0.0,0.0,never positive observed
770332.0,210.0,W,34548,34548,34548,0,0,0,0.0,120,0,0,0,100.0,0.0,0.0,0.0,0.0,never positive observed
770353.0,210.0,W,34548,34548,34548,0,0,0,0.0,120,0,0,0,100.0,0.0,0.0,0.0,0.0,never positive observed
770354.0,210.0,E,34548,34548,34548,0,0,0,0.0,120,0,0,0,100.0,0.0,0.0,0.0,0.0,never positive observed
770385.0,210.0,E,34548,34548,19900,14648,14648,14648,1464800.0,120,51,51,51,57.60101887229362,42.39898112770638,42.39898112770638,42.39898112770638,42.39898112770638,mixed zero and positive
770386.0,210.0,W,34548,34548,34548,0,0,0,0.0,120,0,0,0,100.0,0.0,0.0,0.0,0.0,never positive observed
770401.0,210.0,W,34548,34548,34548,0,0,0,0.0,120,0,0,0,100.0,0.0,0.0,0.0,0.0,never positive observed
770544.0,210.0,E,34548,34548,22196,12352,0,0,308800.0,120,43,0,0,64.24684496931805,35.75315503068195,0.0,0.0,8.938288757670488,mixed zero and positive
770545.0,210.0,W,34548,34548,23377,11171,8339,0,674625.0,120,39,29,0,67.66527729535719,32.334722704642815,24.137431978696306,0.0,19.52717957624175,mixed zero and positive
770555.0,210.0,W,34548,34548,34548,0,0,0,0.0,120,0,0,0,100.0,0.0,0.0,0.0,0.0,never positive observed
770556.0,210.0,E,34548,34548,34548,0,0,0,0.0,120,0,0,0,100.0,0.0,0.0,0.0,0.0,never positive observed
770568.0,210.0,W,34548,34548,2084,32464,32464,32464,3246400.0,120,114,114,114,6.03218710200301,93.96781289799699,93.96781289799699,93.96781289799699,93.96781289799699,mixed zero and positive
770578.0,210.0,E,34548,34548,34548,0,0,0,0.0,120,0,0,0,100.0,0.0,0.0,0.0,0.0,never positive observed
770579.0,210.0,W,34548,34548,34548,0,0,0,0.0,120,0,0,0,100.0,0.0,0.0,0.0,0.0,never positive observed
770587.0,210.0,E,34548,34548,34548,0,0,0,0.0,120,0,0,0,100.0,0.0,0.0,0.0,0.0,never positive observed
770588.0,210.0,W,34548,34548,34548,0,0,0,0.0,120,0,0,0,100.0,0.0,0.0,0.0,0.0,never positive observed
770598.0,210.0,W,34548,34548,34548,0,0,0,0.0,120,0,0,0,100.0,0.0,0.0,0.0,0.0,never positive observed
770599.0,210.0,E,34548,34548,34548,0,0,0,0.0,120,0,0,0,100.0,0.0,0.0,0.0,0.0,never positive observed
770610.0,101.0,S,34548,34548,34548,0,0,0,0.0,120,0,0,0,100.0,0.0,0.0,0.0,0.0,never positive observed
770611.0,101.0,N,34548,34548,34548,0,0,0,0.0,120,0,0,0,100.0,0.0,0.0,0.0,0.0,never positive observed
771253.0,23.0,N,34548,34548,34548,0,0,0,0.0,120,0,0,0,100.0,0.0,0.0,0.0,0.0,never positive observed
771254.0,23.0,S,34548,34548,34548,0,0,0,0.0,120,0,0,0,100.0,0.0,0.0,0.0,0.0,never positive observed
771268.0,23.0,N,34548,34548,30815,3733,1148,0,162221.0,120,13,4,0,89.19474354521246,10.805256454787543,3.322913048512215,0.0,4.695525066574042,mixed zero and positive
771285.0,23.0,N,34548,34548,30815,3733,3733,3733,373300.0,120,13,13,13,89.19474354521246,10.805256454787543,10.805256454787543,10.805256454787543,10.805256454787543,mixed zero and positive
771294.0,23.0,N,34548,34548,30815,3733,3733,3733,373300.0,120,13,13,13,89.19474354521246,10.805256454787543,10.805256454787543,10.805256454787543,10.805256454787543,mixed zero and positive
771295.0,23.0,S,34548,34548,30815,3733,3733,3733,373300.0,120,13,13,13,89.19474354521246,10.805256454787543,10.805256454787543,10.805256454787543,10.805256454787543,mixed zero and positive
771306.0,23.0,N,34548,34548,30815,3733,3733,3733,373300.0,120,13,13,13,89.19474354521246,10.805256454787543,10.805256454787543,10.805256454787543,10.805256454787543,mixed zero and positive
771318.0,23.0,N,34548,34548,31103,3445,3445,3445,344500.0,120,12,12,12,90.02836633090193,9.971633669098066,9.971633669098066,9.971633669098066,9.971633669098066,mixed zero and positive
771329.0,23.0,N,34548,34548,31103,3445,3445,3445,344500.0,120,12,12,12,90.02836633090193,9.971633669098066,9.971633669098066,9.971633669098066,9.971633669098066,mixed zero and positive
771340.0,23.0,N,34548,34548,31103,3445,3445,3444,344467.0,120,12,12,12,90.02836633090193,9.971633669098066,9.971633669098066,9.968739145536645,9.970678476322798,mixed zero and positive
771349.0,23.0,N,34548,34548,34548,0,0,0,0.0,120,0,0,0,100.0,0.0,0.0,0.0,0.0,never positive observed
771350.0,23.0,S,34548,34548,34548,0,0,0,0.0,120,0,0,0,100.0,0.0,0.0,0.0,0.0,never positive observed
771360.0,23.0,N,34548,34548,32244,2304,2304,2304,230400.0,120,8,8,8,93.33101771448419,6.6689822855158045,6.6689822855158045,6.6689822855158045,6.6689822855158045,mixed zero and positive
771371.0,23.0,N,34548,34548,30815,3733,3733,3733,373300.0,120,13,13,13,89.19474354521246,10.805256454787543,10.805256454787543,10.805256454787543,10.805256454787543,mixed zero and positive
771385.0,23.0,S,34548,34548,30815,3733,3733,3733,373300.0,120,13,13,13,89.19474354521246,10.805256454787543,10.805256454787543,10.805256454787543,10.805256454787543,mixed zero and positive
771386.0,23.0,N,34548,34548,30815,3733,3733,3733,373300.0,120,13,13,13,89.19474354521246,10.805256454787543,10.805256454787543,10.805256454787543,10.805256454787543,mixed zero and positive
771396.0,23.0,N,34548,34548,31103,3445,3445,3444,344467.0,120,12,12,12,90.02836633090193,9.971633669098066,9.971633669098066,9.968739145536645,9.970678476322798,mixed zero and positive
771400.0,23.0,S,34548,34548,31103,3445,3445,3445,344500.0,120,12,12,12,90.02836633090193,9.971633669098066,9.971633669098066,9.971633669098066,9.971633669098066,mixed zero and positive
771410.0,23.0,N,34548,34548,30815,3733,3733,3733,373300.0,120,13,13,13,89.19474354521246,10.805256454787543,10.805256454787543,10.805256454787543,10.805256454787543,mixed zero and positive
771421.0,23.0,N,34548,34548,30815,3733,3733,3733,373300.0,120,13,13,13,89.19474354521246,10.805256454787543,10.805256454787543,10.805256454787543,10.805256454787543,mixed zero and positive
771431.0,23.0,N,34548,34548,34548,0,0,0,0.0,120,0,0,0,100.0,0.0,0.0,0.0,0.0,never positive observed
771432.0,23.0,S,34548,34548,34548,0,0,0,0.0,120,0,0,0,100.0,0.0,0.0,0.0,0.0,never positive observed
771441.0,23.0,N,34548,34548,30815,3733,3733,3733,373300.0,120,13,13,13,89.19474354521246,10.805256454787543,10.805256454787543,10.805256454787543,10.805256454787543,mixed zero and positive
771453.0,23.0,S,34548,34548,34548,0,0,0,0.0,120,0,0,0,100.0,0.0,0.0,0.0,0.0,never positive observed
771463.0,23.0,S,34548,34548,34548,0,0,0,0.0,120,0,0,0,100.0,0.0,0.0,0.0,0.0,never positive observed
771475.0,23.0,S,34548,34548,34548,0,0,0,0.0,120,0,0,0,100.0,0.0,0.0,0.0,0.0,never positive observed
771488.0,23.0,S,34548,34548,30815,3733,3733,3733,373300.0,120,13,13,13,89.19474354521246,10.805256454787543,10.805256454787543,10.805256454787543,10.805256454787543,mixed zero and positive
771499.0,23.0,S,34548,34548,34548,0,0,0,0.0,120,0,0,0,100.0,0.0,0.0,0.0,0.0,never positive observed
771509.0,23.0,S,34548,34548,31103,3445,3445,3445,344500.0,120,12,12,12,90.02836633090193,9.971633669098066,9.971633669098066,9.971633669098066,9.971633669098066,mixed zero and positive
771521.0,23.0,S,34548,34548,31103,3445,3445,3445,344500.0,120,12,12,12,90.02836633090193,9.971633669098066,9.971633669098066,9.971633669098066,9.971633669098066,mixed zero and positive
771531.0,23.0,S,34548,34548,31103,3445,3445,3445,344500.0,120,12,12,12,90.02836633090193,9.971633669098066,9.971633669098066,9.971633669098066,9.971633669098066,mixed zero and positive
771542.0,23.0,S,34548,34548,31103,3445,3445,3445,344500.0,120,12,12,12,90.02836633090193,9.971633669098066,9.971633669098066,9.971633669098066,9.971633669098066,mixed zero and positive
771553.0,23.0,S,34548,34548,32543,2005,2005,0,134335.0,120,7,7,0,94.19648025934931,5.803519740650689,5.803519740650689,0.0,3.8883582262359617,mixed zero and positive
771565.0,23.0,S,34548,34548,34548,0,0,0,0.0,120,0,0,0,100.0,0.0,0.0,0.0,0.0,never positive observed
771577.0,23.0,S,34548,34548,32255,2293,2293,0,171975.0,120,8,8,0,93.36285747365983,6.637142526340164,6.637142526340164,0.0,4.977856894755123,mixed zero and positive
771578.0,23.0,N,34548,34548,32255,2293,2293,0,171950.0,120,8,8,0,93.36285747365983,6.637142526340164,6.637142526340164,0.0,4.977133263864768,mixed zero and positive
771603.0,210.0,E,34548,34548,34548,0,0,0,0.0,120,0,0,0,100.0,0.0,0.0,0.0,0.0,never positive observed
771618.0,210.0,W,34548,34548,34548,0,0,0,0.0,120,0,0,0,100.0,0.0,0.0,0.0,0.0,never positive observed
771667.0,110.0,N,34548,34548,34548,0,0,0,0.0,120,0,0,0,100.0,0.0,0.0,0.0,0.0,never positive observed
771673.0,110.0,N,34548,34548,34548,0,0,0,0.0,120,0,0,0,100.0,0.0,0.0,0.0,0.0,never positive observed
771690.0,118.0,E,34548,34548,34548,0,0,0,0.0,120,0,0,0,100.0,0.0,0.0,0.0,0.0,never positive observed
771691.0,118.0,W,34548,34548,34548,0,0,0,0.0,120,0,0,0,100.0,0.0,0.0,0.0,0.0,never positive observed
771706.0,118.0,E,34548,34548,30815,3733,3733,3733,373300.0,120,13,13,13,89.19474354521246,10.805256454787543,10.805256454787543,10.805256454787543,10.805256454787543,mixed zero and positive
771721.0,118.0,W,34548,34548,30815,3733,3157,0,229525.0,120,13,11,0,89.19474354521246,10.805256454787543,9.13801088340859,0.0,6.643655204353363,mixed zero and positive
771767.0,405.0,N,34548,34548,32244,2304,0,0,39168.0,120,8,0,0,93.33101771448419,6.6689822855158045,0.0,0.0,1.1337269885376866,mixed zero and positive
771807.0,405.0,S,34548,34548,34548,0,0,0,0.0,120,0,0,0,100.0,0.0,0.0,0.0,0.0,never positive observed
771808.0,405.0,N,34548,34548,34548,0,0,0,0.0,120,0,0,0,100.0,0.0,0.0,0.0,0.0,never positive observed
771825.0,405.0,S,34548,34548,34548,0,0,0,0.0,120,0,0,0,100.0,0.0,0.0,0.0,0.0,never positive observed
771826.0,405.0,N,34548,34548,34548,0,0,0,0.0,120,0,0,0,100.0,0.0,0.0,0.0,0.0,never positive observed
771845.0,405.0,N,34548,34548,34548,0,0,0,0.0,120,0,0,0,100.0,0.0,0.0,0.0,0.0,never positive observed
771846.0,405.0,S,34548,34548,34548,0,0,0,0.0,120,0,0,0,100.0,0.0,0.0,0.0,0.0,never positive observed
771863.0,405.0,N,34548,34548,34548,0,0,0,0.0,120,0,0,0,100.0,0.0,0.0,0.0,0.0,never positive observed
771864.0,405.0,S,34548,34548,34548,0,0,0,0.0,120,0,0,0,100.0,0.0,0.0,0.0,0.0,never positive observed
771877.0,405.0,N,34548,34548,34548,0,0,0,0.0,120,0,0,0,100.0,0.0,0.0,0.0,0.0,never positive observed
771879.0,405.0,S,34548,34548,34548,0,0,0,0.0,120,0,0,0,100.0,0.0,0.0,0.0,0.0,never positive observed
771897.0,405.0,S,34548,34548,34548,0,0,0,0.0,120,0,0,0,100.0,0.0,0.0,0.0,0.0,never positive observed
771898.0,405.0,N,34548,34548,34548,0,0,0,0.0,120,0,0,0,100.0,0.0,0.0,0.0,0.0,never positive observed
771914.0,405.0,S,34548,34548,34548,0,0,0,0.0,120,0,0,0,100.0,0.0,0.0,0.0,0.0,never positive observed
771915.0,405.0,N,34548,34548,34548,0,0,0,0.0,120,0,0,0,100.0,0.0,0.0,0.0,0.0,never positive observed
771925.0,405.0,S,34548,34548,34548,0,0,0,0.0,120,0,0,0,100.0,0.0,0.0,0.0,0.0,never positive observed
771938.0,405.0,S,34548,34548,34548,0,0,0,0.0,120,0,0,0,100.0,0.0,0.0,0.0,0.0,never positive observed
771939.0,405.0,N,34548,34548,34548,0,0,0,0.0,120,0,0,0,100.0,0.0,0.0,0.0,0.0,never positive observed
771954.0,405.0,S,34548,34548,34548,0,0,0,0.0,120,0,0,0,100.0,0.0,0.0,0.0,0.0,never positive observed
771969.0,405.0,N,34548,34548,34548,0,0,0,0.0,120,0,0,0,100.0,0.0,0.0,0.0,0.0,never positive observed
771981.0,405.0,S,34548,34548,34548,0,0,0,0.0,120,0,0,0,100.0,0.0,0.0,0.0,0.0,never positive observed
771997.0,405.0,S,34548,34548,34548,0,0,0,0.0,120,0,0,0,100.0,0.0,0.0,0.0,0.0,never positive observed
772011.0,405.0,N,34548,34548,31967,2581,2581,2581,258100.0,120,9,9,9,92.52923468797036,7.47076531202964,7.47076531202964,7.47076531202964,7.47076531202964,mixed zero and positive
772024.0,405.0,N,34548,34548,31103,3445,3445,3445,344500.0,120,12,12,12,90.02836633090193,9.971633669098066,9.971633669098066,9.971633669098066,9.971633669098066,mixed zero and positive
772025.0,405.0,S,34548,34548,34548,0,0,0,0.0,120,0,0,0,100.0,0.0,0.0,0.0,0.0,never positive observed
772055.0,5.0,S,34548,34548,34548,0,0,0,0.0,120,0,0,0,100.0,0.0,0.0,0.0,0.0,never positive observed
772092.0,118.0,W,34548,34548,30815,3733,3733,3733,373300.0,120,13,13,13,89.19474354521246,10.805256454787543,10.805256454787543,10.805256454787543,10.805256454787543,mixed zero and positive
772107.0,118.0,E,34548,34548,34548,0,0,0,0.0,120,0,0,0,100.0,0.0,0.0,0.0,0.0,never positive observed
772118.0,118.0,E,34548,34548,31391,3157,3157,3157,315700.0,120,11,11,11,90.8619891165914,9.13801088340859,9.13801088340859,9.13801088340859,9.13801088340859,mixed zero and positive
772119.0,118.0,W,34548,34548,31391,3157,3157,3157,315700.0,120,11,11,11,90.8619891165914,9.13801088340859,9.13801088340859,9.13801088340859,9.13801088340859,mixed zero and positive
772125.0,118.0,E,34548,34548,34548,0,0,0,0.0,120,0,0,0,100.0,0.0,0.0,0.0,0.0,never positive observed
772126.0,118.0,W,34548,34548,34548,0,0,0,0.0,120,0,0,0,100.0,0.0,0.0,0.0,0.0,never positive observed
772132.0,118.0,E,34548,34548,34548,0,0,0,0.0,120,0,0,0,100.0,0.0,0.0,0.0,0.0,never positive observed
772133.0,118.0,W,34548,34548,34548,0,0,0,0.0,120,0,0,0,100.0,0.0,0.0,0.0,0.0,never positive observed
772140.0,101.0,S,34548,34548,34548,0,0,0,0.0,120,0,0,0,100.0,0.0,0.0,0.0,0.0,never positive observed
772151.0,101.0,S,34548,34548,34548,0,0,0,0.0,120,0,0,0,100.0,0.0,0.0,0.0,0.0,never positive observed
772167.0,101.0,S,34548,34548,34548,0,0,0,0.0,120,0,0,0,100.0,0.0,0.0,0.0,0.0,never positive observed
772168.0,101.0,N,34548,34548,34548,0,0,0,0.0,120,0,0,0,100.0,0.0,0.0,0.0,0.0,never positive observed
772178.0,101.0,N,34548,34548,34548,0,0,0,0.0,120,0,0,0,100.0,0.0,0.0,0.0,0.0,never positive observed
772193.0,101.0,S,34548,34548,34548,0,0,0,0.0,120,0,0,0,100.0,0.0,0.0,0.0,0.0,never positive observed
772208.0,101.0,S,34548,34548,34548,0,0,0,0.0,120,0,0,0,100.0,0.0,0.0,0.0,0.0,never positive observed
772340.0,101.0,N,34548,34548,34548,0,0,0,0.0,120,0,0,0,100.0,0.0,0.0,0.0,0.0,never positive observed
772354.0,101.0,N,34548,34548,34548,0,0,0,0.0,120,0,0,0,100.0,0.0,0.0,0.0,0.0,never positive observed
772355.0,101.0,S,34548,34548,34548,0,0,0,0.0,120,0,0,0,100.0,0.0,0.0,0.0,0.0,never positive observed
772396.0,47.0,S,34548,34548,34548,0,0,0,0.0,120,0,0,0,100.0,0.0,0.0,0.0,0.0,never positive observed
772420.0,47.0,N,34548,34548,34548,0,0,0,0.0,120,0,0,0,100.0,0.0,0.0,0.0,0.0,never positive observed
772421.0,47.0,S,34548,34548,34548,0,0,0,0.0,120,0,0,0,100.0,0.0,0.0,0.0,0.0,never positive observed
772437.0,405.0,N,34548,34548,34548,0,0,0,0.0,120,0,0,0,100.0,0.0,0.0,0.0,0.0,never positive observed
772438.0,405.0,S,34548,34548,34548,0,0,0,0.0,120,0,0,0,100.0,0.0,0.0,0.0,0.0,never positive observed
772454.0,405.0,S,34548,34548,3524,31024,31024,24032,2386460.0,120,109,109,85,10.200301030450388,89.79969896954961,89.79969896954961,69.56119022808846,69.07664698390644,mixed zero and positive
772455.0,405.0,N,34548,34548,3524,31024,30746,0,1383380.0,120,109,108,0,10.200301030450388,89.79969896954961,88.99502141947436,0.0,40.042260043996755,mixed zero and positive
772487.0,118.0,E,34548,34548,30815,3733,3733,3733,373300.0,120,13,13,13,89.19474354521246,10.805256454787543,10.805256454787543,10.805256454787543,10.805256454787543,mixed zero and positive
772488.0,118.0,W,34548,34548,30815,3733,3733,3733,373300.0,120,13,13,13,89.19474354521246,10.805256454787543,10.805256454787543,10.805256454787543,10.805256454787543,mixed zero and positive
772501.0,110.0,N,34548,34548,34548,0,0,0,0.0,120,0,0,0,100.0,0.0,0.0,0.0,0.0,never positive observed
772513.0,110.0,N,34548,34548,34548,0,0,0,0.0,120,0,0,0,100.0,0.0,0.0,0.0,0.0,never positive observed
772527.0,405.0,S,34548,34548,34548,0,0,0,0.0,120,0,0,0,100.0,0.0,0.0,0.0,0.0,never positive observed
772564.0,101.0,S,34548,34548,34548,0,0,0,0.0,120,0,0,0,100.0,0.0,0.0,0.0,0.0,never positive observed
772582.0,101.0,S,34548,34548,34548,0,0,0,0.0,120,0,0,0,100.0,0.0,0.0,0.0,0.0,never positive observed
772583.0,101.0,N,34548,34548,34548,0,0,0,0.0,120,0,0,0,100.0,0.0,0.0,0.0,0.0,never positive observed
772596.0,101.0,N,34548,34548,34548,0,0,0,0.0,120,0,0,0,100.0,0.0,0.0,0.0,0.0,never positive observed
772597.0,101.0,S,34548,34548,34548,0,0,0,0.0,120,0,0,0,100.0,0.0,0.0,0.0,0.0,never positive observed
772609.0,101.0,N,34548,34548,23644,10904,10904,10903,872280.0,120,38,38,38,68.4381150862568,31.5618849137432,31.5618849137432,31.558990390181776,25.248350121569988,mixed zero and positive
772610.0,101.0,S,34548,34548,23644,10904,10904,0,654240.0,120,38,38,0,68.4381150862568,31.5618849137432,31.5618849137432,0.0,18.93713094824592,mixed zero and positive
772669.0,110.0,N,34548,34548,34548,0,0,0,0.0,120,0,0,0,100.0,0.0,0.0,0.0,0.0,never positive observed
772689.0,710.0,N,34548,34548,34548,0,0,0,0.0,120,0,0,0,100.0,0.0,0.0,0.0,0.0,never positive observed
772701.0,710.0,S,34548,34548,34548,0,0,0,0.0,120,0,0,0,100.0,0.0,0.0,0.0,0.0,never positive observed
772711.0,710.0,S,34548,34548,34548,0,0,0,0.0,120,0,0,0,100.0,0.0,0.0,0.0,0.0,never positive observed
772857.0,210.0,E,34548,34548,31380,3168,3168,3168,310940.0,120,11,11,11,90.83014935741576,9.169850642584231,9.169850642584231,9.169850642584231,9.000231561884913,mixed zero and positive
772858.0,210.0,W,34548,34548,31380,3168,3168,1152,213120.0,120,11,11,4,90.83014935741576,9.169850642584231,9.169850642584231,3.3344911427579023,6.168808614102119,mixed zero and positive
772872.0,210.0,E,34548,34548,34548,0,0,0,0.0,120,0,0,0,100.0,0.0,0.0,0.0,0.0,never positive observed
772873.0,210.0,W,34548,34548,34548,0,0,0,0.0,120,0,0,0,100.0,0.0,0.0,0.0,0.0,never positive observed
772887.0,210.0,E,34548,34548,34548,0,0,0,0.0,120,0,0,0,100.0,0.0,0.0,0.0,0.0,never positive observed
772888.0,210.0,W,34548,34548,34548,0,0,0,0.0,120,0,0,0,100.0,0.0,0.0,0.0,0.0,never positive observed
772902.0,210.0,W,34548,34548,7981,26567,26567,0,1977950.0,120,93,93,0,23.101192543707306,76.8988074562927,76.8988074562927,0.0,57.25222878314229,mixed zero and positive
772903.0,210.0,E,34548,34548,7981,26567,26567,26567,2656700.0,120,93,93,93,23.101192543707306,76.8988074562927,76.8988074562927,76.8988074562927,76.8988074562927,mixed zero and positive
772917.0,210.0,E,34548,34548,3661,30887,30887,30886,3088650.0,120,108,108,108,10.596850758365173,89.40314924163482,89.40314924163482,89.4002547180734,89.40170197985411,mixed zero and positive
772918.0,210.0,W,34548,34548,34548,0,0,0,0.0,120,0,0,0,100.0,0.0,0.0,0.0,0.0,never positive observed
772932.0,210.0,E,34548,34548,10521,24027,15772,0,1110225.0,120,85,56,0,30.45328238971865,69.54671761028135,45.65242561074447,0.0,32.135724209795065,mixed zero and positive
772933.0,210.0,W,34548,34548,3949,30599,30599,29732,3038225.0,120,107,107,104,11.43047354405465,88.56952645594535,88.56952645594535,86.05997452819265,87.94213847400718,mixed zero and positive
772953.0,210.0,E,34548,34548,3661,30887,30887,27718,3009475.0,120,108,108,97,10.596850758365173,89.40314924163482,89.40314924163482,80.23040407548918,87.10996295009842,mixed zero and positive
772954.0,210.0,W,34548,34548,34548,0,0,0,0.0,120,0,0,0,100.0,0.0,0.0,0.0,0.0,never positive observed
772966.0,210.0,E,34548,34548,34548,0,0,0,0.0,120,0,0,0,100.0,0.0,0.0,0.0,0.0,never positive observed
772967.0,210.0,W,34548,34548,34548,0,0,0,0.0,120,0,0,0,100.0,0.0,0.0,0.0,0.0,never positive observed
772980.0,710.0,N,34548,34548,34548,0,0,0,0.0,120,0,0,0,100.0,0.0,0.0,0.0,0.0,never positive observed
772999.0,405.0,S,34548,34548,34548,0,0,0,0.0,120,0,0,0,100.0,0.0,0.0,0.0,0.0,never positive observed
773000.0,405.0,N,34548,34548,34548,0,0,0,0.0,120,0,0,0,100.0,0.0,0.0,0.0,0.0,never positive observed
773012.0,110.0,S,34548,34548,34548,0,0,0,0.0,120,0,0,0,100.0,0.0,0.0,0.0,0.0,never positive observed
773013.0,110.0,N,34548,34548,34548,0,0,0,0.0,120,0,0,0,100.0,0.0,0.0,0.0,0.0,never positive observed
773023.0,101.0,N,34548,34548,34548,0,0,0,0.0,120,0,0,0,100.0,0.0,0.0,0.0,0.0,never positive observed
773024.0,101.0,S,34548,34548,34548,0,0,0,0.0,120,0,0,0,100.0,0.0,0.0,0.0,0.0,never positive observed
773047.0,105.0,E,34548,34548,34548,0,0,0,0.0,120,0,0,0,100.0,0.0,0.0,0.0,0.0,never positive observed
773062.0,101.0,S,34548,34548,34548,0,0,0,0.0,120,0,0,0,100.0,0.0,0.0,0.0,0.0,never positive observed
773154.0,210.0,E,34548,34548,34548,0,0,0,0.0,120,0,0,0,100.0,0.0,0.0,0.0,0.0,never positive observed
773179.0,210.0,W,34548,34548,34548,0,0,0,0.0,120,0,0,0,100.0,0.0,0.0,0.0,0.0,never positive observed
773193.0,210.0,E,34548,34548,34548,0,0,0,0.0,120,0,0,0,100.0,0.0,0.0,0.0,0.0,never positive observed
773194.0,210.0,W,34548,34548,34548,0,0,0,0.0,120,0,0,0,100.0,0.0,0.0,0.0,0.0,never positive observed
773221.0,60.0,W,34548,34548,34548,0,0,0,0.0,120,0,0,0,100.0,0.0,0.0,0.0,0.0,never positive observed
773222.0,60.0,E,34548,34548,34548,0,0,0,0.0,120,0,0,0,100.0,0.0,0.0,0.0,0.0,never positive observed
773232.0,60.0,E,34548,34548,34548,0,0,0,0.0,120,0,0,0,100.0,0.0,0.0,0.0,0.0,never positive observed
773233.0,60.0,W,34548,34548,34548,0,0,0,0.0,120,0,0,0,100.0,0.0,0.0,0.0,0.0,never positive observed
773245.0,60.0,E,34548,34548,34548,0,0,0,0.0,120,0,0,0,100.0,0.0,0.0,0.0,0.0,never positive observed
773246.0,60.0,W,34548,34548,34548,0,0,0,0.0,120,0,0,0,100.0,0.0,0.0,0.0,0.0,never positive observed
773257.0,60.0,W,34548,34548,34548,0,0,0,0.0,120,0,0,0,100.0,0.0,0.0,0.0,0.0,never positive observed
773258.0,60.0,E,34548,34548,34548,0,0,0,0.0,120,0,0,0,100.0,0.0,0.0,0.0,0.0,never positive observed
773273.0,60.0,W,34548,34548,34548,0,0,0,0.0,120,0,0,0,100.0,0.0,0.0,0.0,0.0,never positive observed
773274.0,60.0,E,34548,34548,34548,0,0,0,0.0,120,0,0,0,100.0,0.0,0.0,0.0,0.0,never positive observed
773281.0,60.0,E,34548,34548,34548,0,0,0,0.0,120,0,0,0,100.0,0.0,0.0,0.0,0.0,never positive observed
773293.0,60.0,E,34548,34548,34548,0,0,0,0.0,120,0,0,0,100.0,0.0,0.0,0.0,0.0,never positive observed
773294.0,60.0,W,34548,34548,34548,0,0,0,0.0,120,0,0,0,100.0,0.0,0.0,0.0,0.0,never positive observed
773304.0,60.0,E,34548,34548,34548,0,0,0,0.0,120,0,0,0,100.0,0.0,0.0,0.0,0.0,never positive observed
773305.0,60.0,W,34548,34548,34548,0,0,0,0.0,120,0,0,0,100.0,0.0,0.0,0.0,0.0,never positive observed
773316.0,60.0,W,34548,34548,34548,0,0,0,0.0,120,0,0,0,100.0,0.0,0.0,0.0,0.0,never positive observed
773317.0,60.0,E,34548,34548,34548,0,0,0,0.0,120,0,0,0,100.0,0.0,0.0,0.0,0.0,never positive observed
773329.0,60.0,W,34548,34548,34548,0,0,0,0.0,120,0,0,0,100.0,0.0,0.0,0.0,0.0,never positive observed
773330.0,60.0,E,34548,34548,34548,0,0,0,0.0,120,0,0,0,100.0,0.0,0.0,0.0,0.0,never positive observed
773342.0,60.0,E,34548,34548,34548,0,0,0,0.0,120,0,0,0,100.0,0.0,0.0,0.0,0.0,never positive observed
773343.0,60.0,W,34548,34548,34548,0,0,0,0.0,120,0,0,0,100.0,0.0,0.0,0.0,0.0,never positive observed
773362.0,91.0,W,34548,34548,34548,0,0,0,0.0,120,0,0,0,100.0,0.0,0.0,0.0,0.0,never positive observed
773363.0,91.0,E,34548,34548,34548,0,0,0,0.0,120,0,0,0,100.0,0.0,0.0,0.0,0.0,never positive observed
773407.0,60.0,W,34548,34548,34548,0,0,0,0.0,120,0,0,0,100.0,0.0,0.0,0.0,0.0,never positive observed
773409.0,60.0,E,34548,34548,34548,0,0,0,0.0,120,0,0,0,100.0,0.0,0.0,0.0,0.0,never positive observed
773422.0,60.0,W,34548,34548,34548,0,0,0,0.0,120,0,0,0,100.0,0.0,0.0,0.0,0.0,never positive observed
773424.0,60.0,E,34548,34548,34548,0,0,0,0.0,120,0,0,0,100.0,0.0,0.0,0.0,0.0,never positive observed
773437.0,60.0,W,34548,34548,34548,0,0,0,0.0,120,0,0,0,100.0,0.0,0.0,0.0,0.0,never positive observed
773439.0,60.0,E,34548,34548,34548,0,0,0,0.0,120,0,0,0,100.0,0.0,0.0,0.0,0.0,never positive observed
773458.0,60.0,W,34548,34548,34548,0,0,0,0.0,120,0,0,0,100.0,0.0,0.0,0.0,0.0,never positive observed
773460.0,60.0,E,34548,34548,34548,0,0,0,0.0,120,0,0,0,100.0,0.0,0.0,0.0,0.0,never positive observed
773473.0,60.0,E,34548,34548,34548,0,0,0,0.0,120,0,0,0,100.0,0.0,0.0,0.0,0.0,never positive observed
773474.0,60.0,W,34548,34548,34548,0,0,0,0.0,120,0,0,0,100.0,0.0,0.0,0.0,0.0,never positive observed
773490.0,60.0,W,34548,34548,34548,0,0,0,0.0,120,0,0,0,100.0,0.0,0.0,0.0,0.0,never positive observed
773492.0,60.0,E,34548,34548,34548,0,0,0,0.0,120,0,0,0,100.0,0.0,0.0,0.0,0.0,never positive observed
773505.0,60.0,E,34548,34548,34548,0,0,0,0.0,120,0,0,0,100.0,0.0,0.0,0.0,0.0,never positive observed
773507.0,60.0,E,34548,34548,34548,0,0,0,0.0,120,0,0,0,100.0,0.0,0.0,0.0,0.0,never positive observed
773520.0,60.0,E,34548,34548,34548,0,0,0,0.0,120,0,0,0,100.0,0.0,0.0,0.0,0.0,never positive observed
773522.0,60.0,W,34548,34548,34548,0,0,0,0.0,120,0,0,0,100.0,0.0,0.0,0.0,0.0,never positive observed
773535.0,60.0,E,34548,34548,34548,0,0,0,0.0,120,0,0,0,100.0,0.0,0.0,0.0,0.0,never positive observed
773537.0,60.0,W,34548,34548,34548,0,0,0,0.0,120,0,0,0,100.0,0.0,0.0,0.0,0.0,never positive observed
773647.0,10.0,W,34548,34548,34548,0,0,0,0.0,120,0,0,0,100.0,0.0,0.0,0.0,0.0,never positive observed
773656.0,105.0,E,34548,34548,34548,0,0,0,0.0,120,0,0,0,100.0,0.0,0.0,0.0,0.0,never positive observed
773711.0,605.0,S,34548,34548,34548,0,0,0,0.0,120,0,0,0,100.0,0.0,0.0,0.0,0.0,never positive observed
773712.0,605.0,N,34548,34548,34548,0,0,0,0.0,120,0,0,0,100.0,0.0,0.0,0.0,0.0,never positive observed
773723.0,605.0,N,34548,34548,10664,23884,23579,0,1739450.0,120,84,83,0,30.867199259001968,69.13280074099804,68.24997105476439,0.0,50.34879008915133,mixed zero and positive
773724.0,605.0,S,34548,34548,34548,0,0,0,0.0,120,0,0,0,100.0,0.0,0.0,0.0,0.0,never positive observed
773736.0,605.0,N,34548,34548,34548,0,0,0,0.0,120,0,0,0,100.0,0.0,0.0,0.0,0.0,never positive observed
773737.0,605.0,S,34548,34548,34548,0,0,0,0.0,120,0,0,0,100.0,0.0,0.0,0.0,0.0,never positive observed
773743.0,605.0,N,34548,34548,34548,0,0,0,0.0,120,0,0,0,100.0,0.0,0.0,0.0,0.0,never positive observed
773749.0,605.0,N,34548,34548,34548,0,0,0,0.0,120,0,0,0,100.0,0.0,0.0,0.0,0.0,never positive observed
773773.0,605.0,S,34548,34548,34548,0,0,0,0.0,120,0,0,0,100.0,0.0,0.0,0.0,0.0,never positive observed
773774.0,605.0,N,34548,34548,34548,0,0,0,0.0,120,0,0,0,100.0,0.0,0.0,0.0,0.0,never positive observed
773784.0,605.0,S,34548,34548,34548,0,0,0,0.0,120,0,0,0,100.0,0.0,0.0,0.0,0.0,never positive observed
773785.0,605.0,N,34548,34548,34548,0,0,0,0.0,120,0,0,0,100.0,0.0,0.0,0.0,0.0,never positive observed
773795.0,605.0,N,34548,34548,34548,0,0,0,0.0,120,0,0,0,100.0,0.0,0.0,0.0,0.0,never positive observed
773796.0,605.0,S,34548,34548,34548,0,0,0,0.0,120,0,0,0,100.0,0.0,0.0,0.0,0.0,never positive observed
773798.0,605.0,S,34548,34548,34548,0,0,0,0.0,120,0,0,0,100.0,0.0,0.0,0.0,0.0,never positive observed
773807.0,605.0,N,34548,34548,34548,0,0,0,0.0,120,0,0,0,100.0,0.0,0.0,0.0,0.0,never positive observed
773869.0,134.0,E,34548,34548,34548,0,0,0,0.0,120,0,0,0,100.0,0.0,0.0,0.0,0.0,never positive observed
773870.0,134.0,W,34548,34548,34548,0,0,0,0.0,120,0,0,0,100.0,0.0,0.0,0.0,0.0,never positive observed
773880.0,134.0,E,34548,34548,34548,0,0,0,0.0,120,0,0,0,100.0,0.0,0.0,0.0,0.0,never positive observed
773890.0,134.0,E,34548,34548,2660,31888,31888,31887,3188775.0,120,112,112,112,7.699432673381962,92.30056732661804,92.30056732661804,92.29767280305661,92.29984369572769,mixed zero and positive
773904.0,134.0,E,34548,34548,22492,12056,3704,1109,471125.0,120,43,14,5,65.1036239434989,34.8963760565011,10.72131527150631,3.210026629616765,13.636824128748408,mixed zero and positive
773906.0,134.0,W,34548,34548,22492,12056,12056,0,602800.0,120,43,43,0,65.1036239434989,34.8963760565011,34.8963760565011,0.0,17.44818802825055,mixed zero and positive
773916.0,134.0,E,34548,34548,34548,0,0,0,0.0,120,0,0,0,100.0,0.0,0.0,0.0,0.0,never positive observed
773927.0,134.0,E,34548,34548,4377,30171,29883,29595,2988300.0,120,106,105,104,12.669329628343174,87.33067037165682,86.49704758596735,85.66342480027788,86.49704758596735,mixed zero and positive
773939.0,134.0,W,34548,34548,34548,0,0,0,0.0,120,0,0,0,100.0,0.0,0.0,0.0,0.0,never positive observed
773953.0,134.0,E,34548,34548,34548,0,0,0,0.0,120,0,0,0,100.0,0.0,0.0,0.0,0.0,never positive observed
773954.0,134.0,W,34548,34548,34548,0,0,0,0.0,120,0,0,0,100.0,0.0,0.0,0.0,0.0,never positive observed
773974.0,134.0,E,34548,34548,34548,0,0,0,0.0,120,0,0,0,100.0,0.0,0.0,0.0,0.0,never positive observed
773975.0,134.0,W,34548,34548,34548,0,0,0,0.0,120,0,0,0,100.0,0.0,0.0,0.0,0.0,never positive observed
773995.0,134.0,E,34548,34548,34548,0,0,0,0.0,120,0,0,0,100.0,0.0,0.0,0.0,0.0,never positive observed
773996.0,134.0,W,34548,34548,34548,0,0,0,0.0,120,0,0,0,100.0,0.0,0.0,0.0,0.0,never positive observed
774011.0,134.0,E,34548,34548,34548,0,0,0,0.0,120,0,0,0,100.0,0.0,0.0,0.0,0.0,never positive observed
774012.0,134.0,W,34548,34548,34548,0,0,0,0.0,120,0,0,0,100.0,0.0,0.0,0.0,0.0,never positive observed
774031.0,134.0,E,34548,34548,34548,0,0,0,0.0,120,0,0,0,100.0,0.0,0.0,0.0,0.0,never positive observed
774032.0,134.0,W,34548,34548,34548,0,0,0,0.0,120,0,0,0,100.0,0.0,0.0,0.0,0.0,never positive observed
774053.0,134.0,W,34548,34548,34548,0,0,0,0.0,120,0,0,0,100.0,0.0,0.0,0.0,0.0,never positive observed
774054.0,134.0,E,34548,34548,34548,0,0,0,0.0,120,0,0,0,100.0,0.0,0.0,0.0,0.0,never positive observed
774067.0,134.0,W,34548,34548,34548,0,0,0,0.0,120,0,0,0,100.0,0.0,0.0,0.0,0.0,never positive observed
774092.0,5.0,N,34548,34548,34548,0,0,0,0.0,120,0,0,0,100.0,0.0,0.0,0.0,0.0,never positive observed
774125.0,60.0,W,34548,34548,34548,0,0,0,0.0,120,0,0,0,100.0,0.0,0.0,0.0,0.0,never positive observed
774164.0,60.0,E,34548,34548,34548,0,0,0,0.0,120,0,0,0,100.0,0.0,0.0,0.0,0.0,never positive observed
774165.0,60.0,W,34548,34548,34548,0,0,0,0.0,120,0,0,0,100.0,0.0,0.0,0.0,0.0,never positive observed
774180.0,60.0,E,34548,34548,34548,0,0,0,0.0,120,0,0,0,100.0,0.0,0.0,0.0,0.0,never positive observed
774181.0,60.0,W,34548,34548,34548,0,0,0,0.0,120,0,0,0,100.0,0.0,0.0,0.0,0.0,never positive observed
774204.0,134.0,W,34548,34548,3236,31312,31312,31312,3131200.0,120,110,110,110,9.366678244760912,90.63332175523908,90.63332175523908,90.63332175523908,90.63332175523908,mixed zero and positive
774216.0,90.0,W,34548,34548,34548,0,0,0,0.0,120,0,0,0,100.0,0.0,0.0,0.0,0.0,never positive observed
774217.0,90.0,E,34548,34548,34548,0,0,0,0.0,120,0,0,0,100.0,0.0,0.0,0.0,0.0,never positive observed
774226.0,90.0,W,34548,34548,34548,0,0,0,0.0,120,0,0,0,100.0,0.0,0.0,0.0,0.0,never positive observed
774227.0,90.0,E,34548,34548,34548,0,0,0,0.0,120,0,0,0,100.0,0.0,0.0,0.0,0.0,never positive observed
774235.0,90.0,W,34548,34548,34548,0,0,0,0.0,120,0,0,0,100.0,0.0,0.0,0.0,0.0,never positive observed
774236.0,90.0,E,34548,34548,34548,0,0,0,0.0,120,0,0,0,100.0,0.0,0.0,0.0,0.0,never positive observed
774244.0,90.0,E,34548,34548,34548,0,0,0,0.0,120,0,0,0,100.0,0.0,0.0,0.0,0.0,never positive observed
774245.0,90.0,W,34548,34548,34548,0,0,0,0.0,120,0,0,0,100.0,0.0,0.0,0.0,0.0,never positive observed
774278.0,90.0,W,34548,34548,2660,31888,31825,0,2134354.0,120,112,112,0,7.699432673381962,92.30056732661804,92.11821234224847,0.0,61.77937941414843,mixed zero and positive
774279.0,90.0,E,34548,34548,2660,31888,29624,0,2059520.0,120,112,103,0,7.699432673381962,92.30056732661804,85.7473659835591,0.0,59.61329165219405,mixed zero and positive
774301.0,90.0,W,34548,34548,34548,0,0,0,0.0,120,0,0,0,100.0,0.0,0.0,0.0,0.0,never positive observed
774302.0,90.0,E,34548,34548,34548,0,0,0,0.0,120,0,0,0,100.0,0.0,0.0,0.0,0.0,never positive observed
774327.0,405.0,S,34548,34548,34548,0,0,0,0.0,120,0,0,0,100.0,0.0,0.0,0.0,0.0,never positive observed
774344.0,5.0,S,34548,34548,34548,0,0,0,0.0,120,0,0,0,100.0,0.0,0.0,0.0,0.0,never positive observed
774358.0,710.0,S,34548,34548,34548,0,0,0,0.0,120,0,0,0,100.0,0.0,0.0,0.0,0.0,never positive observed
774359.0,710.0,N,34548,34548,34548,0,0,0,0.0,120,0,0,0,100.0,0.0,0.0,0.0,0.0,never positive observed
774372.0,710.0,S,34548,34548,34548,0,0,0,0.0,120,0,0,0,100.0,0.0,0.0,0.0,0.0,never positive observed
774373.0,710.0,N,34548,34548,34548,0,0,0,0.0,120,0,0,0,100.0,0.0,0.0,0.0,0.0,never positive observed
774389.0,710.0,S,34548,34548,34548,0,0,0,0.0,120,0,0,0,100.0,0.0,0.0,0.0,0.0,never positive observed
774411.0,710.0,N,34548,34548,34548,0,0,0,0.0,120,0,0,0,100.0,0.0,0.0,0.0,0.0,never positive observed
774440.0,10.0,E,34548,34548,34548,0,0,0,0.0,120,0,0,0,100.0,0.0,0.0,0.0,0.0,never positive observed
774441.0,10.0,W,34548,34548,34548,0,0,0,0.0,120,0,0,0,100.0,0.0,0.0,0.0,0.0,never positive observed
774444.0,710.0,N,34548,34548,34548,0,0,0,0.0,120,0,0,0,100.0,0.0,0.0,0.0,0.0,never positive observed
774445.0,710.0,S,34548,34548,34548,0,0,0,0.0,120,0,0,0,100.0,0.0,0.0,0.0,0.0,never positive observed
774475.0,60.0,E,34548,34548,2356,32192,31903,17238,2744750.0,120,113,112,61,6.819497510709737,93.18050248929026,92.34398518003937,49.89579715178881,79.44743545212458,mixed zero and positive
774491.0,60.0,W,34548,34548,932,33616,33615,32476,3332975.0,120,118,118,114,2.697695959245108,97.30230404075489,97.29940951719347,94.00254718073406,96.4737466712979,mixed zero and positive
774614.0,105.0,E,34548,34548,34548,0,0,0,0.0,120,0,0,0,100.0,0.0,0.0,0.0,0.0,never positive observed
774658.0,110.0,N,34548,34548,34548,0,0,0,0.0,120,0,0,0,100.0,0.0,0.0,0.0,0.0,never positive observed
774671.0,110.0,S,34548,34548,34548,0,0,0,0.0,120,0,0,0,100.0,0.0,0.0,0.0,0.0,never positive observed
774672.0,110.0,N,34548,34548,34548,0,0,0,0.0,120,0,0,0,100.0,0.0,0.0,0.0,0.0,never positive observed
774685.0,110.0,N,34548,34548,34548,0,0,0,0.0,120,0,0,0,100.0,0.0,0.0,0.0,0.0,never positive observed
774703.0,110.0,S,34548,34548,34548,0,0,0,0.0,120,0,0,0,100.0,0.0,0.0,0.0,0.0,never positive observed
774704.0,110.0,N,34548,34548,34548,0,0,0,0.0,120,0,0,0,100.0,0.0,0.0,0.0,0.0,never positive observed
774728.0,10.0,W,34548,34548,1220,33328,33328,33328,3332800.0,120,117,117,117,3.531318744934584,96.46868125506542,96.46868125506542,96.46868125506542,96.46868125506542,mixed zero and positive
774729.0,10.0,E,34548,34548,1221,33327,33327,33327,3332700.0,120,117,117,117,3.5342132684960057,96.465786731504,96.465786731504,96.465786731504,96.465786731504,mixed zero and positive
774743.0,10.0,W,34548,34548,34548,0,0,0,0.0,120,0,0,0,100.0,0.0,0.0,0.0,0.0,never positive observed
774744.0,10.0,E,34548,34548,34548,0,0,0,0.0,120,0,0,0,100.0,0.0,0.0,0.0,0.0,never positive observed
774799.0,57.0,N,34548,34548,2087,32461,32461,32461,2596880.0,120,114,114,114,6.040870672687276,93.95912932731272,93.95912932731272,93.95912932731272,75.16730346185018,mixed zero and positive
774800.0,57.0,S,34548,34548,2084,32464,32461,32461,2596940.0,120,114,114,114,6.03218710200301,93.96781289799699,93.95912932731272,93.95912932731272,75.16904017598704,mixed zero and positive
774812.0,57.0,S,34548,34548,34548,0,0,0,0.0,120,0,0,0,100.0,0.0,0.0,0.0,0.0,never positive observed
774813.0,57.0,N,34548,34548,34548,0,0,0,0.0,120,0,0,0,100.0,0.0,0.0,0.0,0.0,never positive observed
774826.0,57.0,N,34548,34548,34548,0,0,0,0.0,120,0,0,0,100.0,0.0,0.0,0.0,0.0,never positive observed
774827.0,57.0,S,34548,34548,34548,0,0,0,0.0,120,0,0,0,100.0,0.0,0.0,0.0,0.0,never positive observed
774841.0,57.0,N,34548,34548,5336,29212,17412,541,1106580.0,120,103,62,2,15.44517772374667,84.55482227625333,50.399444251476204,1.5659372467291883,32.030218825981244,mixed zero and positive
774842.0,57.0,S,34548,34548,34548,0,0,0,0.0,120,0,0,0,100.0,0.0,0.0,0.0,0.0,never positive observed
774854.0,57.0,N,34548,34548,34548,0,0,0,0.0,120,0,0,0,100.0,0.0,0.0,0.0,0.0,never positive observed
774855.0,57.0,S,34548,34548,34548,0,0,0,0.0,120,0,0,0,100.0,0.0,0.0,0.0,0.0,never positive observed
774865.0,57.0,S,34548,34548,34548,0,0,0,0.0,120,0,0,0,100.0,0.0,0.0,0.0,0.0,never positive observed
774866.0,57.0,N,34548,34548,34548,0,0,0,0.0,120,0,0,0,100.0,0.0,0.0,0.0,0.0,never positive observed
774877.0,57.0,N,34548,34548,1508,33040,33040,27396,3155325.0,120,116,116,97,4.364941530624059,95.63505846937593,95.63505846937593,79.29836748871136,91.33162556443209,mixed zero and positive
774878.0,57.0,S,34548,34548,1508,33040,33040,32449,3289125.0,120,116,116,114,4.364941530624059,95.63505846937593,95.63505846937593,93.92439504457566,95.20449808961445,mixed zero and positive
774890.0,57.0,S,34548,34548,34548,0,0,0,0.0,120,0,0,0,100.0,0.0,0.0,0.0,0.0,never positive observed
774891.0,57.0,S,34548,34548,34548,0,0,0,0.0,120,0,0,0,100.0,0.0,0.0,0.0,0.0,never positive observed
774901.0,57.0,S,34548,34548,34548,0,0,0,0.0,120,0,0,0,100.0,0.0,0.0,0.0,0.0,never positive observed
774902.0,57.0,N,34548,34548,34548,0,0,0,0.0,120,0,0,0,100.0,0.0,0.0,0.0,0.0,never positive observed
774926.0,60.0,W,34548,34548,34548,0,0,0,0.0,120,0,0,0,100.0,0.0,0.0,0.0,0.0,never positive observed
774927.0,60.0,E,34548,34548,34548,0,0,0,0.0,120,0,0,0,100.0,0.0,0.0,0.0,0.0,never positive observed
774946.0,60.0,W,34548,34548,34548,0,0,0,0.0,120,0,0,0,100.0,0.0,0.0,0.0,0.0,never positive observed
774947.0,60.0,E,34548,34548,34548,0,0,0,0.0,120,0,0,0,100.0,0.0,0.0,0.0,0.0,never positive observed
774958.0,60.0,W,34548,34548,34548,0,0,0,0.0,120,0,0,0,100.0,0.0,0.0,0.0,0.0,never positive observed
775012.0,5.0,N,34548,34548,34548,0,0,0,0.0,120,0,0,0,100.0,0.0,0.0,0.0,0.0,never positive observed
775029.0,10.0,W,34548,34548,6393,28155,28155,27572,2800900.0,120,99,99,97,18.504689128169503,81.4953108718305,81.4953108718305,79.8078036355216,81.07271043186292,mixed zero and positive
775030.0,10.0,E,34548,34548,34548,0,0,0,0.0,120,0,0,0,100.0,0.0,0.0,0.0,0.0,never positive observed
775100.0,71.0,S,34548,34548,34548,0,0,0,0.0,120,0,0,0,100.0,0.0,0.0,0.0,0.0,never positive observed
775101.0,71.0,N,34548,34548,34548,0,0,0,0.0,120,0,0,0,100.0,0.0,0.0,0.0,0.0,never positive observed
775120.0,405.0,N,34548,34548,13853,20695,20695,19239,1747060.0,120,72,72,67,40.09783489637606,59.90216510362394,59.90216510362394,55.68773879819382,50.569063332175524,mixed zero and positive
775121.0,405.0,S,34548,34548,13853,20695,20695,19543,2040700.0,120,72,72,68,40.09783489637606,59.90216510362394,59.90216510362394,56.56767396086604,59.068542317934465,mixed zero and positive
775136.0,405.0,S,34548,34548,1797,32751,32184,0,1666400.0,120,115,113,0,5.201458839874957,94.79854116012504,93.15734630079889,0.0,48.23434062753271,mixed zero and positive
775137.0,405.0,N,34548,34548,1797,32751,32751,32171,3094020.0,120,115,115,113,5.201458839874957,94.79854116012504,94.79854116012504,93.1197174945004,89.55713789510247,mixed zero and positive
775155.0,405.0,N,34548,34548,34548,0,0,0,0.0,120,0,0,0,100.0,0.0,0.0,0.0,0.0,never positive observed
775156.0,405.0,S,34548,34548,34548,0,0,0,0.0,120,0,0,0,100.0,0.0,0.0,0.0,0.0,never positive observed
775165.0,405.0,S,34548,34548,34548,0,0,0,0.0,120,0,0,0,100.0,0.0,0.0,0.0,0.0,never positive observed
775183.0,405.0,N,34548,34548,34548,0,0,0,0.0,120,0,0,0,100.0,0.0,0.0,0.0,0.0,never positive observed
775184.0,405.0,S,34548,34548,34548,0,0,0,0.0,120,0,0,0,100.0,0.0,0.0,0.0,0.0,never positive observed
775225.0,405.0,N,34548,34548,34548,0,0,0,0.0,120,0,0,0,100.0,0.0,0.0,0.0,0.0,never positive observed
775239.0,405.0,S,34548,34548,34548,0,0,0,0.0,120,0,0,0,100.0,0.0,0.0,0.0,0.0,never positive observed
775249.0,405.0,S,34548,34548,34548,0,0,0,0.0,120,0,0,0,100.0,0.0,0.0,0.0,0.0,never positive observed
775261.0,405.0,N,34548,34548,34548,0,0,0,0.0,120,0,0,0,100.0,0.0,0.0,0.0,0.0,never positive observed
775302.0,101.0,N,34548,34548,34548,0,0,0,0.0,120,0,0,0,100.0,0.0,0.0,0.0,0.0,never positive observed
775314.0,101.0,S,34548,34548,34548,0,0,0,0.0,120,0,0,0,100.0,0.0,0.0,0.0,0.0,never positive observed
775365.0,101.0,N,34548,34548,34548,0,0,0,0.0,120,0,0,0,100.0,0.0,0.0,0.0,0.0,never positive observed
775462.0,5.0,N,34548,34548,34548,0,0,0,0.0,120,0,0,0,100.0,0.0,0.0,0.0,0.0,never positive observed
775511.0,14.0,S,34548,34548,18473,16075,15787,15787,1588204.0,120,56,55,55,53.470533750144725,46.529466249855275,45.6958434641658,45.6958434641658,45.970938983443325,mixed zero and positive
775520.0,5.0,N,34548,34548,34548,0,0,0,0.0,120,0,0,0,100.0,0.0,0.0,0.0,0.0,never positive observed
775535.0,5.0,N,34548,34548,19934,14614,14049,0,854200.0,120,51,50,0,57.69943267338196,42.30056732661804,40.66516151441473,0.0,24.72502026166493,mixed zero and positive
775536.0,5.0,S,34548,34548,19934,14614,14050,10275,1317525.0,120,51,50,37,57.69943267338196,42.30056732661804,40.66805603797615,29.741229593608892,38.13607155262244,mixed zero and positive
775552.0,10.0,E,34548,34548,2372,32176,32176,32176,3217600.0,120,113,113,113,6.865809887692486,93.13419011230751,93.13419011230751,93.13419011230751,93.13419011230751,mixed zero and positive
775610.0,110.0,S,34548,34548,34548,0,0,0,0.0,120,0,0,0,100.0,0.0,0.0,0.0,0.0,never positive observed
775636.0,110.0,S,34548,34548,34548,0,0,0,0.0,120,0,0,0,100.0,0.0,0.0,0.0,0.0,never positive observed
775637.0,110.0,N,34548,34548,34548,0,0,0,0.0,120,0,0,0,100.0,0.0,0.0,0.0,0.0,never positive observed
775689.0,605.0,N,34548,34548,34548,0,0,0,0.0,120,0,0,0,100.0,0.0,0.0,0.0,0.0,never positive observed
775690.0,605.0,S,34548,34548,34548,0,0,0,0.0,120,0,0,0,100.0,0.0,0.0,0.0,0.0,never positive observed
775734.0,5.0,N,34548,34548,34548,0,0,0,0.0,120,0,0,0,100.0,0.0,0.0,0.0,0.0,never positive observed
775752.0,110.0,S,34548,34548,34548,0,0,0,0.0,120,0,0,0,100.0,0.0,0.0,0.0,0.0,never positive observed
775762.0,47.0,S,34548,34548,34548,0,0,0,0.0,120,0,0,0,100.0,0.0,0.0,0.0,0.0,never positive observed
775763.0,47.0,S,34548,34548,34548,0,0,0,0.0,120,0,0,0,100.0,0.0,0.0,0.0,0.0,never positive observed
775773.0,110.0,N,34548,34548,34548,0,0,0,0.0,120,0,0,0,100.0,0.0,0.0,0.0,0.0,never positive observed
775774.0,110.0,S,34548,34548,34548,0,0,0,0.0,120,0,0,0,100.0,0.0,0.0,0.0,0.0,never positive observed
775795.0,210.0,W,34548,34548,1220,33328,33328,33326,3332700.0,120,117,117,117,3.531318744934584,96.46868125506542,96.46868125506542,96.46289220794257,96.465786731504,mixed zero and positive
775825.0,110.0,N,34548,34548,34548,0,0,0,0.0,120,0,0,0,100.0,0.0,0.0,0.0,0.0,never positive observed
775936.0,405.0,N,34548,34548,34548,0,0,0,0.0,120,0,0,0,100.0,0.0,0.0,0.0,0.0,never positive observed
775949.0,126.0,W,34548,34548,34548,0,0,0,0.0,120,0,0,0,100.0,0.0,0.0,0.0,0.0,never positive observed
775961.0,126.0,E,34548,34548,34548,0,0,0,0.0,120,0,0,0,100.0,0.0,0.0,0.0,0.0,never positive observed
775975.0,126.0,E,34548,34548,34548,0,0,0,0.0,120,0,0,0,100.0,0.0,0.0,0.0,0.0,never positive observed
775990.0,101.0,S,34548,34548,34548,0,0,0,0.0,120,0,0,0,100.0,0.0,0.0,0.0,0.0,never positive observed
776019.0,605.0,S,34548,34548,34548,0,0,0,0.0,120,0,0,0,100.0,0.0,0.0,0.0,0.0,never positive observed
776020.0,605.0,N,34548,34548,34548,0,0,0,0.0,120,0,0,0,100.0,0.0,0.0,0.0,0.0,never positive observed
776052.0,101.0,N,34548,34548,34548,0,0,0,0.0,120,0,0,0,100.0,0.0,0.0,0.0,0.0,never positive observed
776060.0,101.0,N,34548,34548,34548,0,0,0,0.0,120,0,0,0,100.0,0.0,0.0,0.0,0.0,never positive observed
776066.0,101.0,N,34548,34548,34548,0,0,0,0.0,120,0,0,0,100.0,0.0,0.0,0.0,0.0,never positive observed
776073.0,101.0,N,34548,34548,34548,0,0,0,0.0,120,0,0,0,100.0,0.0,0.0,0.0,0.0,never positive observed
776081.0,101.0,N,34548,34548,34548,0,0,0,0.0,120,0,0,0,100.0,0.0,0.0,0.0,0.0,never positive observed
776136.0,101.0,N,34548,34548,34548,0,0,0,0.0,120,0,0,0,100.0,0.0,0.0,0.0,0.0,never positive observed
776177.0,10.0,W,34548,34548,34548,0,0,0,0.0,120,0,0,0,100.0,0.0,0.0,0.0,0.0,never positive observed
776188.0,710.0,N,34548,34548,34548,0,0,0,0.0,120,0,0,0,100.0,0.0,0.0,0.0,0.0,never positive observed
776196.0,710.0,N,34548,34548,34548,0,0,0,0.0,120,0,0,0,100.0,0.0,0.0,0.0,0.0,never positive observed
776197.0,710.0,S,34548,34548,34548,0,0,0,0.0,120,0,0,0,100.0,0.0,0.0,0.0,0.0,never positive observed
776203.0,710.0,N,34548,34548,34548,0,0,0,0.0,120,0,0,0,100.0,0.0,0.0,0.0,0.0,never positive observed
776208.0,710.0,S,34548,34548,34548,0,0,0,0.0,120,0,0,0,100.0,0.0,0.0,0.0,0.0,never positive observed
776215.0,710.0,S,34548,34548,34548,0,0,0,0.0,120,0,0,0,100.0,0.0,0.0,0.0,0.0,never positive observed
776221.0,710.0,N,34548,34548,34548,0,0,0,0.0,120,0,0,0,100.0,0.0,0.0,0.0,0.0,never positive observed
776228.0,710.0,N,34548,34548,34548,0,0,0,0.0,120,0,0,0,100.0,0.0,0.0,0.0,0.0,never positive observed
776242.0,710.0,N,34548,34548,34548,0,0,0,0.0,120,0,0,0,100.0,0.0,0.0,0.0,0.0,never positive observed
776253.0,710.0,S,34548,34548,34548,0,0,0,0.0,120,0,0,0,100.0,0.0,0.0,0.0,0.0,never positive observed
776266.0,710.0,N,34548,34548,34548,0,0,0,0.0,120,0,0,0,100.0,0.0,0.0,0.0,0.0,never positive observed
776289.0,710.0,S,34548,34548,34548,0,0,0,0.0,120,0,0,0,100.0,0.0,0.0,0.0,0.0,never positive observed
776290.0,710.0,N,34548,34548,34548,0,0,0,0.0,120,0,0,0,100.0,0.0,0.0,0.0,0.0,never positive observed
776295.0,710.0,S,34548,34548,34548,0,0,0,0.0,120,0,0,0,100.0,0.0,0.0,0.0,0.0,never positive observed
776313.0,101.0,N,34548,34548,34548,0,0,0,0.0,120,0,0,0,100.0,0.0,0.0,0.0,0.0,never positive observed
776328.0,101.0,S,34548,34548,34548,0,0,0,0.0,120,0,0,0,100.0,0.0,0.0,0.0,0.0,never positive observed
776425.0,101.0,N,34548,34548,34548,0,0,0,0.0,120,0,0,0,100.0,0.0,0.0,0.0,0.0,never positive observed
776440.0,101.0,S,34548,34548,34548,0,0,0,0.0,120,0,0,0,100.0,0.0,0.0,0.0,0.0,never positive observed
776457.0,101.0,N,34548,34548,34548,0,0,0,0.0,120,0,0,0,100.0,0.0,0.0,0.0,0.0,never positive observed
776465.0,101.0,N,34548,34548,932,33616,33616,33616,3361600.0,120,118,118,118,2.697695959245108,97.30230404075489,97.30230404075489,97.30230404075489,97.30230404075489,mixed zero and positive
776480.0,101.0,N,34548,34548,19612,14936,10314,7736,849000.0,120,53,37,28,56.767396086604144,43.232603913395856,29.854116012504342,22.392034271158966,24.574505036470995,mixed zero and positive
776487.0,605.0,N,34548,34548,33120,1428,1428,0,107100.0,120,5,5,0,95.86662035428968,4.133379645710316,4.133379645710316,0.0,3.1000347342827372,mixed zero and positive
776493.0,710.0,N,34548,34548,22204,12344,12343,12325,1233420.0,120,44,44,44,64.27000115780942,35.729998842190575,35.72710431862915,35.67500289452356,35.70163251128864,mixed zero and positive
776518.0,10.0,E,34548,34548,34548,0,0,0,0.0,120,0,0,0,100.0,0.0,0.0,0.0,0.0,never positive observed
776628.0,101.0,S,34548,34548,34548,0,0,0,0.0,120,0,0,0,100.0,0.0,0.0,0.0,0.0,never positive observed
776629.0,101.0,S,34548,34548,34548,0,0,0,0.0,120,0,0,0,100.0,0.0,0.0,0.0,0.0,never positive observed
776657.0,60.0,W,34548,34548,34548,0,0,0,0.0,120,0,0,0,100.0,0.0,0.0,0.0,0.0,never positive observed
776690.0,60.0,W,34548,34548,34548,0,0,0,0.0,120,0,0,0,100.0,0.0,0.0,0.0,0.0,never positive observed
776708.0,60.0,E,34548,34548,34548,0,0,0,0.0,120,0,0,0,100.0,0.0,0.0,0.0,0.0,never positive observed
776739.0,405.0,N,34548,34548,34548,0,0,0,0.0,120,0,0,0,100.0,0.0,0.0,0.0,0.0,never positive observed
776751.0,101.0,S,34548,34548,19612,14936,14936,14936,1493600.0,120,53,53,53,56.767396086604144,43.232603913395856,43.232603913395856,43.232603913395856,43.232603913395856,mixed zero and positive
776752.0,101.0,N,34548,34548,19612,14936,14936,14646,1484030.0,120,53,53,52,56.767396086604144,43.232603913395856,43.232603913395856,42.39319208058354,42.95559800856779,mixed zero and positive
776773.0,33.0,N,34548,34548,34548,0,0,0,0.0,120,0,0,0,100.0,0.0,0.0,0.0,0.0,never positive observed
776826.0,105.0,E,34548,34548,34548,0,0,0,0.0,120,0,0,0,100.0,0.0,0.0,0.0,0.0,never positive observed
776843.0,405.0,S,34548,34548,34548,0,0,0,0.0,120,0,0,0,100.0,0.0,0.0,0.0,0.0,never positive observed
776844.0,405.0,N,34548,34548,34548,0,0,0,0.0,120,0,0,0,100.0,0.0,0.0,0.0,0.0,never positive observed
776906.0,10.0,E,34548,34548,34548,0,0,0,0.0,120,0,0,0,100.0,0.0,0.0,0.0,0.0,never positive observed
776981.0,10.0,E,34548,34548,34548,0,0,0,0.0,120,0,0,0,100.0,0.0,0.0,0.0,0.0,never positive observed
776986.0,10.0,E,34548,34548,34548,0,0,0,0.0,120,0,0,0,100.0,0.0,0.0,0.0,0.0,never positive observed
777061.0,405.0,S,34548,34548,34548,0,0,0,0.0,120,0,0,0,100.0,0.0,0.0,0.0,0.0,never positive observed
777065.0,405.0,N,34548,34548,34548,0,0,0,0.0,120,0,0,0,100.0,0.0,0.0,0.0,0.0,never positive observed
777066.0,405.0,S,34548,34548,34548,0,0,0,0.0,120,0,0,0,100.0,0.0,0.0,0.0,0.0,never positive observed
777203.0,710.0,S,34548,34548,34548,0,0,0,0.0,120,0,0,0,100.0,0.0,0.0,0.0,0.0,never positive observed
777204.0,710.0,N,34548,34548,34548,0,0,0,0.0,120,0,0,0,100.0,0.0,0.0,0.0,0.0,never positive observed
777212.0,710.0,N,34548,34548,1779,32769,32769,22176,2927331.0,120,115,115,77,5.149357415769364,94.85064258423064,94.85064258423064,64.18895449808961,84.7322855158041,mixed zero and positive
777213.0,710.0,S,34548,34548,14456,20092,14265,144,1152798.0,120,71,50,1,41.84323260391339,58.15676739608661,41.29037860368184,0.4168113928447378,33.368009725599165,mixed zero and positive
777223.0,710.0,N,34548,34548,34548,0,0,0,0.0,120,0,0,0,100.0,0.0,0.0,0.0,0.0,never positive observed
777224.0,710.0,S,34548,34548,34548,0,0,0,0.0,120,0,0,0,100.0,0.0,0.0,0.0,0.0,never positive observed
777232.0,710.0,S,34548,34548,34548,0,0,0,0.0,120,0,0,0,100.0,0.0,0.0,0.0,0.0,never positive observed
777233.0,710.0,N,34548,34548,34548,0,0,0,0.0,120,0,0,0,100.0,0.0,0.0,0.0,0.0,never positive observed
777243.0,710.0,N,34548,34548,27935,6613,0,0,218229.0,120,23,0,0,80.85851568831771,19.141484311682298,0.0,0.0,6.3166898228551585,mixed zero and positive
777245.0,710.0,S,34548,34548,27071,7477,0,0,246741.0,120,26,0,0,78.35764733124928,21.642352668750725,0.0,0.0,7.141976380687739,mixed zero and positive
777253.0,710.0,N,34548,34548,34548,0,0,0,0.0,120,0,0,0,100.0,0.0,0.0,0.0,0.0,never positive observed
777254.0,710.0,S,34548,34548,34548,0,0,0,0.0,120,0,0,0,100.0,0.0,0.0,0.0,0.0,never positive observed
777262.0,710.0,N,34548,34548,34548,0,0,0,0.0,120,0,0,0,100.0,0.0,0.0,0.0,0.0,never positive observed
777263.0,710.0,S,34548,34548,34548,0,0,0,0.0,120,0,0,0,100.0,0.0,0.0,0.0,0.0,never positive observed
777316.0,47.0,N,34548,34548,9219,25329,25329,22457,2389300.0,120,88,88,78,26.68461271274748,73.31538728725252,73.31538728725252,65.00231561884914,69.15885145305083,mixed zero and positive
777317.0,47.0,S,34548,34548,34548,0,0,0,0.0,120,0,0,0,100.0,0.0,0.0,0.0,0.0,never positive observed
777733.0,5.0,S,34548,34548,10724,23824,17785,863,957820.0,120,84,63,3,31.040870672687277,68.95912932731272,51.479101539886535,2.4979738335070047,27.724325576010187,mixed zero and positive
777767.0,5.0,S,34548,34548,22493,12055,6909,864,454120.0,120,43,24,3,65.10651846706033,34.89348153293968,19.998263285863146,2.5008683570684265,13.144610397128632,mixed zero and positive
777781.0,5.0,N,34548,34548,29406,5142,576,288,131560.0,120,19,2,1,85.11635984716915,14.883640152830845,1.6672455713789511,0.8336227856894756,3.808035197406507,mixed zero and positive
777796.0,5.0,N,34548,34548,21157,13391,3433,845,382060.0,120,48,12,3,61.23943498900081,38.76056501099919,9.936899386361006,2.4458724094014124,11.05881671876809,mixed zero and positive
