method,station_id,start_time,end_time,duration_minutes,intervals,onset_observed,recovery_observed,left_censored,right_censored,start_speed_mph,minimum_speed_mph,prebreakdown_speed_mph,prebreakdown_flow_veh_5min,prebreakdown_occupancy_fraction
Threshold_40_15min,716152,2026-02-02 12:25:00,2026-02-02 14:55:00,155,31,True,True,False,False,35.0,26.0,40.0,437.0,0.2385
Threshold_40_15min,716152,2026-02-03 08:20:00,2026-02-03 08:35:00,20,4,True,True,False,False,36.2,32.4,40.8,506.0,0.2348
Threshold_40_15min,716152,2026-02-03 14:25:00,2026-02-03 15:10:00,50,10,True,True,False,False,37.2,30.2,42.3,520.0,0.2029
Threshold_40_15min,716152,2026-02-03 15:25:00,2026-02-03 16:20:00,60,12,True,True,False,False,34.6,30.7,41.8,512.0,0.2169
Threshold_40_15min,716152,2026-02-03 16:55:00,2026-02-03 18:15:00,85,17,True,True,False,False,37.8,29.3,45.8,531.0,0.2474
Threshold_40_15min,716152,2026-02-04 14:10:00,2026-02-04 14:20:00,15,3,True,True,False,False,39.7,35.7,41.6,512.0,0.2387
Threshold_40_15min,716152,2026-02-04 15:10:00,2026-02-04 15:25:00,20,4,True,True,False,False,38.4,33.7,43.7,509.0,0.1964
Threshold_40_15min,716152,2026-02-04 15:40:00,2026-02-04 17:40:00,125,25,True,True,False,False,33.6,22.9,43.4,505.0,0.2113
Threshold_40_15min,716152,2026-02-04 17:55:00,2026-02-04 18:15:00,25,5,True,True,False,False,35.4,32.6,42.9,520.0,0.2068
Threshold_40_15min,716152,2026-02-05 14:15:00,2026-02-05 14:25:00,15,3,True,True,False,False,39.9,33.8,43.6,523.0,0.2121
Threshold_40_15min,716152,2026-02-05 14:55:00,2026-02-05 15:15:00,25,5,True,True,False,False,34.4,34.2,42.4,527.0,0.1982
Threshold_40_15min,716152,2026-02-05 16:40:00,2026-02-05 17:05:00,30,6,True,True,False,False,39.0,31.6,41.0,506.0,0.2292
Threshold_40_15min,716152,2026-02-05 17:25:00,2026-02-05 18:40:00,80,16,True,True,False,False,34.7,31.7,40.1,533.0,0.2464
Threshold_40_15min,716152,2026-02-06 07:45:00,2026-02-06 07:55:00,15,3,True,True,False,False,39.6,36.5,51.0,609.0,0.2011
Threshold_40_15min,716152,2026-02-06 13:30:00,2026-02-06 13:50:00,25,5,True,True,False,False,39.7,32.6,41.5,484.0,0.2543
Threshold_40_15min,716152,2026-02-06 14:20:00,2026-02-06 14:35:00,20,4,True,True,False,False,38.3,31.7,42.3,471.0,0.273
Threshold_40_15min,716152,2026-02-06 14:50:00,2026-02-06 15:05:00,20,4,True,True,False,False,39.6,35.3,49.6,554.0,0.2167
Threshold_40_15min,716152,2026-02-06 15:15:00,2026-02-06 15:25:00,15,3,True,True,False,False,38.0,34.7,42.5,513.0,0.2341
Threshold_40_15min,716152,2026-02-06 16:10:00,2026-02-06 16:25:00,20,4,True,True,False,False,38.7,36.4,40.7,514.0,0.2558
Threshold_40_15min,716152,2026-02-07 14:20:00,2026-02-07 15:50:00,95,19,True,True,False,False,35.3,30.0,42.2,528.0,0.2104
Threshold_40_15min,716152,2026-02-07 16:25:00,2026-02-07 17:40:00,80,16,True,True,False,False,35.9,29.8,42.1,538.0,0.2112
Threshold_40_15min,716152,2026-02-10 14:15:00,2026-02-10 14:30:00,20,4,True,True,False,False,36.1,36.1,41.8,521.0,0.1965
Threshold_40_15min,716152,2026-02-10 14:55:00,2026-02-10 15:25:00,35,7,True,True,False,False,38.9,34.7,41.1,516.0,0.217
Threshold_40_15min,716152,2026-02-10 15:40:00,2026-02-10 15:55:00,20,4,True,True,False,False,38.2,34.3,40.6,515.0,0.2176
Threshold_40_15min,716152,2026-02-10 16:15:00,2026-02-10 16:35:00,25,5,True,True,False,False,37.1,37.1,43.1,530.0,0.2188
Threshold_40_15min,716152,2026-02-10 17:05:00,2026-02-10 17:55:00,55,11,True,True,False,False,38.1,27.0,41.4,526.0,0.2078
Threshold_40_15min,716152,2026-02-10 18:10:00,2026-02-10 18:20:00,15,3,True,True,False,False,37.0,36.2,44.5,530.0,0.1872
Threshold_40_15min,716152,2026-02-10 18:35:00,2026-02-10 19:05:00,35,7,True,True,False,False,38.5,32.6,43.3,548.0,0.2139
Threshold_40_15min,716152,2026-02-11 07:35:00,2026-02-11 08:10:00,40,8,True,True,False,False,32.0,30.2,47.4,552.0,0.2352
Threshold_40_15min,716152,2026-02-11 13:50:00,2026-02-11 14:05:00,20,4,True,True,False,False,39.0,35.8,47.1,545.0,0.2102
Threshold_40_15min,716152,2026-02-11 14:55:00,2026-02-11 15:20:00,30,6,True,True,False,False,39.2,33.9,43.6,535.0,0.2054
Threshold_40_15min,716152,2026-02-11 15:50:00,2026-02-11 17:25:00,100,20,True,True,False,False,36.8,30.6,41.9,520.0,0.2354
Threshold_40_15min,716152,2026-02-11 17:40:00,2026-02-11 17:50:00,15,3,True,True,False,False,38.5,35.5,41.2,521.0,0.2182
Threshold_40_15min,716152,2026-02-12 07:50:00,2026-02-12 08:50:00,65,13,True,True,False,False,34.4,27.7,42.0,570.0,0.2372
Threshold_40_15min,716152,2026-02-12 13:55:00,2026-02-12 16:50:00,180,36,True,True,False,False,33.5,28.4,40.5,522.0,0.2077
Threshold_40_15min,716152,2026-02-12 17:10:00,2026-02-12 18:00:00,55,11,True,True,False,False,38.1,32.4,40.0,556.0,0.249
Threshold_40_15min,716152,2026-02-13 12:25:00,2026-02-13 13:00:00,40,8,True,True,False,False,35.2,31.3,41.5,533.0,0.2143
Threshold_40_15min,716152,2026-02-13 13:10:00,2026-02-13 15:35:00,150,30,True,True,False,False,38.4,28.3,43.3,524.0,0.1848
Threshold_40_15min,716152,2026-02-13 16:20:00,2026-02-13 18:00:00,105,21,True,True,False,False,37.2,30.3,41.0,506.0,0.2701
Threshold_40_15min,716152,2026-02-14 09:20:00,2026-02-14 09:45:00,30,6,True,True,False,False,37.3,21.1,52.0,343.0,0.1142
Threshold_40_15min,716152,2026-02-14 14:40:00,2026-02-14 15:10:00,35,7,True,True,False,False,38.5,31.4,47.2,515.0,0.1773
Threshold_40_15min,716152,2026-02-14 16:00:00,2026-02-14 16:20:00,25,5,True,True,False,False,36.9,31.5,43.1,542.0,0.2005
Threshold_40_15min,716152,2026-02-14 16:45:00,2026-02-14 17:05:00,25,5,True,True,False,False,35.9,32.9,40.4,543.0,0.1978
Threshold_40_15min,716152,2026-02-17 15:25:00,2026-02-17 15:50:00,30,6,True,True,False,False,39.4,31.4,46.0,545.0,0.2029
Threshold_40_15min,716152,2026-02-17 16:35:00,2026-02-17 16:55:00,25,5,True,True,False,False,37.5,34.2,40.0,538.0,0.2433
Threshold_40_15min,716152,2026-02-18 07:35:00,2026-02-18 08:35:00,65,13,True,True,False,False,34.9,15.2,53.4,550.0,0.2023
Threshold_40_15min,716152,2026-02-18 14:15:00,2026-02-18 14:30:00,20,4,True,True,False,False,35.9,35.9,44.6,551.0,0.201
Threshold_40_15min,716152,2026-02-18 14:40:00,2026-02-18 14:50:00,15,3,True,True,False,False,38.8,38.2,40.9,522.0,0.2029
Threshold_40_15min,716152,2026-02-18 15:35:00,2026-02-18 16:30:00,60,12,True,True,False,False,33.7,30.4,42.4,498.0,0.1993
Threshold_40_15min,716152,2026-02-18 16:40:00,2026-02-18 17:35:00,60,12,True,True,False,False,33.3,29.8,40.4,523.0,0.1994
Threshold_40_15min,716152,2026-02-18 17:55:00,2026-02-18 18:10:00,20,4,True,True,False,False,35.5,35.4,41.5,550.0,0.222
Threshold_40_15min,716152,2026-02-19 12:15:00,2026-02-19 15:35:00,205,41,True,True,False,False,38.2,27.1,44.0,472.0,0.1808
Threshold_40_15min,716152,2026-02-19 16:10:00,2026-02-19 16:55:00,50,10,True,True,False,False,38.2,29.1,45.7,538.0,0.1994
Threshold_40_15min,716152,2026-02-19 17:15:00,2026-02-19 17:40:00,30,6,True,True,False,False,38.2,34.4,40.7,525.0,0.2179
Threshold_40_15min,716152,2026-02-20 16:00:00,2026-02-20 16:30:00,35,7,True,True,False,False,36.1,32.3,43.0,531.0,0.2195
Threshold_40_15min,716152,2026-02-20 17:15:00,2026-02-20 17:50:00,40,8,True,True,False,False,38.4,31.3,42.9,532.0,0.1974
Threshold_40_15min,716152,2026-02-21 14:20:00,2026-02-21 14:55:00,40,8,True,True,False,False,36.4,33.8,40.4,539.0,0.2062
Threshold_40_15min,716152,2026-02-21 15:05:00,2026-02-21 16:25:00,85,17,True,True,False,False,39.3,29.5,40.8,527.0,0.1824
Threshold_40_15min,716152,2026-02-21 16:55:00,2026-02-21 17:05:00,15,3,True,True,False,False,34.9,34.9,43.6,521.0,0.188
Threshold_40_15min,716152,2026-02-21 17:25:00,2026-02-21 17:50:00,30,6,True,True,False,False,35.4,31.4,41.9,539.0,0.196
Threshold_40_15min,716152,2026-02-23 08:00:00,2026-02-23 08:15:00,20,4,True,True,False,False,38.1,34.7,45.5,556.0,0.2045
Threshold_40_15min,716152,2026-02-23 08:30:00,2026-02-23 08:50:00,25,5,True,True,False,False,36.3,34.8,43.5,573.0,0.2186
Threshold_40_15min,716152,2026-02-23 14:10:00,2026-02-23 17:45:00,220,44,True,True,False,False,34.6,27.1,40.9,510.0,0.2131
Threshold_40_15min,716152,2026-02-24 07:45:00,2026-02-24 08:10:00,30,6,True,True,False,False,38.0,28.4,41.0,547.0,0.2148
Threshold_40_15min,716152,2026-02-24 08:20:00,2026-02-24 08:50:00,35,7,True,True,False,False,35.0,34.2,40.1,540.0,0.2137
Threshold_40_15min,716152,2026-02-24 12:55:00,2026-02-24 14:10:00,80,16,True,True,False,False,39.5,31.8,47.7,554.0,0.1949
Threshold_40_15min,716152,2026-02-24 14:20:00,2026-02-24 16:55:00,160,32,True,True,False,False,35.2,29.0,43.3,518.0,0.1876
Threshold_40_15min,716152,2026-02-24 17:20:00,2026-02-24 17:45:00,30,6,True,True,False,False,39.8,34.9,41.3,548.0,0.2069
Threshold_40_15min,716152,2026-02-24 18:00:00,2026-02-24 18:35:00,40,8,True,True,False,False,35.6,33.7,40.8,523.0,0.2286
Threshold_40_15min,716152,2026-02-25 08:15:00,2026-02-25 08:35:00,25,5,True,True,False,False,35.0,34.3,40.5,549.0,0.2384
Threshold_40_15min,716152,2026-02-25 13:55:00,2026-02-25 18:20:00,270,54,True,True,False,False,38.2,17.7,41.5,513.0,0.2103
Threshold_40_15min,716152,2026-02-26 07:50:00,2026-02-26 08:45:00,60,12,True,True,False,False,33.5,30.1,40.3,551.0,0.2389
Threshold_40_15min,716152,2026-02-26 13:10:00,2026-02-26 18:05:00,300,60,True,True,False,False,36.4,18.4,42.3,500.0,0.2065
Threshold_40_15min,716152,2026-02-26 18:15:00,2026-02-26 19:10:00,60,12,True,True,False,False,38.3,36.0,40.2,510.0,0.2111
Threshold_40_15min,716152,2026-02-27 08:05:00,2026-02-27 09:10:00,70,14,True,True,False,False,39.4,38.7,40.1,500.0,0.2293
Threshold_40_15min,716152,2026-02-27 14:55:00,2026-02-27 19:55:00,305,61,True,False,False,True,39.6,37.2,40.9,510.0,0.2065
Threshold_40_15min,716152,2026-03-02 05:00:00,2026-03-02 05:35:00,40,8,False,False,True,True,35.5,3.0,,,
Threshold_40_15min,716152,2026-03-02 05:55:00,2026-03-02 06:10:00,20,4,False,True,True,False,18.0,14.7,,,
Threshold_40_15min,716152,2026-03-02 08:15:00,2026-03-02 08:25:00,15,3,True,True,False,False,35.7,35.7,40.0,524.0,0.2119
Threshold_40_15min,716152,2026-03-02 13:45:00,2026-03-02 18:20:00,280,56,True,True,False,False,37.2,28.6,40.0,475.0,0.2296
Threshold_40_15min,716152,2026-03-02 18:45:00,2026-03-02 19:00:00,20,4,True,True,False,False,39.7,34.4,47.2,540.0,0.1952
Threshold_40_15min,716152,2026-03-04 07:45:00,2026-03-04 08:20:00,40,8,True,True,False,False,36.2,30.6,41.6,522.0,0.256
Threshold_40_15min,716152,2026-03-04 08:30:00,2026-03-04 09:15:00,50,10,True,True,False,False,39.8,29.1,41.8,545.0,0.1784
Threshold_40_15min,716152,2026-03-04 09:25:00,2026-03-04 09:55:00,35,7,True,True,False,False,39.1,31.7,41.2,515.0,0.2031
Threshold_40_15min,716152,2026-03-04 10:55:00,2026-03-04 12:45:00,115,23,True,True,False,False,35.4,32.6,41.9,516.0,0.2192
Threshold_40_15min,716152,2026-03-04 12:55:00,2026-03-04 14:05:00,75,15,True,True,False,False,38.3,30.8,40.7,540.0,0.2108
Threshold_40_15min,716152,2026-03-04 14:15:00,2026-03-04 17:35:00,205,41,True,True,False,False,31.7,27.1,40.6,523.0,0.2016
Threshold_40_15min,716152,2026-03-04 17:45:00,2026-03-04 19:15:00,95,19,True,True,False,False,32.5,28.9,40.6,531.0,0.2135
Threshold_40_15min,716152,2026-03-05 08:00:00,2026-03-05 08:25:00,30,6,True,True,False,False,38.1,31.6,41.6,551.0,0.2219
Threshold_40_15min,716152,2026-03-05 12:55:00,2026-03-05 16:50:00,240,48,True,True,False,False,35.5,19.1,41.1,522.0,0.2132
Threshold_40_15min,716152,2026-03-05 17:15:00,2026-03-05 18:35:00,85,17,True,True,False,False,34.4,28.9,43.8,540.0,0.2208
Threshold_40_15min,716152,2026-03-06 11:35:00,2026-03-06 12:25:00,55,11,True,True,False,False,29.5,26.3,40.0,523.0,0.2016
Threshold_40_15min,716152,2026-03-06 12:40:00,2026-03-06 12:55:00,20,4,True,True,False,False,39.3,35.2,44.1,540.0,0.1779
Threshold_40_15min,716152,2026-03-06 13:30:00,2026-03-06 17:40:00,255,51,True,True,False,False,37.5,17.9,40.1,531.0,0.2046
Threshold_40_15min,716152,2026-03-07 14:40:00,2026-03-07 16:00:00,85,17,True,True,False,False,38.7,28.9,43.6,515.0,0.1997
Threshold_40_15min,716152,2026-03-07 16:15:00,2026-03-07 16:40:00,30,6,True,True,False,False,37.2,32.0,41.8,520.0,0.1925
Threshold_40_15min,716152,2026-03-07 16:50:00,2026-03-07 17:45:00,60,12,True,True,False,False,38.7,30.7,41.1,517.0,0.1827
Threshold_40_15min,716152,2026-03-09 07:45:00,2026-03-09 08:25:00,45,9,True,True,False,False,38.3,34.0,49.0,526.0,0.201
Threshold_40_15min,716152,2026-03-09 12:40:00,2026-03-09 12:50:00,15,3,True,True,False,False,37.4,35.8,43.0,474.0,0.2657
Threshold_40_15min,716152,2026-03-09 13:45:00,2026-03-09 14:20:00,40,8,True,True,False,False,38.9,32.8,41.8,507.0,0.2634
Threshold_40_15min,716152,2026-03-09 14:30:00,2026-03-09 15:35:00,70,14,True,True,False,False,31.4,28.1,40.4,502.0,0.2073
Threshold_40_15min,716152,2026-03-09 16:20:00,2026-03-09 18:50:00,155,31,True,True,False,False,34.8,28.8,48.0,538.0,0.2315
Threshold_40_15min,716152,2026-03-10 07:50:00,2026-03-10 08:00:00,15,3,True,True,False,False,38.8,31.6,41.2,549.0,0.2207
Threshold_40_15min,716152,2026-03-10 14:15:00,2026-03-10 15:25:00,75,15,True,True,False,False,33.7,30.4,40.5,512.0,0.1996
Threshold_40_15min,716152,2026-03-10 15:45:00,2026-03-10 16:35:00,55,11,True,True,False,False,37.1,32.6,45.1,527.0,0.1918
Threshold_40_15min,716152,2026-03-10 16:45:00,2026-03-10 17:00:00,20,4,True,True,False,False,38.3,32.5,42.0,562.0,0.2101
Threshold_40_15min,716152,2026-03-10 17:20:00,2026-03-10 17:45:00,30,6,True,True,False,False,39.3,36.8,41.9,529.0,0.2201
Threshold_40_15min,716152,2026-03-10 18:00:00,2026-03-10 18:15:00,20,4,True,True,False,False,39.6,36.0,41.7,522.0,0.2092
Threshold_40_15min,716152,2026-03-10 18:40:00,2026-03-10 18:50:00,15,3,True,True,False,False,37.6,33.9,45.2,527.0,0.1883
Threshold_40_15min,716152,2026-03-11 07:40:00,2026-03-11 08:20:00,45,9,True,True,False,False,38.3,31.3,43.5,530.0,0.2186
Threshold_40_15min,716152,2026-03-11 13:00:00,2026-03-11 13:10:00,15,3,True,True,False,False,31.0,29.8,44.0,458.0,0.2053
Threshold_40_15min,716152,2026-03-11 14:50:00,2026-03-11 17:25:00,160,32,True,True,False,False,39.5,25.2,42.1,490.0,0.1953
Threshold_40_15min,716152,2026-03-11 17:50:00,2026-03-11 18:05:00,20,4,True,True,False,False,37.6,34.6,40.3,503.0,0.2306
Threshold_40_15min,716152,2026-03-11 18:15:00,2026-03-11 18:35:00,25,5,True,True,False,False,38.8,36.1,43.5,489.0,0.179
Threshold_40_15min,716152,2026-03-12 07:40:00,2026-03-12 08:35:00,60,12,True,True,False,False,39.0,30.1,42.4,547.0,0.2146
Threshold_40_15min,716152,2026-03-12 13:30:00,2026-03-12 13:45:00,20,4,True,True,False,False,37.4,35.1,40.8,503.0,0.1924
Threshold_40_15min,716152,2026-03-12 14:30:00,2026-03-12 18:00:00,215,43,True,True,False,False,39.2,27.9,41.1,477.0,0.183
Threshold_40_15min,716152,2026-03-12 18:30:00,2026-03-12 19:20:00,55,11,True,True,False,False,39.3,31.2,42.3,522.0,0.2226
Threshold_40_15min,716152,2026-03-13 07:45:00,2026-03-13 08:35:00,55,11,True,True,False,False,36.9,29.7,40.8,538.0,0.2221
Threshold_40_15min,716152,2026-03-13 11:45:00,2026-03-13 12:55:00,75,15,True,True,False,False,37.2,16.3,44.5,511.0,0.2216
Threshold_40_15min,716152,2026-03-13 13:10:00,2026-03-13 18:20:00,315,63,True,True,False,False,35.7,19.7,40.1,529.0,0.2158
Threshold_40_15min,716152,2026-03-16 07:55:00,2026-03-16 08:15:00,25,5,True,True,False,False,37.8,35.1,40.5,565.0,0.2231
Threshold_40_15min,716152,2026-03-16 14:35:00,2026-03-16 15:05:00,35,7,True,True,False,False,38.4,29.0,42.6,503.0,0.1921
Threshold_40_15min,716152,2026-03-16 15:25:00,2026-03-16 15:35:00,15,3,True,True,False,False,37.6,32.5,44.4,508.0,0.1917
Threshold_40_15min,716152,2026-03-16 15:50:00,2026-03-16 16:25:00,40,8,True,True,False,False,34.0,30.2,40.0,488.0,0.2044
Threshold_40_15min,716152,2026-03-16 16:35:00,2026-03-16 17:30:00,60,12,True,True,False,False,34.8,28.6,40.0,512.0,0.1863
Threshold_40_15min,716152,2026-03-16 18:30:00,2026-03-16 18:40:00,15,3,True,True,False,False,38.8,33.0,45.5,523.0,0.1842
Threshold_40_15min,716152,2026-03-16 18:50:00,2026-03-16 19:05:00,20,4,True,True,False,False,34.5,33.0,40.2,533.0,0.1954
Threshold_40_15min,716152,2026-03-17 07:40:00,2026-03-17 08:15:00,40,8,True,True,False,False,39.2,34.3,43.7,534.0,0.2311
Threshold_40_15min,716152,2026-03-17 08:25:00,2026-03-17 08:35:00,15,3,True,True,False,False,38.4,36.9,40.5,523.0,0.192
Threshold_40_15min,716152,2026-03-17 12:40:00,2026-03-17 12:55:00,20,4,True,True,False,False,32.7,23.6,41.0,434.0,0.2722
Threshold_40_15min,716152,2026-03-17 13:55:00,2026-03-17 15:00:00,70,14,True,True,False,False,36.3,29.9,44.4,520.0,0.2055
Threshold_40_15min,716152,2026-03-17 15:15:00,2026-03-17 16:35:00,85,17,True,True,False,False,34.2,17.0,44.0,485.0,0.1834
Threshold_40_15min,716152,2026-03-17 16:45:00,2026-03-17 17:50:00,70,14,True,True,False,False,38.2,29.9,40.6,516.0,0.1959
Threshold_40_15min,716152,2026-03-17 18:00:00,2026-03-17 18:25:00,30,6,True,True,False,False,39.9,31.9,41.5,506.0,0.1952
Threshold_40_15min,716152,2026-03-18 07:40:00,2026-03-18 08:35:00,60,12,True,True,False,False,38.3,34.0,40.5,535.0,0.2599
Threshold_40_15min,716152,2026-03-18 13:05:00,2026-03-18 14:05:00,65,13,True,True,False,False,38.5,20.1,42.6,496.0,0.188
Threshold_40_15min,716152,2026-03-18 14:25:00,2026-03-18 16:55:00,155,31,True,True,False,False,34.7,29.1,40.3,493.0,0.2294
Threshold_40_15min,716152,2026-03-18 17:20:00,2026-03-18 17:30:00,15,3,True,True,False,False,35.9,31.6,44.8,504.0,0.1997
Threshold_40_15min,716152,2026-03-18 18:10:00,2026-03-18 18:45:00,40,8,True,True,False,False,39.0,30.8,40.8,478.0,0.2099
Threshold_40_15min,716152,2026-03-19 08:15:00,2026-03-19 08:25:00,15,3,True,True,False,False,34.6,34.1,40.2,544.0,0.2074
Threshold_40_15min,716152,2026-03-19 10:40:00,2026-03-19 11:20:00,45,9,True,True,False,False,39.2,14.0,59.7,430.0,0.1239
Threshold_40_15min,716152,2026-03-19 13:20:00,2026-03-19 14:05:00,50,10,True,True,False,False,34.7,34.1,40.2,527.0,0.219
Threshold_40_15min,716152,2026-03-19 14:15:00,2026-03-19 19:05:00,295,59,True,True,False,False,35.5,27.7,40.2,502.0,0.194
Threshold_40_15min,716152,2026-03-20 08:10:00,2026-03-20 08:30:00,25,5,True,True,False,False,37.2,35.7,42.0,521.0,0.1926
Threshold_40_15min,716152,2026-03-20 13:10:00,2026-03-20 19:30:00,385,77,True,True,False,False,35.3,23.2,42.7,524.0,0.2031
Threshold_40_15min,716152,2026-03-21 14:05:00,2026-03-21 14:20:00,20,4,True,True,False,False,38.5,36.8,43.3,531.0,0.2035
Threshold_40_15min,716152,2026-03-21 14:40:00,2026-03-21 17:35:00,180,36,True,True,False,False,34.5,27.1,42.6,556.0,0.2061
Threshold_40_15min,716152,2026-03-21 17:45:00,2026-03-21 17:55:00,15,3,True,True,False,False,39.5,37.7,41.7,563.0,0.1944
Threshold_40_15min,716152,2026-03-22 13:00:00,2026-03-22 13:55:00,60,12,True,True,False,False,31.8,19.2,41.1,502.0,0.2584
Threshold_40_15min,716152,2026-03-23 13:50:00,2026-03-23 14:05:00,20,4,True,True,False,False,36.4,35.7,41.5,509.0,0.2063
Threshold_40_15min,716152,2026-03-23 14:15:00,2026-03-23 15:50:00,100,20,True,True,False,False,35.2,25.8,41.0,509.0,0.2004
Threshold_40_15min,716152,2026-03-23 16:10:00,2026-03-23 18:45:00,160,32,True,True,False,False,36.1,27.5,41.9,533.0,0.215
Threshold_40_15min,716152,2026-03-24 13:45:00,2026-03-24 17:30:00,230,46,True,True,False,False,39.1,28.6,41.6,488.0,0.1926
Threshold_40_15min,716152,2026-03-24 17:40:00,2026-03-24 18:15:00,40,8,True,True,False,False,38.3,31.1,41.1,538.0,0.1892
Threshold_40_15min,716152,2026-03-24 18:50:00,2026-03-24 19:20:00,35,7,True,True,False,False,37.9,32.8,40.7,491.0,0.2277
Threshold_40_15min,716152,2026-03-25 14:20:00,2026-03-25 14:30:00,15,3,True,True,False,False,38.1,35.2,41.1,496.0,0.2147
Threshold_40_15min,716152,2026-03-25 14:45:00,2026-03-25 15:35:00,55,11,True,True,False,False,34.4,29.4,42.8,513.0,0.2019
Threshold_40_15min,716152,2026-03-25 15:45:00,2026-03-25 16:30:00,50,10,True,True,False,False,37.4,28.6,40.0,515.0,0.2088
Threshold_40_15min,716152,2026-03-25 16:40:00,2026-03-25 17:05:00,30,6,True,True,False,False,32.6,31.9,40.8,528.0,0.1944
Threshold_40_15min,716152,2026-03-25 17:15:00,2026-03-25 19:15:00,125,25,True,True,False,False,27.1,13.3,40.1,527.0,0.2018
Threshold_40_15min,716152,2026-03-26 13:50:00,2026-03-26 17:45:00,240,48,True,True,False,False,36.0,27.7,42.6,514.0,0.2097
Threshold_40_15min,716152,2026-03-26 18:15:00,2026-03-26 18:25:00,15,3,True,True,False,False,34.3,34.3,40.2,517.0,0.1963
Threshold_40_15min,716152,2026-03-26 18:55:00,2026-03-26 19:40:00,50,10,True,True,False,False,36.6,36.4,41.2,499.0,0.2004
Threshold_40_15min,716152,2026-03-27 07:35:00,2026-03-27 07:50:00,20,4,True,True,False,False,39.0,29.7,42.3,537.0,0.2461
Threshold_40_15min,716152,2026-03-27 08:20:00,2026-03-27 08:30:00,15,3,True,True,False,False,39.8,33.1,42.0,568.0,0.222
Threshold_40_15min,716152,2026-03-27 12:55:00,2026-03-27 13:15:00,25,5,True,True,False,False,37.6,35.7,45.2,501.0,0.199
Threshold_40_15min,716152,2026-03-27 13:25:00,2026-03-27 13:50:00,30,6,True,True,False,False,35.0,29.0,42.9,515.0,0.1851
Threshold_40_15min,716152,2026-03-27 14:00:00,2026-03-27 15:30:00,95,19,True,True,False,False,35.5,29.5,40.1,526.0,0.2189
Threshold_40_15min,716152,2026-03-27 16:10:00,2026-03-27 16:45:00,40,8,True,True,False,False,38.9,33.8,42.8,492.0,0.216
Threshold_40_15min,716152,2026-03-27 17:15:00,2026-03-27 18:10:00,60,12,True,True,False,False,39.2,30.2,44.1,502.0,0.2077
Threshold_40_15min,716152,2026-03-27 18:35:00,2026-03-27 19:15:00,45,9,True,True,False,False,36.9,30.7,40.8,540.0,0.2147
Threshold_40_15min,716152,2026-03-27 19:40:00,2026-03-27 19:55:00,20,4,True,False,False,True,38.8,31.0,43.2,522.0,0.1955
Threshold_40_15min,716152,2026-03-28 13:30:00,2026-03-28 13:40:00,15,3,True,True,False,False,39.3,38.8,40.4,555.0,0.2089
Threshold_40_15min,716152,2026-03-28 14:25:00,2026-03-28 14:45:00,25,5,True,True,False,False,39.2,32.3,44.6,583.0,0.1886
Threshold_40_15min,716152,2026-03-28 15:00:00,2026-03-28 18:15:00,200,40,True,True,False,False,39.5,26.0,41.1,552.0,0.1974
Threshold_40_15min,716152,2026-04-01 15:35:00,2026-04-01 16:05:00,35,7,True,True,False,False,36.1,31.9,41.0,510.0,0.2099
Threshold_40_15min,716152,2026-04-01 16:20:00,2026-04-01 17:25:00,70,14,True,True,False,False,39.8,32.8,42.1,524.0,0.2033
Threshold_40_15min,716152,2026-04-01 17:35:00,2026-04-01 18:10:00,40,8,True,True,False,False,37.7,32.5,41.6,522.0,0.2045
Threshold_40_15min,716152,2026-04-01 19:20:00,2026-04-01 19:30:00,15,3,True,True,False,False,39.7,37.3,42.0,539.0,0.2274
Threshold_40_15min,716152,2026-04-02 14:05:00,2026-04-02 14:55:00,55,11,True,True,False,False,37.2,32.4,42.5,513.0,0.1894
Threshold_40_15min,716152,2026-04-02 15:25:00,2026-04-02 15:35:00,15,3,True,True,False,False,34.6,34.6,41.5,534.0,0.2065
Threshold_40_15min,716152,2026-04-02 15:50:00,2026-04-02 16:20:00,35,7,True,True,False,False,39.8,31.5,40.0,516.0,0.2231
Threshold_40_15min,716152,2026-04-02 18:30:00,2026-04-02 18:45:00,20,4,True,True,False,False,39.3,31.5,40.4,496.0,0.1874
Threshold_40_15min,716152,2026-04-03 13:00:00,2026-04-03 13:15:00,20,4,True,True,False,False,36.5,36.5,40.3,526.0,0.2434
Threshold_40_15min,716152,2026-04-03 13:50:00,2026-04-03 15:05:00,80,16,True,True,False,False,39.6,33.0,43.2,532.0,0.2089
Threshold_40_15min,716152,2026-04-03 17:05:00,2026-04-03 17:20:00,20,4,True,True,False,False,37.0,34.8,42.8,527.0,0.197
Threshold_40_15min,716152,2026-04-04 14:30:00,2026-04-04 14:45:00,20,4,True,True,False,False,39.4,36.8,44.7,528.0,0.1746
Threshold_40_15min,716152,2026-04-04 15:10:00,2026-04-04 16:10:00,65,13,True,True,False,False,34.0,20.0,40.2,531.0,0.1991
Threshold_40_15min,716152,2026-04-04 16:20:00,2026-04-04 16:45:00,30,6,True,True,False,False,36.7,32.7,40.1,550.0,0.1998
Threshold_40_15min,716152,2026-04-06 07:55:00,2026-04-06 08:15:00,25,5,True,True,False,False,35.9,30.9,45.8,561.0,0.2103
Threshold_40_15min,716152,2026-04-06 13:05:00,2026-04-06 16:40:00,220,44,True,True,False,False,35.4,17.9,45.2,533.0,0.2141
Threshold_40_15min,716152,2026-04-06 17:05:00,2026-04-06 17:55:00,55,11,True,True,False,False,38.2,27.6,44.3,503.0,0.1737
Threshold_40_15min,716152,2026-04-06 18:05:00,2026-04-06 18:40:00,40,8,True,True,False,False,35.6,32.1,40.1,523.0,0.1754
Threshold_40_15min,716152,2026-04-07 08:05:00,2026-04-07 08:15:00,15,3,True,True,False,False,37.8,31.4,40.7,496.0,0.2234
Threshold_40_15min,716152,2026-04-07 14:50:00,2026-04-07 16:20:00,95,19,True,True,False,False,39.2,28.8,41.9,522.0,0.2052
Threshold_40_15min,716152,2026-04-07 16:40:00,2026-04-07 17:45:00,70,14,True,True,False,False,37.1,28.2,44.1,519.0,0.1998
Threshold_40_15min,716152,2026-04-08 07:55:00,2026-04-08 08:10:00,20,4,True,True,False,False,39.4,38.1,43.2,549.0,0.1981
Threshold_40_15min,716152,2026-04-08 14:15:00,2026-04-08 16:20:00,130,26,True,True,False,False,35.2,29.7,41.2,517.0,0.1966
Threshold_40_15min,716152,2026-04-08 16:35:00,2026-04-08 16:45:00,15,3,True,True,False,False,35.3,32.0,43.1,527.0,0.1975
Threshold_40_15min,716152,2026-04-08 16:55:00,2026-04-08 17:45:00,55,11,True,True,False,False,38.4,31.4,41.8,519.0,0.1901
Threshold_40_15min,716152,2026-04-09 08:00:00,2026-04-09 08:10:00,15,3,True,True,False,False,39.3,36.8,40.8,552.0,0.2231
Threshold_40_15min,716152,2026-04-09 14:00:00,2026-04-09 14:30:00,35,7,True,True,False,False,37.0,33.6,42.0,532.0,0.2091
Threshold_40_15min,716152,2026-04-09 14:40:00,2026-04-09 15:30:00,55,11,True,True,False,False,37.9,28.4,41.7,526.0,0.1952
Threshold_40_15min,716152,2026-04-09 15:40:00,2026-04-09 16:50:00,75,15,True,True,False,False,34.9,32.2,40.5,518.0,0.2052
Threshold_40_15min,716152,2026-04-09 17:30:00,2026-04-09 17:45:00,20,4,True,True,False,False,34.9,27.6,42.9,558.0,0.2376
Threshold_40_15min,716152,2026-04-10 11:25:00,2026-04-10 12:00:00,40,8,True,True,False,False,34.8,27.7,42.3,527.0,0.2383
Threshold_40_15min,716152,2026-04-10 12:10:00,2026-04-10 13:45:00,100,20,True,True,False,False,39.5,31.5,40.1,500.0,0.1923
Threshold_40_15min,716152,2026-04-10 13:55:00,2026-04-10 14:05:00,15,3,True,True,False,False,34.9,34.9,40.3,529.0,0.1879
Threshold_40_15min,716152,2026-04-10 14:15:00,2026-04-10 16:00:00,110,22,True,True,False,False,38.3,29.7,40.4,503.0,0.198
Threshold_40_15min,716152,2026-04-11 13:25:00,2026-04-11 15:55:00,155,31,True,True,False,False,38.3,29.7,46.1,550.0,0.183
Threshold_40_15min,716152,2026-04-11 16:10:00,2026-04-11 16:45:00,40,8,True,True,False,False,39.2,20.2,40.3,555.0,0.2163
Threshold_40_15min,716152,2026-04-13 14:15:00,2026-04-13 14:40:00,30,6,True,True,False,False,37.0,33.0,41.4,519.0,0.1962
Threshold_40_15min,716152,2026-04-13 14:55:00,2026-04-13 16:35:00,105,21,True,True,False,False,34.0,25.8,40.1,575.0,0.2227
Threshold_40_15min,716152,2026-04-13 16:45:00,2026-04-13 17:40:00,60,12,True,True,False,False,36.4,33.0,41.7,580.0,0.2013
Threshold_40_15min,716152,2026-04-13 17:50:00,2026-04-13 18:00:00,15,3,True,True,False,False,38.7,36.4,40.5,547.0,0.1908
Threshold_40_15min,716152,2026-04-13 18:10:00,2026-04-13 18:20:00,15,3,True,True,False,False,38.5,35.9,42.0,539.0,0.1762
Threshold_40_15min,716152,2026-04-14 12:30:00,2026-04-14 13:30:00,65,13,True,True,False,False,30.3,20.0,42.8,449.0,0.2569
Threshold_40_15min,716152,2026-04-14 14:25:00,2026-04-14 15:00:00,40,8,True,True,False,False,36.6,29.6,44.5,523.0,0.189
Threshold_40_15min,716152,2026-04-14 15:10:00,2026-04-14 15:35:00,30,6,True,True,False,False,35.8,35.2,42.2,522.0,0.188
Threshold_40_15min,716152,2026-04-14 15:50:00,2026-04-14 17:55:00,130,26,True,True,False,False,39.7,25.6,44.8,535.0,0.1963
Threshold_40_15min,716152,2026-04-14 18:05:00,2026-04-14 18:50:00,50,10,True,True,False,False,38.0,11.5,42.7,529.0,0.1827
Threshold_40_15min,716152,2026-04-15 08:00:00,2026-04-15 08:20:00,25,5,True,True,False,False,37.8,33.3,40.0,519.0,0.2196
Threshold_40_15min,716152,2026-04-15 14:15:00,2026-04-15 14:30:00,20,4,True,True,False,False,37.5,31.6,41.0,517.0,0.2112
Threshold_40_15min,716152,2026-04-15 14:55:00,2026-04-15 18:55:00,245,49,True,True,False,False,36.9,25.6,41.9,511.0,0.1892
Threshold_40_15min,716152,2026-04-15 19:05:00,2026-04-15 19:20:00,20,4,True,True,False,False,36.1,36.1,40.3,514.0,0.1982
Threshold_40_15min,716152,2026-04-16 07:45:00,2026-04-16 07:55:00,15,3,True,True,False,False,32.0,32.0,40.3,541.0,0.2544
Threshold_40_15min,716152,2026-04-16 08:05:00,2026-04-16 08:25:00,25,5,True,True,False,False,33.1,31.5,40.1,541.0,0.2026
Threshold_40_15min,716152,2026-04-16 10:55:00,2026-04-16 11:50:00,60,12,True,True,False,False,36.0,29.8,49.1,494.0,0.2128
Threshold_40_15min,716152,2026-04-16 13:20:00,2026-04-16 13:30:00,15,3,True,True,False,False,36.3,30.7,42.6,545.0,0.2237
Threshold_40_15min,716152,2026-04-16 14:30:00,2026-04-16 17:05:00,160,32,True,True,False,False,37.8,25.7,43.6,555.0,0.2499
Threshold_40_15min,716152,2026-04-16 17:15:00,2026-04-16 17:55:00,45,9,True,True,False,False,38.1,34.3,41.0,526.0,0.1975
Threshold_40_15min,716152,2026-04-16 18:35:00,2026-04-16 18:50:00,20,4,True,True,False,False,38.5,35.4,41.4,526.0,0.1915
Threshold_40_15min,716152,2026-04-17 12:55:00,2026-04-17 15:40:00,170,34,True,True,False,False,39.5,29.3,42.9,532.0,0.2175
Threshold_40_15min,716152,2026-04-17 15:50:00,2026-04-17 16:00:00,15,3,True,True,False,False,35.1,35.1,40.2,520.0,0.2106
Threshold_40_15min,716152,2026-04-17 16:15:00,2026-04-17 17:25:00,75,15,True,True,False,False,39.1,29.6,41.6,498.0,0.2037
Threshold_40_15min,716152,2026-04-17 17:35:00,2026-04-17 18:35:00,65,13,True,True,False,False,38.2,30.7,40.4,510.0,0.1879
Threshold_40_15min,716152,2026-04-18 14:35:00,2026-04-18 14:50:00,20,4,True,True,False,False,39.9,33.8,44.0,552.0,0.1996
Threshold_40_15min,716152,2026-04-18 15:10:00,2026-04-18 16:25:00,80,16,True,True,False,False,37.1,27.4,41.3,534.0,0.1981
Threshold_40_15min,716152,2026-04-18 16:35:00,2026-04-18 16:45:00,15,3,True,True,False,False,35.6,31.9,40.6,526.0,0.1815
Threshold_40_15min,716152,2026-04-18 17:35:00,2026-04-18 18:55:00,85,17,True,True,False,False,38.8,30.6,45.6,525.0,0.2204
Threshold_40_15min,716152,2026-04-20 08:00:00,2026-04-20 08:15:00,20,4,True,True,False,False,35.2,33.4,41.1,524.0,0.1836
Threshold_40_15min,716152,2026-04-20 14:15:00,2026-04-20 16:45:00,155,31,True,True,False,False,34.5,28.0,41.7,502.0,0.1989
Threshold_40_15min,716152,2026-04-20 17:10:00,2026-04-20 17:55:00,50,10,True,True,False,False,39.0,33.2,42.4,542.0,0.2043
Threshold_40_15min,716152,2026-04-20 18:15:00,2026-04-20 18:35:00,25,5,True,True,False,False,32.8,32.8,40.3,542.0,0.2152
Threshold_40_15min,716152,2026-04-21 14:10:00,2026-04-21 14:35:00,30,6,True,True,False,False,39.4,32.3,40.4,488.0,0.2251
Threshold_40_15min,716152,2026-04-21 15:05:00,2026-04-21 15:30:00,30,6,True,True,False,False,36.9,34.2,44.0,521.0,0.184
Threshold_40_15min,716152,2026-04-21 15:45:00,2026-04-21 17:05:00,85,17,True,True,False,False,39.6,27.3,43.1,555.0,0.2065
Threshold_40_15min,716152,2026-04-22 08:05:00,2026-04-22 08:55:00,55,11,True,True,False,False,34.8,31.0,42.4,553.0,0.1933
Threshold_40_15min,716152,2026-04-22 13:40:00,2026-04-22 13:50:00,15,3,True,True,False,False,38.9,36.2,41.6,498.0,0.1974
Threshold_40_15min,716152,2026-04-22 14:20:00,2026-04-22 14:30:00,15,3,True,True,False,False,32.5,32.4,40.5,520.0,0.209
Threshold_40_15min,716152,2026-04-22 14:45:00,2026-04-22 15:40:00,60,12,True,True,False,False,34.6,29.0,41.7,522.0,0.2082
Threshold_40_15min,716152,2026-04-22 16:00:00,2026-04-22 16:35:00,40,8,True,True,False,False,36.8,31.3,44.5,521.0,0.1843
Threshold_40_15min,716152,2026-04-22 16:45:00,2026-04-22 17:55:00,75,15,True,True,False,False,35.6,27.2,40.3,538.0,0.1945
Threshold_40_15min,716152,2026-04-22 18:15:00,2026-04-22 18:45:00,35,7,True,True,False,False,35.7,32.3,41.5,542.0,0.2335
Threshold_40_15min,716152,2026-04-23 08:05:00,2026-04-23 08:30:00,30,6,True,True,False,False,37.8,31.7,41.9,539.0,0.2307
Threshold_40_15min,716152,2026-04-23 13:45:00,2026-04-23 13:55:00,15,3,True,True,False,False,37.1,34.8,48.0,553.0,0.1847
Threshold_40_15min,716152,2026-04-23 14:15:00,2026-04-23 16:50:00,160,32,True,True,False,False,36.7,25.4,40.9,531.0,0.2074
Threshold_40_15min,716152,2026-04-23 17:05:00,2026-04-23 17:35:00,35,7,True,True,False,False,37.0,32.5,42.0,534.0,0.2017
Threshold_40_15min,716152,2026-04-24 07:55:00,2026-04-24 08:10:00,20,4,True,True,False,False,39.6,32.0,43.8,524.0,0.2007
Threshold_40_15min,716152,2026-04-24 08:20:00,2026-04-24 08:30:00,15,3,True,True,False,False,34.4,32.4,40.3,508.0,0.1819
Threshold_40_15min,716152,2026-04-24 12:05:00,2026-04-24 17:35:00,335,67,True,True,False,False,38.7,26.7,40.6,501.0,0.2236
Threshold_40_15min,716152,2026-04-24 18:00:00,2026-04-24 19:05:00,70,14,True,True,False,False,35.5,33.3,40.4,507.0,0.2022
Threshold_40_15min,716152,2026-04-25 16:45:00,2026-04-25 17:00:00,20,4,True,True,False,False,38.3,35.0,47.4,514.0,0.1763
Threshold_40_15min,716152,2026-04-25 17:15:00,2026-04-25 17:30:00,20,4,True,True,False,False,38.2,38.2,40.0,525.0,0.2215
Threshold_40_15min,716152,2026-04-27 08:05:00,2026-04-27 08:30:00,30,6,True,True,False,False,35.5,32.3,50.3,600.0,0.1884
Threshold_40_15min,716152,2026-04-27 14:15:00,2026-04-27 14:30:00,20,4,True,True,False,False,35.7,34.0,43.1,510.0,0.2498
Threshold_40_15min,716152,2026-04-27 14:45:00,2026-04-27 16:25:00,105,21,True,True,False,False,32.9,26.4,41.1,541.0,0.2136
Threshold_40_15min,716152,2026-04-27 16:35:00,2026-04-27 17:55:00,85,17,True,True,False,False,33.7,28.1,40.0,526.0,0.2117
Threshold_40_15min,716152,2026-04-27 18:15:00,2026-04-27 18:45:00,35,7,True,True,False,False,37.2,32.1,40.0,524.0,0.1989
Threshold_40_15min,716152,2026-04-28 07:45:00,2026-04-28 08:50:00,70,14,True,True,False,False,35.8,32.1,41.3,559.0,0.2386
Threshold_40_15min,716152,2026-04-28 14:20:00,2026-04-28 18:00:00,225,45,True,True,False,False,38.4,21.5,40.9,494.0,0.1966
Threshold_40_15min,716152,2026-04-28 18:25:00,2026-04-28 18:40:00,20,4,True,True,False,False,36.0,33.5,44.0,548.0,0.2022
Threshold_40_15min,716152,2026-04-29 07:40:00,2026-04-29 08:25:00,50,10,True,True,False,False,37.6,33.0,44.4,568.0,0.2281
Threshold_40_15min,716152,2026-04-29 14:00:00,2026-04-29 14:10:00,15,3,True,True,False,False,39.4,36.9,42.2,504.0,0.2463
Threshold_40_15min,716152,2026-04-29 14:30:00,2026-04-29 17:35:00,190,38,True,True,False,False,37.5,26.6,40.4,513.0,0.2387
Threshold_40_15min,716152,2026-04-29 17:45:00,2026-04-29 18:30:00,50,10,True,True,False,False,35.8,32.5,41.7,544.0,0.2
Threshold_40_15min,716152,2026-04-29 18:55:00,2026-04-29 19:25:00,35,7,True,True,False,False,38.4,27.4,40.3,505.0,0.2107
Threshold_40_15min,716152,2026-04-30 10:20:00,2026-04-30 10:30:00,15,3,True,True,False,False,35.5,27.9,60.6,465.0,0.1311
Threshold_40_15min,716152,2026-04-30 12:35:00,2026-04-30 12:50:00,20,4,True,True,False,False,37.7,32.2,40.1,477.0,0.2019
Threshold_40_15min,716152,2026-04-30 13:00:00,2026-04-30 13:10:00,15,3,True,True,False,False,36.9,35.4,40.2,515.0,0.218
Threshold_40_15min,716152,2026-04-30 13:50:00,2026-04-30 14:45:00,60,12,True,True,False,False,32.5,29.2,40.5,518.0,0.21
Threshold_40_15min,716152,2026-04-30 14:55:00,2026-04-30 15:55:00,65,13,True,True,False,False,34.3,27.6,40.5,530.0,0.2026
Threshold_40_15min,716152,2026-04-30 16:05:00,2026-04-30 18:15:00,135,27,True,True,False,False,37.8,27.2,40.1,502.0,0.1975
Threshold_40_15min,716152,2026-05-01 12:30:00,2026-05-01 12:40:00,15,3,True,True,False,False,36.3,36.3,44.8,541.0,0.1941
Threshold_40_15min,716152,2026-05-01 13:30:00,2026-05-01 13:50:00,25,5,True,True,False,False,34.2,31.7,40.3,496.0,0.2419
Threshold_40_15min,716152,2026-05-01 14:15:00,2026-05-01 14:30:00,20,4,True,True,False,False,36.5,30.5,41.1,523.0,0.1994
Threshold_40_15min,716152,2026-05-01 15:00:00,2026-05-01 17:40:00,165,33,True,True,False,False,35.1,29.3,43.1,537.0,0.2084
Threshold_40_15min,716152,2026-05-02 16:50:00,2026-05-02 17:55:00,70,14,True,True,False,False,37.3,31.2,44.6,495.0,0.2208
Threshold_40_15min,716152,2026-05-04 14:45:00,2026-05-04 15:05:00,25,5,True,True,False,False,34.8,34.3,43.5,518.0,0.2254
Threshold_40_15min,716152,2026-05-04 15:45:00,2026-05-04 16:40:00,60,12,True,True,False,False,37.9,29.3,45.8,523.0,0.1873
Threshold_40_15min,716152,2026-05-04 17:20:00,2026-05-04 18:00:00,45,9,True,True,False,False,39.8,33.2,48.5,571.0,0.197
Threshold_40_15min,716152,2026-05-04 18:15:00,2026-05-04 18:25:00,15,3,True,True,False,False,38.6,33.1,41.0,526.0,0.2096
Threshold_40_15min,716152,2026-05-05 13:35:00,2026-05-05 14:00:00,30,6,True,True,False,False,37.1,35.4,42.8,499.0,0.2459
Threshold_40_15min,716152,2026-05-05 15:05:00,2026-05-05 15:25:00,25,5,True,True,False,False,38.8,34.1,43.3,555.0,0.214
Threshold_40_15min,716152,2026-05-05 15:40:00,2026-05-05 17:00:00,85,17,True,True,False,False,31.0,30.1,40.0,499.0,0.2481
Threshold_40_15min,716152,2026-05-05 17:10:00,2026-05-05 17:55:00,50,10,True,True,False,False,37.7,32.7,40.6,524.0,0.2087
Threshold_40_15min,716152,2026-05-05 18:15:00,2026-05-05 18:40:00,30,6,True,True,False,False,33.9,30.5,42.2,538.0,0.1996
Threshold_40_15min,716152,2026-05-06 08:15:00,2026-05-06 08:25:00,15,3,True,True,False,False,37.5,34.2,45.7,542.0,0.1974
Threshold_40_15min,716152,2026-05-06 13:25:00,2026-05-06 13:50:00,30,6,True,True,False,False,36.7,33.8,41.0,477.0,0.2544
Threshold_40_15min,716152,2026-05-06 14:45:00,2026-05-06 15:40:00,60,12,True,True,False,False,39.1,27.8,44.5,531.0,0.1969
Threshold_40_15min,716152,2026-05-06 16:30:00,2026-05-06 17:55:00,90,18,True,True,False,False,36.3,31.2,44.7,533.0,0.1879
Threshold_40_15min,716152,2026-05-06 19:00:00,2026-05-06 19:40:00,45,9,True,True,False,False,35.3,16.2,53.2,526.0,0.1759
Threshold_40_15min,716152,2026-05-07 08:10:00,2026-05-07 08:35:00,30,6,True,True,False,False,38.0,35.9,40.4,521.0,0.2204
Threshold_40_15min,716152,2026-05-07 13:05:00,2026-05-07 13:40:00,40,8,True,True,False,False,36.5,34.4,41.5,532.0,0.223
Threshold_40_15min,716152,2026-05-07 13:50:00,2026-05-07 14:35:00,50,10,True,True,False,False,38.6,30.5,41.3,529.0,0.2021
Threshold_40_15min,716152,2026-05-07 14:50:00,2026-05-07 16:05:00,80,16,True,True,False,False,35.3,26.6,41.2,529.0,0.2117
Threshold_40_15min,716152,2026-05-07 16:15:00,2026-05-07 18:40:00,150,30,True,True,False,False,33.9,29.2,40.6,534.0,0.1935
Threshold_40_15min,716152,2026-05-07 18:50:00,2026-05-07 19:05:00,20,4,True,True,False,False,39.1,33.9,40.3,499.0,0.1981
Threshold_40_15min,716152,2026-05-07 19:15:00,2026-05-07 19:35:00,25,5,True,True,False,False,39.3,33.0,42.3,528.0,0.186
Threshold_40_15min,716152,2026-05-08 13:10:00,2026-05-08 13:35:00,30,6,True,True,False,False,37.8,35.1,41.5,541.0,0.2135
Threshold_40_15min,716152,2026-05-08 13:50:00,2026-05-08 17:10:00,205,41,True,True,False,False,38.3,27.7,42.0,514.0,0.207
Threshold_40_15min,716152,2026-05-08 17:45:00,2026-05-08 19:00:00,80,16,True,True,False,False,38.0,30.0,44.3,490.0,0.2201
Threshold_40_15min,716152,2026-05-08 19:10:00,2026-05-08 19:20:00,15,3,True,True,False,False,37.6,36.4,40.9,506.0,0.2012
Threshold_40_15min,716152,2026-05-08 19:40:00,2026-05-08 19:50:00,15,3,True,True,False,False,38.6,35.4,41.3,513.0,0.2131
Threshold_40_15min,716152,2026-05-09 13:10:00,2026-05-09 13:40:00,35,7,True,True,False,False,37.7,32.4,40.7,526.0,0.1979
Threshold_40_15min,716152,2026-05-09 13:50:00,2026-05-09 14:00:00,15,3,True,True,False,False,37.4,34.7,41.3,533.0,0.1903
Threshold_40_15min,716152,2026-05-09 14:20:00,2026-05-09 15:50:00,95,19,True,True,False,False,39.3,26.5,40.0,541.0,0.1996
Threshold_40_15min,716152,2026-05-09 16:05:00,2026-05-09 18:05:00,125,25,True,True,False,False,34.6,26.0,40.0,517.0,0.2159
Threshold_40_15min,716152,2026-05-09 18:25:00,2026-05-09 18:40:00,20,4,True,True,False,False,37.6,34.3,40.7,536.0,0.2149
Threshold_40_15min,716152,2026-05-09 18:55:00,2026-05-09 19:35:00,45,9,True,True,False,False,37.2,31.2,42.1,549.0,0.2004
Threshold_40_15min,716152,2026-05-11 14:50:00,2026-05-11 15:25:00,40,8,True,True,False,False,38.2,33.8,45.9,539.0,0.1985
Threshold_40_15min,716152,2026-05-11 15:40:00,2026-05-11 16:55:00,80,16,True,True,False,False,33.0,25.3,41.2,522.0,0.2085
Threshold_40_15min,716152,2026-05-11 17:10:00,2026-05-11 17:25:00,20,4,True,True,False,False,34.3,32.2,42.0,539.0,0.2125
Threshold_40_15min,716152,2026-05-11 17:35:00,2026-05-11 17:45:00,15,3,True,True,False,False,36.6,36.6,40.1,518.0,0.2089
Threshold_40_15min,716152,2026-05-12 15:15:00,2026-05-12 15:30:00,20,4,True,True,False,False,36.1,35.9,40.5,529.0,0.2456
Threshold_40_15min,716152,2026-05-12 15:40:00,2026-05-12 16:20:00,45,9,True,True,False,False,37.4,28.9,41.5,507.0,0.1979
Threshold_40_15min,716152,2026-05-12 16:30:00,2026-05-12 17:35:00,70,14,True,True,False,False,35.7,25.6,40.0,493.0,0.2022
Threshold_40_15min,716152,2026-05-12 17:45:00,2026-05-12 18:15:00,35,7,True,True,False,False,38.5,33.6,42.0,565.0,0.2062
Threshold_40_15min,716152,2026-05-13 13:50:00,2026-05-13 14:00:00,15,3,True,True,False,False,37.0,35.5,41.2,496.0,0.2359
Threshold_40_15min,716152,2026-05-13 14:35:00,2026-05-13 16:55:00,145,29,True,True,False,False,35.0,24.7,41.0,493.0,0.2116
Threshold_40_15min,716152,2026-05-13 17:05:00,2026-05-13 17:15:00,15,3,True,True,False,False,34.1,34.1,40.0,533.0,0.2157
Threshold_40_15min,716152,2026-05-13 17:45:00,2026-05-13 17:55:00,15,3,True,True,False,False,38.9,34.1,48.8,531.0,0.1817
Threshold_40_15min,716152,2026-05-14 08:25:00,2026-05-14 08:40:00,20,4,True,True,False,False,36.6,30.2,41.1,537.0,0.2291
Threshold_40_15min,716152,2026-05-14 13:45:00,2026-05-14 14:25:00,45,9,True,True,False,False,38.3,31.7,42.1,557.0,0.2213
Threshold_40_15min,716152,2026-05-14 14:35:00,2026-05-14 16:35:00,125,25,True,True,False,False,34.4,29.9,40.1,502.0,0.1912
Threshold_40_15min,716152,2026-05-14 16:45:00,2026-05-14 17:05:00,25,5,True,True,False,False,35.6,32.4,42.8,537.0,0.187
Threshold_40_15min,716152,2026-05-14 17:15:00,2026-05-14 18:50:00,100,20,True,True,False,False,37.7,27.3,41.4,534.0,0.1938
Threshold_40_15min,716152,2026-05-15 13:00:00,2026-05-15 13:15:00,20,4,True,True,False,False,37.9,33.6,44.4,528.0,0.2598
Threshold_40_15min,716152,2026-05-15 13:25:00,2026-05-15 13:50:00,30,6,True,True,False,False,38.3,33.5,40.7,535.0,0.2138
Threshold_40_15min,716152,2026-05-15 14:00:00,2026-05-15 14:10:00,15,3,True,True,False,False,37.3,37.3,40.8,512.0,0.1889
Threshold_40_15min,716152,2026-05-15 15:05:00,2026-05-15 15:40:00,40,8,True,True,False,False,37.5,31.0,43.1,520.0,0.2015
Threshold_40_15min,716152,2026-05-15 15:50:00,2026-05-15 16:30:00,45,9,True,True,False,False,39.0,31.1,42.1,553.0,0.1955
Threshold_40_15min,716152,2026-05-15 16:40:00,2026-05-15 18:10:00,95,19,True,True,False,False,31.9,22.0,41.2,531.0,0.2022
Threshold_40_15min,716152,2026-05-15 18:20:00,2026-05-15 18:50:00,35,7,True,True,False,False,38.6,31.4,40.4,542.0,0.1989
Threshold_40_15min,716152,2026-05-16 14:55:00,2026-05-16 15:20:00,30,6,True,True,False,False,36.2,30.1,41.3,551.0,0.1975
Threshold_40_15min,716152,2026-05-16 16:55:00,2026-05-16 17:25:00,35,7,True,True,False,False,36.8,33.1,40.4,525.0,0.2006
Threshold_40_15min,716152,2026-05-16 18:10:00,2026-05-16 18:30:00,25,5,True,True,False,False,33.5,30.5,41.4,522.0,0.2037
Threshold_40_15min,716152,2026-05-18 14:40:00,2026-05-18 18:05:00,210,42,True,True,False,False,39.2,22.5,41.8,477.0,0.1788
Threshold_40_15min,716152,2026-05-18 18:20:00,2026-05-18 18:30:00,15,3,True,True,False,False,34.0,34.0,43.9,512.0,0.1847
Threshold_40_15min,716152,2026-05-18 18:40:00,2026-05-18 19:10:00,35,7,True,True,False,False,36.0,13.1,42.1,489.0,0.1663
Threshold_40_15min,716152,2026-05-19 14:45:00,2026-05-19 16:05:00,85,17,True,True,False,False,37.1,29.5,41.8,550.0,0.2022
Threshold_40_15min,716152,2026-05-19 17:25:00,2026-05-19 18:00:00,40,8,True,True,False,False,36.1,31.7,40.1,551.0,0.2276
Threshold_40_15min,716152,2026-05-19 18:15:00,2026-05-19 18:35:00,25,5,True,True,False,False,34.9,30.2,40.1,482.0,0.2212
Threshold_40_15min,716152,2026-05-20 07:45:00,2026-05-20 08:20:00,40,8,True,True,False,False,38.5,34.8,43.5,518.0,0.2528
Threshold_40_15min,716152,2026-05-20 13:05:00,2026-05-20 13:55:00,55,11,True,True,False,False,35.5,17.5,51.8,361.0,0.1348
Threshold_40_15min,716152,2026-05-20 15:10:00,2026-05-20 16:55:00,110,22,True,True,False,False,37.0,29.8,43.9,486.0,0.2467
Threshold_40_15min,716152,2026-05-20 17:05:00,2026-05-20 17:30:00,30,6,True,True,False,False,38.0,32.1,41.1,530.0,0.2
Threshold_40_15min,716152,2026-05-20 17:40:00,2026-05-20 18:10:00,35,7,True,True,False,False,37.8,32.8,41.1,516.0,0.1883
Threshold_40_15min,716152,2026-05-20 18:20:00,2026-05-20 18:40:00,25,5,True,True,False,False,33.3,33.3,40.4,530.0,0.208
Threshold_40_15min,716152,2026-05-21 13:25:00,2026-05-21 14:30:00,70,14,True,True,False,False,39.7,32.6,40.4,503.0,0.1963
Threshold_40_15min,716152,2026-05-21 14:55:00,2026-05-21 17:40:00,170,34,True,True,False,False,38.4,22.5,45.7,368.0,0.1354
Threshold_40_15min,716152,2026-05-21 18:10:00,2026-05-21 18:30:00,25,5,True,True,False,False,35.5,28.9,42.4,501.0,0.1889
Threshold_40_15min,716152,2026-05-21 18:40:00,2026-05-21 18:55:00,20,4,True,True,False,False,35.6,31.0,41.0,523.0,0.2098
Threshold_40_15min,716152,2026-05-22 11:25:00,2026-05-22 11:55:00,35,7,True,True,False,False,38.2,35.7,44.8,540.0,0.2051
Threshold_40_15min,716152,2026-05-22 12:15:00,2026-05-22 12:55:00,45,9,True,True,False,False,39.7,29.3,41.1,502.0,0.2375
Threshold_40_15min,716152,2026-05-22 13:05:00,2026-05-22 14:25:00,85,17,True,True,False,False,34.1,29.0,40.4,535.0,0.2079
Threshold_40_15min,716152,2026-05-22 14:35:00,2026-05-22 19:10:00,280,56,True,True,False,False,33.5,27.4,41.3,554.0,0.2062
Threshold_40_15min,716152,2026-05-28 13:45:00,2026-05-28 17:10:00,210,42,True,True,False,False,34.7,30.0,41.7,548.0,0.2205
Threshold_40_15min,716152,2026-05-28 17:35:00,2026-05-28 18:15:00,45,9,True,True,False,False,34.6,27.5,42.5,553.0,0.244
Threshold_40_15min,716152,2026-05-29 08:05:00,2026-05-29 08:35:00,35,7,True,True,False,False,39.2,32.0,40.9,456.0,0.2456
Threshold_40_15min,716152,2026-05-29 13:15:00,2026-05-29 13:40:00,30,6,True,True,False,False,36.9,34.6,41.7,568.0,0.2124
Threshold_40_15min,716152,2026-05-29 14:25:00,2026-05-29 16:25:00,125,25,True,True,False,False,36.5,30.7,45.0,561.0,0.1944
Threshold_40_15min,716152,2026-05-29 16:40:00,2026-05-29 17:05:00,30,6,True,True,False,False,34.9,30.3,40.3,563.0,0.2467
Threshold_40_15min,716152,2026-05-29 17:25:00,2026-05-29 18:35:00,75,15,True,True,False,False,39.6,30.2,40.8,526.0,0.2531
Threshold_40_15min,716152,2026-05-30 14:35:00,2026-05-30 18:10:00,220,44,True,True,False,False,37.9,25.7,47.5,556.0,0.1656
Threshold_40_15min,716152,2026-05-31 14:05:00,2026-05-31 15:20:00,80,16,True,True,False,False,36.2,20.7,50.9,432.0,0.1565
Threshold_40_15min,717185,2026-02-02 12:35:00,2026-02-02 13:00:00,30,6,True,True,False,False,34.6,24.1,41.5,469.0,0.1345
Threshold_40_15min,717185,2026-02-02 13:35:00,2026-02-02 18:05:00,275,55,True,True,False,False,33.9,15.8,44.5,407.0,0.123
Threshold_40_15min,717185,2026-02-02 18:15:00,2026-02-02 18:45:00,35,7,True,True,False,False,37.5,31.4,42.4,464.0,0.1229
Threshold_40_15min,717185,2026-02-03 07:45:00,2026-02-03 08:30:00,50,10,True,True,False,False,38.9,27.9,44.4,543.0,0.2121
Threshold_40_15min,717185,2026-02-03 13:45:00,2026-02-03 18:15:00,275,55,True,True,False,False,38.4,10.8,41.6,495.0,0.145
Threshold_40_15min,717185,2026-02-04 07:45:00,2026-02-04 08:35:00,55,11,True,True,False,False,37.7,30.8,41.0,517.0,0.21
Threshold_40_15min,717185,2026-02-04 13:40:00,2026-02-04 13:50:00,15,3,True,True,False,False,36.3,33.3,40.3,480.0,0.1885
Threshold_40_15min,717185,2026-02-04 14:00:00,2026-02-04 19:15:00,320,64,True,True,False,False,38.6,16.8,41.0,507.0,0.1441
Threshold_40_15min,717185,2026-02-05 07:50:00,2026-02-05 08:00:00,15,3,True,True,False,False,37.2,37.2,45.9,554.0,0.1616
Threshold_40_15min,717185,2026-02-05 14:10:00,2026-02-05 15:10:00,65,13,True,True,False,False,37.9,24.6,48.5,514.0,0.1755
Threshold_40_15min,717185,2026-02-05 16:40:00,2026-02-05 18:50:00,135,27,True,True,False,False,35.6,24.8,40.6,466.0,0.1883
Threshold_40_15min,717185,2026-02-06 07:40:00,2026-02-06 08:05:00,30,6,True,True,False,False,38.9,29.5,42.7,530.0,0.2147
Threshold_40_15min,717185,2026-02-06 12:35:00,2026-02-06 18:05:00,335,67,True,True,False,False,39.1,22.2,49.7,509.0,0.155
Threshold_40_15min,717185,2026-02-06 18:30:00,2026-02-06 18:50:00,25,5,True,True,False,False,36.2,36.2,44.8,458.0,0.1394
Threshold_40_15min,717185,2026-02-07 13:40:00,2026-02-07 17:45:00,250,50,True,True,False,False,33.5,20.2,41.3,503.0,0.1781
Threshold_40_15min,717185,2026-02-09 12:25:00,2026-02-09 12:50:00,30,6,True,True,False,False,31.5,17.1,45.4,371.0,0.169
Threshold_40_15min,717185,2026-02-09 13:45:00,2026-02-09 14:05:00,25,5,True,True,False,False,37.0,35.6,47.9,516.0,0.1437
Threshold_40_15min,717185,2026-02-09 14:20:00,2026-02-09 15:05:00,50,10,True,True,False,False,34.2,27.7,42.8,496.0,0.15
Threshold_40_15min,717185,2026-02-09 15:15:00,2026-02-09 18:05:00,175,35,True,True,False,False,32.4,19.4,41.6,507.0,0.1454
Threshold_40_15min,717185,2026-02-10 07:40:00,2026-02-10 07:55:00,20,4,True,True,False,False,37.8,35.5,44.3,465.0,0.219
Threshold_40_15min,717185,2026-02-10 13:50:00,2026-02-10 19:10:00,325,65,True,True,False,False,39.5,23.4,47.6,547.0,0.1517
Threshold_40_15min,717185,2026-02-11 07:35:00,2026-02-11 08:20:00,50,10,True,True,False,False,33.7,27.3,47.6,498.0,0.186
Threshold_40_15min,717185,2026-02-11 14:00:00,2026-02-11 14:10:00,15,3,True,True,False,False,33.2,32.1,41.3,494.0,0.1507
Threshold_40_15min,717185,2026-02-11 14:40:00,2026-02-11 15:30:00,55,11,True,True,False,False,34.9,30.2,40.9,501.0,0.1854
Threshold_40_15min,717185,2026-02-11 15:45:00,2026-02-11 18:35:00,175,35,True,True,False,False,38.5,25.2,46.5,514.0,0.1497
Threshold_40_15min,717185,2026-02-12 07:35:00,2026-02-12 08:55:00,85,17,True,True,False,False,39.9,24.2,50.7,534.0,0.1546
Threshold_40_15min,717185,2026-02-12 13:45:00,2026-02-12 19:10:00,330,66,True,True,False,False,36.3,22.3,50.2,536.0,0.1478
Threshold_40_15min,717185,2026-02-13 07:50:00,2026-02-13 08:05:00,20,4,True,True,False,False,35.7,33.7,41.1,472.0,0.2059
Threshold_40_15min,717185,2026-02-13 11:45:00,2026-02-13 15:35:00,235,47,True,True,False,False,37.0,23.4,45.0,489.0,0.1321
Threshold_40_15min,717185,2026-02-13 16:20:00,2026-02-13 18:15:00,120,24,True,True,False,False,32.1,24.5,40.5,478.0,0.222
Threshold_40_15min,717185,2026-02-13 19:20:00,2026-02-13 19:50:00,35,7,True,True,False,False,38.2,33.8,40.9,448.0,0.1956
Threshold_40_15min,717185,2026-02-14 09:10:00,2026-02-14 09:40:00,35,7,True,True,False,False,25.7,14.3,40.3,389.0,0.2115
Threshold_40_15min,717185,2026-02-14 14:45:00,2026-02-14 17:05:00,145,29,True,True,False,False,32.3,22.9,44.5,489.0,0.1345
Threshold_40_15min,717185,2026-02-14 17:45:00,2026-02-14 18:00:00,20,4,True,True,False,False,39.5,37.1,40.1,479.0,0.1477
Threshold_40_15min,717185,2026-02-16 12:10:00,2026-02-16 12:30:00,25,5,True,True,False,False,37.0,33.3,41.6,392.0,0.1386
Threshold_40_15min,717185,2026-02-16 13:45:00,2026-02-16 16:05:00,145,29,True,True,False,False,38.2,19.0,43.9,437.0,0.1642
Threshold_40_15min,717185,2026-02-16 17:15:00,2026-02-16 17:30:00,20,4,True,True,False,False,33.1,28.6,43.6,439.0,0.1558
Threshold_40_15min,717185,2026-02-17 15:30:00,2026-02-17 16:20:00,55,11,True,True,False,False,36.6,27.6,44.6,490.0,0.1396
Threshold_40_15min,717185,2026-02-17 16:35:00,2026-02-17 17:40:00,70,14,True,True,False,False,38.6,28.2,44.5,501.0,0.1495
Threshold_40_15min,717185,2026-02-18 07:40:00,2026-02-18 08:30:00,55,11,True,True,False,False,27.4,13.4,42.9,425.0,0.248
Threshold_40_15min,717185,2026-02-18 14:30:00,2026-02-18 15:05:00,40,8,True,True,False,False,35.3,29.1,45.3,516.0,0.1405
Threshold_40_15min,717185,2026-02-18 15:15:00,2026-02-18 18:35:00,205,41,True,True,False,False,35.2,23.2,41.2,513.0,0.1543
Threshold_40_15min,717185,2026-02-19 07:45:00,2026-02-19 07:55:00,15,3,True,True,False,False,38.3,37.4,41.7,501.0,0.2296
Threshold_40_15min,717185,2026-02-19 12:20:00,2026-02-19 17:30:00,315,63,True,True,False,False,35.3,20.9,41.2,434.0,0.1503
Threshold_40_15min,717185,2026-02-20 08:25:00,2026-02-20 08:50:00,30,6,True,True,False,False,39.8,37.2,43.4,425.0,0.1337
Threshold_40_15min,717185,2026-02-20 13:35:00,2026-02-20 18:20:00,290,58,True,True,False,False,39.1,25.9,45.8,460.0,0.1411
Threshold_40_15min,717185,2026-02-20 18:30:00,2026-02-20 18:50:00,25,5,True,True,False,False,39.8,38.4,40.1,468.0,0.1476
Threshold_40_15min,717185,2026-02-21 13:45:00,2026-02-21 17:50:00,250,50,True,True,False,False,39.5,25.4,43.5,480.0,0.1809
Threshold_40_15min,717185,2026-02-23 07:45:00,2026-02-23 08:20:00,40,8,True,True,False,False,38.7,29.3,46.8,536.0,0.1532
Threshold_40_15min,717185,2026-02-23 08:30:00,2026-02-23 09:00:00,35,7,True,True,False,False,34.6,31.6,41.5,529.0,0.1458
Threshold_40_15min,717185,2026-02-23 13:50:00,2026-02-23 18:45:00,300,60,True,True,False,False,36.1,20.3,44.7,486.0,0.1449
Threshold_40_15min,717185,2026-02-24 07:35:00,2026-02-24 08:55:00,85,17,True,True,False,False,33.7,23.5,42.9,515.0,0.1701
Threshold_40_15min,717185,2026-02-24 12:55:00,2026-02-24 19:15:00,385,77,True,True,False,False,39.3,22.6,41.8,522.0,0.1654
Threshold_40_15min,717185,2026-02-25 07:40:00,2026-02-25 08:40:00,65,13,True,True,False,False,36.5,27.9,45.3,510.0,0.1664
Threshold_40_15min,717185,2026-02-25 13:55:00,2026-02-25 19:20:00,330,66,True,True,False,False,38.0,13.1,43.6,483.0,0.1386
Threshold_40_15min,717185,2026-02-26 07:35:00,2026-02-26 08:55:00,85,17,True,True,False,False,34.6,24.1,46.5,534.0,0.1628
Threshold_40_15min,717185,2026-02-26 13:15:00,2026-02-26 18:55:00,345,69,True,True,False,False,39.5,16.4,41.2,494.0,0.1545
Threshold_40_15min,717185,2026-02-26 19:10:00,2026-02-26 19:35:00,30,6,True,True,False,False,39.6,35.3,41.2,470.0,0.1559
Threshold_40_15min,717185,2026-02-27 08:00:00,2026-02-27 09:35:00,100,20,True,True,False,False,33.6,8.6,57.1,408.0,0.106
Threshold_40_15min,717185,2026-02-27 13:10:00,2026-02-27 19:55:00,410,82,True,False,False,True,36.0,25.0,47.6,372.0,0.1363
Threshold_40_15min,717185,2026-03-02 05:20:00,2026-03-02 06:10:00,55,11,True,True,False,False,30.1,3.4,53.4,167.0,0.0575
Threshold_40_15min,717185,2026-03-02 07:50:00,2026-03-02 08:10:00,25,5,True,True,False,False,37.6,32.1,44.3,502.0,0.1621
Threshold_40_15min,717185,2026-03-02 08:20:00,2026-03-02 08:35:00,20,4,True,True,False,False,36.4,34.1,40.2,506.0,0.1547
Threshold_40_15min,717185,2026-03-02 12:10:00,2026-03-02 12:30:00,25,5,True,True,False,False,34.4,33.1,43.4,457.0,0.1599
Threshold_40_15min,717185,2026-03-02 13:20:00,2026-03-02 18:25:00,310,62,True,True,False,False,38.2,21.4,42.3,501.0,0.1628
Threshold_40_15min,717185,2026-03-02 18:50:00,2026-03-02 19:10:00,25,5,True,True,False,False,34.2,32.6,42.6,476.0,0.1542
Threshold_40_15min,717185,2026-03-03 07:50:00,2026-03-03 10:05:00,140,28,True,True,False,False,34.4,18.8,43.8,509.0,0.1986
Threshold_40_15min,717185,2026-03-03 10:15:00,2026-03-03 10:25:00,15,3,True,True,False,False,33.4,31.9,42.1,492.0,0.1624
Threshold_40_15min,717185,2026-03-03 10:35:00,2026-03-03 11:00:00,30,6,True,True,False,False,37.7,33.3,40.1,491.0,0.1666
Threshold_40_15min,717185,2026-03-03 12:05:00,2026-03-03 19:25:00,445,89,True,True,False,False,39.4,14.0,45.0,492.0,0.1453
Threshold_40_15min,717185,2026-03-03 19:40:00,2026-03-03 19:55:00,20,4,True,False,False,True,38.2,36.5,40.6,494.0,0.1704
Threshold_40_15min,717185,2026-03-04 07:40:00,2026-03-04 10:05:00,150,30,True,True,False,False,39.6,23.9,42.2,522.0,0.1591
Threshold_40_15min,717185,2026-03-04 10:45:00,2026-03-04 12:45:00,125,25,True,True,False,False,33.0,27.1,43.4,528.0,0.1791
Threshold_40_15min,717185,2026-03-04 13:00:00,2026-03-04 19:25:00,390,78,True,True,False,False,38.6,20.0,44.4,490.0,0.1438
Threshold_40_15min,717185,2026-03-05 07:50:00,2026-03-05 08:35:00,50,10,True,True,False,False,34.3,27.7,43.5,520.0,0.1501
Threshold_40_15min,717185,2026-03-05 08:45:00,2026-03-05 09:05:00,25,5,True,True,False,False,38.4,29.1,43.5,502.0,0.1439
Threshold_40_15min,717185,2026-03-05 09:15:00,2026-03-05 09:55:00,45,9,True,True,False,False,36.4,29.3,41.2,540.0,0.1642
Threshold_40_15min,717185,2026-03-05 11:15:00,2026-03-05 11:35:00,25,5,True,True,False,False,39.9,32.7,43.9,500.0,0.1533
Threshold_40_15min,717185,2026-03-05 12:20:00,2026-03-05 18:55:00,400,80,True,True,False,False,37.7,14.4,45.6,490.0,0.154
Threshold_40_15min,717185,2026-03-06 11:35:00,2026-03-06 12:35:00,65,13,True,True,False,False,36.9,26.5,41.9,490.0,0.1529
Threshold_40_15min,717185,2026-03-06 12:45:00,2026-03-06 13:00:00,20,4,True,True,False,False,39.5,35.1,44.1,515.0,0.1253
Threshold_40_15min,717185,2026-03-06 13:15:00,2026-03-06 17:40:00,270,54,True,True,False,False,37.5,14.1,44.5,492.0,0.1353
Threshold_40_15min,717185,2026-03-06 19:25:00,2026-03-06 19:55:00,35,7,True,False,False,True,39.7,36.5,42.3,487.0,0.1591
Threshold_40_15min,717185,2026-03-07 14:45:00,2026-03-07 18:00:00,200,40,True,True,False,False,34.8,23.5,43.5,442.0,0.135
Threshold_40_15min,717185,2026-03-09 07:45:00,2026-03-09 08:50:00,70,14,True,True,False,False,33.9,26.7,41.5,502.0,0.2085
Threshold_40_15min,717185,2026-03-09 13:45:00,2026-03-09 15:40:00,120,24,True,True,False,False,39.5,23.2,49.9,507.0,0.1499
Threshold_40_15min,717185,2026-03-09 16:15:00,2026-03-09 19:00:00,170,34,True,True,False,False,39.7,21.4,50.0,478.0,0.1727
Threshold_40_15min,717185,2026-03-10 07:40:00,2026-03-10 08:45:00,70,14,True,True,False,False,38.9,27.6,46.8,542.0,0.2149
Threshold_40_15min,717185,2026-03-10 14:05:00,2026-03-10 18:30:00,270,54,True,True,False,False,32.6,22.6,42.4,420.0,0.1673
Threshold_40_15min,717185,2026-03-10 18:45:00,2026-03-10 18:55:00,15,3,True,True,False,False,36.8,34.8,44.0,469.0,0.1415
Threshold_40_15min,717185,2026-03-11 07:40:00,2026-03-11 08:10:00,35,7,True,True,False,False,34.9,25.7,40.5,488.0,0.197
Threshold_40_15min,717185,2026-03-11 13:00:00,2026-03-11 13:15:00,20,4,True,True,False,False,32.7,27.4,47.3,447.0,0.1307
Threshold_40_15min,717185,2026-03-11 14:35:00,2026-03-11 19:35:00,305,61,True,True,False,False,39.0,19.6,42.9,474.0,0.1725
Threshold_40_15min,717185,2026-03-12 07:30:00,2026-03-12 08:50:00,85,17,True,True,False,False,36.3,24.6,48.5,468.0,0.1358
Threshold_40_15min,717185,2026-03-12 13:15:00,2026-03-12 19:25:00,375,75,True,True,False,False,36.1,19.8,49.6,517.0,0.1622
Threshold_40_15min,717185,2026-03-13 07:40:00,2026-03-13 08:35:00,60,12,True,True,False,False,38.7,25.2,49.0,535.0,0.1585
Threshold_40_15min,717185,2026-03-13 11:40:00,2026-03-13 18:30:00,415,83,True,True,False,False,37.2,15.3,47.8,417.0,0.1231
Threshold_40_15min,717185,2026-03-14 14:00:00,2026-03-14 14:35:00,40,8,True,True,False,False,36.7,27.3,46.6,468.0,0.1638
Threshold_40_15min,717185,2026-03-14 15:40:00,2026-03-14 18:25:00,170,34,True,True,False,False,35.7,12.1,40.9,469.0,0.19
Threshold_40_15min,717185,2026-03-16 07:35:00,2026-03-16 08:00:00,30,6,True,True,False,False,34.7,31.8,41.2,435.0,0.2272
Threshold_40_15min,717185,2026-03-16 14:10:00,2026-03-16 17:50:00,225,45,True,True,False,False,35.2,22.1,42.0,450.0,0.1809
Threshold_40_15min,717185,2026-03-16 18:30:00,2026-03-16 19:05:00,40,8,True,True,False,False,38.3,28.4,42.0,477.0,0.1321
Threshold_40_15min,717185,2026-03-17 07:40:00,2026-03-17 08:45:00,70,14,True,True,False,False,36.5,30.4,44.6,527.0,0.1945
Threshold_40_15min,717185,2026-03-17 12:45:00,2026-03-17 13:00:00,20,4,True,True,False,False,36.2,25.6,40.8,418.0,0.2416
Threshold_40_15min,717185,2026-03-17 13:55:00,2026-03-17 18:45:00,295,59,True,True,False,False,38.9,16.6,46.4,489.0,0.1645
Threshold_40_15min,717185,2026-03-18 07:40:00,2026-03-18 08:40:00,65,13,True,True,False,False,37.1,28.1,40.8,489.0,0.2078
Threshold_40_15min,717185,2026-03-18 12:50:00,2026-03-18 13:00:00,15,3,True,True,False,False,31.6,30.4,40.6,503.0,0.1631
Threshold_40_15min,717185,2026-03-18 13:10:00,2026-03-18 14:05:00,60,12,True,True,False,False,33.3,15.8,41.5,493.0,0.1568
Threshold_40_15min,717185,2026-03-18 14:20:00,2026-03-18 17:50:00,215,43,True,True,False,False,39.6,23.3,43.6,476.0,0.1602
Threshold_40_15min,717185,2026-03-18 18:05:00,2026-03-18 18:25:00,25,5,True,True,False,False,35.5,31.4,41.8,483.0,0.1615
Threshold_40_15min,717185,2026-03-19 07:50:00,2026-03-19 08:35:00,50,10,True,True,False,False,34.0,27.3,42.9,551.0,0.1658
Threshold_40_15min,717185,2026-03-19 10:50:00,2026-03-19 11:00:00,15,3,True,True,False,False,31.2,23.3,48.2,314.0,0.1393
Threshold_40_15min,717185,2026-03-19 12:10:00,2026-03-19 18:05:00,360,72,True,True,False,False,39.0,21.8,51.8,454.0,0.1457
Threshold_40_15min,717185,2026-03-19 18:15:00,2026-03-19 19:20:00,70,14,True,True,False,False,33.0,23.9,40.3,496.0,0.1518
Threshold_40_15min,717185,2026-03-20 07:45:00,2026-03-20 08:25:00,45,9,True,True,False,False,39.3,30.6,42.9,462.0,0.1959
Threshold_40_15min,717185,2026-03-20 13:15:00,2026-03-20 19:20:00,370,74,True,True,False,False,30.4,16.5,40.1,510.0,0.1841
Threshold_40_15min,717185,2026-03-21 13:10:00,2026-03-21 13:40:00,35,7,True,True,False,False,37.7,30.2,45.7,505.0,0.1429
Threshold_40_15min,717185,2026-03-21 14:15:00,2026-03-21 18:00:00,230,46,True,True,False,False,37.1,20.2,40.2,436.0,0.1951
Threshold_40_15min,717185,2026-03-22 12:50:00,2026-03-22 13:40:00,55,11,True,True,False,False,34.2,17.1,45.8,486.0,0.1537
Threshold_40_15min,717185,2026-03-23 07:50:00,2026-03-23 08:20:00,35,7,True,True,False,False,39.8,34.3,41.4,437.0,0.2302
Threshold_40_15min,717185,2026-03-23 13:55:00,2026-03-23 19:05:00,315,63,True,True,False,False,33.4,18.3,40.4,487.0,0.1405
Threshold_40_15min,717185,2026-03-24 13:35:00,2026-03-24 19:25:00,355,71,True,True,False,False,38.2,22.8,41.3,478.0,0.1714
Threshold_40_15min,717185,2026-03-25 08:40:00,2026-03-25 08:50:00,15,3,True,True,False,False,38.0,31.7,42.4,518.0,0.1929
Threshold_40_15min,717185,2026-03-25 14:05:00,2026-03-25 18:15:00,255,51,True,True,False,False,36.4,11.0,43.8,477.0,0.1734
Threshold_40_15min,717185,2026-03-25 18:35:00,2026-03-25 19:55:00,85,17,True,False,False,True,39.6,30.3,49.8,473.0,0.1333
Threshold_40_15min,717185,2026-03-26 07:50:00,2026-03-26 08:00:00,15,3,True,True,False,False,39.6,36.7,41.5,451.0,0.2177
Threshold_40_15min,717185,2026-03-26 08:10:00,2026-03-26 08:40:00,35,7,True,True,False,False,30.8,30.4,40.2,504.0,0.1625
Threshold_40_15min,717185,2026-03-26 13:15:00,2026-03-26 13:35:00,25,5,True,True,False,False,39.6,34.0,42.8,475.0,0.1836
Threshold_40_15min,717185,2026-03-26 13:45:00,2026-03-26 19:50:00,370,74,True,True,False,False,38.8,19.9,41.1,518.0,0.1612
Threshold_40_15min,717185,2026-03-27 07:45:00,2026-03-27 08:05:00,25,5,True,True,False,False,37.8,32.0,45.7,508.0,0.1961
Threshold_40_15min,717185,2026-03-27 12:15:00,2026-03-27 12:30:00,20,4,True,True,False,False,38.0,32.9,46.9,509.0,0.1832
Threshold_40_15min,717185,2026-03-27 12:45:00,2026-03-27 15:25:00,165,33,True,True,False,False,39.2,22.2,45.7,493.0,0.1403
Threshold_40_15min,717185,2026-03-27 16:00:00,2026-03-27 19:55:00,240,48,True,False,False,True,34.7,11.1,40.1,475.0,0.1701
Threshold_40_15min,717185,2026-03-28 13:15:00,2026-03-28 13:40:00,30,6,True,True,False,False,30.5,28.1,41.1,483.0,0.1729
Threshold_40_15min,717185,2026-03-28 13:50:00,2026-03-28 18:10:00,265,53,True,True,False,False,38.2,22.4,40.9,507.0,0.1462
Threshold_40_15min,717185,2026-03-30 13:35:00,2026-03-30 17:50:00,260,52,True,True,False,False,38.3,23.4,51.4,504.0,0.1484
Threshold_40_15min,717185,2026-03-31 14:35:00,2026-03-31 15:55:00,85,17,True,True,False,False,37.8,27.0,43.9,496.0,0.1935
Threshold_40_15min,717185,2026-03-31 16:50:00,2026-03-31 17:45:00,60,12,True,True,False,False,39.8,30.5,43.0,528.0,0.1586
Threshold_40_15min,717185,2026-04-01 14:45:00,2026-04-01 18:15:00,215,43,True,True,False,False,35.9,26.4,42.2,491.0,0.1782
Threshold_40_15min,717185,2026-04-01 19:00:00,2026-04-01 19:40:00,45,9,True,True,False,False,38.6,31.0,42.2,457.0,0.1873
Threshold_40_15min,717185,2026-04-02 12:20:00,2026-04-02 12:45:00,30,6,True,True,False,False,37.5,32.8,51.4,466.0,0.1386
Threshold_40_15min,717185,2026-04-02 14:00:00,2026-04-02 15:05:00,70,14,True,True,False,False,38.9,24.9,47.3,516.0,0.1523
Threshold_40_15min,717185,2026-04-02 15:15:00,2026-04-02 16:25:00,75,15,True,True,False,False,39.3,27.3,44.3,533.0,0.151
Threshold_40_15min,717185,2026-04-02 17:50:00,2026-04-02 18:55:00,70,14,True,True,False,False,36.7,26.8,40.2,502.0,0.1656
Threshold_40_15min,717185,2026-04-03 12:35:00,2026-04-03 13:35:00,65,13,True,True,False,False,33.5,27.1,41.6,462.0,0.2381
Threshold_40_15min,717185,2026-04-03 13:45:00,2026-04-03 15:35:00,115,23,True,True,False,False,38.7,25.8,40.3,477.0,0.1396
Threshold_40_15min,717185,2026-04-03 16:30:00,2026-04-03 16:40:00,15,3,True,True,False,False,36.8,35.9,41.3,477.0,0.1806
Threshold_40_15min,717185,2026-04-03 16:55:00,2026-04-03 17:40:00,50,10,True,True,False,False,36.7,28.5,40.1,439.0,0.162
Threshold_40_15min,717185,2026-04-04 14:20:00,2026-04-04 16:45:00,150,30,True,True,False,False,35.9,19.2,44.3,482.0,0.1642
Threshold_40_15min,717185,2026-04-06 13:10:00,2026-04-06 14:20:00,75,15,True,True,False,False,37.8,27.2,45.7,476.0,0.1795
Threshold_40_15min,717185,2026-04-06 14:35:00,2026-04-06 18:00:00,210,42,True,True,False,False,37.9,15.0,41.2,494.0,0.1605
Threshold_40_15min,717185,2026-04-06 18:25:00,2026-04-06 18:45:00,25,5,True,True,False,False,36.4,29.7,42.9,488.0,0.134
Threshold_40_15min,717185,2026-04-07 07:40:00,2026-04-07 07:50:00,15,3,True,True,False,False,39.0,34.3,40.1,480.0,0.2151
Threshold_40_15min,717185,2026-04-07 12:50:00,2026-04-07 13:00:00,15,3,True,True,False,False,38.6,30.7,41.5,423.0,0.2173
Threshold_40_15min,717185,2026-04-07 14:25:00,2026-04-07 17:50:00,210,42,True,True,False,False,35.6,22.4,40.3,498.0,0.1494
Threshold_40_15min,717185,2026-04-07 18:35:00,2026-04-07 18:50:00,20,4,True,True,False,False,39.8,31.9,41.2,457.0,0.1465
Threshold_40_15min,717185,2026-04-08 07:40:00,2026-04-08 08:15:00,40,8,True,True,False,False,35.6,30.2,41.9,489.0,0.1839
Threshold_40_15min,717185,2026-04-08 13:45:00,2026-04-08 19:00:00,320,64,True,True,False,False,36.4,22.3,40.1,480.0,0.1936
Threshold_40_15min,717185,2026-04-09 07:50:00,2026-04-09 08:25:00,40,8,True,True,False,False,36.6,31.2,40.2,462.0,0.21
Threshold_40_15min,717185,2026-04-09 13:40:00,2026-04-09 13:55:00,20,4,True,True,False,False,35.0,31.3,40.8,490.0,0.1879
Threshold_40_15min,717185,2026-04-09 14:05:00,2026-04-09 18:00:00,240,48,True,True,False,False,33.0,21.6,41.2,481.0,0.137
Threshold_40_15min,717185,2026-04-10 11:30:00,2026-04-10 16:15:00,290,58,True,True,False,False,33.5,21.5,40.4,438.0,0.2217
Threshold_40_15min,717185,2026-04-11 13:25:00,2026-04-11 16:55:00,215,43,True,True,False,False,38.3,17.7,44.9,515.0,0.136
Threshold_40_15min,717185,2026-04-13 14:15:00,2026-04-13 17:50:00,220,44,True,True,False,False,36.3,23.6,40.6,432.0,0.225
Threshold_40_15min,717185,2026-04-14 07:45:00,2026-04-14 08:05:00,25,5,True,True,False,False,33.8,29.0,43.7,439.0,0.2365
Threshold_40_15min,717185,2026-04-14 08:20:00,2026-04-14 08:35:00,20,4,True,True,False,False,39.9,36.5,41.3,537.0,0.1881
Threshold_40_15min,717185,2026-04-14 12:20:00,2026-04-14 13:30:00,75,15,True,True,False,False,39.2,17.3,52.9,413.0,0.1411
Threshold_40_15min,717185,2026-04-14 14:15:00,2026-04-14 17:55:00,225,45,True,True,False,False,38.5,20.5,53.2,511.0,0.1368
Threshold_40_15min,717185,2026-04-14 18:05:00,2026-04-14 19:00:00,60,12,True,True,False,False,37.7,9.7,40.8,472.0,0.1302
Threshold_40_15min,717185,2026-04-15 07:55:00,2026-04-15 08:30:00,40,8,True,True,False,False,32.8,27.1,40.9,520.0,0.2051
Threshold_40_15min,717185,2026-04-15 14:00:00,2026-04-15 19:25:00,330,66,True,True,False,False,39.7,21.1,43.8,447.0,0.1778
Threshold_40_15min,717185,2026-04-16 07:50:00,2026-04-16 08:55:00,70,14,True,True,False,False,30.5,27.6,40.9,525.0,0.1621
Threshold_40_15min,717185,2026-04-16 11:00:00,2026-04-16 11:45:00,50,10,True,True,False,False,34.9,28.2,45.3,457.0,0.178
Threshold_40_15min,717185,2026-04-16 12:55:00,2026-04-16 13:05:00,15,3,True,True,False,False,36.8,33.7,41.5,464.0,0.1623
Threshold_40_15min,717185,2026-04-16 14:30:00,2026-04-16 18:35:00,250,50,True,True,False,False,32.2,19.0,42.1,441.0,0.1991
Threshold_40_15min,717185,2026-04-17 12:45:00,2026-04-17 19:00:00,380,76,True,True,False,False,37.5,22.1,45.0,478.0,0.1615
Threshold_40_15min,717185,2026-04-18 14:40:00,2026-04-18 16:40:00,125,25,True,True,False,False,37.6,19.5,42.0,493.0,0.1351
Threshold_40_15min,717185,2026-04-18 17:35:00,2026-04-18 18:55:00,85,17,True,True,False,False,35.5,22.2,47.0,520.0,0.1709
Threshold_40_15min,717185,2026-04-20 07:45:00,2026-04-20 08:20:00,40,8,True,True,False,False,37.8,28.9,45.9,523.0,0.1729
Threshold_40_15min,717185,2026-04-20 13:20:00,2026-04-20 13:45:00,30,6,True,True,False,False,38.7,30.9,46.6,524.0,0.1739
Threshold_40_15min,717185,2026-04-20 14:15:00,2026-04-20 17:00:00,170,34,True,True,False,False,35.4,22.7,44.7,455.0,0.1746
Threshold_40_15min,717185,2026-04-20 17:10:00,2026-04-20 18:00:00,55,11,True,True,False,False,37.4,28.2,43.3,527.0,0.1477
Threshold_40_15min,717185,2026-04-21 07:45:00,2026-04-21 08:55:00,75,15,True,True,False,False,35.5,30.3,46.0,529.0,0.1685
Threshold_40_15min,717185,2026-04-21 12:30:00,2026-04-21 12:55:00,30,6,True,True,False,False,38.6,33.1,43.7,444.0,0.2044
Threshold_40_15min,717185,2026-04-21 14:00:00,2026-04-21 17:25:00,210,42,True,True,False,False,39.1,24.6,45.2,504.0,0.1867
Threshold_40_15min,717185,2026-04-21 17:40:00,2026-04-21 17:55:00,20,4,True,True,False,False,38.1,36.8,44.7,557.0,0.1515
Threshold_40_15min,717185,2026-04-22 07:45:00,2026-04-22 08:35:00,55,11,True,True,False,False,31.1,28.8,42.1,476.0,0.1711
Threshold_40_15min,717185,2026-04-22 13:35:00,2026-04-22 14:00:00,30,6,True,True,False,False,37.0,29.8,46.4,527.0,0.1481
Threshold_40_15min,717185,2026-04-22 14:10:00,2026-04-22 18:55:00,290,58,True,True,False,False,32.6,19.9,40.8,514.0,0.1506
Threshold_40_15min,717185,2026-04-23 07:45:00,2026-04-23 07:55:00,15,3,True,True,False,False,37.2,30.0,48.1,520.0,0.1537
Threshold_40_15min,717185,2026-04-23 08:05:00,2026-04-23 08:35:00,35,7,True,True,False,False,36.2,25.9,41.5,525.0,0.15
Threshold_40_15min,717185,2026-04-23 13:10:00,2026-04-23 18:20:00,315,63,True,True,False,False,36.7,20.2,41.0,471.0,0.2077
Threshold_40_15min,717185,2026-04-23 18:30:00,2026-04-23 18:50:00,25,5,True,True,False,False,38.6,32.7,42.0,511.0,0.1407
Threshold_40_15min,717185,2026-04-24 07:40:00,2026-04-24 08:35:00,60,12,True,True,False,False,38.4,25.8,45.4,545.0,0.1809
Threshold_40_15min,717185,2026-04-24 11:50:00,2026-04-24 19:10:00,445,89,True,True,False,False,36.8,19.1,44.4,498.0,0.1372
Threshold_40_15min,717185,2026-04-25 16:50:00,2026-04-25 17:00:00,15,3,True,True,False,False,35.7,35.0,43.4,472.0,0.1551
Threshold_40_15min,717185,2026-04-27 08:05:00,2026-04-27 08:45:00,45,9,True,True,False,False,39.3,29.9,45.0,556.0,0.1471
Threshold_40_15min,717185,2026-04-27 14:30:00,2026-04-27 18:00:00,215,43,True,True,False,False,33.5,22.2,44.7,483.0,0.1374
Threshold_40_15min,717185,2026-04-27 18:20:00,2026-04-27 18:35:00,20,4,True,True,False,False,38.2,29.9,45.7,494.0,0.1291
Threshold_40_15min,717185,2026-04-28 07:45:00,2026-04-28 08:50:00,70,14,True,True,False,False,37.5,28.6,43.7,536.0,0.1804
Threshold_40_15min,717185,2026-04-28 12:25:00,2026-04-28 12:45:00,25,5,True,True,False,False,39.9,33.8,47.5,475.0,0.1601
Threshold_40_15min,717185,2026-04-28 13:05:00,2026-04-28 13:35:00,35,7,True,True,False,False,35.2,35.2,41.0,455.0,0.1548
Threshold_40_15min,717185,2026-04-28 14:00:00,2026-04-28 19:10:00,315,63,True,True,False,False,32.7,17.6,40.8,501.0,0.1505
Threshold_40_15min,717185,2026-04-29 07:35:00,2026-04-29 08:50:00,80,16,True,True,False,False,36.5,27.0,42.0,526.0,0.1995
Threshold_40_15min,717185,2026-04-29 14:10:00,2026-04-29 18:45:00,280,56,True,True,False,False,37.5,22.4,42.1,449.0,0.1346
Threshold_40_15min,717185,2026-04-29 19:05:00,2026-04-29 19:35:00,35,7,True,True,False,False,33.1,24.5,40.5,476.0,0.1726
Threshold_40_15min,717185,2026-04-30 07:45:00,2026-04-30 08:00:00,20,4,True,True,False,False,33.9,32.6,43.3,543.0,0.242
Threshold_40_15min,717185,2026-04-30 08:15:00,2026-04-30 08:35:00,25,5,True,True,False,False,34.4,30.6,45.4,567.0,0.1557
Threshold_40_15min,717185,2026-04-30 10:25:00,2026-04-30 10:35:00,15,3,True,True,False,False,23.3,23.3,41.0,349.0,0.2324
Threshold_40_15min,717185,2026-04-30 12:30:00,2026-04-30 19:05:00,400,80,True,True,False,False,37.5,15.2,41.3,476.0,0.1595
Threshold_40_15min,717185,2026-05-01 12:20:00,2026-05-01 18:40:00,385,77,True,True,False,False,37.7,18.1,49.3,480.0,0.1439
Threshold_40_15min,717185,2026-05-02 13:50:00,2026-05-02 14:30:00,45,9,True,True,False,False,36.2,28.0,49.1,479.0,0.1511
Threshold_40_15min,717185,2026-05-02 15:30:00,2026-05-02 15:40:00,15,3,True,True,False,False,34.1,32.9,40.2,446.0,0.2215
Threshold_40_15min,717185,2026-05-02 16:55:00,2026-05-02 18:10:00,80,16,True,True,False,False,30.4,25.7,41.2,440.0,0.1874
Threshold_40_15min,717185,2026-05-04 14:45:00,2026-05-04 16:45:00,125,25,True,True,False,False,36.9,24.6,44.8,498.0,0.1656
Threshold_40_15min,717185,2026-05-04 17:05:00,2026-05-04 18:30:00,90,18,True,True,False,False,37.4,26.4,41.1,481.0,0.172
Threshold_40_15min,717185,2026-05-05 07:50:00,2026-05-05 08:10:00,25,5,True,True,False,False,33.3,33.3,44.5,510.0,0.2007
Threshold_40_15min,717185,2026-05-05 13:35:00,2026-05-05 13:50:00,20,4,True,True,False,False,37.9,34.5,42.1,488.0,0.209
Threshold_40_15min,717185,2026-05-05 14:00:00,2026-05-05 14:20:00,25,5,True,True,False,False,35.6,30.2,43.8,532.0,0.142
Threshold_40_15min,717185,2026-05-05 14:35:00,2026-05-05 18:50:00,260,52,True,True,False,False,35.3,23.6,46.6,521.0,0.1467
Threshold_40_15min,717185,2026-05-06 07:50:00,2026-05-06 08:30:00,45,9,True,True,False,False,31.6,29.3,40.2,561.0,0.2032
Threshold_40_15min,717185,2026-05-06 13:25:00,2026-05-06 14:20:00,60,12,True,True,False,False,37.8,28.7,45.2,447.0,0.13
Threshold_40_15min,717185,2026-05-06 14:30:00,2026-05-06 18:05:00,220,44,True,True,False,False,37.0,22.0,45.3,489.0,0.1247
Threshold_40_15min,717185,2026-05-06 19:05:00,2026-05-06 19:40:00,40,8,True,True,False,False,30.2,16.3,44.6,474.0,0.1769
Threshold_40_15min,717185,2026-05-07 07:50:00,2026-05-07 09:00:00,75,15,True,True,False,False,35.0,29.2,40.4,543.0,0.1749
Threshold_40_15min,717185,2026-05-07 13:10:00,2026-05-07 19:15:00,370,74,True,True,False,False,34.2,22.7,41.3,475.0,0.1784
Threshold_40_15min,717185,2026-05-07 19:25:00,2026-05-07 19:55:00,35,7,True,False,False,True,33.3,29.9,43.1,498.0,0.144
Threshold_40_15min,717185,2026-05-08 07:50:00,2026-05-08 08:00:00,15,3,True,True,False,False,36.9,36.9,42.6,539.0,0.1804
Threshold_40_15min,717185,2026-05-08 12:45:00,2026-05-08 19:50:00,430,86,True,True,False,False,34.4,20.9,40.3,501.0,0.1559
Threshold_40_15min,717185,2026-05-09 12:30:00,2026-05-09 19:35:00,430,86,True,True,False,False,39.6,17.8,50.4,488.0,0.1407
Threshold_40_15min,717185,2026-05-11 07:45:00,2026-05-11 08:00:00,20,4,True,True,False,False,37.7,36.0,41.2,463.0,0.2004
Threshold_40_15min,717185,2026-05-11 14:25:00,2026-05-11 14:40:00,20,4,True,True,False,False,38.0,30.9,45.5,464.0,0.1553
Threshold_40_15min,717185,2026-05-11 14:50:00,2026-05-11 17:50:00,185,37,True,True,False,False,37.2,20.4,40.9,491.0,0.1492
Threshold_40_15min,717185,2026-05-11 18:00:00,2026-05-11 18:10:00,15,3,True,True,False,False,38.4,37.7,41.2,476.0,0.1257
Threshold_40_15min,717185,2026-05-12 14:20:00,2026-05-12 18:35:00,260,52,True,True,False,False,37.0,21.2,52.5,525.0,0.1511
Threshold_40_15min,717185,2026-05-13 13:20:00,2026-05-13 13:40:00,25,5,True,True,False,False,37.8,31.8,41.7,498.0,0.1869
Threshold_40_15min,717185,2026-05-13 13:50:00,2026-05-13 14:05:00,20,4,True,True,False,False,38.5,32.7,43.1,522.0,0.1507
Threshold_40_15min,717185,2026-05-13 14:20:00,2026-05-13 18:25:00,250,50,True,True,False,False,39.4,21.5,44.8,490.0,0.1442
Threshold_40_15min,717185,2026-05-14 08:00:00,2026-05-14 08:15:00,20,4,True,True,False,False,38.1,33.8,42.8,517.0,0.1771
Threshold_40_15min,717185,2026-05-14 08:30:00,2026-05-14 08:50:00,25,5,True,True,False,False,36.4,32.6,40.4,516.0,0.1851
Threshold_40_15min,717185,2026-05-14 13:10:00,2026-05-14 13:20:00,15,3,True,True,False,False,39.3,34.7,44.5,489.0,0.1451
Threshold_40_15min,717185,2026-05-14 13:30:00,2026-05-14 13:40:00,15,3,True,True,False,False,35.5,34.9,40.7,484.0,0.1405
Threshold_40_15min,717185,2026-05-14 13:50:00,2026-05-14 19:00:00,315,63,True,True,False,False,32.5,21.7,42.5,468.0,0.1369
Threshold_40_15min,717185,2026-05-15 13:05:00,2026-05-15 14:30:00,90,18,True,True,False,False,34.2,27.1,46.2,463.0,0.161
Threshold_40_15min,717185,2026-05-15 14:45:00,2026-05-15 19:00:00,260,52,True,True,False,False,36.4,19.0,41.6,522.0,0.1641
Threshold_40_15min,717185,2026-05-16 14:45:00,2026-05-16 15:30:00,50,10,True,True,False,False,32.5,25.5,40.8,476.0,0.1995
Threshold_40_15min,717185,2026-05-16 16:25:00,2026-05-16 18:30:00,130,26,True,True,False,False,39.8,24.7,45.2,455.0,0.1648
Threshold_40_15min,717185,2026-05-18 13:50:00,2026-05-18 14:10:00,25,5,True,True,False,False,35.2,33.5,40.0,471.0,0.1836
Threshold_40_15min,717185,2026-05-18 14:30:00,2026-05-18 18:10:00,225,45,True,True,False,False,37.8,20.9,42.7,461.0,0.1615
Threshold_40_15min,717185,2026-05-18 18:25:00,2026-05-18 19:10:00,50,10,True,True,False,False,35.4,13.6,40.8,454.0,0.1482
Threshold_40_15min,717185,2026-05-19 14:35:00,2026-05-19 16:00:00,90,18,True,True,False,False,35.1,22.7,47.0,511.0,0.1311
Threshold_40_15min,717185,2026-05-19 17:15:00,2026-05-19 18:40:00,90,18,True,True,False,False,35.0,26.7,43.1,502.0,0.1948
Threshold_40_15min,717185,2026-05-20 07:45:00,2026-05-20 08:15:00,35,7,True,True,False,False,39.6,29.2,46.2,506.0,0.1759
Threshold_40_15min,717185,2026-05-20 13:00:00,2026-05-20 13:55:00,60,12,True,True,False,False,28.8,15.3,41.1,390.0,0.1892
Threshold_40_15min,717185,2026-05-20 15:10:00,2026-05-20 18:55:00,230,46,True,True,False,False,37.0,21.1,50.0,490.0,0.1477
Threshold_40_15min,717185,2026-05-21 13:20:00,2026-05-21 19:20:00,365,73,True,True,False,False,36.2,17.0,43.1,426.0,0.2054
Threshold_40_15min,717185,2026-05-22 11:35:00,2026-05-22 19:30:00,480,96,True,True,False,False,33.2,20.0,40.6,486.0,0.1517
Threshold_40_15min,717185,2026-05-23 12:40:00,2026-05-23 18:30:00,355,71,True,True,False,False,35.8,20.9,44.2,502.0,0.1461
Threshold_40_15min,717185,2026-05-23 18:40:00,2026-05-23 19:05:00,30,6,True,True,False,False,36.6,28.8,40.3,464.0,0.1252
Threshold_40_15min,717185,2026-05-28 13:40:00,2026-05-28 17:25:00,230,46,False,True,True,False,27.5,24.6,,,
Threshold_40_15min,717185,2026-05-28 17:35:00,2026-05-28 18:40:00,70,14,True,True,False,False,33.7,26.2,43.8,555.0,0.1478
Threshold_40_15min,717185,2026-05-29 08:10:00,2026-05-29 08:20:00,15,3,True,True,False,False,39.5,34.0,44.9,491.0,0.1719
Threshold_40_15min,717185,2026-05-29 13:20:00,2026-05-29 14:00:00,45,9,True,True,False,False,33.2,32.4,44.4,508.0,0.134
Threshold_40_15min,717185,2026-05-29 14:10:00,2026-05-29 18:55:00,290,58,True,True,False,False,36.4,23.8,43.1,474.0,0.1291
Threshold_40_15min,717185,2026-05-30 14:40:00,2026-05-30 18:05:00,210,42,True,True,False,False,35.1,20.3,46.1,508.0,0.136
Threshold_40_15min,717185,2026-05-30 18:30:00,2026-05-30 18:50:00,25,5,True,True,False,False,33.2,32.1,42.5,476.0,0.115
Threshold_40_15min,717185,2026-05-31 14:10:00,2026-05-31 14:30:00,25,5,True,True,False,False,29.9,19.7,51.0,452.0,0.1314
Threshold_40_15min,717185,2026-05-31 15:05:00,2026-05-31 15:30:00,30,6,True,True,False,False,31.9,20.7,43.7,469.0,0.1735
Threshold_40_15min,717190,2026-02-02 12:35:00,2026-02-02 13:00:00,30,6,True,True,False,False,33.7,23.3,40.6,485.0,0.1422
Threshold_40_15min,717190,2026-02-02 13:15:00,2026-02-02 18:05:00,295,59,True,True,False,False,39.0,16.3,47.1,436.0,0.1183
Threshold_40_15min,717190,2026-02-02 18:15:00,2026-02-02 18:40:00,30,6,True,True,False,False,37.2,32.7,42.8,491.0,0.139
Threshold_40_15min,717190,2026-02-03 07:50:00,2026-02-03 08:30:00,45,9,True,True,False,False,36.2,28.1,43.1,543.0,0.1838
Threshold_40_15min,717190,2026-02-03 13:45:00,2026-02-03 18:15:00,275,55,True,True,False,False,39.2,12.1,41.2,501.0,0.1608
Threshold_40_15min,717190,2026-02-04 07:50:00,2026-02-04 08:00:00,15,3,True,True,False,False,38.1,36.3,41.4,512.0,0.1944
Threshold_40_15min,717190,2026-02-04 08:20:00,2026-02-04 08:35:00,20,4,True,True,False,False,35.6,33.7,40.2,528.0,0.1574
Threshold_40_15min,717190,2026-02-04 13:40:00,2026-02-04 13:50:00,15,3,True,True,False,False,36.5,33.6,41.6,510.0,0.1784
Threshold_40_15min,717190,2026-02-04 14:00:00,2026-02-04 18:20:00,265,53,True,True,False,False,39.3,17.6,42.3,534.0,0.1562
Threshold_40_15min,717190,2026-02-04 18:40:00,2026-02-04 19:00:00,25,5,True,True,False,False,34.8,33.2,41.2,498.0,0.1782
Threshold_40_15min,717190,2026-02-05 14:10:00,2026-02-05 15:15:00,70,14,True,True,False,False,38.3,28.3,46.6,510.0,0.1973
Threshold_40_15min,717190,2026-02-05 16:40:00,2026-02-05 18:50:00,135,27,True,True,False,False,37.0,27.7,44.2,489.0,0.1698
Threshold_40_15min,717190,2026-02-06 07:45:00,2026-02-06 08:00:00,20,4,True,True,False,False,37.3,34.1,45.1,552.0,0.174
Threshold_40_15min,717190,2026-02-06 12:35:00,2026-02-06 18:05:00,335,67,True,True,False,False,38.0,23.9,46.0,515.0,0.182
Threshold_40_15min,717190,2026-02-07 13:40:00,2026-02-07 17:45:00,250,50,True,True,False,False,34.1,21.8,41.8,532.0,0.1838
Threshold_40_15min,717190,2026-02-09 12:25:00,2026-02-09 12:50:00,30,6,True,True,False,False,30.7,16.6,46.5,360.0,0.1685
Threshold_40_15min,717190,2026-02-09 13:45:00,2026-02-09 14:05:00,25,5,True,True,False,False,37.4,37.4,46.8,540.0,0.1567
Threshold_40_15min,717190,2026-02-09 14:20:00,2026-02-09 15:05:00,50,10,True,True,False,False,34.1,29.1,42.3,534.0,0.1691
Threshold_40_15min,717190,2026-02-09 15:15:00,2026-02-09 16:40:00,90,18,True,True,False,False,33.6,20.6,44.1,530.0,0.1487
Threshold_40_15min,717190,2026-02-09 16:50:00,2026-02-09 18:00:00,75,15,True,True,False,False,39.6,27.5,41.9,543.0,0.1692
Threshold_40_15min,717190,2026-02-10 13:50:00,2026-02-10 17:55:00,250,50,True,True,False,False,38.1,24.4,47.0,541.0,0.158
Threshold_40_15min,717190,2026-02-10 18:10:00,2026-02-10 19:05:00,60,12,True,True,False,False,39.2,33.0,41.9,531.0,0.1698
Threshold_40_15min,717190,2026-02-11 07:35:00,2026-02-11 08:20:00,50,10,True,True,False,False,34.3,27.9,48.5,540.0,0.1935
Threshold_40_15min,717190,2026-02-11 14:00:00,2026-02-11 14:10:00,15,3,True,True,False,False,34.2,33.1,41.1,519.0,0.1599
Threshold_40_15min,717190,2026-02-11 14:40:00,2026-02-11 15:30:00,55,11,True,True,False,False,36.1,30.4,42.6,518.0,0.1879
Threshold_40_15min,717190,2026-02-11 15:45:00,2026-02-11 18:20:00,160,32,True,True,False,False,38.9,25.5,46.3,534.0,0.1562
Threshold_40_15min,717190,2026-02-12 07:45:00,2026-02-12 08:55:00,75,15,True,True,False,False,39.8,27.5,40.7,527.0,0.179
Threshold_40_15min,717190,2026-02-12 13:45:00,2026-02-12 18:50:00,310,62,True,True,False,False,36.7,23.1,50.2,533.0,0.1551
Threshold_40_15min,717190,2026-02-13 07:50:00,2026-02-13 08:05:00,20,4,True,True,False,False,37.7,35.8,41.4,500.0,0.2199
Threshold_40_15min,717190,2026-02-13 11:45:00,2026-02-13 15:35:00,235,47,True,True,False,False,38.0,23.0,44.8,540.0,0.1466
Threshold_40_15min,717190,2026-02-13 16:20:00,2026-02-13 18:15:00,120,24,True,True,False,False,33.0,26.0,40.0,500.0,0.2366
Threshold_40_15min,717190,2026-02-14 09:10:00,2026-02-14 09:45:00,40,8,True,True,False,False,27.2,14.6,42.6,384.0,0.1914
Threshold_40_15min,717190,2026-02-14 14:45:00,2026-02-14 17:00:00,140,28,True,True,False,False,31.4,25.5,41.5,490.0,0.1633
Threshold_40_15min,717190,2026-02-16 12:10:00,2026-02-16 12:30:00,25,5,True,True,False,False,36.2,33.7,42.0,418.0,0.1472
Threshold_40_15min,717190,2026-02-16 13:45:00,2026-02-16 16:05:00,145,29,True,True,False,False,37.9,20.0,43.4,453.0,0.1718
Threshold_40_15min,717190,2026-02-16 17:15:00,2026-02-16 17:30:00,20,4,True,True,False,False,32.9,31.9,42.6,453.0,0.1685
Threshold_40_15min,717190,2026-02-17 15:30:00,2026-02-17 16:15:00,50,10,True,True,False,False,36.6,28.1,44.6,494.0,0.1586
Threshold_40_15min,717190,2026-02-17 16:35:00,2026-02-17 17:40:00,70,14,True,True,False,False,38.5,29.8,44.6,513.0,0.1651
Threshold_40_15min,717190,2026-02-18 07:40:00,2026-02-18 08:30:00,55,11,True,True,False,False,27.1,14.3,41.9,440.0,0.2853
Threshold_40_15min,717190,2026-02-18 13:40:00,2026-02-18 14:00:00,25,5,True,True,False,False,39.3,36.5,42.2,525.0,0.1953
Threshold_40_15min,717190,2026-02-18 14:30:00,2026-02-18 15:00:00,35,7,True,True,False,False,34.8,30.7,42.6,525.0,0.1556
Threshold_40_15min,717190,2026-02-18 15:15:00,2026-02-18 18:30:00,200,40,True,True,False,False,36.5,24.4,41.5,523.0,0.1681
Threshold_40_15min,717190,2026-02-19 12:20:00,2026-02-19 15:40:00,205,41,True,True,False,False,36.0,21.2,40.1,413.0,0.164
Threshold_40_15min,717190,2026-02-19 15:55:00,2026-02-19 17:25:00,95,19,True,True,False,False,38.7,25.5,40.2,524.0,0.1769
Threshold_40_15min,717190,2026-02-20 13:50:00,2026-02-20 14:30:00,45,9,True,True,False,False,34.6,27.2,41.0,490.0,0.1595
Threshold_40_15min,717190,2026-02-20 14:50:00,2026-02-20 15:10:00,25,5,True,True,False,False,35.5,32.3,42.3,489.0,0.1542
Threshold_40_15min,717190,2026-02-20 15:55:00,2026-02-20 18:00:00,130,26,True,True,False,False,37.4,27.6,41.7,553.0,0.1772
Threshold_40_15min,717190,2026-02-21 13:45:00,2026-02-21 17:55:00,255,51,True,True,False,False,39.2,25.0,41.0,500.0,0.2201
Threshold_40_15min,717190,2026-02-23 07:50:00,2026-02-23 08:20:00,35,7,True,True,False,False,39.8,31.3,40.3,555.0,0.2381
Threshold_40_15min,717190,2026-02-23 08:30:00,2026-02-23 09:00:00,35,7,True,True,False,False,36.4,33.3,44.2,563.0,0.1492
Threshold_40_15min,717190,2026-02-23 13:50:00,2026-02-23 17:55:00,250,50,True,True,False,False,35.4,21.9,45.0,506.0,0.1534
Threshold_40_15min,717190,2026-02-24 07:35:00,2026-02-24 08:55:00,85,17,True,True,False,False,36.6,26.3,46.0,529.0,0.1634
Threshold_40_15min,717190,2026-02-24 12:55:00,2026-02-24 13:10:00,20,4,True,True,False,False,39.2,35.8,44.1,534.0,0.1718
Threshold_40_15min,717190,2026-02-24 13:20:00,2026-02-24 18:30:00,315,63,True,True,False,False,38.2,24.0,41.5,501.0,0.153
Threshold_40_15min,717190,2026-02-25 07:40:00,2026-02-25 08:25:00,50,10,True,True,False,False,35.3,29.0,43.2,535.0,0.1953
Threshold_40_15min,717190,2026-02-25 13:55:00,2026-02-25 18:25:00,275,55,True,True,False,False,36.9,14.2,43.7,507.0,0.1439
Threshold_40_15min,717190,2026-02-26 07:35:00,2026-02-26 08:50:00,80,16,True,True,False,False,36.5,28.3,44.4,529.0,0.1906
Threshold_40_15min,717190,2026-02-26 12:30:00,2026-02-26 12:40:00,15,3,True,True,False,False,39.9,36.0,49.0,528.0,0.1593
Threshold_40_15min,717190,2026-02-26 12:55:00,2026-02-26 18:10:00,320,64,True,True,False,False,39.4,16.9,45.6,514.0,0.1498
Threshold_40_15min,717190,2026-02-27 08:00:00,2026-02-27 09:35:00,100,20,True,True,False,False,33.7,9.9,58.3,476.0,0.1255
Threshold_40_15min,717190,2026-02-27 13:10:00,2026-02-27 19:55:00,410,82,True,False,False,True,35.3,20.4,50.1,436.0,0.1756
Threshold_40_15min,717190,2026-03-02 05:15:00,2026-03-02 05:40:00,30,6,True,False,False,True,35.7,3.7,57.9,186.0,0.0546
Threshold_40_15min,717190,2026-03-02 05:50:00,2026-03-02 06:10:00,25,5,False,True,True,False,19.1,9.6,,,
Threshold_40_15min,717190,2026-03-02 07:50:00,2026-03-02 08:30:00,45,9,True,True,False,False,39.0,34.9,43.9,516.0,0.1744
Threshold_40_15min,717190,2026-03-02 12:05:00,2026-03-02 12:30:00,30,6,True,True,False,False,38.6,33.1,47.8,492.0,0.162
Threshold_40_15min,717190,2026-03-02 13:20:00,2026-03-02 18:25:00,310,62,True,True,False,False,38.1,22.7,42.9,513.0,0.1608
Threshold_40_15min,717190,2026-03-02 18:50:00,2026-03-02 19:05:00,20,4,True,True,False,False,34.1,33.4,40.0,495.0,0.1951
Threshold_40_15min,717190,2026-03-03 07:50:00,2026-03-03 08:35:00,50,10,True,True,False,False,37.9,27.7,47.6,543.0,0.1971
Threshold_40_15min,717190,2026-03-03 08:50:00,2026-03-03 10:00:00,75,15,True,True,False,False,37.0,21.1,43.9,535.0,0.1689
Threshold_40_15min,717190,2026-03-03 10:15:00,2026-03-03 10:25:00,15,3,True,True,False,False,33.4,33.4,42.9,502.0,0.1672
Threshold_40_15min,717190,2026-03-03 10:50:00,2026-03-03 11:00:00,15,3,True,True,False,False,35.6,35.6,40.0,495.0,0.1637
Threshold_40_15min,717190,2026-03-03 12:05:00,2026-03-03 13:00:00,60,12,True,True,False,False,37.5,30.4,42.9,511.0,0.1719
Threshold_40_15min,717190,2026-03-03 13:10:00,2026-03-03 19:20:00,375,75,True,True,False,False,34.4,15.1,41.4,521.0,0.1591
Threshold_40_15min,717190,2026-03-04 07:45:00,2026-03-04 08:25:00,45,9,True,True,False,False,35.6,26.4,41.6,555.0,0.1993
Threshold_40_15min,717190,2026-03-04 08:35:00,2026-03-04 10:05:00,95,19,True,True,False,False,31.6,23.6,40.4,564.0,0.1758
Threshold_40_15min,717190,2026-03-04 10:45:00,2026-03-04 12:45:00,125,25,True,True,False,False,33.6,26.8,42.6,533.0,0.1972
Threshold_40_15min,717190,2026-03-04 13:00:00,2026-03-04 19:20:00,385,77,True,True,False,False,38.1,20.9,43.9,497.0,0.1558
Threshold_40_15min,717190,2026-03-05 07:50:00,2026-03-05 08:30:00,45,9,True,True,False,False,34.9,29.0,46.3,542.0,0.1565
Threshold_40_15min,717190,2026-03-05 08:45:00,2026-03-05 09:05:00,25,5,True,True,False,False,39.8,33.6,45.6,533.0,0.1513
Threshold_40_15min,717190,2026-03-05 09:15:00,2026-03-05 09:55:00,45,9,True,True,False,False,34.1,30.3,40.9,569.0,0.1848
Threshold_40_15min,717190,2026-03-05 11:15:00,2026-03-05 11:35:00,25,5,True,True,False,False,36.3,33.0,41.9,514.0,0.1695
Threshold_40_15min,717190,2026-03-05 11:45:00,2026-03-05 11:55:00,15,3,True,True,False,False,34.9,34.9,40.8,498.0,0.158
Threshold_40_15min,717190,2026-03-05 12:20:00,2026-03-05 16:55:00,280,56,True,True,False,False,38.9,16.0,46.8,524.0,0.1605
Threshold_40_15min,717190,2026-03-05 17:15:00,2026-03-05 18:45:00,95,19,True,True,False,False,37.5,24.8,44.2,480.0,0.1438
Threshold_40_15min,717190,2026-03-06 11:35:00,2026-03-06 12:30:00,60,12,True,True,False,False,37.1,26.8,42.2,490.0,0.1623
Threshold_40_15min,717190,2026-03-06 13:15:00,2026-03-06 17:40:00,270,54,True,True,False,False,39.1,16.7,44.1,509.0,0.1604
Threshold_40_15min,717190,2026-03-07 14:40:00,2026-03-07 18:00:00,205,41,True,True,False,False,39.4,23.5,43.8,513.0,0.1711
Threshold_40_15min,717190,2026-03-09 07:45:00,2026-03-09 08:40:00,60,12,True,True,False,False,35.0,27.9,42.9,545.0,0.2094
Threshold_40_15min,717190,2026-03-09 13:50:00,2026-03-09 15:40:00,115,23,True,True,False,False,35.2,23.1,41.3,483.0,0.1931
Threshold_40_15min,717190,2026-03-09 16:20:00,2026-03-09 18:50:00,155,31,True,True,False,False,33.3,23.9,42.8,505.0,0.1943
Threshold_40_15min,717190,2026-03-10 07:45:00,2026-03-10 08:40:00,60,12,True,True,False,False,39.5,31.0,42.3,527.0,0.2117
Threshold_40_15min,717190,2026-03-10 14:00:00,2026-03-10 18:30:00,275,55,True,True,False,False,39.4,25.9,50.0,557.0,0.1702
Threshold_40_15min,717190,2026-03-10 18:45:00,2026-03-10 18:55:00,15,3,True,True,False,False,36.0,35.9,41.0,476.0,0.1735
Threshold_40_15min,717190,2026-03-11 07:40:00,2026-03-11 08:10:00,35,7,True,True,False,False,32.8,27.3,41.1,539.0,0.2103
Threshold_40_15min,717190,2026-03-11 13:00:00,2026-03-11 13:15:00,20,4,True,True,False,False,30.7,27.3,45.4,466.0,0.1474
Threshold_40_15min,717190,2026-03-11 14:35:00,2026-03-11 19:00:00,270,54,True,True,False,False,37.4,21.3,43.2,511.0,0.1738
Threshold_40_15min,717190,2026-03-11 19:20:00,2026-03-11 19:30:00,15,3,True,True,False,False,39.6,36.6,40.0,533.0,0.1938
Threshold_40_15min,717190,2026-03-12 07:30:00,2026-03-12 08:50:00,85,17,True,True,False,False,36.5,27.4,48.1,504.0,0.1576
Threshold_40_15min,717190,2026-03-12 13:15:00,2026-03-12 18:20:00,310,62,True,True,False,False,35.5,21.1,45.4,513.0,0.199
Threshold_40_15min,717190,2026-03-12 18:30:00,2026-03-12 19:20:00,55,11,True,True,False,False,38.8,31.0,40.4,508.0,0.1529
Threshold_40_15min,717190,2026-03-13 07:45:00,2026-03-13 08:30:00,50,10,True,True,False,False,35.5,28.8,40.2,509.0,0.2301
Threshold_40_15min,717190,2026-03-13 11:45:00,2026-03-13 17:50:00,370,74,True,True,False,False,36.3,15.7,40.7,474.0,0.2026
Threshold_40_15min,717190,2026-03-13 18:05:00,2026-03-13 18:30:00,30,6,True,True,False,False,39.9,33.7,41.3,509.0,0.1658
Threshold_40_15min,717190,2026-03-14 14:00:00,2026-03-14 14:35:00,40,8,True,True,False,False,37.7,28.6,44.6,500.0,0.1865
Threshold_40_15min,717190,2026-03-14 15:40:00,2026-03-14 18:25:00,170,34,True,True,False,False,39.7,13.4,42.9,485.0,0.1803
Threshold_40_15min,717190,2026-03-16 08:10:00,2026-03-16 08:20:00,15,3,True,True,False,False,37.3,36.5,41.6,541.0,0.1678
Threshold_40_15min,717190,2026-03-16 14:10:00,2026-03-16 17:45:00,220,44,True,True,False,False,36.4,23.1,42.7,474.0,0.1757
Threshold_40_15min,717190,2026-03-16 18:30:00,2026-03-16 19:05:00,40,8,True,True,False,False,38.2,29.7,42.8,517.0,0.1422
Threshold_40_15min,717190,2026-03-17 07:40:00,2026-03-17 08:45:00,70,14,True,True,False,False,37.6,32.0,43.8,551.0,0.2135
Threshold_40_15min,717190,2026-03-17 12:40:00,2026-03-17 13:00:00,25,5,True,True,False,False,39.8,22.6,53.4,497.0,0.1487
Threshold_40_15min,717190,2026-03-17 13:55:00,2026-03-17 18:45:00,295,59,True,True,False,False,37.5,18.1,43.9,520.0,0.1835
Threshold_40_15min,717190,2026-03-17 18:55:00,2026-03-17 19:15:00,25,5,True,True,False,False,38.5,36.1,40.5,560.0,0.1628
Threshold_40_15min,717190,2026-03-18 07:45:00,2026-03-18 08:40:00,60,12,True,True,False,False,33.6,30.5,41.5,508.0,0.1943
Threshold_40_15min,717190,2026-03-18 12:50:00,2026-03-18 13:00:00,15,3,True,True,False,False,31.5,31.5,40.9,520.0,0.1727
Threshold_40_15min,717190,2026-03-18 13:10:00,2026-03-18 14:05:00,60,12,True,True,False,False,35.4,16.4,40.9,527.0,0.1819
Threshold_40_15min,717190,2026-03-18 14:25:00,2026-03-18 17:35:00,195,39,True,True,False,False,34.7,27.4,41.9,492.0,0.1711
Threshold_40_15min,717190,2026-03-18 18:15:00,2026-03-18 18:25:00,15,3,True,True,False,False,33.5,32.1,40.5,535.0,0.1864
Threshold_40_15min,717190,2026-03-19 07:50:00,2026-03-19 08:35:00,50,10,True,True,False,False,35.0,27.5,41.7,553.0,0.1883
Threshold_40_15min,717190,2026-03-19 10:50:00,2026-03-19 11:05:00,20,4,True,True,False,False,24.7,20.4,41.0,319.0,0.2203
Threshold_40_15min,717190,2026-03-19 12:10:00,2026-03-19 19:10:00,425,85,True,True,False,False,37.7,21.5,50.8,490.0,0.165
Threshold_40_15min,717190,2026-03-20 07:55:00,2026-03-20 08:25:00,35,7,True,True,False,False,36.8,33.2,40.2,521.0,0.1776
Threshold_40_15min,717190,2026-03-20 13:10:00,2026-03-20 19:20:00,375,75,True,True,False,False,39.0,18.0,46.3,500.0,0.1612
Threshold_40_15min,717190,2026-03-21 13:05:00,2026-03-21 13:40:00,40,8,True,True,False,False,39.6,29.2,43.5,566.0,0.1708
Threshold_40_15min,717190,2026-03-21 14:10:00,2026-03-21 18:00:00,235,47,True,True,False,False,39.2,20.3,46.8,518.0,0.152
Threshold_40_15min,717190,2026-03-22 12:50:00,2026-03-22 13:45:00,60,12,True,True,False,False,36.3,16.4,49.5,499.0,0.1388
Threshold_40_15min,717190,2026-03-23 07:45:00,2026-03-23 08:20:00,40,8,True,True,False,False,39.3,33.6,54.0,565.0,0.1549
Threshold_40_15min,717190,2026-03-23 13:40:00,2026-03-23 19:05:00,330,66,True,True,False,False,36.9,19.9,41.3,514.0,0.2074
Threshold_40_15min,717190,2026-03-24 08:35:00,2026-03-24 08:45:00,15,3,True,True,False,False,39.1,35.0,47.6,538.0,0.1384
Threshold_40_15min,717190,2026-03-24 13:35:00,2026-03-24 19:25:00,355,71,True,True,False,False,36.9,22.1,40.0,490.0,0.1983
Threshold_40_15min,717190,2026-03-25 14:05:00,2026-03-25 18:15:00,255,51,True,True,False,False,39.4,11.9,44.9,489.0,0.1616
Threshold_40_15min,717190,2026-03-25 18:45:00,2026-03-25 19:50:00,70,14,True,True,False,False,34.6,32.4,41.6,479.0,0.1673
Threshold_40_15min,717190,2026-03-26 08:05:00,2026-03-26 08:35:00,35,7,True,True,False,False,38.9,31.9,41.2,533.0,0.1701
Threshold_40_15min,717190,2026-03-26 13:15:00,2026-03-26 19:30:00,380,76,True,True,False,False,38.2,19.6,40.8,510.0,0.1999
Threshold_40_15min,717190,2026-03-27 07:45:00,2026-03-27 08:05:00,25,5,True,True,False,False,35.0,29.1,40.6,518.0,0.239
Threshold_40_15min,717190,2026-03-27 08:20:00,2026-03-27 08:35:00,20,4,True,True,False,False,39.1,32.8,41.8,505.0,0.1692
Threshold_40_15min,717190,2026-03-27 12:45:00,2026-03-27 15:25:00,165,33,True,True,False,False,39.6,22.7,47.1,523.0,0.1501
Threshold_40_15min,717190,2026-03-27 16:00:00,2026-03-27 19:55:00,240,48,True,False,False,True,38.1,11.9,46.7,511.0,0.1562
Threshold_40_15min,717190,2026-03-28 13:15:00,2026-03-28 13:40:00,30,6,True,True,False,False,30.8,30.8,40.1,478.0,0.1812
Threshold_40_15min,717190,2026-03-28 13:50:00,2026-03-28 18:10:00,265,53,True,True,False,False,37.0,24.1,40.5,525.0,0.1593
Threshold_40_15min,717190,2026-03-30 13:35:00,2026-03-30 17:50:00,260,52,True,True,False,False,38.3,24.3,47.7,553.0,0.1865
Threshold_40_15min,717190,2026-03-31 14:35:00,2026-03-31 15:55:00,85,17,True,True,False,False,38.7,28.8,43.3,504.0,0.1978
Threshold_40_15min,717190,2026-03-31 16:55:00,2026-03-31 17:50:00,60,12,True,True,False,False,39.6,33.6,40.6,511.0,0.1916
Threshold_40_15min,717190,2026-04-01 14:45:00,2026-04-01 18:15:00,215,43,True,True,False,False,39.8,25.9,43.0,508.0,0.1802
Threshold_40_15min,717190,2026-04-01 19:05:00,2026-04-01 19:40:00,40,8,True,True,False,False,34.7,33.9,40.7,520.0,0.1806
Threshold_40_15min,717190,2026-04-02 12:20:00,2026-04-02 12:45:00,30,6,True,True,False,False,37.4,33.7,47.6,480.0,0.1632
Threshold_40_15min,717190,2026-04-02 14:00:00,2026-04-02 15:00:00,65,13,True,True,False,False,36.4,27.1,44.7,542.0,0.1751
Threshold_40_15min,717190,2026-04-02 15:15:00,2026-04-02 15:45:00,35,7,True,True,False,False,37.6,31.4,43.1,552.0,0.1755
Threshold_40_15min,717190,2026-04-02 15:55:00,2026-04-02 16:25:00,35,7,True,True,False,False,35.7,27.7,40.0,527.0,0.1654
Threshold_40_15min,717190,2026-04-02 17:55:00,2026-04-02 18:55:00,65,13,True,True,False,False,37.1,28.5,41.2,481.0,0.1699
Threshold_40_15min,717190,2026-04-03 12:30:00,2026-04-03 15:35:00,190,38,True,True,False,False,39.5,27.9,52.3,533.0,0.1452
Threshold_40_15min,717190,2026-04-03 16:25:00,2026-04-03 16:40:00,20,4,True,True,False,False,39.3,34.6,42.4,458.0,0.2324
Threshold_40_15min,717190,2026-04-03 16:50:00,2026-04-03 17:40:00,55,11,True,True,False,False,39.8,29.7,43.9,510.0,0.1405
Threshold_40_15min,717190,2026-04-04 14:20:00,2026-04-04 16:50:00,155,31,True,True,False,False,36.1,18.2,42.9,509.0,0.1906
Threshold_40_15min,717190,2026-04-06 13:10:00,2026-04-06 14:20:00,75,15,True,True,False,False,38.3,29.9,43.8,501.0,0.2047
Threshold_40_15min,717190,2026-04-06 14:30:00,2026-04-06 18:00:00,215,43,True,True,False,False,39.6,15.5,44.0,516.0,0.1378
Threshold_40_15min,717190,2026-04-06 18:10:00,2026-04-06 18:40:00,35,7,True,True,False,False,35.1,32.1,43.3,526.0,0.1454
Threshold_40_15min,717190,2026-04-07 12:45:00,2026-04-07 13:00:00,20,4,True,True,False,False,39.7,32.4,54.7,544.0,0.1417
Threshold_40_15min,717190,2026-04-07 14:25:00,2026-04-07 17:50:00,210,42,True,True,False,False,33.4,24.8,40.8,508.0,0.1508
Threshold_40_15min,717190,2026-04-07 18:30:00,2026-04-07 18:50:00,25,5,True,True,False,False,36.0,33.3,41.8,553.0,0.1775
Threshold_40_15min,717190,2026-04-08 07:40:00,2026-04-08 08:10:00,35,7,True,True,False,False,37.5,32.4,41.9,508.0,0.1947
Threshold_40_15min,717190,2026-04-08 13:45:00,2026-04-08 18:20:00,280,56,True,True,False,False,36.5,25.3,41.2,493.0,0.1942
Threshold_40_15min,717190,2026-04-08 18:30:00,2026-04-08 19:00:00,35,7,True,True,False,False,36.9,31.9,41.0,508.0,0.1623
Threshold_40_15min,717190,2026-04-09 07:50:00,2026-04-09 08:25:00,40,8,True,True,False,False,39.5,31.7,40.5,498.0,0.2424
Threshold_40_15min,717190,2026-04-09 13:40:00,2026-04-09 16:55:00,200,40,True,True,False,False,35.7,23.3,40.4,510.0,0.2034
Threshold_40_15min,717190,2026-04-09 17:05:00,2026-04-09 18:00:00,60,12,True,True,False,False,36.3,27.5,40.0,514.0,0.1471
Threshold_40_15min,717190,2026-04-10 11:30:00,2026-04-10 16:15:00,290,58,True,True,False,False,33.3,23.0,40.9,473.0,0.2188
Threshold_40_15min,717190,2026-04-11 13:25:00,2026-04-11 16:55:00,215,43,True,True,False,False,38.5,19.8,43.3,527.0,0.1502
Threshold_40_15min,717190,2026-04-13 14:15:00,2026-04-13 17:50:00,220,44,True,True,False,False,36.4,25.4,42.3,470.0,0.2262
Threshold_40_15min,717190,2026-04-14 07:45:00,2026-04-14 08:05:00,25,5,True,True,False,False,35.1,33.1,45.8,462.0,0.2246
Threshold_40_15min,717190,2026-04-14 08:20:00,2026-04-14 08:30:00,15,3,True,True,False,False,38.8,36.0,42.3,549.0,0.1895
Threshold_40_15min,717190,2026-04-14 12:25:00,2026-04-14 13:30:00,70,14,True,True,False,False,29.5,17.8,40.2,425.0,0.2514
Threshold_40_15min,717190,2026-04-14 14:15:00,2026-04-14 17:55:00,225,45,True,True,False,False,37.6,21.5,49.9,538.0,0.1606
Threshold_40_15min,717190,2026-04-14 18:05:00,2026-04-14 19:00:00,60,12,True,True,False,False,39.1,10.3,43.2,496.0,0.1326
Threshold_40_15min,717190,2026-04-15 08:05:00,2026-04-15 08:30:00,30,6,True,True,False,False,32.6,28.0,41.4,558.0,0.165
Threshold_40_15min,717190,2026-04-15 14:05:00,2026-04-15 19:00:00,300,60,True,True,False,False,37.1,22.6,40.5,478.0,0.1759
Threshold_40_15min,717190,2026-04-15 19:10:00,2026-04-15 19:25:00,20,4,True,True,False,False,33.5,33.5,41.3,534.0,0.1632
Threshold_40_15min,717190,2026-04-16 07:40:00,2026-04-16 08:55:00,80,16,True,True,False,False,37.2,27.6,54.1,580.0,0.1513
Threshold_40_15min,717190,2026-04-16 11:00:00,2026-04-16 11:50:00,55,11,True,True,False,False,33.5,27.4,41.9,465.0,0.2087
Threshold_40_15min,717190,2026-04-16 12:55:00,2026-04-16 13:10:00,20,4,True,True,False,False,39.6,33.7,45.0,471.0,0.1488
Threshold_40_15min,717190,2026-04-16 14:30:00,2026-04-16 18:25:00,240,48,True,True,False,False,32.1,20.2,40.8,488.0,0.2134
Threshold_40_15min,717190,2026-04-17 12:45:00,2026-04-17 13:05:00,25,5,True,True,False,False,36.6,32.7,44.0,494.0,0.1758
Threshold_40_15min,717190,2026-04-17 13:15:00,2026-04-17 19:00:00,350,70,True,True,False,False,38.0,23.3,40.8,502.0,0.1542
Threshold_40_15min,717190,2026-04-18 13:30:00,2026-04-18 13:40:00,15,3,True,True,False,False,39.8,34.8,49.0,546.0,0.1486
Threshold_40_15min,717190,2026-04-18 14:25:00,2026-04-18 16:40:00,140,28,True,True,False,False,37.2,20.5,44.3,517.0,0.1587
Threshold_40_15min,717190,2026-04-18 17:35:00,2026-04-18 18:50:00,80,16,True,True,False,False,34.2,24.2,48.7,543.0,0.1742
Threshold_40_15min,717190,2026-04-20 07:50:00,2026-04-20 08:15:00,30,6,True,True,False,False,39.7,31.5,40.1,530.0,0.2241
Threshold_40_15min,717190,2026-04-20 13:20:00,2026-04-20 13:40:00,25,5,True,True,False,False,37.8,31.4,46.9,547.0,0.1751
Threshold_40_15min,717190,2026-04-20 14:15:00,2026-04-20 16:55:00,165,33,True,True,False,False,36.8,24.9,43.6,490.0,0.196
Threshold_40_15min,717190,2026-04-20 17:15:00,2026-04-20 17:45:00,35,7,True,True,False,False,38.7,30.6,41.9,517.0,0.1853
Threshold_40_15min,717190,2026-04-21 07:45:00,2026-04-21 08:00:00,20,4,True,True,False,False,35.4,33.9,43.5,567.0,0.1829
Threshold_40_15min,717190,2026-04-21 08:20:00,2026-04-21 08:30:00,15,3,True,True,False,False,35.6,35.6,43.1,526.0,0.1624
Threshold_40_15min,717190,2026-04-21 08:40:00,2026-04-21 08:50:00,15,3,True,True,False,False,36.7,32.6,42.4,490.0,0.1421
Threshold_40_15min,717190,2026-04-21 12:30:00,2026-04-21 12:50:00,25,5,True,True,False,False,37.7,32.7,41.4,457.0,0.2316
Threshold_40_15min,717190,2026-04-21 14:00:00,2026-04-21 17:25:00,210,42,True,True,False,False,39.6,25.0,42.7,518.0,0.2007
Threshold_40_15min,717190,2026-04-21 17:40:00,2026-04-21 17:55:00,20,4,True,True,False,False,37.4,37.4,45.2,581.0,0.1616
Threshold_40_15min,717190,2026-04-22 07:45:00,2026-04-22 08:35:00,55,11,True,True,False,False,35.2,31.0,46.1,518.0,0.1583
Threshold_40_15min,717190,2026-04-22 13:35:00,2026-04-22 18:05:00,275,55,True,True,False,False,37.2,20.6,43.3,532.0,0.1793
Threshold_40_15min,717190,2026-04-22 18:15:00,2026-04-22 18:50:00,40,8,True,True,False,False,38.1,27.1,41.6,549.0,0.1565
Threshold_40_15min,717190,2026-04-23 07:45:00,2026-04-23 07:55:00,15,3,True,True,False,False,37.6,30.4,45.2,515.0,0.1794
Threshold_40_15min,717190,2026-04-23 08:05:00,2026-04-23 08:30:00,30,6,True,True,False,False,35.6,26.5,40.7,566.0,0.1728
Threshold_40_15min,717190,2026-04-23 13:05:00,2026-04-23 13:35:00,35,7,True,True,False,False,38.7,33.5,49.5,533.0,0.1593
Threshold_40_15min,717190,2026-04-23 13:45:00,2026-04-23 18:20:00,280,56,True,True,False,False,39.0,22.3,40.3,513.0,0.1634
Threshold_40_15min,717190,2026-04-23 18:30:00,2026-04-23 18:50:00,25,5,True,True,False,False,37.6,31.9,42.1,538.0,0.1592
Threshold_40_15min,717190,2026-04-24 07:40:00,2026-04-24 08:35:00,60,12,True,True,False,False,34.9,27.0,45.5,562.0,0.1962
Threshold_40_15min,717190,2026-04-24 11:50:00,2026-04-24 19:10:00,445,89,True,True,False,False,35.8,20.4,45.3,522.0,0.1467
Threshold_40_15min,717190,2026-04-25 16:45:00,2026-04-25 17:00:00,20,4,True,True,False,False,38.4,32.0,46.5,482.0,0.1476
Threshold_40_15min,717190,2026-04-27 08:05:00,2026-04-27 08:40:00,40,8,True,True,False,False,37.2,30.1,46.6,583.0,0.1529
Threshold_40_15min,717190,2026-04-27 14:30:00,2026-04-27 18:00:00,215,43,True,True,False,False,34.6,22.6,44.8,511.0,0.1509
Threshold_40_15min,717190,2026-04-27 18:20:00,2026-04-27 18:35:00,20,4,True,True,False,False,37.1,32.6,42.7,519.0,0.1502
Threshold_40_15min,717190,2026-04-28 07:45:00,2026-04-28 08:45:00,65,13,True,True,False,False,38.2,30.1,42.7,550.0,0.1892
Threshold_40_15min,717190,2026-04-28 13:45:00,2026-04-28 19:10:00,330,66,True,True,False,False,36.3,18.4,45.7,540.0,0.1547
Threshold_40_15min,717190,2026-04-29 07:35:00,2026-04-29 08:30:00,60,12,True,True,False,False,38.0,26.9,46.8,564.0,0.179
Threshold_40_15min,717190,2026-04-29 14:00:00,2026-04-29 18:45:00,290,58,True,True,False,False,36.8,23.3,46.6,535.0,0.1658
Threshold_40_15min,717190,2026-04-29 19:05:00,2026-04-29 19:35:00,35,7,True,True,False,False,35.7,26.4,42.2,544.0,0.1782
Threshold_40_15min,717190,2026-04-30 07:45:00,2026-04-30 08:00:00,20,4,True,True,False,False,35.3,34.2,43.7,545.0,0.2252
Threshold_40_15min,717190,2026-04-30 08:15:00,2026-04-30 08:35:00,25,5,True,True,False,False,36.4,30.9,43.8,554.0,0.1732
Threshold_40_15min,717190,2026-04-30 12:30:00,2026-04-30 19:05:00,400,80,True,True,False,False,35.2,15.5,40.5,501.0,0.1903
Threshold_40_15min,717190,2026-05-01 12:30:00,2026-05-01 18:50:00,385,77,True,True,False,False,38.5,21.3,41.5,548.0,0.1788
Threshold_40_15min,717190,2026-05-02 13:50:00,2026-05-02 14:30:00,45,9,True,True,False,False,35.3,29.4,46.6,496.0,0.1852
Threshold_40_15min,717190,2026-05-02 15:25:00,2026-05-02 15:40:00,20,4,True,True,False,False,38.0,32.8,51.5,483.0,0.1395
Threshold_40_15min,717190,2026-05-02 16:55:00,2026-05-02 18:05:00,75,15,True,True,False,False,31.1,26.7,42.0,477.0,0.2018
Threshold_40_15min,717190,2026-05-04 14:45:00,2026-05-04 16:40:00,120,24,True,True,False,False,36.2,24.8,43.7,524.0,0.1915
Threshold_40_15min,717190,2026-05-04 17:05:00,2026-05-04 18:30:00,90,18,True,True,False,False,38.0,27.7,40.8,513.0,0.2041
Threshold_40_15min,717190,2026-05-05 13:35:00,2026-05-05 13:50:00,20,4,True,True,False,False,39.3,33.6,44.1,530.0,0.1878
Threshold_40_15min,717190,2026-05-05 14:00:00,2026-05-05 14:20:00,25,5,True,True,False,False,35.1,30.6,43.2,544.0,0.1474
Threshold_40_15min,717190,2026-05-05 14:35:00,2026-05-05 15:30:00,60,12,True,True,False,False,35.3,30.7,44.1,531.0,0.168
Threshold_40_15min,717190,2026-05-05 15:40:00,2026-05-05 18:45:00,190,38,True,True,False,False,30.4,24.2,41.2,516.0,0.1552
Threshold_40_15min,717190,2026-05-06 07:50:00,2026-05-06 08:00:00,15,3,True,True,False,False,35.2,35.2,44.8,580.0,0.1827
Threshold_40_15min,717190,2026-05-06 08:20:00,2026-05-06 08:40:00,25,5,True,True,False,False,32.7,31.3,40.2,507.0,0.1692
Threshold_40_15min,717190,2026-05-06 13:25:00,2026-05-06 14:20:00,60,12,True,True,False,False,38.8,30.6,44.1,485.0,0.151
Threshold_40_15min,717190,2026-05-06 14:30:00,2026-05-06 18:00:00,215,43,True,True,False,False,36.6,22.5,45.8,508.0,0.1328
Threshold_40_15min,717190,2026-05-06 19:05:00,2026-05-06 19:40:00,40,8,True,True,False,False,30.8,15.7,43.0,469.0,0.215
Threshold_40_15min,717190,2026-05-07 08:10:00,2026-05-07 09:00:00,55,11,True,True,False,False,37.7,33.0,43.9,572.0,0.1678
Threshold_40_15min,717190,2026-05-07 13:05:00,2026-05-07 19:10:00,370,74,True,True,False,False,39.7,23.4,47.6,492.0,0.1393
Threshold_40_15min,717190,2026-05-07 19:25:00,2026-05-07 19:55:00,35,7,True,False,False,True,34.8,32.0,42.1,517.0,0.1701
Threshold_40_15min,717190,2026-05-08 12:45:00,2026-05-08 17:15:00,275,55,True,True,False,False,32.8,22.0,40.2,514.0,0.1604
Threshold_40_15min,717190,2026-05-08 17:45:00,2026-05-08 18:15:00,35,7,True,True,False,False,38.2,29.4,43.5,485.0,0.1476
Threshold_40_15min,717190,2026-05-08 18:25:00,2026-05-08 19:25:00,65,13,True,True,False,False,33.6,29.8,40.4,508.0,0.1595
Threshold_40_15min,717190,2026-05-08 19:35:00,2026-05-08 19:50:00,20,4,True,True,False,False,35.5,31.8,41.4,510.0,0.1513
Threshold_40_15min,717190,2026-05-09 12:30:00,2026-05-09 19:35:00,430,86,True,True,False,False,38.2,18.3,49.4,516.0,0.158
Threshold_40_15min,717190,2026-05-11 07:50:00,2026-05-11 08:00:00,15,3,True,True,False,False,37.4,37.0,40.9,528.0,0.1787
Threshold_40_15min,717190,2026-05-11 14:25:00,2026-05-11 14:35:00,15,3,True,True,False,False,37.6,32.8,46.4,466.0,0.1513
Threshold_40_15min,717190,2026-05-11 14:50:00,2026-05-11 17:50:00,185,37,True,True,False,False,38.2,22.2,43.5,496.0,0.1509
Threshold_40_15min,717190,2026-05-12 14:20:00,2026-05-12 18:35:00,260,52,True,True,False,False,37.0,23.7,50.5,548.0,0.1746
Threshold_40_15min,717190,2026-05-13 13:15:00,2026-05-13 13:35:00,25,5,True,True,False,False,39.6,34.4,44.7,532.0,0.1824
Threshold_40_15min,717190,2026-05-13 13:50:00,2026-05-13 14:05:00,20,4,True,True,False,False,38.5,34.3,43.9,544.0,0.1606
Threshold_40_15min,717190,2026-05-13 14:20:00,2026-05-13 18:25:00,250,50,True,True,False,False,37.4,22.2,41.1,484.0,0.1826
Threshold_40_15min,717190,2026-05-14 08:05:00,2026-05-14 08:15:00,15,3,True,True,False,False,38.6,34.9,40.0,521.0,0.1994
Threshold_40_15min,717190,2026-05-14 08:30:00,2026-05-14 08:50:00,25,5,True,True,False,False,36.2,32.7,43.5,553.0,0.1732
Threshold_40_15min,717190,2026-05-14 13:30:00,2026-05-14 13:40:00,15,3,True,True,False,False,34.1,34.1,40.9,511.0,0.1592
Threshold_40_15min,717190,2026-05-14 13:50:00,2026-05-14 19:00:00,315,63,True,True,False,False,33.0,24.0,43.8,492.0,0.143
Threshold_40_15min,717190,2026-05-15 13:05:00,2026-05-15 14:35:00,95,19,True,True,False,False,35.0,28.5,43.8,475.0,0.1977
Threshold_40_15min,717190,2026-05-15 14:45:00,2026-05-15 18:55:00,255,51,True,True,False,False,38.2,20.3,40.2,555.0,0.1852
Threshold_40_15min,717190,2026-05-16 14:40:00,2026-05-16 15:30:00,55,11,True,True,False,False,39.8,27.0,52.7,568.0,0.1498
Threshold_40_15min,717190,2026-05-16 16:25:00,2026-05-16 18:30:00,130,26,True,True,False,False,38.6,24.4,42.8,493.0,0.2101
Threshold_40_15min,717190,2026-05-18 07:50:00,2026-05-18 08:05:00,20,4,True,True,False,False,37.4,37.4,46.4,566.0,0.1656
Threshold_40_15min,717190,2026-05-18 13:45:00,2026-05-18 14:00:00,20,4,True,True,False,False,39.7,37.1,44.7,512.0,0.1909
Threshold_40_15min,717190,2026-05-18 14:30:00,2026-05-18 18:10:00,225,45,True,True,False,False,39.8,21.0,41.7,492.0,0.1884
Threshold_40_15min,717190,2026-05-18 18:20:00,2026-05-18 19:10:00,55,11,True,True,False,False,37.3,16.3,42.5,526.0,0.1463
Threshold_40_15min,717190,2026-05-19 14:35:00,2026-05-19 16:00:00,90,18,True,True,False,False,34.3,24.8,45.7,517.0,0.1404
Threshold_40_15min,717190,2026-05-19 17:15:00,2026-05-19 18:00:00,50,10,True,True,False,False,36.0,28.1,43.4,523.0,0.1792
Threshold_40_15min,717190,2026-05-19 18:15:00,2026-05-19 18:40:00,30,6,True,True,False,False,37.6,31.0,41.8,501.0,0.1639
Threshold_40_15min,717190,2026-05-20 07:50:00,2026-05-20 08:20:00,35,7,True,True,False,False,37.5,33.4,41.9,514.0,0.1766
Threshold_40_15min,717190,2026-05-20 13:00:00,2026-05-20 13:55:00,60,12,True,True,False,False,29.8,15.9,42.9,405.0,0.189
Threshold_40_15min,717190,2026-05-20 15:10:00,2026-05-20 18:50:00,225,45,True,True,False,False,36.8,22.1,47.6,503.0,0.1749
Threshold_40_15min,717190,2026-05-21 13:30:00,2026-05-21 19:15:00,350,70,True,True,False,False,34.9,19.4,40.5,514.0,0.1724
Threshold_40_15min,717190,2026-05-22 11:25:00,2026-05-22 19:10:00,470,94,True,True,False,False,39.6,21.5,47.4,525.0,0.14
Threshold_40_15min,717190,2026-05-22 19:20:00,2026-05-22 19:30:00,15,3,True,True,False,False,37.1,35.6,40.0,484.0,0.151
Threshold_40_15min,717190,2026-05-23 12:40:00,2026-05-23 18:30:00,355,71,True,True,False,False,34.1,20.8,42.2,534.0,0.1727
Threshold_40_15min,717190,2026-05-23 18:40:00,2026-05-23 19:05:00,30,6,True,True,False,False,35.6,29.3,41.7,499.0,0.1264
Threshold_40_15min,717190,2026-05-28 13:40:00,2026-05-28 17:10:00,215,43,False,True,True,False,31.5,24.8,,,
Threshold_40_15min,717190,2026-05-28 17:35:00,2026-05-28 18:35:00,65,13,True,True,False,False,33.6,28.2,43.9,566.0,0.1739
Threshold_40_15min,717190,2026-05-29 08:15:00,2026-05-29 08:25:00,15,3,True,True,False,False,39.2,35.5,40.9,503.0,0.194
Threshold_40_15min,717190,2026-05-29 13:20:00,2026-05-29 14:00:00,45,9,True,True,False,False,32.7,32.6,44.2,528.0,0.1432
Threshold_40_15min,717190,2026-05-29 14:25:00,2026-05-29 17:15:00,175,35,True,True,False,False,36.0,25.3,41.2,546.0,0.1742
Threshold_40_15min,717190,2026-05-29 17:25:00,2026-05-29 18:55:00,95,19,True,True,False,False,30.8,27.1,41.0,544.0,0.1721
Threshold_40_15min,717190,2026-05-30 14:40:00,2026-05-30 18:05:00,210,42,True,True,False,False,38.2,21.4,43.9,518.0,0.162
Threshold_40_15min,717190,2026-05-30 18:30:00,2026-05-30 18:50:00,25,5,True,True,False,False,33.2,32.1,43.1,501.0,0.1295
Threshold_40_15min,717190,2026-05-31 14:10:00,2026-05-31 14:35:00,30,6,True,True,False,False,28.3,19.0,47.4,479.0,0.1761
Threshold_40_15min,717190,2026-05-31 15:00:00,2026-05-31 15:25:00,30,6,True,True,False,False,37.3,19.7,46.2,448.0,0.1074
Threshold_40_15min,717195,2026-02-02 12:00:00,2026-02-02 15:35:00,220,44,True,True,False,False,36.0,18.7,44.2,448.0,0.199
Threshold_40_15min,717195,2026-02-02 16:00:00,2026-02-02 16:10:00,15,3,True,True,False,False,38.8,38.8,44.3,501.0,0.1474
Threshold_40_15min,717195,2026-02-02 16:25:00,2026-02-02 17:15:00,55,11,True,True,False,False,38.4,30.2,46.3,491.0,0.1303
Threshold_40_15min,717195,2026-02-02 17:35:00,2026-02-02 17:45:00,15,3,True,True,False,False,39.2,37.3,41.1,521.0,0.1679
Threshold_40_15min,717195,2026-02-03 08:10:00,2026-02-03 08:30:00,25,5,True,True,False,False,39.5,30.4,43.1,525.0,0.1559
Threshold_40_15min,717195,2026-02-03 14:45:00,2026-02-03 14:55:00,15,3,True,True,False,False,38.3,37.7,41.8,486.0,0.1434
Threshold_40_15min,717195,2026-02-03 15:25:00,2026-02-03 16:05:00,45,9,True,True,False,False,37.4,31.4,42.1,506.0,0.1791
Threshold_40_15min,717195,2026-02-03 17:55:00,2026-02-03 18:10:00,20,4,True,True,False,False,36.7,35.2,40.6,494.0,0.1616
Threshold_40_15min,717195,2026-02-04 07:55:00,2026-02-04 08:05:00,15,3,True,True,False,False,37.3,36.0,40.3,503.0,0.1957
Threshold_40_15min,717195,2026-02-04 16:20:00,2026-02-04 17:30:00,75,15,True,True,False,False,34.7,22.6,40.7,508.0,0.1762
Threshold_40_15min,717195,2026-02-04 18:30:00,2026-02-04 18:50:00,25,5,True,True,False,False,36.6,36.2,40.6,521.0,0.1802
Threshold_40_15min,717195,2026-02-05 14:50:00,2026-02-05 15:00:00,15,3,True,True,False,False,37.9,37.9,44.6,540.0,0.1698
Threshold_40_15min,717195,2026-02-06 07:45:00,2026-02-06 08:05:00,25,5,True,True,False,False,36.4,35.1,44.2,541.0,0.2139
Threshold_40_15min,717195,2026-02-06 13:10:00,2026-02-06 14:00:00,55,11,True,True,False,False,37.1,34.4,41.8,505.0,0.1754
Threshold_40_15min,717195,2026-02-06 14:15:00,2026-02-06 14:30:00,20,4,True,True,False,False,37.7,30.0,41.2,507.0,0.1703
Threshold_40_15min,717195,2026-02-06 14:50:00,2026-02-06 15:00:00,15,3,True,True,False,False,37.7,33.4,40.8,504.0,0.1882
Threshold_40_15min,717195,2026-02-06 15:10:00,2026-02-06 15:40:00,35,7,True,True,False,False,37.6,32.7,40.2,506.0,0.146
Threshold_40_15min,717195,2026-02-06 16:20:00,2026-02-06 16:35:00,20,4,True,True,False,False,36.3,36.3,45.6,540.0,0.1641
Threshold_40_15min,717195,2026-02-06 17:00:00,2026-02-06 17:10:00,15,3,True,True,False,False,38.3,36.6,43.2,501.0,0.163
Threshold_40_15min,717195,2026-02-06 18:20:00,2026-02-06 18:35:00,20,4,True,True,False,False,39.9,33.8,41.9,512.0,0.1573
Threshold_40_15min,717195,2026-02-07 14:20:00,2026-02-07 14:30:00,15,3,True,True,False,False,37.1,32.0,41.8,514.0,0.1756
Threshold_40_15min,717195,2026-02-07 15:35:00,2026-02-07 15:55:00,25,5,True,True,False,False,37.3,34.8,41.7,502.0,0.1418
Threshold_40_15min,717195,2026-02-07 17:20:00,2026-02-07 17:35:00,20,4,True,True,False,False,39.0,32.1,48.7,493.0,0.124
Threshold_40_15min,717195,2026-02-10 15:40:00,2026-02-10 15:50:00,15,3,True,True,False,False,38.9,37.0,43.4,526.0,0.1764
Threshold_40_15min,717195,2026-02-10 17:10:00,2026-02-10 17:40:00,35,7,True,True,False,False,37.5,33.1,42.8,510.0,0.1782
Threshold_40_15min,717195,2026-02-11 07:45:00,2026-02-11 07:55:00,15,3,True,True,False,False,35.6,34.0,44.2,530.0,0.1601
Threshold_40_15min,717195,2026-02-11 16:35:00,2026-02-11 16:50:00,20,4,True,True,False,False,36.9,36.9,43.1,500.0,0.2024
Threshold_40_15min,717195,2026-02-12 08:05:00,2026-02-12 08:35:00,35,7,True,True,False,False,38.3,32.1,47.0,558.0,0.1479
Threshold_40_15min,717195,2026-02-12 14:10:00,2026-02-12 14:20:00,15,3,True,True,False,False,36.1,32.5,44.8,527.0,0.154
Threshold_40_15min,717195,2026-02-12 14:40:00,2026-02-12 15:00:00,25,5,True,True,False,False,37.8,34.0,43.4,495.0,0.1431
Threshold_40_15min,717195,2026-02-12 17:10:00,2026-02-12 17:20:00,15,3,True,True,False,False,39.1,38.1,46.5,562.0,0.1605
Threshold_40_15min,717195,2026-02-12 17:40:00,2026-02-12 18:15:00,40,8,True,True,False,False,39.8,36.7,42.9,527.0,0.1609
Threshold_40_15min,717195,2026-02-12 18:25:00,2026-02-12 18:40:00,20,4,True,True,False,False,38.9,35.8,40.4,538.0,0.1661
Threshold_40_15min,717195,2026-02-13 13:40:00,2026-02-13 14:00:00,25,5,True,True,False,False,38.8,34.6,47.0,497.0,0.1341
Threshold_40_15min,717195,2026-02-13 14:45:00,2026-02-13 14:55:00,15,3,True,True,False,False,35.7,35.1,41.2,519.0,0.1722
Threshold_40_15min,717195,2026-02-13 17:05:00,2026-02-13 17:15:00,15,3,True,True,False,False,38.9,36.4,42.6,522.0,0.1761
Threshold_40_15min,717195,2026-02-13 17:25:00,2026-02-13 17:45:00,25,5,True,True,False,False,37.9,36.4,42.4,569.0,0.1613
Threshold_40_15min,717195,2026-02-14 09:30:00,2026-02-14 09:55:00,30,6,True,True,False,False,35.5,25.9,50.6,363.0,0.1094
Threshold_40_15min,717195,2026-02-14 14:40:00,2026-02-14 15:00:00,25,5,True,True,False,False,38.9,35.1,41.4,463.0,0.1771
Threshold_40_15min,717195,2026-02-14 16:35:00,2026-02-14 16:45:00,15,3,True,True,False,False,39.7,37.1,42.2,495.0,0.1836
Threshold_40_15min,717195,2026-02-16 12:05:00,2026-02-16 12:40:00,40,8,True,True,False,False,39.1,29.9,42.5,370.0,0.1241
Threshold_40_15min,717195,2026-02-16 13:45:00,2026-02-16 15:40:00,120,24,True,True,False,False,38.5,26.9,46.9,378.0,0.1947
Threshold_40_15min,717195,2026-02-16 17:20:00,2026-02-16 17:30:00,15,3,True,True,False,False,37.4,34.2,42.2,416.0,0.1284
Threshold_40_15min,717195,2026-02-17 17:20:00,2026-02-17 17:30:00,15,3,True,True,False,False,36.3,35.7,40.3,528.0,0.2044
Threshold_40_15min,717195,2026-02-18 07:35:00,2026-02-18 08:10:00,40,8,True,True,False,False,29.9,14.4,44.1,440.0,0.2266
Threshold_40_15min,717195,2026-02-18 17:05:00,2026-02-18 17:20:00,20,4,True,True,False,False,39.2,35.2,40.6,489.0,0.1974
Threshold_40_15min,717195,2026-02-18 17:55:00,2026-02-18 18:05:00,15,3,True,True,False,False,38.7,37.7,46.2,533.0,0.1549
Threshold_40_15min,717195,2026-02-20 16:10:00,2026-02-20 16:25:00,20,4,True,True,False,False,38.3,33.7,43.3,510.0,0.1653
Threshold_40_15min,717195,2026-02-21 15:10:00,2026-02-21 15:20:00,15,3,True,True,False,False,39.0,34.8,45.2,502.0,0.1428
Threshold_40_15min,717195,2026-02-21 16:55:00,2026-02-21 17:05:00,15,3,True,True,False,False,39.6,36.7,41.4,512.0,0.1844
Threshold_40_15min,717195,2026-02-23 14:45:00,2026-02-23 16:05:00,85,17,True,True,False,False,39.4,27.8,41.0,491.0,0.1861
Threshold_40_15min,717195,2026-02-23 16:35:00,2026-02-23 16:45:00,15,3,True,True,False,False,38.6,37.9,46.8,529.0,0.1417
Threshold_40_15min,717195,2026-02-23 16:55:00,2026-02-23 17:10:00,20,4,True,True,False,False,37.6,34.0,40.5,507.0,0.1542
Threshold_40_15min,717195,2026-02-23 18:05:00,2026-02-23 18:25:00,25,5,True,True,False,False,39.9,35.2,44.0,539.0,0.1628
Threshold_40_15min,717195,2026-02-24 07:45:00,2026-02-24 07:55:00,15,3,True,True,False,False,32.1,29.0,40.7,518.0,0.1952
Threshold_40_15min,717195,2026-02-24 13:35:00,2026-02-24 13:45:00,15,3,True,True,False,False,36.8,32.8,40.1,495.0,0.1814
Threshold_40_15min,717195,2026-02-24 18:35:00,2026-02-24 18:45:00,15,3,True,True,False,False,37.6,36.7,40.1,518.0,0.1731
Threshold_40_15min,717195,2026-02-25 15:00:00,2026-02-25 15:10:00,15,3,True,True,False,False,39.0,37.2,41.2,508.0,0.1552
Threshold_40_15min,717195,2026-02-26 07:50:00,2026-02-26 08:20:00,35,7,True,True,False,False,37.7,34.1,40.2,521.0,0.204
Threshold_40_15min,717195,2026-02-26 13:10:00,2026-02-26 13:30:00,25,5,True,True,False,False,37.7,35.2,44.1,517.0,0.174
Threshold_40_15min,717195,2026-02-26 13:40:00,2026-02-26 15:00:00,85,17,True,True,False,False,36.6,20.2,40.5,490.0,0.1508
Threshold_40_15min,717195,2026-02-26 15:25:00,2026-02-26 16:30:00,70,14,True,True,False,False,39.7,30.6,43.9,490.0,0.1508
Threshold_40_15min,717195,2026-02-26 18:50:00,2026-02-26 19:00:00,15,3,True,True,False,False,38.4,37.6,40.7,518.0,0.1694
Threshold_40_15min,717195,2026-02-27 13:30:00,2026-02-27 19:55:00,390,78,True,False,False,True,39.9,36.3,40.5,460.0,0.147
Threshold_40_15min,717195,2026-03-02 06:00:00,2026-03-02 06:10:00,15,3,True,True,False,False,36.5,32.3,50.8,0.0,0.0
Threshold_40_15min,717195,2026-03-02 07:45:00,2026-03-02 08:15:00,35,7,True,True,False,False,38.7,32.9,46.7,537.0,0.1608
Threshold_40_15min,717195,2026-03-02 12:05:00,2026-03-02 12:25:00,25,5,True,True,False,False,36.1,34.9,40.9,494.0,0.2087
Threshold_40_15min,717195,2026-03-02 13:55:00,2026-03-02 15:40:00,110,22,True,True,False,False,37.0,29.9,42.0,521.0,0.1643
Threshold_40_15min,717195,2026-03-02 16:25:00,2026-03-02 16:50:00,30,6,True,True,False,False,38.4,36.7,42.9,526.0,0.1478
Threshold_40_15min,717195,2026-03-02 17:10:00,2026-03-02 18:15:00,70,14,True,True,False,False,37.2,33.7,41.7,518.0,0.1548
Threshold_40_15min,717195,2026-03-02 18:40:00,2026-03-02 19:00:00,25,5,True,True,False,False,39.3,33.7,40.5,516.0,0.1532
Threshold_40_15min,717195,2026-03-03 07:50:00,2026-03-03 08:20:00,35,7,True,True,False,False,37.4,33.7,44.4,529.0,0.2214
Threshold_40_15min,717195,2026-03-03 08:50:00,2026-03-03 09:00:00,15,3,True,True,False,False,34.7,32.1,41.7,466.0,0.2129
Threshold_40_15min,717195,2026-03-03 13:05:00,2026-03-03 13:15:00,15,3,True,True,False,False,38.4,37.0,44.4,520.0,0.1678
Threshold_40_15min,717195,2026-03-03 13:25:00,2026-03-03 13:35:00,15,3,True,True,False,False,39.2,37.6,42.4,518.0,0.1523
Threshold_40_15min,717195,2026-03-03 14:15:00,2026-03-03 15:45:00,95,19,True,True,False,False,38.1,21.1,43.0,515.0,0.1663
Threshold_40_15min,717195,2026-03-03 16:00:00,2026-03-03 16:10:00,15,3,True,True,False,False,39.9,35.9,45.7,490.0,0.1514
Threshold_40_15min,717195,2026-03-03 16:30:00,2026-03-03 16:45:00,20,4,True,True,False,False,39.7,36.1,40.1,494.0,0.1855
Threshold_40_15min,717195,2026-03-03 17:40:00,2026-03-03 19:05:00,90,18,True,True,False,False,38.0,16.8,41.5,535.0,0.1874
Threshold_40_15min,717195,2026-03-04 07:45:00,2026-03-04 07:55:00,15,3,True,True,False,False,39.7,37.2,47.3,527.0,0.201
Threshold_40_15min,717195,2026-03-04 08:05:00,2026-03-04 08:15:00,15,3,True,True,False,False,39.4,34.2,42.1,544.0,0.1562
Threshold_40_15min,717195,2026-03-04 08:40:00,2026-03-04 09:10:00,35,7,True,True,False,False,32.2,30.8,40.1,540.0,0.1961
Threshold_40_15min,717195,2026-03-04 09:25:00,2026-03-04 09:50:00,30,6,True,True,False,False,39.4,35.0,43.0,508.0,0.172
Threshold_40_15min,717195,2026-03-04 11:00:00,2026-03-04 11:10:00,15,3,True,True,False,False,38.7,35.8,40.4,522.0,0.1794
Threshold_40_15min,717195,2026-03-04 13:40:00,2026-03-04 13:50:00,15,3,True,True,False,False,38.5,36.6,41.5,492.0,0.1587
Threshold_40_15min,717195,2026-03-04 14:10:00,2026-03-04 14:25:00,20,4,True,True,False,False,33.4,32.6,42.5,503.0,0.1699
Threshold_40_15min,717195,2026-03-04 15:10:00,2026-03-04 15:20:00,15,3,True,True,False,False,36.4,34.4,43.0,469.0,0.1333
Threshold_40_15min,717195,2026-03-04 15:45:00,2026-03-04 15:55:00,15,3,True,True,False,False,36.8,34.0,42.1,493.0,0.1612
Threshold_40_15min,717195,2026-03-04 16:25:00,2026-03-04 16:40:00,20,4,True,True,False,False,35.6,35.6,43.1,525.0,0.1607
Threshold_40_15min,717195,2026-03-04 18:25:00,2026-03-04 19:00:00,40,8,True,True,False,False,35.5,31.0,40.3,504.0,0.1853
Threshold_40_15min,717195,2026-03-05 08:00:00,2026-03-05 08:15:00,20,4,True,True,False,False,39.1,35.4,42.7,545.0,0.1804
Threshold_40_15min,717195,2026-03-05 13:15:00,2026-03-05 14:35:00,85,17,True,True,False,False,36.7,20.3,44.8,496.0,0.1599
Threshold_40_15min,717195,2026-03-05 14:50:00,2026-03-05 15:00:00,15,3,True,True,False,False,34.6,33.2,40.4,477.0,0.1615
Threshold_40_15min,717195,2026-03-05 15:15:00,2026-03-05 15:50:00,40,8,True,True,False,False,36.4,35.4,44.7,510.0,0.1468
Threshold_40_15min,717195,2026-03-05 16:45:00,2026-03-05 16:55:00,15,3,True,True,False,False,39.4,36.1,46.0,490.0,0.1389
Threshold_40_15min,717195,2026-03-05 18:25:00,2026-03-05 18:40:00,20,4,True,True,False,False,39.6,38.2,40.6,504.0,0.1743
Threshold_40_15min,717195,2026-03-06 11:35:00,2026-03-06 11:45:00,15,3,True,True,False,False,29.1,29.1,40.7,515.0,0.1692
Threshold_40_15min,717195,2026-03-06 12:35:00,2026-03-06 12:55:00,25,5,True,True,False,False,39.3,36.6,43.7,515.0,0.1399
Threshold_40_15min,717195,2026-03-06 13:30:00,2026-03-06 14:30:00,65,13,True,True,False,False,34.5,18.1,42.1,554.0,0.1668
Threshold_40_15min,717195,2026-03-06 14:45:00,2026-03-06 15:00:00,20,4,True,True,False,False,38.8,38.8,40.8,511.0,0.1445
Threshold_40_15min,717195,2026-03-06 15:15:00,2026-03-06 16:50:00,100,20,True,True,False,False,39.6,32.2,40.4,471.0,0.1394
Threshold_40_15min,717195,2026-03-06 17:10:00,2026-03-06 17:20:00,15,3,True,True,False,False,37.8,33.6,41.9,499.0,0.1436
Threshold_40_15min,717195,2026-03-06 17:30:00,2026-03-06 17:40:00,15,3,True,True,False,False,37.1,37.1,40.1,516.0,0.1382
Threshold_40_15min,717195,2026-03-07 14:35:00,2026-03-07 15:15:00,45,9,True,True,False,False,37.8,33.7,44.3,495.0,0.1391
Threshold_40_15min,717195,2026-03-10 07:50:00,2026-03-10 08:35:00,50,10,True,True,False,False,36.8,32.3,40.4,552.0,0.2061
Threshold_40_15min,717195,2026-03-10 14:15:00,2026-03-10 14:35:00,25,5,True,True,False,False,36.2,32.7,40.6,496.0,0.1778
Threshold_40_15min,717195,2026-03-11 07:45:00,2026-03-11 08:20:00,40,8,True,True,False,False,36.5,30.7,40.8,518.0,0.1998
Threshold_40_15min,717195,2026-03-12 07:45:00,2026-03-12 08:20:00,40,8,True,True,False,False,35.1,33.1,41.4,516.0,0.204
Threshold_40_15min,717195,2026-03-12 14:30:00,2026-03-12 14:50:00,25,5,True,True,False,False,37.2,36.2,47.9,505.0,0.1345
Threshold_40_15min,717195,2026-03-13 07:35:00,2026-03-13 08:30:00,60,12,True,True,False,False,38.6,29.6,41.9,494.0,0.1804
Threshold_40_15min,717195,2026-03-13 12:05:00,2026-03-13 12:55:00,55,11,True,True,False,False,32.6,13.8,41.0,519.0,0.1596
Threshold_40_15min,717195,2026-03-13 14:15:00,2026-03-13 14:30:00,20,4,True,True,False,False,38.6,24.9,41.4,527.0,0.1506
Threshold_40_15min,717195,2026-03-13 15:05:00,2026-03-13 15:40:00,40,8,True,True,False,False,36.8,29.5,42.3,501.0,0.1445
Threshold_40_15min,717195,2026-03-13 16:05:00,2026-03-13 16:15:00,15,3,True,True,False,False,39.8,35.5,40.4,540.0,0.1636
Threshold_40_15min,717195,2026-03-13 16:30:00,2026-03-13 16:45:00,20,4,True,True,False,False,37.4,31.9,40.1,531.0,0.1597
Threshold_40_15min,717195,2026-03-13 17:20:00,2026-03-13 17:35:00,20,4,True,True,False,False,38.3,35.0,43.1,504.0,0.1352
Threshold_40_15min,717195,2026-03-16 15:20:00,2026-03-16 15:35:00,20,4,True,True,False,False,39.1,32.1,44.8,510.0,0.1444
Threshold_40_15min,717195,2026-03-16 15:45:00,2026-03-16 16:00:00,20,4,True,True,False,False,36.1,34.6,41.4,527.0,0.1399
Threshold_40_15min,717195,2026-03-16 16:30:00,2026-03-16 16:50:00,25,5,True,True,False,False,38.0,33.9,41.9,505.0,0.1383
Threshold_40_15min,717195,2026-03-16 18:10:00,2026-03-16 18:55:00,50,10,True,True,False,False,39.6,32.8,44.6,511.0,0.1353
Threshold_40_15min,717195,2026-03-17 12:35:00,2026-03-17 12:50:00,20,4,True,True,False,False,34.2,20.1,46.9,523.0,0.188
Threshold_40_15min,717195,2026-03-17 15:10:00,2026-03-17 16:20:00,75,15,True,True,False,False,36.4,18.3,44.2,505.0,0.1505
Threshold_40_15min,717195,2026-03-17 16:50:00,2026-03-17 17:10:00,25,5,True,True,False,False,39.7,36.8,44.8,501.0,0.1679
Threshold_40_15min,717195,2026-03-18 13:30:00,2026-03-18 14:25:00,60,12,True,True,False,False,27.4,20.9,41.0,463.0,0.1359
Threshold_40_15min,717195,2026-03-18 15:20:00,2026-03-18 15:30:00,15,3,True,True,False,False,39.8,34.1,43.1,506.0,0.1535
Threshold_40_15min,717195,2026-03-18 18:30:00,2026-03-18 18:40:00,15,3,True,True,False,False,38.0,35.0,42.7,464.0,0.144
Threshold_40_15min,717195,2026-03-19 10:35:00,2026-03-19 11:20:00,50,10,True,True,False,False,34.8,10.8,52.9,454.0,0.1345
Threshold_40_15min,717195,2026-03-19 15:15:00,2026-03-19 15:50:00,40,8,True,True,False,False,36.5,30.5,45.9,490.0,0.1415
Threshold_40_15min,717195,2026-03-20 07:40:00,2026-03-20 08:10:00,35,7,True,True,False,False,39.7,35.2,48.1,558.0,0.1607
Threshold_40_15min,717195,2026-03-20 12:35:00,2026-03-20 12:45:00,15,3,True,True,False,False,35.3,35.3,42.7,528.0,0.1572
Threshold_40_15min,717195,2026-03-20 14:10:00,2026-03-20 14:40:00,35,7,True,True,False,False,38.4,25.7,44.3,507.0,0.1306
Threshold_40_15min,717195,2026-03-20 15:00:00,2026-03-20 17:25:00,150,30,True,True,False,False,38.7,28.7,40.1,471.0,0.1367
Threshold_40_15min,717195,2026-03-20 18:30:00,2026-03-20 19:10:00,45,9,True,True,False,False,39.8,29.4,41.4,467.0,0.1384
Threshold_40_15min,717195,2026-03-22 13:05:00,2026-03-22 13:50:00,50,10,True,True,False,False,31.7,21.4,46.8,536.0,0.17
Threshold_40_15min,717195,2026-03-23 07:45:00,2026-03-23 08:00:00,20,4,True,True,False,False,37.2,33.2,41.2,525.0,0.2223
Threshold_40_15min,717195,2026-03-23 14:15:00,2026-03-23 15:00:00,50,10,True,True,False,False,33.4,32.9,41.8,504.0,0.1524
Threshold_40_15min,717195,2026-03-23 15:10:00,2026-03-23 15:45:00,40,8,True,True,False,False,37.8,30.7,40.3,494.0,0.1469
Threshold_40_15min,717195,2026-03-23 16:30:00,2026-03-23 16:40:00,15,3,True,True,False,False,35.9,32.4,43.1,510.0,0.144
Threshold_40_15min,717195,2026-03-23 16:50:00,2026-03-23 17:00:00,15,3,True,True,False,False,38.4,36.7,40.2,511.0,0.1391
Threshold_40_15min,717195,2026-03-23 17:30:00,2026-03-23 18:00:00,35,7,True,True,False,False,33.8,33.8,40.5,521.0,0.1509
Threshold_40_15min,717195,2026-03-23 18:10:00,2026-03-23 18:30:00,25,5,True,True,False,False,36.6,29.8,40.5,503.0,0.1517
Threshold_40_15min,717195,2026-03-24 17:00:00,2026-03-24 17:15:00,20,4,True,True,False,False,37.3,35.6,42.4,509.0,0.1453
Threshold_40_15min,717195,2026-03-25 14:45:00,2026-03-25 14:55:00,15,3,True,True,False,False,39.1,38.7,46.7,500.0,0.1554
Threshold_40_15min,717195,2026-03-25 15:55:00,2026-03-25 16:05:00,15,3,True,True,False,False,36.1,35.6,41.0,503.0,0.1794
Threshold_40_15min,717195,2026-03-25 17:10:00,2026-03-25 18:00:00,55,11,True,True,False,False,38.1,14.6,46.2,509.0,0.1368
Threshold_40_15min,717195,2026-03-26 16:20:00,2026-03-26 16:45:00,30,6,True,True,False,False,38.7,32.1,45.3,513.0,0.148
Threshold_40_15min,717195,2026-03-26 18:00:00,2026-03-26 18:15:00,20,4,True,True,False,False,39.0,38.7,44.7,518.0,0.1704
Threshold_40_15min,717195,2026-03-26 18:50:00,2026-03-26 19:00:00,15,3,True,True,False,False,36.7,36.7,43.4,505.0,0.1681
Threshold_40_15min,717195,2026-03-27 14:35:00,2026-03-27 14:50:00,20,4,True,True,False,False,39.4,37.0,42.8,485.0,0.1511
Threshold_40_15min,717195,2026-03-27 15:25:00,2026-03-27 15:35:00,15,3,True,True,False,False,39.7,36.8,43.0,516.0,0.1507
Threshold_40_15min,717195,2026-03-27 16:25:00,2026-03-27 16:35:00,15,3,True,True,False,False,38.6,38.6,43.3,509.0,0.1825
Threshold_40_15min,717195,2026-03-27 19:45:00,2026-03-27 19:55:00,15,3,True,False,False,True,34.3,31.9,42.5,481.0,0.1709
Threshold_40_15min,717195,2026-03-28 17:55:00,2026-03-28 18:05:00,15,3,True,True,False,False,38.2,34.2,50.2,531.0,0.1305
Threshold_40_15min,717195,2026-03-30 15:50:00,2026-03-30 16:05:00,20,4,True,True,False,False,30.8,30.8,40.0,506.0,0.1779
Threshold_40_15min,717195,2026-04-01 15:40:00,2026-04-01 15:50:00,15,3,True,True,False,False,36.1,34.1,42.3,494.0,0.174
Threshold_40_15min,717195,2026-04-04 15:10:00,2026-04-04 15:50:00,45,9,True,True,False,False,34.6,20.6,45.6,490.0,0.1545
Threshold_40_15min,717195,2026-04-06 13:05:00,2026-04-06 13:20:00,20,4,True,True,False,False,37.2,33.7,45.1,509.0,0.2023
Threshold_40_15min,717195,2026-04-06 14:45:00,2026-04-06 15:50:00,70,14,True,True,False,False,36.3,20.9,47.8,515.0,0.1434
Threshold_40_15min,717195,2026-04-06 16:00:00,2026-04-06 16:10:00,15,3,True,True,False,False,38.6,32.1,40.6,525.0,0.1545
Threshold_40_15min,717195,2026-04-06 17:25:00,2026-04-06 17:45:00,25,5,True,True,False,False,35.3,32.4,42.5,505.0,0.1931
Threshold_40_15min,717195,2026-04-06 18:15:00,2026-04-06 18:35:00,25,5,True,True,False,False,39.2,34.7,42.1,529.0,0.1582
Threshold_40_15min,717195,2026-04-07 08:05:00,2026-04-07 08:15:00,15,3,True,True,False,False,38.3,35.6,41.8,533.0,0.1823
Threshold_40_15min,717195,2026-04-07 14:55:00,2026-04-07 15:15:00,25,5,True,True,False,False,35.1,33.7,42.8,492.0,0.1776
Threshold_40_15min,717195,2026-04-07 17:25:00,2026-04-07 17:35:00,15,3,True,True,False,False,39.3,35.0,42.5,501.0,0.1523
Threshold_40_15min,717195,2026-04-08 13:40:00,2026-04-08 13:55:00,20,4,True,True,False,False,39.9,34.5,46.4,483.0,0.1663
Threshold_40_15min,717195,2026-04-09 14:40:00,2026-04-09 15:15:00,40,8,True,True,False,False,39.1,30.6,43.0,544.0,0.1762
Threshold_40_15min,717195,2026-04-09 16:30:00,2026-04-09 16:40:00,15,3,True,True,False,False,37.0,35.2,45.3,552.0,0.1731
Threshold_40_15min,717195,2026-04-11 13:35:00,2026-04-11 14:20:00,50,10,True,True,False,False,37.1,33.2,41.8,540.0,0.1478
Threshold_40_15min,717195,2026-04-11 15:15:00,2026-04-11 15:25:00,15,3,True,True,False,False,36.6,33.2,40.6,515.0,0.1815
Threshold_40_15min,717195,2026-04-11 16:15:00,2026-04-11 16:40:00,30,6,True,True,False,False,37.3,22.8,41.7,521.0,0.1952
Threshold_40_15min,717195,2026-04-13 15:30:00,2026-04-13 15:40:00,15,3,True,True,False,False,36.3,32.6,40.2,501.0,0.1608
Threshold_40_15min,717195,2026-04-14 12:40:00,2026-04-14 13:25:00,50,10,True,True,False,False,34.9,20.0,41.3,426.0,0.2328
Threshold_40_15min,717195,2026-04-14 15:55:00,2026-04-14 16:30:00,40,8,True,True,False,False,37.3,30.4,45.6,534.0,0.1954
Threshold_40_15min,717195,2026-04-14 17:20:00,2026-04-14 17:30:00,15,3,True,True,False,False,39.2,36.4,44.6,509.0,0.1486
Threshold_40_15min,717195,2026-04-14 18:15:00,2026-04-14 18:50:00,40,8,True,True,False,False,37.7,12.1,44.4,506.0,0.1322
Threshold_40_15min,717195,2026-04-15 06:05:00,2026-04-15 06:35:00,35,7,True,True,False,False,28.7,6.8,47.1,166.0,0.0578
Threshold_40_15min,717195,2026-04-15 15:20:00,2026-04-15 15:45:00,30,6,True,True,False,False,38.9,34.0,41.6,509.0,0.16
Threshold_40_15min,717195,2026-04-15 15:55:00,2026-04-15 16:05:00,15,3,True,True,False,False,38.9,34.4,42.5,535.0,0.1524
Threshold_40_15min,717195,2026-04-15 18:10:00,2026-04-15 18:40:00,35,7,True,True,False,False,38.3,29.4,46.1,544.0,0.1527
Threshold_40_15min,717195,2026-04-16 11:10:00,2026-04-16 11:25:00,20,4,True,True,False,False,35.0,31.1,40.0,493.0,0.2038
Threshold_40_15min,717195,2026-04-16 11:35:00,2026-04-16 11:45:00,15,3,True,True,False,False,39.7,33.5,42.6,493.0,0.1381
Threshold_40_15min,717195,2026-04-16 13:20:00,2026-04-16 13:30:00,15,3,True,True,False,False,38.7,35.6,43.3,538.0,0.1879
Threshold_40_15min,717195,2026-04-16 14:55:00,2026-04-16 15:45:00,55,11,True,True,False,False,38.2,29.2,50.3,509.0,0.1283
Threshold_40_15min,717195,2026-04-17 13:40:00,2026-04-17 13:50:00,15,3,True,True,False,False,38.0,36.2,44.8,509.0,0.1521
Threshold_40_15min,717195,2026-04-17 15:05:00,2026-04-17 15:25:00,25,5,True,True,False,False,38.3,34.5,42.4,485.0,0.1555
Threshold_40_15min,717195,2026-04-20 14:30:00,2026-04-20 14:55:00,30,6,True,True,False,False,36.8,33.5,40.4,521.0,0.1842
Threshold_40_15min,717195,2026-04-20 18:10:00,2026-04-20 18:20:00,15,3,True,True,False,False,37.1,37.1,44.5,564.0,0.1787
Threshold_40_15min,717195,2026-04-21 08:25:00,2026-04-21 08:35:00,15,3,True,True,False,False,39.6,36.1,41.5,519.0,0.1752
Threshold_40_15min,717195,2026-04-21 16:25:00,2026-04-21 16:45:00,25,5,True,True,False,False,38.8,33.0,40.7,504.0,0.1784
Threshold_40_15min,717195,2026-04-22 17:15:00,2026-04-22 17:40:00,30,6,True,True,False,False,38.3,32.6,44.1,499.0,0.173
Threshold_40_15min,717195,2026-04-23 08:10:00,2026-04-23 08:25:00,20,4,True,True,False,False,32.6,32.6,41.2,492.0,0.163
Threshold_40_15min,717195,2026-04-23 14:35:00,2026-04-23 15:45:00,75,15,True,True,False,False,35.9,30.2,40.6,515.0,0.1739
Threshold_40_15min,717195,2026-04-23 16:15:00,2026-04-23 16:40:00,30,6,True,True,False,False,38.3,32.2,41.9,508.0,0.1631
Threshold_40_15min,717195,2026-04-23 17:15:00,2026-04-23 17:25:00,15,3,True,True,False,False,38.8,36.2,41.9,509.0,0.1541
Threshold_40_15min,717195,2026-04-24 08:00:00,2026-04-24 08:25:00,30,6,True,True,False,False,39.6,34.9,45.4,497.0,0.1609
Threshold_40_15min,717195,2026-04-24 15:05:00,2026-04-24 15:15:00,15,3,True,True,False,False,37.9,34.4,44.5,494.0,0.1425
Threshold_40_15min,717195,2026-04-24 17:45:00,2026-04-24 17:55:00,15,3,True,True,False,False,39.6,38.6,41.3,507.0,0.1643
Threshold_40_15min,717195,2026-04-24 18:20:00,2026-04-24 18:50:00,35,7,True,True,False,False,39.3,33.0,43.7,523.0,0.1468
Threshold_40_15min,717195,2026-04-25 16:55:00,2026-04-25 17:05:00,15,3,True,True,False,False,37.1,36.8,43.4,501.0,0.1399
Threshold_40_15min,717195,2026-04-27 08:05:00,2026-04-27 08:15:00,15,3,True,True,False,False,32.3,32.3,42.9,556.0,0.1878
Threshold_40_15min,717195,2026-04-27 14:15:00,2026-04-27 14:25:00,15,3,True,True,False,False,36.4,34.8,41.1,509.0,0.1871
Threshold_40_15min,717195,2026-04-27 15:15:00,2026-04-27 15:25:00,15,3,True,True,False,False,39.0,34.5,41.7,500.0,0.1554
Threshold_40_15min,717195,2026-04-27 15:50:00,2026-04-27 16:10:00,25,5,True,True,False,False,38.0,33.5,46.7,526.0,0.1462
Threshold_40_15min,717195,2026-04-27 16:45:00,2026-04-27 17:05:00,25,5,True,True,False,False,37.0,35.7,40.2,518.0,0.1709
Threshold_40_15min,717195,2026-04-27 17:15:00,2026-04-27 17:25:00,15,3,True,True,False,False,39.4,35.5,40.6,532.0,0.1617
Threshold_40_15min,717195,2026-04-28 15:00:00,2026-04-28 15:20:00,25,5,True,True,False,False,35.0,34.3,40.1,484.0,0.1532
Threshold_40_15min,717195,2026-04-28 15:45:00,2026-04-28 15:55:00,15,3,True,True,False,False,37.3,36.3,43.9,503.0,0.1788
Threshold_40_15min,717195,2026-04-28 16:25:00,2026-04-28 16:50:00,30,6,True,True,False,False,37.0,33.6,40.7,517.0,0.1518
Threshold_40_15min,717195,2026-04-29 15:05:00,2026-04-29 16:00:00,60,12,True,True,False,False,38.5,35.1,41.4,491.0,0.1778
Threshold_40_15min,717195,2026-04-29 17:00:00,2026-04-29 17:10:00,15,3,True,True,False,False,39.9,37.5,40.7,503.0,0.1597
Threshold_40_15min,717195,2026-04-30 14:10:00,2026-04-30 14:35:00,30,6,True,True,False,False,36.5,34.1,40.5,500.0,0.1882
Threshold_40_15min,717195,2026-05-01 15:15:00,2026-05-01 15:50:00,40,8,True,True,False,False,38.4,35.2,41.9,516.0,0.1494
Threshold_40_15min,717195,2026-05-01 16:25:00,2026-05-01 16:35:00,15,3,True,True,False,False,37.6,34.4,42.9,532.0,0.1516
Threshold_40_15min,717195,2026-05-04 15:55:00,2026-05-04 16:05:00,15,3,True,True,False,False,39.7,38.0,41.6,504.0,0.1451
Threshold_40_15min,717195,2026-05-05 15:50:00,2026-05-05 16:10:00,25,5,True,True,False,False,39.4,33.6,42.6,526.0,0.1496
Threshold_40_15min,717195,2026-05-06 15:05:00,2026-05-06 15:25:00,25,5,True,True,False,False,33.9,33.9,41.0,475.0,0.1591
Threshold_40_15min,717195,2026-05-06 19:00:00,2026-05-06 19:35:00,40,8,True,True,False,False,29.1,15.2,42.5,461.0,0.2044
Threshold_40_15min,717195,2026-05-07 15:00:00,2026-05-07 15:15:00,20,4,True,True,False,False,38.2,32.9,41.0,509.0,0.1603
Threshold_40_15min,717195,2026-05-08 14:40:00,2026-05-08 14:50:00,15,3,True,True,False,False,39.0,34.9,42.4,511.0,0.1666
Threshold_40_15min,717195,2026-05-08 15:05:00,2026-05-08 15:25:00,25,5,True,True,False,False,36.8,35.5,43.4,522.0,0.1543
Threshold_40_15min,717195,2026-05-08 16:00:00,2026-05-08 16:25:00,30,6,True,True,False,False,38.0,32.6,41.2,485.0,0.1463
Threshold_40_15min,717195,2026-05-08 17:35:00,2026-05-08 17:45:00,15,3,True,True,False,False,39.2,36.8,48.3,544.0,0.1471
Threshold_40_15min,717195,2026-05-09 15:00:00,2026-05-09 15:15:00,20,4,True,True,False,False,38.8,30.8,49.6,524.0,0.124
Threshold_40_15min,717195,2026-05-09 16:00:00,2026-05-09 17:15:00,80,16,True,True,False,False,37.5,30.1,45.1,542.0,0.1544
Threshold_40_15min,717195,2026-05-11 15:40:00,2026-05-11 16:00:00,25,5,True,True,False,False,34.5,29.7,42.1,486.0,0.1729
Threshold_40_15min,717195,2026-05-12 17:10:00,2026-05-12 17:20:00,15,3,True,True,False,False,39.9,35.7,46.9,512.0,0.1406
Threshold_40_15min,717195,2026-05-13 14:30:00,2026-05-13 14:50:00,25,5,True,True,False,False,37.8,28.2,45.6,517.0,0.158
Threshold_40_15min,717195,2026-05-14 14:30:00,2026-05-14 14:40:00,15,3,True,True,False,False,36.3,33.8,41.6,528.0,0.1604
Threshold_40_15min,717195,2026-05-14 15:55:00,2026-05-14 16:10:00,20,4,True,True,False,False,36.3,35.3,44.0,521.0,0.159
Threshold_40_15min,717195,2026-05-14 17:55:00,2026-05-14 18:30:00,40,8,True,True,False,False,39.6,31.2,46.6,546.0,0.1498
Threshold_40_15min,717195,2026-05-15 15:05:00,2026-05-15 15:25:00,25,5,True,True,False,False,37.8,34.0,44.6,513.0,0.1767
Threshold_40_15min,717195,2026-05-15 17:55:00,2026-05-15 18:10:00,20,4,True,True,False,False,32.2,31.9,40.3,492.0,0.173
Threshold_40_15min,717195,2026-05-16 14:55:00,2026-05-16 15:20:00,30,6,True,True,False,False,33.8,31.7,44.2,547.0,0.1348
Threshold_40_15min,717195,2026-05-16 18:05:00,2026-05-16 18:30:00,30,6,True,True,False,False,36.6,28.1,40.4,528.0,0.1695
Threshold_40_15min,717195,2026-05-18 16:10:00,2026-05-18 17:00:00,55,11,True,True,False,False,32.0,26.4,40.8,491.0,0.1691
Threshold_40_15min,717195,2026-05-18 17:10:00,2026-05-18 17:20:00,15,3,True,True,False,False,38.3,34.5,41.7,511.0,0.1528
Threshold_40_15min,717195,2026-05-18 17:30:00,2026-05-18 18:00:00,35,7,True,True,False,False,38.0,34.2,41.5,509.0,0.1455
Threshold_40_15min,717195,2026-05-18 18:35:00,2026-05-18 19:05:00,35,7,True,True,False,False,38.6,16.1,47.0,510.0,0.1282
Threshold_40_15min,717195,2026-05-19 15:40:00,2026-05-19 15:55:00,20,4,True,True,False,False,39.3,33.5,44.3,512.0,0.1631
Threshold_40_15min,717195,2026-05-19 18:10:00,2026-05-19 18:20:00,15,3,True,True,False,False,37.9,35.4,41.9,530.0,0.173
Threshold_40_15min,717195,2026-05-20 13:15:00,2026-05-20 14:00:00,50,10,True,True,False,False,33.5,18.2,44.1,387.0,0.198
Threshold_40_15min,717195,2026-05-20 16:05:00,2026-05-20 16:15:00,15,3,True,True,False,False,39.0,38.4,40.1,487.0,0.1548
Threshold_40_15min,717195,2026-05-20 17:45:00,2026-05-20 17:55:00,15,3,True,True,False,False,39.9,38.9,42.0,511.0,0.1686
Threshold_40_15min,717195,2026-05-21 16:50:00,2026-05-21 17:15:00,30,6,True,True,False,False,34.9,26.0,44.4,509.0,0.1629
Threshold_40_15min,717195,2026-05-22 11:30:00,2026-05-22 11:40:00,15,3,True,True,False,False,36.4,33.4,40.7,491.0,0.1768
Threshold_40_15min,717195,2026-05-22 14:35:00,2026-05-22 14:45:00,15,3,True,True,False,False,36.6,35.0,44.6,505.0,0.1711
Threshold_40_15min,717195,2026-05-22 15:00:00,2026-05-22 15:20:00,25,5,True,True,False,False,36.2,34.2,41.9,508.0,0.1671
Threshold_40_15min,717195,2026-05-22 18:40:00,2026-05-22 18:55:00,20,4,True,True,False,False,36.9,36.4,41.2,482.0,0.1672
Threshold_40_15min,717195,2026-05-23 15:20:00,2026-05-23 15:55:00,40,8,True,True,False,False,34.9,32.0,41.4,482.0,0.1594
Threshold_40_15min,717195,2026-05-23 16:35:00,2026-05-23 16:45:00,15,3,True,True,False,False,37.5,34.8,44.8,529.0,0.1313
Threshold_40_15min,717195,2026-05-23 17:00:00,2026-05-23 17:55:00,60,12,True,True,False,False,38.7,31.8,46.9,494.0,0.121
Threshold_40_15min,717195,2026-05-30 15:40:00,2026-05-30 15:55:00,20,4,True,True,False,False,33.1,33.1,41.3,528.0,0.1699
Threshold_40_15min,717195,2026-05-30 16:20:00,2026-05-30 16:50:00,35,7,True,True,False,False,36.8,31.0,43.5,523.0,0.1401
Threshold_40_15min,717195,2026-05-30 17:45:00,2026-05-30 17:55:00,15,3,True,True,False,False,39.7,37.2,47.9,510.0,0.1279
Threshold_40_15min,717198,2026-02-02 12:05:00,2026-02-02 15:30:00,210,42,True,True,False,False,37.9,21.0,41.2,405.0,0.1824
Threshold_40_15min,717198,2026-02-02 16:25:00,2026-02-02 16:55:00,35,7,True,True,False,False,37.4,33.1,45.0,492.0,0.1295
Threshold_40_15min,717198,2026-02-03 14:45:00,2026-02-03 14:55:00,15,3,True,True,False,False,39.0,38.6,43.9,512.0,0.1402
Threshold_40_15min,717198,2026-02-03 15:25:00,2026-02-03 15:55:00,35,7,True,True,False,False,39.2,34.0,43.7,501.0,0.1595
Threshold_40_15min,717198,2026-02-03 17:55:00,2026-02-03 18:05:00,15,3,True,True,False,False,38.1,37.8,41.0,501.0,0.1608
Threshold_40_15min,717198,2026-02-04 16:35:00,2026-02-04 17:30:00,60,12,True,True,False,False,38.6,22.9,41.3,510.0,0.1534
Threshold_40_15min,717198,2026-02-04 18:30:00,2026-02-04 18:50:00,25,5,True,True,False,False,37.2,37.2,42.2,532.0,0.1682
Threshold_40_15min,717198,2026-02-06 14:15:00,2026-02-06 14:30:00,20,4,True,True,False,False,37.7,32.3,42.7,502.0,0.1712
Threshold_40_15min,717198,2026-02-06 14:50:00,2026-02-06 15:00:00,15,3,True,True,False,False,38.7,35.9,41.4,515.0,0.182
Threshold_40_15min,717198,2026-02-06 15:10:00,2026-02-06 15:35:00,30,6,True,True,False,False,38.4,31.4,40.6,500.0,0.1452
Threshold_40_15min,717198,2026-02-06 16:20:00,2026-02-06 16:30:00,15,3,True,True,False,False,36.0,36.0,43.5,522.0,0.168
Threshold_40_15min,717198,2026-02-06 17:00:00,2026-02-06 17:10:00,15,3,True,True,False,False,38.2,37.7,42.5,483.0,0.1572
Threshold_40_15min,717198,2026-02-07 14:20:00,2026-02-07 14:30:00,15,3,True,True,False,False,37.2,35.0,42.1,508.0,0.1731
Threshold_40_15min,717198,2026-02-07 15:05:00,2026-02-07 15:20:00,20,4,True,True,False,False,39.9,37.5,48.0,496.0,0.1222
Threshold_40_15min,717198,2026-02-07 15:35:00,2026-02-07 15:50:00,20,4,True,True,False,False,36.6,36.4,40.6,501.0,0.1497
Threshold_40_15min,717198,2026-02-07 17:20:00,2026-02-07 17:35:00,20,4,True,True,False,False,39.7,34.8,49.0,501.0,0.1248
Threshold_40_15min,717198,2026-02-09 12:40:00,2026-02-09 13:00:00,25,5,True,True,False,False,36.2,26.7,45.1,396.0,0.2455
Threshold_40_15min,717198,2026-02-09 15:20:00,2026-02-09 15:35:00,20,4,True,True,False,False,36.2,25.9,42.0,521.0,0.1525
Threshold_40_15min,717198,2026-02-10 17:10:00,2026-02-10 17:40:00,35,7,True,True,False,False,37.5,33.4,40.5,510.0,0.1776
Threshold_40_15min,717198,2026-02-11 16:35:00,2026-02-11 16:50:00,20,4,True,True,False,False,37.1,37.1,43.7,481.0,0.1836
Threshold_40_15min,717198,2026-02-12 08:05:00,2026-02-12 08:35:00,35,7,True,True,False,False,38.4,35.0,47.6,555.0,0.1438
Threshold_40_15min,717198,2026-02-12 14:10:00,2026-02-12 14:20:00,15,3,True,True,False,False,37.1,35.2,46.1,535.0,0.1459
Threshold_40_15min,717198,2026-02-12 15:10:00,2026-02-12 15:25:00,20,4,True,True,False,False,39.9,35.7,40.6,507.0,0.1611
Threshold_40_15min,717198,2026-02-12 18:10:00,2026-02-12 18:35:00,30,6,True,True,False,False,39.4,37.5,40.2,517.0,0.1552
Threshold_40_15min,717198,2026-02-13 13:45:00,2026-02-13 14:00:00,20,4,True,True,False,False,37.8,36.4,40.6,492.0,0.1928
Threshold_40_15min,717198,2026-02-13 14:40:00,2026-02-13 14:50:00,15,3,True,True,False,False,39.7,35.8,41.2,511.0,0.1645
Threshold_40_15min,717198,2026-02-13 17:05:00,2026-02-13 17:15:00,15,3,True,True,False,False,39.6,38.5,41.3,491.0,0.1685
Threshold_40_15min,717198,2026-02-13 17:25:00,2026-02-13 17:45:00,25,5,True,True,False,False,39.8,37.0,43.0,561.0,0.1547
Threshold_40_15min,717198,2026-02-14 09:35:00,2026-02-14 09:55:00,25,5,True,True,False,False,32.9,31.0,40.1,426.0,0.225
Threshold_40_15min,717198,2026-02-14 12:25:00,2026-02-14 12:35:00,15,3,True,True,False,False,39.7,39.2,41.1,496.0,0.191
Threshold_40_15min,717198,2026-02-16 12:10:00,2026-02-16 12:40:00,35,7,True,True,False,False,38.0,32.4,42.1,389.0,0.1421
Threshold_40_15min,717198,2026-02-16 13:50:00,2026-02-16 15:00:00,75,15,True,True,False,False,35.7,28.9,41.6,454.0,0.1727
Threshold_40_15min,717198,2026-02-16 15:25:00,2026-02-16 15:40:00,20,4,True,True,False,False,37.7,35.5,40.4,449.0,0.1421
Threshold_40_15min,717198,2026-02-16 17:20:00,2026-02-16 17:30:00,15,3,True,True,False,False,35.8,34.9,40.8,403.0,0.1305
Threshold_40_15min,717198,2026-02-17 17:15:00,2026-02-17 17:55:00,45,9,True,True,False,False,39.8,35.3,42.9,527.0,0.1678
Threshold_40_15min,717198,2026-02-18 07:35:00,2026-02-18 08:10:00,40,8,True,True,False,False,35.3,17.1,45.2,399.0,0.2135
Threshold_40_15min,717198,2026-02-18 17:05:00,2026-02-18 17:15:00,15,3,True,True,False,False,38.5,36.3,40.6,487.0,0.1791
Threshold_40_15min,717198,2026-02-19 12:10:00,2026-02-19 15:20:00,195,39,True,True,False,False,39.8,28.5,44.8,407.0,0.123
Threshold_40_15min,717198,2026-02-20 16:10:00,2026-02-20 16:20:00,15,3,True,True,False,False,38.7,34.6,43.1,499.0,0.1578
Threshold_40_15min,717198,2026-02-20 17:10:00,2026-02-20 17:20:00,15,3,True,True,False,False,38.1,36.8,43.7,517.0,0.1447
Threshold_40_15min,717198,2026-02-21 14:30:00,2026-02-21 14:40:00,15,3,True,True,False,False,39.0,34.5,40.7,480.0,0.166
Threshold_40_15min,717198,2026-02-21 15:10:00,2026-02-21 15:20:00,15,3,True,True,False,False,38.1,35.5,43.4,482.0,0.1523
Threshold_40_15min,717198,2026-02-23 14:45:00,2026-02-23 16:05:00,85,17,True,True,False,False,39.6,30.0,42.3,500.0,0.1758
Threshold_40_15min,717198,2026-02-23 16:35:00,2026-02-23 16:45:00,15,3,True,True,False,False,37.7,37.4,46.4,501.0,0.1316
Threshold_40_15min,717198,2026-02-23 16:55:00,2026-02-23 17:10:00,20,4,True,True,False,False,35.4,34.7,40.2,521.0,0.1546
Threshold_40_15min,717198,2026-02-23 18:10:00,2026-02-23 18:20:00,15,3,True,True,False,False,38.3,38.3,40.8,508.0,0.177
Threshold_40_15min,717198,2026-02-24 07:45:00,2026-02-24 07:55:00,15,3,True,True,False,False,36.0,33.9,43.2,534.0,0.1967
Threshold_40_15min,717198,2026-02-24 18:30:00,2026-02-24 18:45:00,20,4,True,True,False,False,39.4,37.7,40.9,493.0,0.1482
Threshold_40_15min,717198,2026-02-25 15:00:00,2026-02-25 15:10:00,15,3,True,True,False,False,39.5,36.9,40.4,493.0,0.159
Threshold_40_15min,717198,2026-02-26 07:55:00,2026-02-26 08:20:00,30,6,True,True,False,False,39.5,35.6,41.0,549.0,0.1885
Threshold_40_15min,717198,2026-02-26 13:15:00,2026-02-26 13:30:00,20,4,True,True,False,False,39.5,35.5,41.8,477.0,0.1617
Threshold_40_15min,717198,2026-02-26 13:40:00,2026-02-26 14:45:00,70,14,True,True,False,False,38.8,22.4,41.9,495.0,0.1341
Threshold_40_15min,717198,2026-02-26 15:30:00,2026-02-26 16:25:00,60,12,True,True,False,False,37.6,28.6,42.5,440.0,0.142
Threshold_40_15min,717198,2026-02-26 17:10:00,2026-02-26 17:30:00,25,5,True,True,False,False,37.6,29.2,45.7,500.0,0.1385
Threshold_40_15min,717198,2026-02-26 18:05:00,2026-02-26 18:15:00,15,3,True,True,False,False,39.3,35.8,42.0,520.0,0.1603
Threshold_40_15min,717198,2026-03-02 14:00:00,2026-03-02 14:20:00,25,5,True,True,False,False,39.7,36.0,41.6,487.0,0.1661
Threshold_40_15min,717198,2026-03-02 14:45:00,2026-03-02 15:30:00,50,10,True,True,False,False,38.1,33.1,41.6,481.0,0.1577
Threshold_40_15min,717198,2026-03-02 17:35:00,2026-03-02 18:05:00,35,7,True,True,False,False,38.6,38.3,41.2,509.0,0.1515
Threshold_40_15min,717198,2026-03-02 18:45:00,2026-03-02 18:55:00,15,3,True,True,False,False,39.5,37.7,42.9,497.0,0.1615
Threshold_40_15min,717198,2026-03-03 08:10:00,2026-03-03 08:20:00,15,3,True,True,False,False,37.6,35.8,42.4,516.0,0.1611
Threshold_40_15min,717198,2026-03-03 14:15:00,2026-03-03 15:45:00,95,19,True,True,False,False,37.9,22.1,45.2,533.0,0.1554
Threshold_40_15min,717198,2026-03-03 16:25:00,2026-03-03 16:40:00,20,4,True,True,False,False,39.3,37.6,41.2,488.0,0.1643
Threshold_40_15min,717198,2026-03-03 17:40:00,2026-03-03 19:00:00,85,17,True,True,False,False,38.6,17.4,41.5,519.0,0.1686
Threshold_40_15min,717198,2026-03-04 07:45:00,2026-03-04 07:55:00,15,3,True,True,False,False,38.3,38.3,44.5,506.0,0.2048
Threshold_40_15min,717198,2026-03-04 08:05:00,2026-03-04 08:15:00,15,3,True,True,False,False,39.9,34.1,42.2,536.0,0.1507
Threshold_40_15min,717198,2026-03-04 08:40:00,2026-03-04 09:05:00,30,6,True,True,False,False,34.7,32.4,40.6,483.0,0.1668
Threshold_40_15min,717198,2026-03-04 13:40:00,2026-03-04 13:50:00,15,3,True,True,False,False,38.5,37.7,43.4,505.0,0.1464
Threshold_40_15min,717198,2026-03-04 14:10:00,2026-03-04 14:25:00,20,4,True,True,False,False,34.3,34.3,41.6,492.0,0.1668
Threshold_40_15min,717198,2026-03-04 15:10:00,2026-03-04 15:20:00,15,3,True,True,False,False,36.0,36.0,40.6,480.0,0.1478
Threshold_40_15min,717198,2026-03-04 16:25:00,2026-03-04 16:35:00,15,3,True,True,False,False,37.2,37.2,43.9,535.0,0.1552
Threshold_40_15min,717198,2026-03-04 18:25:00,2026-03-04 18:55:00,35,7,True,True,False,False,37.2,31.5,40.5,508.0,0.1797
Threshold_40_15min,717198,2026-03-05 13:25:00,2026-03-05 14:35:00,75,15,True,True,False,False,38.9,20.5,41.4,472.0,0.1475
Threshold_40_15min,717198,2026-03-05 14:50:00,2026-03-05 15:00:00,15,3,True,True,False,False,31.5,31.5,40.4,480.0,0.1529
Threshold_40_15min,717198,2026-03-05 15:30:00,2026-03-05 15:50:00,25,5,True,True,False,False,36.4,33.8,41.6,504.0,0.1437
Threshold_40_15min,717198,2026-03-06 13:30:00,2026-03-06 14:00:00,35,7,True,True,False,False,35.6,19.4,43.9,548.0,0.1693
Threshold_40_15min,717198,2026-03-06 16:30:00,2026-03-06 16:50:00,25,5,True,True,False,False,37.5,34.1,41.4,521.0,0.1503
Threshold_40_15min,717198,2026-03-07 14:35:00,2026-03-07 15:10:00,40,8,True,True,False,False,38.3,33.4,44.4,496.0,0.1478
Threshold_40_15min,717198,2026-03-09 07:50:00,2026-03-09 08:00:00,15,3,True,True,False,False,39.4,37.9,42.6,506.0,0.1776
Threshold_40_15min,717198,2026-03-09 13:50:00,2026-03-09 14:15:00,30,6,True,True,False,False,39.9,36.6,44.3,495.0,0.1768
Threshold_40_15min,717198,2026-03-09 16:50:00,2026-03-09 17:25:00,40,8,True,True,False,False,38.0,33.5,43.4,510.0,0.1508
Threshold_40_15min,717198,2026-03-09 17:45:00,2026-03-09 17:55:00,15,3,True,True,False,False,39.4,36.7,40.3,493.0,0.1619
Threshold_40_15min,717198,2026-03-10 07:50:00,2026-03-10 08:20:00,35,7,True,True,False,False,39.3,36.7,43.8,543.0,0.1915
Threshold_40_15min,717198,2026-03-10 14:15:00,2026-03-10 14:25:00,15,3,True,True,False,False,36.1,34.0,41.8,513.0,0.1691
Threshold_40_15min,717198,2026-03-11 07:50:00,2026-03-11 08:00:00,15,3,True,True,False,False,37.2,36.2,40.1,498.0,0.1714
Threshold_40_15min,717198,2026-03-11 08:10:00,2026-03-11 08:20:00,15,3,True,True,False,False,37.0,36.2,42.3,530.0,0.1531
Threshold_40_15min,717198,2026-03-12 14:30:00,2026-03-12 14:50:00,25,5,True,True,False,False,35.5,35.5,43.5,504.0,0.1547
Threshold_40_15min,717198,2026-03-12 17:10:00,2026-03-12 17:20:00,15,3,True,True,False,False,36.9,36.9,42.0,536.0,0.1764
Threshold_40_15min,717198,2026-03-13 07:45:00,2026-03-13 08:00:00,20,4,True,True,False,False,38.6,36.1,41.1,520.0,0.1726
Threshold_40_15min,717198,2026-03-13 12:05:00,2026-03-13 12:55:00,55,11,True,True,False,False,38.4,16.8,48.9,510.0,0.1417
Threshold_40_15min,717198,2026-03-13 14:20:00,2026-03-13 14:30:00,15,3,True,True,False,False,26.9,26.9,41.5,479.0,0.1561
Threshold_40_15min,717198,2026-03-13 15:05:00,2026-03-13 15:35:00,35,7,True,True,False,False,39.9,32.4,45.3,501.0,0.1363
Threshold_40_15min,717198,2026-03-14 15:40:00,2026-03-14 16:05:00,30,6,True,True,False,False,38.4,34.6,47.1,493.0,0.1673
Threshold_40_15min,717198,2026-03-14 16:15:00,2026-03-14 16:25:00,15,3,True,True,False,False,36.1,32.5,40.3,503.0,0.1523
Threshold_40_15min,717198,2026-03-14 16:45:00,2026-03-14 17:20:00,40,8,True,True,False,False,38.9,37.3,40.5,469.0,0.1481
Threshold_40_15min,717198,2026-03-16 16:35:00,2026-03-16 16:45:00,15,3,True,True,False,False,39.8,37.7,40.4,475.0,0.1518
Threshold_40_15min,717198,2026-03-17 12:40:00,2026-03-17 12:50:00,15,3,True,True,False,False,33.1,25.8,40.0,400.0,0.2071
Threshold_40_15min,717198,2026-03-17 15:10:00,2026-03-17 16:20:00,75,15,True,True,False,False,36.6,18.1,43.9,504.0,0.1588
Threshold_40_15min,717198,2026-03-17 16:55:00,2026-03-17 17:05:00,15,3,True,True,False,False,39.0,38.3,40.0,504.0,0.1839
Threshold_40_15min,717198,2026-03-18 13:30:00,2026-03-18 14:00:00,35,7,True,True,False,False,29.4,22.5,44.7,443.0,0.1206
Threshold_40_15min,717198,2026-03-18 18:25:00,2026-03-18 18:40:00,20,4,True,True,False,False,39.9,36.3,42.3,499.0,0.1449
Threshold_40_15min,717198,2026-03-19 10:40:00,2026-03-19 11:20:00,45,9,True,True,False,False,26.0,12.4,40.0,328.0,0.2373
Threshold_40_15min,717198,2026-03-19 15:15:00,2026-03-19 15:55:00,45,9,True,True,False,False,35.4,31.2,45.3,495.0,0.1365
Threshold_40_15min,717198,2026-03-20 14:15:00,2026-03-20 14:35:00,25,5,True,True,False,False,34.4,29.6,40.3,514.0,0.1823
Threshold_40_15min,717198,2026-03-20 15:20:00,2026-03-20 15:50:00,35,7,True,True,False,False,36.3,31.9,41.1,521.0,0.1396
Threshold_40_15min,717198,2026-03-20 16:20:00,2026-03-20 16:35:00,20,4,True,True,False,False,39.3,36.5,41.0,505.0,0.1527
Threshold_40_15min,717198,2026-03-20 17:00:00,2026-03-20 17:25:00,30,6,True,True,False,False,39.2,32.6,41.4,457.0,0.1487
Threshold_40_15min,717198,2026-03-20 18:30:00,2026-03-20 19:05:00,40,8,True,True,False,False,37.7,35.0,43.4,473.0,0.1336
Threshold_40_15min,717198,2026-03-21 16:30:00,2026-03-21 16:40:00,15,3,True,True,False,False,39.7,33.6,42.5,484.0,0.1685
Threshold_40_15min,717198,2026-03-22 13:05:00,2026-03-22 13:50:00,50,10,True,True,False,False,34.8,20.9,46.7,405.0,0.1705
Threshold_40_15min,717198,2026-03-23 14:35:00,2026-03-23 14:45:00,15,3,True,True,False,False,38.0,35.2,43.3,494.0,0.1365
Threshold_40_15min,717198,2026-03-23 17:45:00,2026-03-23 17:55:00,15,3,True,True,False,False,37.8,37.8,40.4,534.0,0.1623
Threshold_40_15min,717198,2026-03-23 18:10:00,2026-03-23 18:20:00,15,3,True,True,False,False,39.0,35.9,42.9,504.0,0.1557
Threshold_40_15min,717198,2026-03-24 17:00:00,2026-03-24 17:15:00,20,4,True,True,False,False,36.7,35.9,41.4,501.0,0.145
Threshold_40_15min,717198,2026-03-25 15:55:00,2026-03-25 16:05:00,15,3,True,True,False,False,35.9,35.2,41.0,503.0,0.1793
Threshold_40_15min,717198,2026-03-25 17:10:00,2026-03-25 18:00:00,55,11,True,True,False,False,35.7,14.0,44.5,502.0,0.1326
Threshold_40_15min,717198,2026-03-26 13:45:00,2026-03-26 13:55:00,15,3,True,True,False,False,39.9,36.7,49.7,536.0,0.148
Threshold_40_15min,717198,2026-03-26 16:20:00,2026-03-26 16:45:00,30,6,True,True,False,False,34.8,31.7,44.2,517.0,0.1509
Threshold_40_15min,717198,2026-03-26 18:00:00,2026-03-26 18:15:00,20,4,True,True,False,False,38.5,38.5,42.4,494.0,0.1726
Threshold_40_15min,717198,2026-03-26 18:50:00,2026-03-26 19:00:00,15,3,True,True,False,False,37.0,37.0,41.1,517.0,0.1799
Threshold_40_15min,717198,2026-03-27 18:40:00,2026-03-27 19:00:00,25,5,True,True,False,False,37.0,36.6,40.9,499.0,0.1817
Threshold_40_15min,717198,2026-03-27 19:40:00,2026-03-27 19:55:00,20,4,True,False,False,True,39.7,30.4,41.4,497.0,0.1752
Threshold_40_15min,717198,2026-03-28 17:55:00,2026-03-28 18:05:00,15,3,True,True,False,False,34.1,31.6,46.7,509.0,0.1449
Threshold_40_15min,717198,2026-03-30 15:50:00,2026-03-30 16:05:00,20,4,True,True,False,False,33.1,33.1,43.8,532.0,0.1565
Threshold_40_15min,717198,2026-04-01 15:40:00,2026-04-01 15:50:00,15,3,True,True,False,False,38.8,35.2,42.4,470.0,0.1702
Threshold_40_15min,717198,2026-04-04 15:10:00,2026-04-04 15:40:00,35,7,True,True,False,False,33.5,18.1,43.4,477.0,0.168
Threshold_40_15min,717198,2026-04-06 14:45:00,2026-04-06 15:50:00,70,14,True,True,False,False,36.7,21.9,48.0,512.0,0.1402
Threshold_40_15min,717198,2026-04-06 16:00:00,2026-04-06 16:10:00,15,3,True,True,False,False,38.2,33.7,41.2,508.0,0.1498
Threshold_40_15min,717198,2026-04-06 17:25:00,2026-04-06 17:40:00,20,4,True,True,False,False,36.0,34.9,42.3,496.0,0.1944
Threshold_40_15min,717198,2026-04-08 13:40:00,2026-04-08 13:55:00,20,4,True,True,False,False,36.4,33.0,41.3,440.0,0.1963
Threshold_40_15min,717198,2026-04-09 14:40:00,2026-04-09 15:10:00,35,7,True,True,False,False,37.1,32.7,42.6,536.0,0.1672
Threshold_40_15min,717198,2026-04-09 16:30:00,2026-04-09 16:50:00,25,5,True,True,False,False,37.0,37.0,44.0,555.0,0.173
Threshold_40_15min,717198,2026-04-11 13:35:00,2026-04-11 14:20:00,50,10,True,True,False,False,36.9,33.9,41.8,554.0,0.1559
Threshold_40_15min,717198,2026-04-11 15:10:00,2026-04-11 15:25:00,20,4,True,True,False,False,37.5,34.4,44.2,511.0,0.139
Threshold_40_15min,717198,2026-04-11 16:25:00,2026-04-11 16:40:00,20,4,True,True,False,False,36.0,24.7,40.3,549.0,0.1562
Threshold_40_15min,717198,2026-04-13 15:30:00,2026-04-13 15:40:00,15,3,True,True,False,False,39.1,37.8,42.2,531.0,0.1583
Threshold_40_15min,717198,2026-04-14 12:45:00,2026-04-14 13:25:00,45,9,True,True,False,False,34.4,25.3,42.2,466.0,0.2015
Threshold_40_15min,717198,2026-04-14 15:55:00,2026-04-14 16:30:00,40,8,True,True,False,False,37.3,31.8,44.6,529.0,0.1933
Threshold_40_15min,717198,2026-04-14 17:20:00,2026-04-14 17:30:00,15,3,True,True,False,False,38.6,35.7,44.1,521.0,0.1518
Threshold_40_15min,717198,2026-04-14 18:15:00,2026-04-14 18:50:00,40,8,True,True,False,False,37.0,12.9,45.5,493.0,0.1304
Threshold_40_15min,717198,2026-04-15 06:00:00,2026-04-15 06:35:00,40,8,True,True,False,False,34.2,7.0,43.0,173.0,0.0865
Threshold_40_15min,717198,2026-04-15 15:20:00,2026-04-15 15:45:00,30,6,True,True,False,False,38.2,35.6,40.5,506.0,0.1631
Threshold_40_15min,717198,2026-04-15 18:10:00,2026-04-15 18:40:00,35,7,True,True,False,False,37.2,29.5,45.2,516.0,0.15
Threshold_40_15min,717198,2026-04-16 11:10:00,2026-04-16 11:20:00,15,3,True,True,False,False,37.1,34.8,45.3,502.0,0.2035
Threshold_40_15min,717198,2026-04-16 14:55:00,2026-04-16 15:45:00,55,11,True,True,False,False,38.2,29.8,47.6,532.0,0.1443
Threshold_40_15min,717198,2026-04-17 13:40:00,2026-04-17 13:50:00,15,3,True,True,False,False,37.9,37.1,44.9,512.0,0.151
Threshold_40_15min,717198,2026-04-17 15:10:00,2026-04-17 15:25:00,20,4,True,True,False,False,37.9,33.7,40.2,496.0,0.1704
Threshold_40_15min,717198,2026-04-18 15:35:00,2026-04-18 15:55:00,25,5,True,True,False,False,36.9,32.6,46.4,508.0,0.1406
Threshold_40_15min,717198,2026-04-20 18:10:00,2026-04-20 18:20:00,15,3,True,True,False,False,38.6,38.6,45.3,539.0,0.157
Threshold_40_15min,717198,2026-04-21 16:30:00,2026-04-21 16:45:00,20,4,True,True,False,False,34.2,34.2,40.5,492.0,0.1558
Threshold_40_15min,717198,2026-04-22 17:15:00,2026-04-22 17:40:00,30,6,True,True,False,False,39.6,34.3,43.0,488.0,0.1788
Threshold_40_15min,717198,2026-04-23 14:30:00,2026-04-23 15:15:00,50,10,True,True,False,False,38.0,33.2,40.3,505.0,0.182
Threshold_40_15min,717198,2026-04-23 15:35:00,2026-04-23 15:50:00,20,4,True,True,False,False,39.5,35.1,41.0,519.0,0.1562
Threshold_40_15min,717198,2026-04-23 16:15:00,2026-04-23 16:25:00,15,3,True,True,False,False,39.7,33.6,41.2,513.0,0.1665
Threshold_40_15min,717198,2026-04-24 18:35:00,2026-04-24 18:45:00,15,3,True,True,False,False,37.6,35.2,40.1,485.0,0.1579
Threshold_40_15min,717198,2026-04-25 16:55:00,2026-04-25 17:05:00,15,3,True,True,False,False,37.0,36.6,44.0,503.0,0.1363
Threshold_40_15min,717198,2026-04-27 14:15:00,2026-04-27 14:25:00,15,3,True,True,False,False,37.4,37.4,40.2,511.0,0.1935
Threshold_40_15min,717198,2026-04-27 15:55:00,2026-04-27 16:10:00,20,4,True,True,False,False,36.7,33.5,40.3,502.0,0.2119
Threshold_40_15min,717198,2026-04-28 14:45:00,2026-04-28 15:15:00,35,7,True,True,False,False,38.7,34.3,45.6,504.0,0.1517
Threshold_40_15min,717198,2026-04-28 15:45:00,2026-04-28 15:55:00,15,3,True,True,False,False,37.8,37.8,44.2,515.0,0.1698
Threshold_40_15min,717198,2026-04-29 15:05:00,2026-04-29 15:15:00,15,3,True,True,False,False,39.4,36.6,43.7,495.0,0.1613
Threshold_40_15min,717198,2026-04-30 14:10:00,2026-04-30 14:40:00,35,7,True,True,False,False,37.6,32.7,42.8,492.0,0.1634
Threshold_40_15min,717198,2026-04-30 14:50:00,2026-04-30 15:00:00,15,3,True,True,False,False,38.3,34.6,44.4,528.0,0.1374
Threshold_40_15min,717198,2026-05-01 15:15:00,2026-05-01 15:30:00,20,4,True,True,False,False,38.8,36.4,42.0,515.0,0.1515
Threshold_40_15min,717198,2026-05-01 16:25:00,2026-05-01 16:35:00,15,3,True,True,False,False,38.1,37.1,41.3,516.0,0.1515
Threshold_40_15min,717198,2026-05-05 15:55:00,2026-05-05 16:05:00,15,3,True,True,False,False,38.7,34.6,41.3,525.0,0.1638
Threshold_40_15min,717198,2026-05-05 17:00:00,2026-05-05 17:10:00,15,3,True,True,False,False,39.1,39.0,40.3,501.0,0.16
Threshold_40_15min,717198,2026-05-06 15:00:00,2026-05-06 15:25:00,30,6,True,True,False,False,39.2,35.1,42.0,500.0,0.1452
Threshold_40_15min,717198,2026-05-06 19:00:00,2026-05-06 19:35:00,40,8,True,True,False,False,27.0,14.1,40.1,458.0,0.2111
Threshold_40_15min,717198,2026-05-08 14:40:00,2026-05-08 14:50:00,15,3,True,True,False,False,38.3,34.3,41.8,509.0,0.1686
Threshold_40_15min,717198,2026-05-08 15:05:00,2026-05-08 15:25:00,25,5,True,True,False,False,37.8,33.7,43.0,530.0,0.1511
Threshold_40_15min,717198,2026-05-08 16:05:00,2026-05-08 16:25:00,25,5,True,True,False,False,39.3,33.9,40.3,478.0,0.164
Threshold_40_15min,717198,2026-05-08 17:35:00,2026-05-08 17:45:00,15,3,True,True,False,False,38.2,37.4,44.6,531.0,0.1554
Threshold_40_15min,717198,2026-05-09 15:00:00,2026-05-09 15:15:00,20,4,True,True,False,False,35.1,31.0,48.0,539.0,0.1366
Threshold_40_15min,717198,2026-05-09 16:00:00,2026-05-09 17:15:00,80,16,True,True,False,False,36.9,29.5,43.9,531.0,0.1698
Threshold_40_15min,717198,2026-05-11 15:40:00,2026-05-11 16:00:00,25,5,True,True,False,False,35.0,30.9,41.5,488.0,0.1781
Threshold_40_15min,717198,2026-05-12 17:10:00,2026-05-12 17:20:00,15,3,True,True,False,False,38.0,35.7,47.2,525.0,0.1422
Threshold_40_15min,717198,2026-05-13 14:30:00,2026-05-13 14:50:00,25,5,True,True,False,False,39.2,27.4,44.8,535.0,0.161
Threshold_40_15min,717198,2026-05-14 14:10:00,2026-05-14 14:40:00,35,7,True,True,False,False,39.1,34.6,48.7,515.0,0.1352
Threshold_40_15min,717198,2026-05-14 15:55:00,2026-05-14 16:05:00,15,3,True,True,False,False,36.1,36.1,42.1,527.0,0.1651
Threshold_40_15min,717198,2026-05-14 18:05:00,2026-05-14 18:25:00,25,5,True,True,False,False,38.7,32.5,40.2,504.0,0.166
Threshold_40_15min,717198,2026-05-15 15:10:00,2026-05-15 15:25:00,20,4,True,True,False,False,38.4,34.5,40.7,495.0,0.1758
Threshold_40_15min,717198,2026-05-15 17:25:00,2026-05-15 17:35:00,15,3,True,True,False,False,36.4,36.4,47.0,529.0,0.1362
Threshold_40_15min,717198,2026-05-15 17:50:00,2026-05-15 18:10:00,25,5,True,True,False,False,37.9,29.7,43.3,521.0,0.1463
Threshold_40_15min,717198,2026-05-16 14:55:00,2026-05-16 15:20:00,30,6,True,True,False,False,33.1,32.1,41.9,553.0,0.154
Threshold_40_15min,717198,2026-05-16 18:05:00,2026-05-16 18:30:00,30,6,True,True,False,False,34.4,27.9,40.9,529.0,0.1688
Threshold_40_15min,717198,2026-05-18 16:10:00,2026-05-18 16:55:00,50,10,True,True,False,False,32.5,26.6,43.4,492.0,0.1469
Threshold_40_15min,717198,2026-05-18 17:15:00,2026-05-18 17:30:00,20,4,True,True,False,False,37.7,37.7,41.0,507.0,0.1649
Threshold_40_15min,717198,2026-05-18 18:35:00,2026-05-18 19:05:00,35,7,True,True,False,False,37.6,15.2,46.2,498.0,0.1278
Threshold_40_15min,717198,2026-05-19 15:40:00,2026-05-19 15:50:00,15,3,True,True,False,False,39.1,33.5,43.3,520.0,0.174
Threshold_40_15min,717198,2026-05-19 18:10:00,2026-05-19 18:20:00,15,3,True,True,False,False,39.2,36.9,41.6,507.0,0.1674
Threshold_40_15min,717198,2026-05-20 13:15:00,2026-05-20 14:00:00,50,10,True,True,False,False,38.4,20.9,48.8,410.0,0.1437
Threshold_40_15min,717198,2026-05-21 16:50:00,2026-05-21 17:15:00,30,6,True,True,False,False,34.3,26.5,43.7,504.0,0.1578
Threshold_40_15min,717198,2026-05-22 13:55:00,2026-05-22 14:10:00,20,4,True,True,False,False,38.7,35.9,44.0,496.0,0.1485
Threshold_40_15min,717198,2026-05-22 15:00:00,2026-05-22 15:15:00,20,4,True,True,False,False,35.4,33.4,41.0,520.0,0.1746
Threshold_40_15min,717198,2026-05-22 18:40:00,2026-05-22 18:55:00,20,4,True,True,False,False,39.7,36.0,40.8,478.0,0.1636
Threshold_40_15min,717198,2026-05-23 15:20:00,2026-05-23 15:55:00,40,8,True,True,False,False,37.5,33.3,41.1,492.0,0.1678
Threshold_40_15min,717198,2026-05-23 17:00:00,2026-05-23 17:55:00,60,12,True,True,False,False,35.2,31.3,42.7,507.0,0.1562
Threshold_40_15min,717198,2026-05-28 13:40:00,2026-05-28 13:50:00,15,3,False,True,True,False,36.7,36.7,,,
Threshold_40_15min,717198,2026-05-28 15:35:00,2026-05-28 15:45:00,15,3,True,True,False,False,35.6,34.4,40.6,540.0,0.1951
Threshold_40_15min,717198,2026-05-28 17:50:00,2026-05-28 18:00:00,15,3,True,True,False,False,33.8,33.8,40.8,512.0,0.1829
Threshold_40_15min,717198,2026-05-29 17:20:00,2026-05-29 17:40:00,25,5,True,True,False,False,38.7,35.1,41.9,546.0,0.1873
Threshold_40_15min,717198,2026-05-30 15:40:00,2026-05-30 16:05:00,30,6,True,True,False,False,36.0,34.5,41.9,522.0,0.1569
Threshold_40_15min,717198,2026-05-30 16:20:00,2026-05-30 16:45:00,30,6,True,True,False,False,38.7,30.1,42.5,526.0,0.1484
Threshold_40_15min,717198,2026-05-30 17:10:00,2026-05-30 17:25:00,20,4,True,True,False,False,38.8,33.5,42.2,482.0,0.1611
Threshold_40_15min,717198,2026-05-30 17:45:00,2026-05-30 17:55:00,15,3,True,True,False,False,37.4,36.1,45.8,534.0,0.1429
Threshold_50_15min,716152,2026-02-02 12:15:00,2026-02-02 15:20:00,190,38,True,True,False,False,41.1,26.0,53.5,458.0,0.2192
Threshold_50_15min,716152,2026-02-02 15:45:00,2026-02-02 15:55:00,15,3,True,True,False,False,46.9,46.9,51.9,464.0,0.2731
Threshold_50_15min,716152,2026-02-02 18:15:00,2026-02-02 18:25:00,15,3,True,True,False,False,46.1,45.5,53.3,529.0,0.2585
Threshold_50_15min,716152,2026-02-03 07:40:00,2026-02-03 08:40:00,65,13,True,True,False,False,45.1,32.4,54.4,580.0,0.2099
Threshold_50_15min,716152,2026-02-03 13:25:00,2026-02-03 16:30:00,190,38,True,True,False,False,38.7,30.2,50.3,554.0,0.2261
Threshold_50_15min,716152,2026-02-03 16:50:00,2026-02-03 18:55:00,130,26,True,True,False,False,45.8,29.3,53.0,374.0,0.1276
Threshold_50_15min,716152,2026-02-03 19:10:00,2026-02-03 19:20:00,15,3,True,True,False,False,45.5,44.7,51.5,505.0,0.1856
Threshold_50_15min,716152,2026-02-04 07:45:00,2026-02-04 08:50:00,70,14,True,True,False,False,40.2,37.2,51.1,592.0,0.2206
Threshold_50_15min,716152,2026-02-04 09:45:00,2026-02-04 09:55:00,15,3,True,True,False,False,43.6,43.6,55.5,537.0,0.1771
Threshold_50_15min,716152,2026-02-04 13:40:00,2026-02-04 19:20:00,345,69,True,True,False,False,43.4,22.9,53.1,534.0,0.1772
Threshold_50_15min,716152,2026-02-05 07:40:00,2026-02-05 08:25:00,50,10,True,True,False,False,48.4,44.2,53.4,562.0,0.2279
Threshold_50_15min,716152,2026-02-05 14:05:00,2026-02-05 15:20:00,80,16,True,True,False,False,43.9,33.8,53.2,529.0,0.1836
Threshold_50_15min,716152,2026-02-05 16:30:00,2026-02-05 18:55:00,150,30,True,True,False,False,43.9,31.6,52.6,566.0,0.211
Threshold_50_15min,716152,2026-02-06 07:45:00,2026-02-06 08:20:00,40,8,True,True,False,False,39.6,36.5,51.0,609.0,0.2011
Threshold_50_15min,716152,2026-02-06 12:30:00,2026-02-06 18:40:00,375,75,True,True,False,False,48.3,31.7,53.8,543.0,0.2017
Threshold_50_15min,716152,2026-02-06 19:25:00,2026-02-06 19:35:00,15,3,True,True,False,False,44.8,44.5,51.1,518.0,0.1828
Threshold_50_15min,716152,2026-02-07 13:30:00,2026-02-07 17:55:00,270,54,True,True,False,False,48.7,29.8,54.9,549.0,0.1507
Threshold_50_15min,716152,2026-02-10 07:35:00,2026-02-10 08:20:00,50,10,True,True,False,False,46.3,38.0,51.6,558.0,0.2131
Threshold_50_15min,716152,2026-02-10 12:10:00,2026-02-10 12:35:00,30,6,True,True,False,False,46.5,44.0,50.6,484.0,0.173
Threshold_50_15min,716152,2026-02-10 13:30:00,2026-02-10 19:20:00,355,71,True,True,False,False,48.2,27.0,55.5,554.0,0.171
Threshold_50_15min,716152,2026-02-11 07:30:00,2026-02-11 08:25:00,60,12,True,True,False,False,47.4,30.2,54.1,536.0,0.1945
Threshold_50_15min,716152,2026-02-11 08:40:00,2026-02-11 08:50:00,15,3,True,True,False,False,44.0,44.0,53.4,576.0,0.1833
Threshold_50_15min,716152,2026-02-11 13:40:00,2026-02-11 19:00:00,325,65,True,True,False,False,47.5,30.6,58.2,602.0,0.189
Threshold_50_15min,716152,2026-02-12 07:25:00,2026-02-12 09:10:00,110,22,True,True,False,False,49.3,27.7,52.7,513.0,0.1843
Threshold_50_15min,716152,2026-02-12 13:40:00,2026-02-12 19:35:00,360,72,True,True,False,False,45.5,28.4,55.1,534.0,0.163
Threshold_50_15min,716152,2026-02-13 07:20:00,2026-02-13 08:20:00,65,13,True,True,False,False,48.0,36.2,56.4,537.0,0.1716
Threshold_50_15min,716152,2026-02-13 11:20:00,2026-02-13 15:35:00,260,52,True,True,False,False,48.8,28.3,56.1,586.0,0.1836
Threshold_50_15min,716152,2026-02-13 16:10:00,2026-02-13 18:30:00,145,29,True,True,False,False,49.9,30.3,58.4,527.0,0.1548
Threshold_50_15min,716152,2026-02-13 18:50:00,2026-02-13 19:00:00,15,3,True,True,False,False,48.4,46.8,51.9,531.0,0.1714
Threshold_50_15min,716152,2026-02-13 19:10:00,2026-02-13 19:55:00,50,10,True,False,False,True,48.6,37.6,51.4,521.0,0.1579
Threshold_50_15min,716152,2026-02-14 09:20:00,2026-02-14 09:50:00,35,7,True,True,False,False,37.3,21.1,52.0,343.0,0.1142
Threshold_50_15min,716152,2026-02-14 12:25:00,2026-02-14 12:45:00,25,5,True,True,False,False,41.8,41.8,50.0,533.0,0.1869
Threshold_50_15min,716152,2026-02-14 14:25:00,2026-02-14 17:10:00,170,34,True,True,False,False,48.4,31.4,58.8,572.0,0.157
Threshold_50_15min,716152,2026-02-14 17:45:00,2026-02-14 18:15:00,35,7,True,True,False,False,47.6,43.2,52.3,551.0,0.1704
Threshold_50_15min,716152,2026-02-14 18:35:00,2026-02-14 18:55:00,25,5,True,True,False,False,47.5,41.6,54.8,494.0,0.1468
Threshold_50_15min,716152,2026-02-16 14:30:00,2026-02-16 14:55:00,30,6,True,True,False,False,49.3,41.5,51.1,422.0,0.2524
Threshold_50_15min,716152,2026-02-17 13:30:00,2026-02-17 13:45:00,20,4,True,True,False,False,48.4,40.7,58.4,522.0,0.1562
Threshold_50_15min,716152,2026-02-17 15:00:00,2026-02-17 18:05:00,190,38,True,True,False,False,46.4,31.4,50.3,506.0,0.218
Threshold_50_15min,716152,2026-02-17 18:40:00,2026-02-17 18:55:00,20,4,True,True,False,False,46.8,46.2,54.7,484.0,0.1558
Threshold_50_15min,716152,2026-02-18 07:35:00,2026-02-18 08:40:00,70,14,True,True,False,False,34.9,15.2,53.4,550.0,0.2023
Threshold_50_15min,716152,2026-02-18 13:05:00,2026-02-18 13:25:00,25,5,True,True,False,False,48.0,43.5,57.4,551.0,0.1722
Threshold_50_15min,716152,2026-02-18 13:35:00,2026-02-18 18:55:00,325,65,True,True,False,False,47.8,29.8,51.8,516.0,0.1599
Threshold_50_15min,716152,2026-02-19 07:35:00,2026-02-19 08:00:00,30,6,True,True,False,False,48.3,43.7,60.5,553.0,0.1575
Threshold_50_15min,716152,2026-02-19 10:35:00,2026-02-19 10:55:00,25,5,True,True,False,False,49.7,43.6,50.7,404.0,0.1374
Threshold_50_15min,716152,2026-02-19 11:50:00,2026-02-19 17:50:00,365,73,True,True,False,False,46.5,27.1,50.6,434.0,0.1558
Threshold_50_15min,716152,2026-02-20 13:25:00,2026-02-20 15:05:00,105,21,True,True,False,False,45.5,36.1,50.7,522.0,0.1688
Threshold_50_15min,716152,2026-02-20 15:45:00,2026-02-20 19:10:00,210,42,True,True,False,False,49.9,31.3,50.4,505.0,0.1806
Threshold_50_15min,716152,2026-02-21 11:25:00,2026-02-21 11:35:00,15,3,True,True,False,False,49.9,43.7,59.1,538.0,0.1599
Threshold_50_15min,716152,2026-02-21 13:35:00,2026-02-21 18:30:00,300,60,True,True,False,False,48.3,29.5,55.4,542.0,0.1589
Threshold_50_15min,716152,2026-02-23 07:40:00,2026-02-23 09:00:00,85,17,True,True,False,False,47.3,34.7,55.1,585.0,0.1766
Threshold_50_15min,716152,2026-02-23 12:35:00,2026-02-23 12:50:00,20,4,True,True,False,False,47.2,45.4,57.4,573.0,0.1782
Threshold_50_15min,716152,2026-02-23 13:25:00,2026-02-23 18:50:00,330,66,True,True,False,False,47.7,27.1,56.1,553.0,0.1724
Threshold_50_15min,716152,2026-02-24 07:25:00,2026-02-24 09:00:00,100,20,True,True,False,False,47.4,28.4,51.1,497.0,0.2002
Threshold_50_15min,716152,2026-02-24 12:35:00,2026-02-24 19:55:00,445,89,True,False,False,True,49.8,29.0,55.4,534.0,0.1717
Threshold_50_15min,716152,2026-02-25 07:30:00,2026-02-25 08:45:00,80,16,True,True,False,False,47.6,34.3,50.9,507.0,0.1869
Threshold_50_15min,716152,2026-02-25 13:40:00,2026-02-25 19:45:00,370,74,True,True,False,False,45.7,17.7,51.5,554.0,0.1817
Threshold_50_15min,716152,2026-02-26 07:30:00,2026-02-26 09:00:00,95,19,True,True,False,False,43.8,30.1,51.0,583.0,0.19
Threshold_50_15min,716152,2026-02-26 12:30:00,2026-02-26 19:45:00,440,88,True,True,False,False,49.0,18.4,50.7,528.0,0.1932
Threshold_50_15min,716152,2026-02-27 07:50:00,2026-02-27 09:15:00,90,18,True,True,False,False,44.5,38.7,50.5,493.0,0.2278
Threshold_50_15min,716152,2026-02-27 14:40:00,2026-02-27 19:55:00,320,64,True,False,False,True,48.8,37.2,59.4,420.0,0.1133
Threshold_50_15min,716152,2026-03-02 05:00:00,2026-03-02 05:35:00,40,8,False,False,True,True,35.5,3.0,,,
Threshold_50_15min,716152,2026-03-02 05:55:00,2026-03-02 06:15:00,25,5,False,True,True,False,18.0,14.7,,,
Threshold_50_15min,716152,2026-03-02 07:45:00,2026-03-02 08:35:00,55,11,True,True,False,False,43.9,35.7,51.3,568.0,0.1951
Threshold_50_15min,716152,2026-03-02 12:05:00,2026-03-02 12:35:00,35,7,True,True,False,False,40.4,35.5,53.4,517.0,0.194
Threshold_50_15min,716152,2026-03-02 13:10:00,2026-03-02 19:05:00,360,72,True,True,False,False,44.5,28.6,52.7,506.0,0.1919
Threshold_50_15min,716152,2026-03-04 07:30:00,2026-03-04 10:10:00,165,33,True,True,False,False,47.5,29.1,50.5,523.0,0.1791
Threshold_50_15min,716152,2026-03-04 10:40:00,2026-03-04 19:50:00,555,111,True,True,False,False,47.5,27.1,50.6,533.0,0.1933
Threshold_50_15min,716152,2026-03-05 07:35:00,2026-03-05 10:05:00,155,31,True,True,False,False,43.6,31.6,51.1,583.0,0.2132
Threshold_50_15min,716152,2026-03-05 10:55:00,2026-03-05 19:55:00,545,109,True,False,False,True,42.9,19.1,50.2,540.0,0.1919
Threshold_50_15min,716152,2026-03-06 07:30:00,2026-03-06 07:55:00,30,6,True,True,False,False,45.9,40.7,55.1,583.0,0.1758
Threshold_50_15min,716152,2026-03-06 11:05:00,2026-03-06 17:50:00,410,82,True,True,False,False,49.0,17.9,51.9,528.0,0.1626
Threshold_50_15min,716152,2026-03-06 18:10:00,2026-03-06 18:20:00,15,3,True,True,False,False,46.3,46.3,52.3,521.0,0.1506
Threshold_50_15min,716152,2026-03-06 19:20:00,2026-03-06 19:55:00,40,8,True,False,False,True,47.8,46.6,50.0,514.0,0.1661
Threshold_50_15min,716152,2026-03-07 13:50:00,2026-03-07 14:05:00,20,4,True,True,False,False,45.4,45.4,51.3,547.0,0.1946
Threshold_50_15min,716152,2026-03-07 14:30:00,2026-03-07 18:10:00,225,45,True,True,False,False,47.4,28.9,51.0,496.0,0.1578
Threshold_50_15min,716152,2026-03-09 07:40:00,2026-03-09 08:55:00,80,16,True,True,False,False,49.0,34.0,54.6,537.0,0.1872
Threshold_50_15min,716152,2026-03-09 12:35:00,2026-03-09 13:00:00,30,6,True,True,False,False,43.0,35.8,55.4,531.0,0.1726
Threshold_50_15min,716152,2026-03-09 13:40:00,2026-03-09 15:40:00,125,25,True,True,False,False,41.8,28.1,51.6,554.0,0.185
Threshold_50_15min,716152,2026-03-09 16:15:00,2026-03-09 19:05:00,175,35,True,True,False,False,48.0,28.8,56.2,538.0,0.1926
Threshold_50_15min,716152,2026-03-10 07:35:00,2026-03-10 08:45:00,75,15,True,True,False,False,49.6,31.6,56.0,567.0,0.1971
Threshold_50_15min,716152,2026-03-10 12:55:00,2026-03-10 13:15:00,25,5,True,True,False,False,46.1,45.2,56.5,511.0,0.1681
Threshold_50_15min,716152,2026-03-10 14:00:00,2026-03-10 19:10:00,315,63,True,True,False,False,39.5,30.4,51.5,539.0,0.2004
Threshold_50_15min,716152,2026-03-11 07:30:00,2026-03-11 08:20:00,55,11,True,True,False,False,45.1,31.3,51.7,536.0,0.2053
Threshold_50_15min,716152,2026-03-11 08:35:00,2026-03-11 09:05:00,35,7,True,True,False,False,47.8,40.7,52.3,555.0,0.184
Threshold_50_15min,716152,2026-03-11 12:45:00,2026-03-11 13:35:00,55,11,True,True,False,False,48.0,29.8,51.9,551.0,0.217
Threshold_50_15min,716152,2026-03-11 14:20:00,2026-03-11 19:35:00,320,64,True,True,False,False,49.0,25.2,56.3,571.0,0.1785
Threshold_50_15min,716152,2026-03-12 07:25:00,2026-03-12 08:55:00,95,19,True,True,False,False,45.4,30.1,52.5,508.0,0.2006
Threshold_50_15min,716152,2026-03-12 13:10:00,2026-03-12 19:35:00,390,78,True,True,False,False,42.8,27.9,54.4,575.0,0.1768
Threshold_50_15min,716152,2026-03-13 07:35:00,2026-03-13 08:40:00,70,14,True,True,False,False,44.0,29.7,50.4,556.0,0.1775
Threshold_50_15min,716152,2026-03-13 11:40:00,2026-03-13 18:50:00,435,87,True,True,False,False,44.5,16.3,52.1,442.0,0.1369
Threshold_50_15min,716152,2026-03-13 19:00:00,2026-03-13 19:20:00,25,5,True,True,False,False,48.3,41.5,50.0,531.0,0.1634
Threshold_50_15min,716152,2026-03-13 19:40:00,2026-03-13 19:55:00,20,4,True,False,False,True,48.1,41.7,52.2,551.0,0.1618
Threshold_50_15min,716152,2026-03-16 07:30:00,2026-03-16 08:25:00,60,12,True,True,False,False,43.7,35.1,53.9,535.0,0.193
Threshold_50_15min,716152,2026-03-16 13:55:00,2026-03-16 19:10:00,320,64,True,True,False,False,49.8,28.6,50.7,559.0,0.1983
Threshold_50_15min,716152,2026-03-17 07:30:00,2026-03-17 08:45:00,80,16,True,True,False,False,47.5,34.3,51.4,546.0,0.2077
Threshold_50_15min,716152,2026-03-17 12:35:00,2026-03-17 13:00:00,30,6,True,True,False,False,41.0,23.6,54.6,550.0,0.1869
Threshold_50_15min,716152,2026-03-17 13:40:00,2026-03-17 19:35:00,360,72,True,True,False,False,49.5,17.0,56.3,540.0,0.1578
Threshold_50_15min,716152,2026-03-18 07:25:00,2026-03-18 08:50:00,90,18,True,True,False,False,48.4,34.0,52.2,522.0,0.2056
Threshold_50_15min,716152,2026-03-18 12:30:00,2026-03-18 18:55:00,390,78,True,True,False,False,49.6,20.1,57.8,519.0,0.1741
Threshold_50_15min,716152,2026-03-19 07:25:00,2026-03-19 08:40:00,80,16,True,True,False,False,45.8,34.1,53.0,566.0,0.1744
Threshold_50_15min,716152,2026-03-19 10:40:00,2026-03-19 11:25:00,50,10,True,True,False,False,39.2,14.0,59.7,430.0,0.1239
Threshold_50_15min,716152,2026-03-19 12:10:00,2026-03-19 19:25:00,440,88,True,True,False,False,49.9,27.7,55.2,495.0,0.1642
Threshold_50_15min,716152,2026-03-20 07:35:00,2026-03-20 08:45:00,75,15,True,True,False,False,49.5,35.4,55.8,569.0,0.1517
Threshold_50_15min,716152,2026-03-20 12:10:00,2026-03-20 19:35:00,450,90,True,True,False,False,46.3,23.2,51.1,524.0,0.1694
Threshold_50_15min,716152,2026-03-21 10:25:00,2026-03-21 10:40:00,20,4,True,True,False,False,48.1,46.7,51.2,593.0,0.1999
Threshold_50_15min,716152,2026-03-21 12:50:00,2026-03-21 18:30:00,345,69,True,True,False,False,46.3,27.1,54.6,593.0,0.1746
Threshold_50_15min,716152,2026-03-22 12:55:00,2026-03-22 14:00:00,70,14,True,True,False,False,41.1,19.2,53.5,456.0,0.1366
Threshold_50_15min,716152,2026-03-23 07:40:00,2026-03-23 08:30:00,55,11,True,True,False,False,49.2,34.6,59.3,646.0,0.1898
Threshold_50_15min,716152,2026-03-23 13:35:00,2026-03-23 19:10:00,340,68,True,True,False,False,45.9,25.8,52.2,493.0,0.1655
Threshold_50_15min,716152,2026-03-24 08:20:00,2026-03-24 09:00:00,45,9,True,True,False,False,45.1,40.1,50.7,549.0,0.2066
Threshold_50_15min,716152,2026-03-24 13:25:00,2026-03-24 19:35:00,375,75,True,True,False,False,48.5,28.6,50.2,540.0,0.1762
Threshold_50_15min,716152,2026-03-25 07:40:00,2026-03-25 07:50:00,15,3,True,True,False,False,48.7,42.6,50.0,523.0,0.2317
Threshold_50_15min,716152,2026-03-25 08:00:00,2026-03-25 08:15:00,20,4,True,True,False,False,41.4,38.7,51.2,590.0,0.1819
Threshold_50_15min,716152,2026-03-25 08:35:00,2026-03-25 09:40:00,70,14,True,True,False,False,48.8,38.9,52.2,528.0,0.1634
Threshold_50_15min,716152,2026-03-25 13:55:00,2026-03-25 19:55:00,365,73,True,False,False,True,46.1,13.3,55.1,521.0,0.1729
Threshold_50_15min,716152,2026-03-26 07:45:00,2026-03-26 08:40:00,60,12,True,True,False,False,42.6,36.3,50.9,576.0,0.2327
Threshold_50_15min,716152,2026-03-26 08:50:00,2026-03-26 09:10:00,25,5,True,True,False,False,44.7,39.9,50.8,569.0,0.1721
Threshold_50_15min,716152,2026-03-26 12:20:00,2026-03-26 12:40:00,25,5,True,True,False,False,46.3,39.6,53.7,529.0,0.194
Threshold_50_15min,716152,2026-03-26 13:05:00,2026-03-26 19:55:00,415,83,True,False,False,True,48.3,27.7,51.8,556.0,0.1971
Threshold_50_15min,716152,2026-03-27 07:25:00,2026-03-27 08:55:00,95,19,True,True,False,False,47.3,29.7,54.5,514.0,0.1865
Threshold_50_15min,716152,2026-03-27 09:35:00,2026-03-27 09:55:00,25,5,True,True,False,False,47.0,41.2,55.5,521.0,0.1615
Threshold_50_15min,716152,2026-03-27 12:10:00,2026-03-27 15:30:00,205,41,True,True,False,False,49.4,29.0,52.7,531.0,0.1745
Threshold_50_15min,716152,2026-03-27 15:55:00,2026-03-27 19:55:00,245,49,True,False,False,True,49.5,30.2,51.9,520.0,0.1674
Threshold_50_15min,716152,2026-03-28 12:45:00,2026-03-28 18:20:00,340,68,True,True,False,False,47.9,26.0,50.6,549.0,0.1766
Threshold_50_15min,716152,2026-03-28 18:45:00,2026-03-28 18:55:00,15,3,True,True,False,False,47.9,44.5,57.9,564.0,0.1551
Threshold_50_15min,716152,2026-04-01 07:40:00,2026-04-01 08:05:00,30,6,True,True,False,False,45.4,39.6,52.4,585.0,0.1837
Threshold_50_15min,716152,2026-04-01 13:50:00,2026-04-01 14:05:00,20,4,True,True,False,False,48.0,44.1,53.3,535.0,0.1677
Threshold_50_15min,716152,2026-04-01 14:40:00,2026-04-01 19:45:00,310,62,True,True,False,False,42.8,31.9,51.8,531.0,0.1802
Threshold_50_15min,716152,2026-04-02 12:15:00,2026-04-02 12:45:00,35,7,True,True,False,False,40.7,40.7,50.9,568.0,0.1982
Threshold_50_15min,716152,2026-04-02 13:40:00,2026-04-02 16:30:00,175,35,True,True,False,False,47.4,31.5,50.7,531.0,0.2188
Threshold_50_15min,716152,2026-04-02 16:50:00,2026-04-02 18:55:00,130,26,True,True,False,False,43.1,31.5,57.0,589.0,0.1663
Threshold_50_15min,716152,2026-04-03 07:45:00,2026-04-03 07:55:00,15,3,True,True,False,False,46.4,46.4,52.0,518.0,0.2125
Threshold_50_15min,716152,2026-04-03 12:20:00,2026-04-03 15:35:00,200,40,True,True,False,False,49.0,33.0,55.6,583.0,0.1795
Threshold_50_15min,716152,2026-04-03 16:20:00,2026-04-03 18:15:00,120,24,True,True,False,False,44.9,34.8,53.2,547.0,0.1958
Threshold_50_15min,716152,2026-04-04 14:10:00,2026-04-04 16:50:00,165,33,True,True,False,False,43.2,20.0,55.7,591.0,0.1621
Threshold_50_15min,716152,2026-04-05 13:35:00,2026-04-05 14:25:00,55,11,True,True,False,False,49.6,38.6,51.3,528.0,0.1751
Threshold_50_15min,716152,2026-04-05 15:15:00,2026-04-05 15:25:00,15,3,True,True,False,False,42.7,42.7,51.9,518.0,0.1753
Threshold_50_15min,716152,2026-04-06 07:50:00,2026-04-06 08:25:00,40,8,True,True,False,False,45.8,30.9,50.8,596.0,0.193
Threshold_50_15min,716152,2026-04-06 13:00:00,2026-04-06 19:00:00,365,73,True,True,False,False,45.2,17.9,51.8,522.0,0.1634
Threshold_50_15min,716152,2026-04-07 07:30:00,2026-04-07 08:20:00,55,11,True,True,False,False,46.5,31.4,50.6,515.0,0.2132
Threshold_50_15min,716152,2026-04-07 12:40:00,2026-04-07 13:10:00,35,7,True,True,False,False,45.4,35.1,52.4,518.0,0.1837
Threshold_50_15min,716152,2026-04-07 13:25:00,2026-04-07 13:45:00,25,5,True,True,False,False,40.2,40.2,53.4,559.0,0.1713
Threshold_50_15min,716152,2026-04-07 14:00:00,2026-04-07 17:55:00,240,48,True,True,False,False,43.1,28.2,53.2,539.0,0.1633
Threshold_50_15min,716152,2026-04-07 18:10:00,2026-04-07 19:15:00,70,14,True,True,False,False,49.5,39.1,55.7,496.0,0.1368
Threshold_50_15min,716152,2026-04-08 07:30:00,2026-04-08 08:35:00,70,14,True,True,False,False,49.7,38.1,59.8,522.0,0.1589
Threshold_50_15min,716152,2026-04-08 13:35:00,2026-04-08 19:00:00,330,66,True,True,False,False,47.5,29.7,50.7,561.0,0.1996
Threshold_50_15min,716152,2026-04-09 07:40:00,2026-04-09 08:30:00,55,11,True,True,False,False,47.5,36.8,52.8,576.0,0.1953
Threshold_50_15min,716152,2026-04-09 13:30:00,2026-04-09 18:15:00,290,58,True,True,False,False,47.0,27.6,50.3,573.0,0.1903
Threshold_50_15min,716152,2026-04-10 11:15:00,2026-04-10 16:25:00,315,63,True,True,False,False,48.6,27.7,50.2,531.0,0.197
Threshold_50_15min,716152,2026-04-10 17:15:00,2026-04-10 18:00:00,50,10,True,True,False,False,49.8,40.2,57.4,538.0,0.1561
Threshold_50_15min,716152,2026-04-11 13:10:00,2026-04-11 17:00:00,235,47,True,True,False,False,46.6,20.2,58.7,630.0,0.1724
Threshold_50_15min,716152,2026-04-13 14:00:00,2026-04-13 18:25:00,270,54,True,True,False,False,48.2,25.8,53.0,535.0,0.158
Threshold_50_15min,716152,2026-04-14 07:40:00,2026-04-14 08:40:00,65,13,True,True,False,False,38.1,33.7,53.9,573.0,0.1903
Threshold_50_15min,716152,2026-04-14 12:25:00,2026-04-14 13:35:00,75,15,True,True,False,False,42.8,20.0,53.8,397.0,0.1236
Threshold_50_15min,716152,2026-04-14 14:10:00,2026-04-14 19:20:00,315,63,True,True,False,False,48.0,11.5,55.7,571.0,0.1698
Threshold_50_15min,716152,2026-04-15 07:50:00,2026-04-15 08:35:00,50,10,True,True,False,False,40.1,33.3,50.9,535.0,0.2003
Threshold_50_15min,716152,2026-04-15 13:50:00,2026-04-15 19:40:00,355,71,True,True,False,False,47.3,25.6,54.4,536.0,0.1663
Threshold_50_15min,716152,2026-04-16 07:35:00,2026-04-16 09:00:00,90,18,True,True,False,False,45.8,31.5,56.5,587.0,0.1709
Threshold_50_15min,716152,2026-04-16 09:25:00,2026-04-16 09:40:00,20,4,True,True,False,False,48.6,40.2,53.5,500.0,0.1593
Threshold_50_15min,716152,2026-04-16 10:50:00,2026-04-16 11:55:00,70,14,True,True,False,False,49.1,29.8,60.0,472.0,0.1256
Threshold_50_15min,716152,2026-04-16 12:45:00,2026-04-16 13:35:00,55,11,True,True,False,False,42.8,30.7,55.1,595.0,0.1978
Threshold_50_15min,716152,2026-04-16 14:25:00,2026-04-16 18:55:00,275,55,True,True,False,False,43.6,25.7,50.8,579.0,0.2534
Threshold_50_15min,716152,2026-04-16 19:40:00,2026-04-16 19:55:00,20,4,True,False,False,True,49.1,31.3,52.2,567.0,0.1886
Threshold_50_15min,716152,2026-04-17 12:40:00,2026-04-17 19:30:00,415,83,True,True,False,False,45.9,29.3,50.3,498.0,0.1798
Threshold_50_15min,716152,2026-04-18 13:25:00,2026-04-18 16:50:00,210,42,True,True,False,False,49.8,27.4,53.4,553.0,0.1823
Threshold_50_15min,716152,2026-04-18 17:30:00,2026-04-18 18:55:00,90,18,True,True,False,False,45.6,30.6,54.6,593.0,0.1854
Threshold_50_15min,716152,2026-04-20 07:30:00,2026-04-20 08:40:00,75,15,True,True,False,False,48.9,33.4,56.7,617.0,0.1746
Threshold_50_15min,716152,2026-04-20 12:25:00,2026-04-20 12:35:00,15,3,True,True,False,False,48.7,48.2,56.1,493.0,0.1395
Threshold_50_15min,716152,2026-04-20 12:55:00,2026-04-20 18:50:00,360,72,True,True,False,False,49.2,28.0,51.5,537.0,0.1686
Threshold_50_15min,716152,2026-04-21 07:35:00,2026-04-21 08:55:00,85,17,True,True,False,False,48.8,36.5,50.3,609.0,0.2119
Threshold_50_15min,716152,2026-04-21 12:20:00,2026-04-21 13:00:00,45,9,True,True,False,False,46.0,38.0,55.1,587.0,0.1925
Threshold_50_15min,716152,2026-04-21 13:10:00,2026-04-21 18:00:00,295,59,True,True,False,False,49.0,27.3,50.7,549.0,0.1799
Threshold_50_15min,716152,2026-04-22 07:35:00,2026-04-22 09:05:00,95,19,True,True,False,False,45.1,31.0,58.1,601.0,0.1855
Threshold_50_15min,716152,2026-04-22 09:35:00,2026-04-22 10:00:00,30,6,True,True,False,False,49.4,44.7,51.3,541.0,0.1833
Threshold_50_15min,716152,2026-04-22 13:20:00,2026-04-22 19:25:00,370,74,True,True,False,False,49.8,27.2,51.5,534.0,0.1948
Threshold_50_15min,716152,2026-04-23 07:40:00,2026-04-23 08:50:00,75,15,True,True,False,False,43.9,31.7,55.2,602.0,0.1829
Threshold_50_15min,716152,2026-04-23 13:05:00,2026-04-23 19:10:00,370,74,True,True,False,False,40.6,25.4,50.4,536.0,0.1977
Threshold_50_15min,716152,2026-04-23 19:20:00,2026-04-23 19:35:00,20,4,True,True,False,False,48.4,47.0,51.6,524.0,0.1548
Threshold_50_15min,716152,2026-04-24 07:30:00,2026-04-24 08:45:00,80,16,True,True,False,False,46.8,32.0,55.8,552.0,0.1821
Threshold_50_15min,716152,2026-04-24 11:30:00,2026-04-24 19:25:00,480,96,True,True,False,False,47.1,26.7,51.2,535.0,0.1776
Threshold_50_15min,716152,2026-04-25 15:35:00,2026-04-25 16:10:00,40,8,True,True,False,False,46.0,36.4,56.5,601.0,0.1674
Threshold_50_15min,716152,2026-04-25 16:40:00,2026-04-25 17:40:00,65,13,True,True,False,False,47.4,35.0,50.3,526.0,0.1728
Threshold_50_15min,716152,2026-04-25 18:45:00,2026-04-25 18:55:00,15,3,True,True,False,False,47.5,44.8,54.0,457.0,0.1441
Threshold_50_15min,716152,2026-04-27 07:40:00,2026-04-27 07:55:00,20,4,True,True,False,False,49.2,47.3,52.9,551.0,0.1863
Threshold_50_15min,716152,2026-04-27 08:05:00,2026-04-27 09:05:00,65,13,True,True,False,False,35.5,32.3,50.3,600.0,0.1884
Threshold_50_15min,716152,2026-04-27 14:10:00,2026-04-27 19:00:00,295,59,True,True,False,False,43.1,26.4,52.8,579.0,0.1815
Threshold_50_15min,716152,2026-04-28 06:40:00,2026-04-28 06:55:00,20,4,True,True,False,False,49.2,33.9,62.5,463.0,0.1243
Threshold_50_15min,716152,2026-04-28 07:35:00,2026-04-28 09:00:00,90,18,True,True,False,False,43.2,32.1,53.8,581.0,0.2077
Threshold_50_15min,716152,2026-04-28 12:50:00,2026-04-28 13:20:00,35,7,True,True,False,False,43.3,35.6,51.6,509.0,0.1709
Threshold_50_15min,716152,2026-04-28 13:35:00,2026-04-28 19:25:00,355,71,True,True,False,False,49.3,21.5,50.9,501.0,0.1686
Threshold_50_15min,716152,2026-04-29 07:30:00,2026-04-29 08:55:00,90,18,True,True,False,False,47.0,33.0,50.1,547.0,0.1995
Threshold_50_15min,716152,2026-04-29 09:25:00,2026-04-29 09:40:00,20,4,True,True,False,False,49.7,45.3,54.7,498.0,0.1525
Threshold_50_15min,716152,2026-04-29 12:05:00,2026-04-29 12:30:00,30,6,True,True,False,False,49.5,43.4,50.3,518.0,0.1718
Threshold_50_15min,716152,2026-04-29 13:50:00,2026-04-29 19:55:00,370,74,True,False,False,True,49.2,26.6,52.3,545.0,0.1859
Threshold_50_15min,716152,2026-04-30 07:40:00,2026-04-30 08:45:00,70,14,True,True,False,False,41.8,37.1,50.5,591.0,0.2469
Threshold_50_15min,716152,2026-04-30 09:05:00,2026-04-30 09:35:00,35,7,True,True,False,False,47.2,42.6,54.7,518.0,0.1708
Threshold_50_15min,716152,2026-04-30 10:20:00,2026-04-30 10:35:00,20,4,True,True,False,False,35.5,27.9,60.6,465.0,0.1311
Threshold_50_15min,716152,2026-04-30 12:15:00,2026-04-30 19:05:00,415,83,True,True,False,False,42.1,27.2,51.0,527.0,0.1942
Threshold_50_15min,716152,2026-05-01 07:30:00,2026-05-01 07:50:00,25,5,True,True,False,False,48.0,40.7,57.9,580.0,0.1841
Threshold_50_15min,716152,2026-05-01 12:15:00,2026-05-01 19:00:00,410,82,True,True,False,False,41.5,29.3,52.5,530.0,0.1658
Threshold_50_15min,716152,2026-05-02 13:45:00,2026-05-02 14:35:00,55,11,True,True,False,False,42.8,35.8,54.0,561.0,0.1728
Threshold_50_15min,716152,2026-05-02 15:20:00,2026-05-02 15:45:00,30,6,True,True,False,False,43.0,40.1,57.1,531.0,0.152
Threshold_50_15min,716152,2026-05-02 16:45:00,2026-05-02 18:15:00,95,19,True,True,False,False,44.6,31.2,55.3,558.0,0.1501
Threshold_50_15min,716152,2026-05-04 07:45:00,2026-05-04 08:10:00,30,6,True,True,False,False,46.5,39.8,53.7,586.0,0.1845
Threshold_50_15min,716152,2026-05-04 14:20:00,2026-05-04 16:50:00,155,31,True,True,False,False,48.6,29.3,53.1,547.0,0.1857
Threshold_50_15min,716152,2026-05-04 17:05:00,2026-05-04 18:35:00,95,19,True,True,False,False,48.9,33.1,50.8,538.0,0.1769
Threshold_50_15min,716152,2026-05-05 08:05:00,2026-05-05 08:30:00,30,6,True,True,False,False,44.1,37.6,50.2,580.0,0.2062
Threshold_50_15min,716152,2026-05-05 13:30:00,2026-05-05 19:10:00,345,69,True,True,False,False,42.8,30.1,51.3,543.0,0.2066
Threshold_50_15min,716152,2026-05-06 07:35:00,2026-05-06 08:45:00,75,15,True,True,False,False,46.4,34.2,50.7,524.0,0.2227
Threshold_50_15min,716152,2026-05-06 13:10:00,2026-05-06 18:05:00,300,60,True,True,False,False,48.5,27.8,53.6,528.0,0.1725
Threshold_50_15min,716152,2026-05-06 19:00:00,2026-05-06 19:45:00,50,10,True,True,False,False,35.3,16.2,53.2,526.0,0.1759
Threshold_50_15min,716152,2026-05-07 07:30:00,2026-05-07 09:05:00,100,20,True,True,False,False,46.2,35.9,52.8,574.0,0.1853
Threshold_50_15min,716152,2026-05-07 12:50:00,2026-05-07 19:55:00,430,86,True,False,False,True,38.9,26.6,50.8,542.0,0.1838
Threshold_50_15min,716152,2026-05-08 08:10:00,2026-05-08 08:20:00,15,3,True,True,False,False,47.7,44.6,52.1,604.0,0.1855
Threshold_50_15min,716152,2026-05-08 12:25:00,2026-05-08 17:25:00,305,61,True,True,False,False,42.6,27.7,53.3,572.0,0.1974
Threshold_50_15min,716152,2026-05-08 17:40:00,2026-05-08 19:55:00,140,28,True,False,False,True,44.3,30.0,51.1,505.0,0.1631
Threshold_50_15min,716152,2026-05-09 12:15:00,2026-05-09 19:40:00,450,90,True,True,False,False,49.8,26.0,53.8,557.0,0.1593
Threshold_50_15min,716152,2026-05-11 07:35:00,2026-05-11 08:30:00,60,12,True,True,False,False,42.5,39.3,58.7,561.0,0.1785
Threshold_50_15min,716152,2026-05-11 14:15:00,2026-05-11 18:30:00,260,52,True,True,False,False,44.3,25.3,52.4,525.0,0.1797
Threshold_50_15min,716152,2026-05-12 07:45:00,2026-05-12 08:05:00,25,5,True,True,False,False,49.9,40.1,50.2,587.0,0.2241
Threshold_50_15min,716152,2026-05-12 13:25:00,2026-05-12 13:35:00,15,3,True,True,False,False,43.4,43.4,59.8,586.0,0.1648
Threshold_50_15min,716152,2026-05-12 14:15:00,2026-05-12 18:55:00,285,57,True,True,False,False,45.9,25.6,55.2,532.0,0.1526
Threshold_50_15min,716152,2026-05-13 13:05:00,2026-05-13 18:45:00,345,69,True,True,False,False,48.6,24.7,53.2,541.0,0.1874
Threshold_50_15min,716152,2026-05-14 07:55:00,2026-05-14 08:50:00,60,12,True,True,False,False,40.8,30.2,52.5,632.0,0.1973
Threshold_50_15min,716152,2026-05-14 12:55:00,2026-05-14 19:25:00,395,79,True,True,False,False,42.5,27.3,53.8,580.0,0.1829
Threshold_50_15min,716152,2026-05-15 07:45:00,2026-05-15 08:05:00,25,5,True,True,False,False,46.0,38.3,50.5,628.0,0.21
Threshold_50_15min,716152,2026-05-15 12:55:00,2026-05-15 19:40:00,410,82,True,True,False,False,44.4,22.0,53.1,571.0,0.19
Threshold_50_15min,716152,2026-05-16 14:40:00,2026-05-16 15:30:00,55,11,True,True,False,False,43.9,30.1,52.2,569.0,0.1813
Threshold_50_15min,716152,2026-05-16 16:20:00,2026-05-16 18:35:00,140,28,True,True,False,False,42.0,30.5,50.8,590.0,0.2065
Threshold_50_15min,716152,2026-05-18 07:45:00,2026-05-18 08:10:00,30,6,True,True,False,False,49.1,39.7,51.6,581.0,0.214
Threshold_50_15min,716152,2026-05-18 12:05:00,2026-05-18 12:15:00,15,3,True,True,False,False,38.3,38.3,51.5,465.0,0.1706
Threshold_50_15min,716152,2026-05-18 13:40:00,2026-05-18 19:15:00,340,68,True,True,False,False,44.6,13.1,56.4,516.0,0.1597
Threshold_50_15min,716152,2026-05-19 13:55:00,2026-05-19 16:05:00,135,27,True,True,False,False,48.6,29.5,53.6,534.0,0.1634
Threshold_50_15min,716152,2026-05-19 17:00:00,2026-05-19 18:45:00,110,22,True,True,False,False,48.2,30.2,57.5,569.0,0.1767
Threshold_50_15min,716152,2026-05-20 07:40:00,2026-05-20 08:25:00,50,10,True,True,False,False,43.5,34.8,52.4,603.0,0.18
Threshold_50_15min,716152,2026-05-20 13:05:00,2026-05-20 14:00:00,60,12,True,True,False,False,35.5,17.5,51.8,361.0,0.1348
Threshold_50_15min,716152,2026-05-20 15:05:00,2026-05-20 18:55:00,235,47,True,True,False,False,43.9,29.8,55.1,538.0,0.2006
Threshold_50_15min,716152,2026-05-21 07:35:00,2026-05-21 08:00:00,30,6,True,True,False,False,43.6,42.5,51.8,570.0,0.1761
Threshold_50_15min,716152,2026-05-21 13:10:00,2026-05-21 19:30:00,385,77,True,True,False,False,48.8,22.5,54.9,595.0,0.1833
Threshold_50_15min,716152,2026-05-22 09:30:00,2026-05-22 09:45:00,20,4,True,True,False,False,49.0,38.9,56.3,509.0,0.152
Threshold_50_15min,716152,2026-05-22 11:05:00,2026-05-22 19:50:00,530,106,True,True,False,False,47.3,27.4,50.6,507.0,0.1801
Threshold_50_15min,716152,2026-05-28 13:40:00,2026-05-28 18:50:00,315,63,False,True,True,False,41.7,27.5,,,
Threshold_50_15min,716152,2026-05-29 08:00:00,2026-05-29 08:45:00,50,10,True,True,False,False,40.9,32.0,50.5,519.0,0.207
Threshold_50_15min,716152,2026-05-29 12:30:00,2026-05-29 19:05:00,400,80,True,True,False,False,47.2,30.2,50.1,530.0,0.1996
Threshold_50_15min,716152,2026-05-30 13:50:00,2026-05-30 19:00:00,315,63,True,True,False,False,48.0,25.7,56.7,564.0,0.1538
Threshold_50_15min,716152,2026-05-31 14:05:00,2026-05-31 15:30:00,90,18,True,True,False,False,36.2,20.7,50.9,432.0,0.1565
Threshold_50_15min,717185,2026-02-02 12:20:00,2026-02-02 13:05:00,50,10,True,True,False,False,39.5,24.1,56.6,468.0,0.1221
Threshold_50_15min,717185,2026-02-02 13:15:00,2026-02-02 18:55:00,345,69,True,True,False,False,46.1,15.8,53.8,434.0,0.0981
Threshold_50_15min,717185,2026-02-03 07:40:00,2026-02-03 08:35:00,60,12,True,True,False,False,44.4,27.9,53.7,537.0,0.1457
Threshold_50_15min,717185,2026-02-03 13:25:00,2026-02-03 19:15:00,355,71,True,True,False,False,49.2,10.8,56.6,529.0,0.1309
Threshold_50_15min,717185,2026-02-04 07:35:00,2026-02-04 08:55:00,85,17,True,True,False,False,48.2,30.8,58.7,525.0,0.1324
Threshold_50_15min,717185,2026-02-04 09:45:00,2026-02-04 09:55:00,15,3,True,True,False,False,44.2,41.3,57.6,529.0,0.1268
Threshold_50_15min,717185,2026-02-04 12:30:00,2026-02-04 12:40:00,15,3,True,True,False,False,42.9,42.9,57.1,536.0,0.1408
Threshold_50_15min,717185,2026-02-04 13:05:00,2026-02-04 19:25:00,385,77,True,True,False,False,47.3,16.8,53.5,512.0,0.1322
Threshold_50_15min,717185,2026-02-05 07:40:00,2026-02-05 08:25:00,50,10,True,True,False,False,44.7,37.2,55.5,512.0,0.1491
Threshold_50_15min,717185,2026-02-05 14:05:00,2026-02-05 15:20:00,80,16,True,True,False,False,48.5,24.6,56.7,501.0,0.1224
Threshold_50_15min,717185,2026-02-05 16:30:00,2026-02-05 19:05:00,160,32,True,True,False,False,47.2,24.8,56.1,512.0,0.1366
Threshold_50_15min,717185,2026-02-06 07:35:00,2026-02-06 08:10:00,40,8,True,True,False,False,42.7,29.5,52.6,512.0,0.1577
Threshold_50_15min,717185,2026-02-06 12:30:00,2026-02-06 19:10:00,405,81,True,True,False,False,49.7,22.2,55.3,522.0,0.135
Threshold_50_15min,717185,2026-02-07 13:30:00,2026-02-07 17:50:00,265,53,True,True,False,False,47.4,20.2,52.1,494.0,0.1203
Threshold_50_15min,717185,2026-02-09 12:20:00,2026-02-09 12:55:00,40,8,True,True,False,False,45.4,17.1,59.1,296.0,0.0706
Threshold_50_15min,717185,2026-02-09 13:35:00,2026-02-09 18:15:00,285,57,True,True,False,False,46.0,19.4,54.0,549.0,0.1456
Threshold_50_15min,717185,2026-02-10 07:35:00,2026-02-10 08:20:00,50,10,True,True,False,False,44.3,35.5,59.9,561.0,0.1373
Threshold_50_15min,717185,2026-02-10 12:10:00,2026-02-10 12:30:00,25,5,True,True,False,False,45.2,32.5,57.1,474.0,0.1217
Threshold_50_15min,717185,2026-02-10 13:35:00,2026-02-10 19:20:00,350,70,True,True,False,False,45.2,23.4,54.1,498.0,0.1322
Threshold_50_15min,717185,2026-02-11 07:30:00,2026-02-11 08:25:00,60,12,True,True,False,False,47.6,27.3,59.5,512.0,0.1194
Threshold_50_15min,717185,2026-02-11 08:40:00,2026-02-11 08:55:00,20,4,True,True,False,False,49.1,44.9,56.4,524.0,0.1162
Threshold_50_15min,717185,2026-02-11 13:45:00,2026-02-11 19:00:00,320,64,True,True,False,False,45.8,25.2,54.5,499.0,0.1415
Threshold_50_15min,717185,2026-02-12 07:35:00,2026-02-12 09:15:00,105,21,True,True,False,False,39.9,24.2,50.7,534.0,0.1546
Threshold_50_15min,717185,2026-02-12 13:45:00,2026-02-12 19:20:00,340,68,True,True,False,False,36.3,22.3,50.2,536.0,0.1478
Threshold_50_15min,717185,2026-02-13 07:25:00,2026-02-13 07:35:00,15,3,True,True,False,False,45.2,45.2,61.1,549.0,0.1226
Threshold_50_15min,717185,2026-02-13 07:45:00,2026-02-13 08:20:00,40,8,True,True,False,False,41.1,33.7,51.6,539.0,0.133
Threshold_50_15min,717185,2026-02-13 11:25:00,2026-02-13 15:35:00,255,51,True,True,False,False,46.7,23.4,53.9,537.0,0.1482
Threshold_50_15min,717185,2026-02-13 16:15:00,2026-02-13 18:25:00,135,27,True,True,False,False,40.5,24.5,51.8,483.0,0.1431
Threshold_50_15min,717185,2026-02-13 18:45:00,2026-02-13 19:05:00,25,5,True,True,False,False,46.8,43.5,51.5,476.0,0.1285
Threshold_50_15min,717185,2026-02-13 19:15:00,2026-02-13 19:55:00,45,9,True,False,False,True,40.9,33.8,51.3,468.0,0.1184
Threshold_50_15min,717185,2026-02-14 09:05:00,2026-02-14 09:45:00,45,9,True,True,False,False,40.3,14.3,56.8,325.0,0.0738
Threshold_50_15min,717185,2026-02-14 12:30:00,2026-02-14 12:45:00,20,4,True,True,False,False,48.4,39.1,55.6,477.0,0.109
Threshold_50_15min,717185,2026-02-14 14:30:00,2026-02-14 18:10:00,225,45,True,True,False,False,46.7,22.9,57.9,513.0,0.1185
Threshold_50_15min,717185,2026-02-16 11:30:00,2026-02-16 12:50:00,85,17,True,True,False,False,49.9,33.3,50.4,396.0,0.1064
Threshold_50_15min,717185,2026-02-16 13:10:00,2026-02-16 13:30:00,25,5,True,True,False,False,48.9,47.7,50.5,308.0,0.0832
Threshold_50_15min,717185,2026-02-16 13:40:00,2026-02-16 16:10:00,155,31,True,True,False,False,43.9,19.0,51.4,360.0,0.0892
Threshold_50_15min,717185,2026-02-16 17:05:00,2026-02-16 17:40:00,40,8,True,True,False,False,49.1,28.6,50.5,405.0,0.1131
Threshold_50_15min,717185,2026-02-17 13:40:00,2026-02-17 13:50:00,15,3,True,True,False,False,43.0,40.0,51.3,437.0,0.132
Threshold_50_15min,717185,2026-02-17 15:00:00,2026-02-17 18:05:00,190,38,True,True,False,False,48.9,27.6,57.6,513.0,0.1263
Threshold_50_15min,717185,2026-02-17 18:35:00,2026-02-17 18:45:00,15,3,True,True,False,False,48.1,44.2,51.0,488.0,0.1229
Threshold_50_15min,717185,2026-02-18 07:35:00,2026-02-18 08:35:00,65,13,True,True,False,False,42.9,13.4,63.2,550.0,0.1177
Threshold_50_15min,717185,2026-02-18 13:10:00,2026-02-18 18:45:00,340,68,True,True,False,False,48.4,23.2,55.8,485.0,0.1217
Threshold_50_15min,717185,2026-02-19 07:40:00,2026-02-19 08:00:00,25,5,True,True,False,False,41.7,37.4,54.4,538.0,0.1403
Threshold_50_15min,717185,2026-02-19 10:25:00,2026-02-19 10:50:00,30,6,True,True,False,False,49.1,47.1,51.6,429.0,0.1175
Threshold_50_15min,717185,2026-02-19 11:45:00,2026-02-19 17:35:00,355,71,True,True,False,False,49.2,20.9,52.0,400.0,0.1069
Threshold_50_15min,717185,2026-02-20 08:10:00,2026-02-20 08:50:00,45,9,True,True,False,False,48.3,37.2,52.7,307.0,0.0853
Threshold_50_15min,717185,2026-02-20 13:05:00,2026-02-20 19:25:00,385,77,True,True,False,False,45.4,25.9,55.4,518.0,0.1231
Threshold_50_15min,717185,2026-02-21 11:30:00,2026-02-21 11:40:00,15,3,True,True,False,False,46.8,40.8,54.1,503.0,0.1351
Threshold_50_15min,717185,2026-02-21 13:40:00,2026-02-21 18:50:00,315,63,True,True,False,False,43.5,25.4,54.1,490.0,0.1175
Threshold_50_15min,717185,2026-02-23 07:35:00,2026-02-23 09:05:00,95,19,True,True,False,False,47.2,29.3,52.8,499.0,0.1318
Threshold_50_15min,717185,2026-02-23 12:40:00,2026-02-23 12:50:00,15,3,True,True,False,False,38.9,38.9,50.6,511.0,0.1492
Threshold_50_15min,717185,2026-02-23 13:30:00,2026-02-23 18:50:00,325,65,True,True,False,False,39.8,20.3,50.9,509.0,0.1466
Threshold_50_15min,717185,2026-02-23 19:30:00,2026-02-23 19:40:00,15,3,True,True,False,False,45.5,41.2,54.7,451.0,0.1152
Threshold_50_15min,717185,2026-02-24 07:25:00,2026-02-24 09:00:00,100,20,True,True,False,False,44.6,23.5,58.6,496.0,0.1272
Threshold_50_15min,717185,2026-02-24 12:40:00,2026-02-24 19:50:00,435,87,True,True,False,False,45.9,22.6,58.1,525.0,0.1268
Threshold_50_15min,717185,2026-02-25 07:25:00,2026-02-25 08:50:00,90,18,True,True,False,False,49.5,27.9,62.8,563.0,0.1217
Threshold_50_15min,717185,2026-02-25 13:45:00,2026-02-25 19:55:00,375,75,True,False,False,True,39.8,13.1,51.9,515.0,0.1392
Threshold_50_15min,717185,2026-02-26 07:25:00,2026-02-26 09:00:00,100,20,True,True,False,False,49.5,24.1,53.2,524.0,0.151
Threshold_50_15min,717185,2026-02-26 12:30:00,2026-02-26 19:55:00,450,90,True,False,False,True,42.5,16.4,52.6,496.0,0.1351
Threshold_50_15min,717185,2026-02-27 08:00:00,2026-02-27 09:40:00,105,21,True,True,False,False,33.6,8.6,57.1,408.0,0.106
Threshold_50_15min,717185,2026-02-27 13:05:00,2026-02-27 19:55:00,415,83,True,False,False,True,47.6,25.0,59.8,300.0,0.0632
Threshold_50_15min,717185,2026-03-02 05:20:00,2026-03-02 06:15:00,60,12,True,True,False,False,30.1,3.4,53.4,167.0,0.0575
Threshold_50_15min,717185,2026-03-02 07:35:00,2026-03-02 08:40:00,70,14,True,True,False,False,47.4,32.1,62.7,541.0,0.1121
Threshold_50_15min,717185,2026-03-02 11:55:00,2026-03-02 12:35:00,45,9,True,True,False,False,49.8,33.1,54.1,504.0,0.1315
Threshold_50_15min,717185,2026-03-02 13:10:00,2026-03-02 19:20:00,375,75,True,True,False,False,42.2,21.4,55.4,494.0,0.1211
Threshold_50_15min,717185,2026-03-03 07:45:00,2026-03-03 19:55:00,735,147,True,False,False,True,43.8,14.0,52.5,570.0,0.1705
Threshold_50_15min,717185,2026-03-04 07:25:00,2026-03-04 10:10:00,170,34,True,True,False,False,47.0,23.9,56.6,518.0,0.1379
Threshold_50_15min,717185,2026-03-04 10:25:00,2026-03-04 19:55:00,575,115,True,False,False,True,47.0,20.0,52.9,511.0,0.1365
Threshold_50_15min,717185,2026-03-05 07:35:00,2026-03-05 10:05:00,155,31,True,True,False,False,44.2,27.7,54.8,554.0,0.1332
Threshold_50_15min,717185,2026-03-05 10:25:00,2026-03-05 10:35:00,15,3,True,True,False,False,47.7,47.7,53.9,480.0,0.1184
Threshold_50_15min,717185,2026-03-05 11:00:00,2026-03-05 19:55:00,540,108,True,False,False,True,39.2,14.4,50.3,511.0,0.1524
Threshold_50_15min,717185,2026-03-06 07:35:00,2026-03-06 07:50:00,20,4,True,True,False,False,40.4,35.8,51.5,489.0,0.1321
Threshold_50_15min,717185,2026-03-06 11:15:00,2026-03-06 17:50:00,400,80,True,True,False,False,45.6,14.1,50.8,487.0,0.1243
Threshold_50_15min,717185,2026-03-06 18:25:00,2026-03-06 18:40:00,20,4,True,True,False,False,48.8,47.4,51.3,465.0,0.1072
Threshold_50_15min,717185,2026-03-06 19:05:00,2026-03-06 19:55:00,55,11,True,False,False,True,49.5,36.5,51.8,485.0,0.1163
Threshold_50_15min,717185,2026-03-07 14:35:00,2026-03-07 18:10:00,220,44,True,True,False,False,46.1,23.5,51.5,485.0,0.1366
Threshold_50_15min,717185,2026-03-09 07:40:00,2026-03-09 08:55:00,80,16,True,True,False,False,41.5,26.7,50.9,524.0,0.1602
Threshold_50_15min,717185,2026-03-09 12:40:00,2026-03-09 12:55:00,20,4,True,True,False,False,44.3,43.2,50.1,495.0,0.1568
Threshold_50_15min,717185,2026-03-09 13:40:00,2026-03-09 15:40:00,125,25,True,True,False,False,49.9,23.2,54.8,543.0,0.1325
Threshold_50_15min,717185,2026-03-09 16:15:00,2026-03-09 19:05:00,175,35,True,True,False,False,39.7,21.4,50.0,478.0,0.1727
Threshold_50_15min,717185,2026-03-10 07:35:00,2026-03-10 08:50:00,80,16,True,True,False,False,46.8,27.6,59.0,529.0,0.1316
Threshold_50_15min,717185,2026-03-10 12:55:00,2026-03-10 13:35:00,45,9,True,True,False,False,49.2,39.6,58.3,511.0,0.1247
Threshold_50_15min,717185,2026-03-10 14:00:00,2026-03-10 19:10:00,315,63,True,True,False,False,42.4,22.6,50.4,530.0,0.1543
Threshold_50_15min,717185,2026-03-11 07:30:00,2026-03-11 08:15:00,50,10,True,True,False,False,46.0,25.7,57.9,508.0,0.1279
Threshold_50_15min,717185,2026-03-11 08:40:00,2026-03-11 09:05:00,30,6,True,True,False,False,42.8,40.0,50.6,497.0,0.1545
Threshold_50_15min,717185,2026-03-11 12:45:00,2026-03-11 13:45:00,65,13,True,True,False,False,44.9,27.4,56.8,503.0,0.1268
Threshold_50_15min,717185,2026-03-11 14:25:00,2026-03-11 19:45:00,325,65,True,True,False,False,46.6,19.6,57.4,521.0,0.1339
Threshold_50_15min,717185,2026-03-12 07:25:00,2026-03-12 08:55:00,95,19,True,True,False,False,48.5,24.6,50.2,456.0,0.1763
Threshold_50_15min,717185,2026-03-12 13:10:00,2026-03-12 19:35:00,390,78,True,True,False,False,49.6,19.8,56.0,548.0,0.1348
Threshold_50_15min,717185,2026-03-13 07:35:00,2026-03-13 08:40:00,70,14,True,True,False,False,49.0,25.2,57.0,506.0,0.1105
Threshold_50_15min,717185,2026-03-13 11:35:00,2026-03-13 18:40:00,430,86,True,True,False,False,47.8,15.3,53.1,469.0,0.1163
Threshold_50_15min,717185,2026-03-13 19:10:00,2026-03-13 19:30:00,25,5,True,True,False,False,39.2,39.2,50.1,505.0,0.1271
Threshold_50_15min,717185,2026-03-13 19:40:00,2026-03-13 19:55:00,20,4,True,False,False,True,46.9,37.9,50.7,512.0,0.1192
Threshold_50_15min,717185,2026-03-14 13:55:00,2026-03-14 14:40:00,50,10,True,True,False,False,46.6,27.3,56.8,529.0,0.1277
Threshold_50_15min,717185,2026-03-14 15:35:00,2026-03-14 18:30:00,180,36,True,True,False,False,40.9,12.1,50.6,459.0,0.1548
Threshold_50_15min,717185,2026-03-15 15:10:00,2026-03-15 15:30:00,25,5,True,True,False,False,41.0,34.8,51.9,509.0,0.1402
Threshold_50_15min,717185,2026-03-16 07:30:00,2026-03-16 08:25:00,60,12,True,True,False,False,41.2,31.8,56.4,534.0,0.1436
Threshold_50_15min,717185,2026-03-16 13:45:00,2026-03-16 13:55:00,15,3,True,True,False,False,47.5,45.2,55.6,512.0,0.1333
Threshold_50_15min,717185,2026-03-16 14:05:00,2026-03-16 19:10:00,310,62,True,True,False,False,42.0,22.1,50.8,457.0,0.1187
Threshold_50_15min,717185,2026-03-17 07:35:00,2026-03-17 08:50:00,80,16,True,True,False,False,44.6,30.4,50.8,487.0,0.1587
Threshold_50_15min,717185,2026-03-17 12:40:00,2026-03-17 13:05:00,30,6,True,True,False,False,40.8,25.6,56.6,498.0,0.1347
Threshold_50_15min,717185,2026-03-17 13:50:00,2026-03-17 19:30:00,345,69,True,True,False,False,46.4,16.6,50.2,482.0,0.1695
Threshold_50_15min,717185,2026-03-18 07:25:00,2026-03-18 08:45:00,85,17,True,True,False,False,49.9,28.1,63.3,505.0,0.1144
Threshold_50_15min,717185,2026-03-18 12:35:00,2026-03-18 18:35:00,365,73,True,True,False,False,42.3,15.8,51.7,514.0,0.1549
Threshold_50_15min,717185,2026-03-18 18:45:00,2026-03-18 19:00:00,20,4,True,True,False,False,40.6,35.9,51.0,473.0,0.1235
Threshold_50_15min,717185,2026-03-19 07:30:00,2026-03-19 08:40:00,75,15,True,True,False,False,44.3,27.3,54.6,532.0,0.1216
Threshold_50_15min,717185,2026-03-19 10:45:00,2026-03-19 11:05:00,25,5,True,True,False,False,48.2,23.3,59.4,385.0,0.0939
Threshold_50_15min,717185,2026-03-19 12:10:00,2026-03-19 19:25:00,440,88,True,True,False,False,39.0,21.8,51.8,454.0,0.1457
Threshold_50_15min,717185,2026-03-20 07:40:00,2026-03-20 08:40:00,65,13,True,True,False,False,42.9,30.6,56.8,561.0,0.1285
Threshold_50_15min,717185,2026-03-20 12:10:00,2026-03-20 12:40:00,35,7,True,True,False,False,39.5,39.5,51.8,507.0,0.1394
Threshold_50_15min,717185,2026-03-20 13:00:00,2026-03-20 19:30:00,395,79,True,True,False,False,49.5,16.5,52.2,517.0,0.1219
Threshold_50_15min,717185,2026-03-21 12:55:00,2026-03-21 13:50:00,60,12,True,True,False,False,47.9,30.2,57.3,549.0,0.1254
Threshold_50_15min,717185,2026-03-21 14:10:00,2026-03-21 18:10:00,245,49,True,True,False,False,40.2,20.2,52.2,478.0,0.1209
Threshold_50_15min,717185,2026-03-22 11:55:00,2026-03-22 12:05:00,15,3,True,True,False,False,45.6,43.9,60.9,532.0,0.1056
Threshold_50_15min,717185,2026-03-22 12:45:00,2026-03-22 14:50:00,130,26,True,True,False,False,45.8,17.1,54.1,358.0,0.0791
Threshold_50_15min,717185,2026-03-23 07:45:00,2026-03-23 08:25:00,45,9,True,True,False,False,41.4,34.3,57.2,554.0,0.1357
Threshold_50_15min,717185,2026-03-23 13:30:00,2026-03-23 19:10:00,345,69,True,True,False,False,47.6,18.3,55.1,495.0,0.1359
Threshold_50_15min,717185,2026-03-24 07:40:00,2026-03-24 07:55:00,20,4,True,True,False,False,49.2,41.1,61.1,579.0,0.1354
Threshold_50_15min,717185,2026-03-24 08:25:00,2026-03-24 09:00:00,40,8,True,True,False,False,43.1,35.7,51.7,574.0,0.1718
Threshold_50_15min,717185,2026-03-24 13:15:00,2026-03-24 19:40:00,390,78,True,True,False,False,47.5,22.8,58.3,559.0,0.1399
Threshold_50_15min,717185,2026-03-25 07:35:00,2026-03-25 08:05:00,35,7,True,True,False,False,48.0,37.3,66.0,587.0,0.1186
Threshold_50_15min,717185,2026-03-25 08:30:00,2026-03-25 09:30:00,65,13,True,True,False,False,47.5,31.7,53.8,512.0,0.1194
Threshold_50_15min,717185,2026-03-25 13:55:00,2026-03-25 18:20:00,270,54,True,True,False,False,49.2,11.0,60.2,524.0,0.1244
Threshold_50_15min,717185,2026-03-25 18:30:00,2026-03-25 19:55:00,90,18,True,False,False,True,49.8,30.3,50.9,435.0,0.1076
Threshold_50_15min,717185,2026-03-26 07:45:00,2026-03-26 08:45:00,65,13,True,True,False,False,41.5,30.4,54.5,557.0,0.1355
Threshold_50_15min,717185,2026-03-26 08:55:00,2026-03-26 09:10:00,20,4,True,True,False,False,47.9,35.7,54.4,520.0,0.1182
Threshold_50_15min,717185,2026-03-26 13:05:00,2026-03-26 19:55:00,415,83,True,False,False,True,49.5,19.9,59.2,453.0,0.1069
Threshold_50_15min,717185,2026-03-27 07:40:00,2026-03-27 08:50:00,75,15,True,True,False,False,45.7,32.0,55.5,518.0,0.148
Threshold_50_15min,717185,2026-03-27 09:35:00,2026-03-27 09:50:00,20,4,True,True,False,False,46.2,37.9,55.7,500.0,0.133
Threshold_50_15min,717185,2026-03-27 12:10:00,2026-03-27 15:30:00,205,41,True,True,False,False,46.9,22.2,55.1,500.0,0.1357
Threshold_50_15min,717185,2026-03-27 15:45:00,2026-03-27 19:55:00,255,51,True,False,False,True,46.6,11.1,52.4,486.0,0.1397
Threshold_50_15min,717185,2026-03-28 12:50:00,2026-03-28 18:15:00,330,66,True,True,False,False,43.9,22.4,51.6,516.0,0.1457
Threshold_50_15min,717185,2026-03-30 13:35:00,2026-03-30 17:55:00,265,53,True,True,False,False,38.3,23.4,51.4,504.0,0.1484
Threshold_50_15min,717185,2026-03-31 14:30:00,2026-03-31 16:00:00,95,19,True,True,False,False,43.9,27.0,52.6,509.0,0.1425
Threshold_50_15min,717185,2026-03-31 16:25:00,2026-03-31 18:10:00,110,22,True,True,False,False,46.9,30.5,51.8,501.0,0.1388
Threshold_50_15min,717185,2026-04-01 07:40:00,2026-04-01 08:05:00,30,6,True,True,False,False,48.3,35.3,56.1,521.0,0.1412
Threshold_50_15min,717185,2026-04-01 13:40:00,2026-04-01 13:50:00,15,3,True,True,False,False,40.3,40.3,51.1,522.0,0.1656
Threshold_50_15min,717185,2026-04-01 14:00:00,2026-04-01 18:35:00,280,56,True,True,False,False,45.9,26.4,50.1,522.0,0.1392
Threshold_50_15min,717185,2026-04-01 18:55:00,2026-04-01 19:45:00,55,11,True,True,False,False,42.2,31.0,51.0,523.0,0.1352
Threshold_50_15min,717185,2026-04-02 12:20:00,2026-04-02 12:55:00,40,8,True,True,False,False,37.5,32.8,51.4,466.0,0.1386
Threshold_50_15min,717185,2026-04-02 13:40:00,2026-04-02 16:30:00,175,35,True,True,False,False,48.9,24.9,59.3,511.0,0.1201
Threshold_50_15min,717185,2026-04-02 16:55:00,2026-04-02 18:55:00,125,25,True,True,False,False,47.1,26.8,52.8,440.0,0.1278
Threshold_50_15min,717185,2026-04-03 12:30:00,2026-04-03 15:40:00,195,39,True,True,False,False,41.6,25.8,56.7,501.0,0.1206
Threshold_50_15min,717185,2026-04-03 16:20:00,2026-04-03 18:05:00,110,22,True,True,False,False,45.2,28.5,58.1,489.0,0.1175
Threshold_50_15min,717185,2026-04-04 14:15:00,2026-04-04 16:50:00,160,32,True,True,False,False,44.3,19.2,52.1,518.0,0.1296
Threshold_50_15min,717185,2026-04-05 13:50:00,2026-04-05 14:25:00,40,8,True,True,False,False,47.4,37.0,52.5,509.0,0.1116
Threshold_50_15min,717185,2026-04-05 15:20:00,2026-04-05 15:35:00,20,4,True,True,False,False,39.6,39.6,51.0,497.0,0.1388
Threshold_50_15min,717185,2026-04-06 13:05:00,2026-04-06 19:00:00,360,72,True,True,False,False,45.7,15.0,56.0,481.0,0.1143
Threshold_50_15min,717185,2026-04-07 07:30:00,2026-04-07 08:20:00,55,11,True,True,False,False,49.4,33.6,53.5,506.0,0.1592
Threshold_50_15min,717185,2026-04-07 12:45:00,2026-04-07 13:15:00,35,7,True,True,False,False,41.5,30.7,56.5,521.0,0.127
Threshold_50_15min,717185,2026-04-07 13:25:00,2026-04-07 13:35:00,15,3,True,True,False,False,40.7,38.0,51.8,506.0,0.1279
Threshold_50_15min,717185,2026-04-07 14:05:00,2026-04-07 17:55:00,235,47,True,True,False,False,41.4,22.4,51.9,458.0,0.1259
Threshold_50_15min,717185,2026-04-07 18:15:00,2026-04-07 19:15:00,65,13,True,True,False,False,48.7,31.9,53.4,532.0,0.1326
Threshold_50_15min,717185,2026-04-08 07:30:00,2026-04-08 08:35:00,70,14,True,True,False,False,47.3,30.2,53.9,503.0,0.1575
Threshold_50_15min,717185,2026-04-08 13:35:00,2026-04-08 19:00:00,330,66,True,True,False,False,46.5,22.3,56.1,522.0,0.122
Threshold_50_15min,717185,2026-04-09 07:45:00,2026-04-09 08:30:00,50,10,True,True,False,False,40.2,31.2,50.9,531.0,0.1359
Threshold_50_15min,717185,2026-04-09 13:20:00,2026-04-09 18:15:00,300,60,True,True,False,False,46.8,21.6,53.6,509.0,0.1331
Threshold_50_15min,717185,2026-04-10 11:25:00,2026-04-10 16:25:00,305,61,True,True,False,False,40.4,21.5,55.0,556.0,0.1382
Threshold_50_15min,717185,2026-04-10 17:20:00,2026-04-10 17:30:00,15,3,True,True,False,False,49.9,42.6,56.7,518.0,0.1255
Threshold_50_15min,717185,2026-04-11 13:15:00,2026-04-11 17:00:00,230,46,True,True,False,False,43.5,17.7,54.8,542.0,0.1365
Threshold_50_15min,717185,2026-04-13 14:10:00,2026-04-13 18:25:00,260,52,True,True,False,False,40.6,23.6,56.0,544.0,0.1293
Threshold_50_15min,717185,2026-04-14 07:40:00,2026-04-14 08:40:00,65,13,True,True,False,False,43.7,29.0,62.6,536.0,0.1162
Threshold_50_15min,717185,2026-04-14 12:20:00,2026-04-14 13:35:00,80,16,True,True,False,False,39.2,17.3,52.9,413.0,0.1411
Threshold_50_15min,717185,2026-04-14 14:15:00,2026-04-14 19:05:00,295,59,True,True,False,False,38.5,9.7,53.2,511.0,0.1368
Threshold_50_15min,717185,2026-04-15 07:45:00,2026-04-15 08:35:00,55,11,True,True,False,False,47.4,27.1,59.9,548.0,0.1357
Threshold_50_15min,717185,2026-04-15 13:55:00,2026-04-15 19:35:00,345,69,True,True,False,False,43.8,21.1,53.6,491.0,0.1267
Threshold_50_15min,717185,2026-04-16 07:40:00,2026-04-16 09:00:00,85,17,True,True,False,False,38.5,27.6,55.6,542.0,0.1323
Threshold_50_15min,717185,2026-04-16 09:15:00,2026-04-16 09:40:00,30,6,True,True,False,False,49.2,47.0,50.3,452.0,0.1189
Threshold_50_15min,717185,2026-04-16 10:55:00,2026-04-16 11:50:00,60,12,True,True,False,False,45.3,28.2,56.0,480.0,0.1138
Threshold_50_15min,717185,2026-04-16 12:45:00,2026-04-16 13:35:00,55,11,True,True,False,False,44.3,26.1,57.9,562.0,0.1365
Threshold_50_15min,717185,2026-04-16 14:25:00,2026-04-16 18:55:00,275,55,True,True,False,False,42.1,19.0,54.9,519.0,0.1386
Threshold_50_15min,717185,2026-04-17 12:35:00,2026-04-17 19:20:00,410,82,True,True,False,False,49.3,22.1,52.3,415.0,0.1047
Threshold_50_15min,717185,2026-04-18 13:30:00,2026-04-18 14:10:00,45,9,True,True,False,False,43.0,35.7,51.9,528.0,0.1346
Threshold_50_15min,717185,2026-04-18 14:20:00,2026-04-18 16:45:00,150,30,True,True,False,False,46.9,19.5,50.6,521.0,0.1143
Threshold_50_15min,717185,2026-04-18 17:30:00,2026-04-18 18:55:00,90,18,True,True,False,False,47.0,22.2,57.4,532.0,0.1178
Threshold_50_15min,717185,2026-04-20 07:40:00,2026-04-20 08:25:00,50,10,True,True,False,False,45.9,28.9,51.5,486.0,0.1572
Threshold_50_15min,717185,2026-04-20 13:15:00,2026-04-20 13:50:00,40,8,True,True,False,False,46.6,30.9,53.4,516.0,0.1288
Threshold_50_15min,717185,2026-04-20 14:10:00,2026-04-20 18:50:00,285,57,True,True,False,False,44.7,22.7,55.8,528.0,0.127
Threshold_50_15min,717185,2026-04-21 07:35:00,2026-04-21 08:55:00,85,17,True,True,False,False,48.7,30.3,59.7,535.0,0.1205
Threshold_50_15min,717185,2026-04-21 12:25:00,2026-04-21 13:05:00,45,9,True,True,False,False,43.7,33.1,57.7,498.0,0.1156
Threshold_50_15min,717185,2026-04-21 13:25:00,2026-04-21 13:35:00,15,3,True,True,False,False,44.4,43.4,54.7,522.0,0.1276
Threshold_50_15min,717185,2026-04-21 13:55:00,2026-04-21 18:00:00,250,50,True,True,False,False,45.2,24.6,54.2,548.0,0.138
Threshold_50_15min,717185,2026-04-22 07:35:00,2026-04-22 09:10:00,100,20,True,True,False,False,46.3,28.8,62.8,562.0,0.1247
Threshold_50_15min,717185,2026-04-22 09:25:00,2026-04-22 09:35:00,15,3,True,True,False,False,49.2,43.6,58.1,509.0,0.1152
Threshold_50_15min,717185,2026-04-22 09:45:00,2026-04-22 10:00:00,20,4,True,True,False,False,45.6,39.1,51.2,553.0,0.1406
Threshold_50_15min,717185,2026-04-22 13:25:00,2026-04-22 19:00:00,340,68,True,True,False,False,44.8,19.9,53.2,550.0,0.1381
Threshold_50_15min,717185,2026-04-22 19:10:00,2026-04-22 19:20:00,15,3,True,True,False,False,43.0,43.0,53.3,506.0,0.1153
Threshold_50_15min,717185,2026-04-23 07:40:00,2026-04-23 08:50:00,75,15,True,True,False,False,48.1,25.9,50.1,518.0,0.1582
Threshold_50_15min,717185,2026-04-23 13:05:00,2026-04-23 19:05:00,365,73,True,True,False,False,41.0,20.2,51.7,516.0,0.1407
Threshold_50_15min,717185,2026-04-24 07:35:00,2026-04-24 08:45:00,75,15,True,True,False,False,45.4,25.8,51.1,505.0,0.1615
Threshold_50_15min,717185,2026-04-24 11:30:00,2026-04-24 19:20:00,475,95,True,True,False,False,42.1,19.1,53.8,502.0,0.1275
Threshold_50_15min,717185,2026-04-25 15:40:00,2026-04-25 16:10:00,35,7,True,True,False,False,43.7,37.5,54.6,473.0,0.1131
Threshold_50_15min,717185,2026-04-25 16:45:00,2026-04-25 17:40:00,60,12,True,True,False,False,43.4,35.0,50.2,463.0,0.1197
Threshold_50_15min,717185,2026-04-27 07:35:00,2026-04-27 09:05:00,95,19,True,True,False,False,44.2,29.9,58.9,546.0,0.1299
Threshold_50_15min,717185,2026-04-27 14:15:00,2026-04-27 18:55:00,285,57,True,True,False,False,44.5,22.2,58.0,500.0,0.1144
Threshold_50_15min,717185,2026-04-28 07:35:00,2026-04-28 08:55:00,85,17,True,True,False,False,47.1,28.6,63.5,584.0,0.123
Threshold_50_15min,717185,2026-04-28 12:20:00,2026-04-28 19:15:00,420,84,True,True,False,False,47.5,17.6,51.4,484.0,0.1323
Threshold_50_15min,717185,2026-04-29 07:25:00,2026-04-29 09:00:00,100,20,True,True,False,False,48.7,27.0,63.8,521.0,0.1181
Threshold_50_15min,717185,2026-04-29 09:20:00,2026-04-29 09:45:00,30,6,True,True,False,False,45.8,35.9,51.2,450.0,0.1172
Threshold_50_15min,717185,2026-04-29 11:40:00,2026-04-29 12:00:00,25,5,True,True,False,False,42.5,38.3,53.2,479.0,0.1303
Threshold_50_15min,717185,2026-04-29 12:10:00,2026-04-29 12:20:00,15,3,True,True,False,False,46.1,43.3,52.0,534.0,0.1316
Threshold_50_15min,717185,2026-04-29 13:50:00,2026-04-29 19:45:00,360,72,True,True,False,False,49.7,22.4,52.9,507.0,0.1347
Threshold_50_15min,717185,2026-04-30 07:40:00,2026-04-30 08:40:00,65,13,True,True,False,False,43.3,30.6,56.2,545.0,0.1439
Threshold_50_15min,717185,2026-04-30 10:20:00,2026-04-30 10:40:00,25,5,True,True,False,False,41.0,23.3,61.2,424.0,0.0925
Threshold_50_15min,717185,2026-04-30 12:15:00,2026-04-30 19:15:00,425,85,True,True,False,False,42.3,15.2,56.1,494.0,0.1139
Threshold_50_15min,717185,2026-05-01 07:30:00,2026-05-01 07:40:00,15,3,True,True,False,False,48.7,40.5,52.6,555.0,0.1544
Threshold_50_15min,717185,2026-05-01 12:15:00,2026-05-01 18:55:00,405,81,True,True,False,False,49.3,18.1,52.9,487.0,0.1245
Threshold_50_15min,717185,2026-05-02 13:45:00,2026-05-02 14:35:00,55,11,True,True,False,False,49.1,28.0,59.7,522.0,0.1063
Threshold_50_15min,717185,2026-05-02 15:25:00,2026-05-02 15:45:00,25,5,True,True,False,False,40.2,32.9,56.1,472.0,0.1101
Threshold_50_15min,717185,2026-05-02 16:15:00,2026-05-02 16:30:00,20,4,True,True,False,False,44.5,44.5,50.3,497.0,0.1276
Threshold_50_15min,717185,2026-05-02 16:50:00,2026-05-02 18:10:00,85,17,True,True,False,False,41.2,25.7,52.9,468.0,0.102
Threshold_50_15min,717185,2026-05-04 07:45:00,2026-05-04 08:15:00,35,7,True,True,False,False,43.8,35.2,51.1,532.0,0.1369
Threshold_50_15min,717185,2026-05-04 14:25:00,2026-05-04 18:35:00,255,51,True,True,False,False,46.5,24.6,55.8,472.0,0.1151
Threshold_50_15min,717185,2026-05-05 07:45:00,2026-05-05 08:30:00,50,10,True,True,False,False,44.5,33.3,54.8,561.0,0.1597
Threshold_50_15min,717185,2026-05-05 13:30:00,2026-05-05 19:10:00,345,69,True,True,False,False,42.1,23.6,52.1,520.0,0.1538
Threshold_50_15min,717185,2026-05-06 07:35:00,2026-05-06 08:45:00,75,15,True,True,False,False,49.6,29.3,53.4,542.0,0.1631
Threshold_50_15min,717185,2026-05-06 13:10:00,2026-05-06 18:15:00,310,62,True,True,False,False,45.9,22.0,53.0,490.0,0.1303
Threshold_50_15min,717185,2026-05-06 19:00:00,2026-05-06 19:45:00,50,10,True,True,False,False,44.6,16.3,53.3,491.0,0.1175
Threshold_50_15min,717185,2026-05-07 07:30:00,2026-05-07 09:05:00,100,20,True,True,False,False,48.4,29.2,57.9,501.0,0.1227
Threshold_50_15min,717185,2026-05-07 12:50:00,2026-05-07 19:55:00,430,86,True,False,False,True,46.2,22.7,55.8,512.0,0.1229
Threshold_50_15min,717185,2026-05-08 07:40:00,2026-05-08 08:05:00,30,6,True,True,False,False,44.1,36.9,57.8,569.0,0.1325
Threshold_50_15min,717185,2026-05-08 12:30:00,2026-05-08 19:55:00,450,90,True,False,False,True,41.1,20.9,51.1,486.0,0.1421
Threshold_50_15min,717185,2026-05-09 12:30:00,2026-05-09 19:40:00,435,87,True,True,False,False,39.6,17.8,50.4,488.0,0.1407
Threshold_50_15min,717185,2026-05-11 07:40:00,2026-05-11 08:20:00,45,9,True,True,False,False,41.2,36.0,51.7,529.0,0.1729
Threshold_50_15min,717185,2026-05-11 14:20:00,2026-05-11 18:25:00,250,50,True,True,False,False,45.5,20.4,51.0,519.0,0.1602
Threshold_50_15min,717185,2026-05-12 13:25:00,2026-05-12 13:35:00,15,3,True,True,False,False,47.0,38.7,60.2,533.0,0.1187
Threshold_50_15min,717185,2026-05-12 14:20:00,2026-05-12 19:00:00,285,57,True,True,False,False,37.0,21.2,52.5,525.0,0.1511
Threshold_50_15min,717185,2026-05-13 07:45:00,2026-05-13 07:55:00,15,3,True,True,False,False,48.8,41.5,50.3,550.0,0.1506
Threshold_50_15min,717185,2026-05-13 13:10:00,2026-05-13 18:40:00,335,67,True,True,False,False,46.5,21.5,52.5,519.0,0.1472
Threshold_50_15min,717185,2026-05-14 07:40:00,2026-05-14 08:55:00,80,16,True,True,False,False,47.1,32.6,60.7,562.0,0.1297
Threshold_50_15min,717185,2026-05-14 13:00:00,2026-05-14 19:10:00,375,75,True,True,False,False,43.0,21.7,55.1,486.0,0.1258
Threshold_50_15min,717185,2026-05-15 07:50:00,2026-05-15 08:05:00,20,4,True,True,False,False,49.2,38.9,52.3,565.0,0.1376
Threshold_50_15min,717185,2026-05-15 13:00:00,2026-05-15 19:35:00,400,80,True,True,False,False,46.2,19.0,53.8,532.0,0.1325
Threshold_50_15min,717185,2026-05-16 14:40:00,2026-05-16 15:30:00,55,11,True,True,False,False,40.8,25.5,52.3,529.0,0.142
Threshold_50_15min,717185,2026-05-16 16:20:00,2026-05-16 18:35:00,140,28,True,True,False,False,45.2,24.7,56.8,549.0,0.1209
Threshold_50_15min,717185,2026-05-18 07:40:00,2026-05-18 08:05:00,30,6,True,True,False,False,49.5,36.1,59.4,579.0,0.1318
Threshold_50_15min,717185,2026-05-18 12:05:00,2026-05-18 12:20:00,20,4,True,True,False,False,47.7,35.6,57.2,405.0,0.0925
Threshold_50_15min,717185,2026-05-18 12:55:00,2026-05-18 13:10:00,20,4,True,True,False,False,48.2,39.7,56.4,502.0,0.1181
Threshold_50_15min,717185,2026-05-18 13:40:00,2026-05-18 19:15:00,340,68,True,True,False,False,46.5,13.6,52.0,490.0,0.1373
Threshold_50_15min,717185,2026-05-19 13:45:00,2026-05-19 16:05:00,145,29,True,True,False,False,47.4,22.7,58.4,528.0,0.1235
Threshold_50_15min,717185,2026-05-19 17:10:00,2026-05-19 18:45:00,100,20,True,True,False,False,43.1,26.7,51.7,512.0,0.1558
Threshold_50_15min,717185,2026-05-20 07:40:00,2026-05-20 08:20:00,45,9,True,True,False,False,46.2,29.2,54.1,569.0,0.1375
Threshold_50_15min,717185,2026-05-20 12:55:00,2026-05-20 13:55:00,65,13,True,True,False,False,41.1,15.3,52.9,399.0,0.1031
Threshold_50_15min,717185,2026-05-20 15:10:00,2026-05-20 19:30:00,265,53,True,True,False,False,37.0,21.1,50.0,490.0,0.1477
Threshold_50_15min,717185,2026-05-21 07:40:00,2026-05-21 08:00:00,25,5,True,True,False,False,43.3,42.4,52.9,541.0,0.1555
Threshold_50_15min,717185,2026-05-21 12:10:00,2026-05-21 12:25:00,20,4,True,True,False,False,49.3,39.1,59.6,408.0,0.0935
Threshold_50_15min,717185,2026-05-21 13:15:00,2026-05-21 19:35:00,385,77,True,True,False,False,43.1,17.0,58.5,490.0,0.1136
Threshold_50_15min,717185,2026-05-22 10:55:00,2026-05-22 19:40:00,530,106,True,True,False,False,47.1,20.0,52.2,485.0,0.1319
Threshold_50_15min,717185,2026-05-23 12:25:00,2026-05-23 19:10:00,410,82,True,True,False,False,47.7,20.9,54.7,518.0,0.125
Threshold_50_15min,717185,2026-05-28 13:40:00,2026-05-28 18:45:00,310,62,False,True,True,False,27.5,24.6,,,
Threshold_50_15min,717185,2026-05-29 08:05:00,2026-05-29 08:30:00,30,6,True,True,False,False,44.9,34.0,51.0,468.0,0.1704
Threshold_50_15min,717185,2026-05-29 12:30:00,2026-05-29 19:05:00,400,80,True,True,False,False,49.4,23.8,50.9,515.0,0.1647
Threshold_50_15min,717185,2026-05-30 14:05:00,2026-05-30 18:55:00,295,59,True,True,False,False,43.3,20.3,53.1,546.0,0.1288
Threshold_50_15min,717185,2026-05-31 14:10:00,2026-05-31 14:35:00,30,6,True,True,False,False,29.9,19.7,51.0,452.0,0.1314
Threshold_50_15min,717185,2026-05-31 15:00:00,2026-05-31 15:30:00,35,7,True,True,False,False,43.7,20.7,55.8,432.0,0.0867
Threshold_50_15min,717190,2026-02-02 12:20:00,2026-02-02 18:55:00,400,80,True,True,False,False,37.3,16.3,50.5,468.0,0.1545
Threshold_50_15min,717190,2026-02-03 07:40:00,2026-02-03 08:35:00,60,12,True,True,False,False,44.5,28.1,56.4,565.0,0.1472
Threshold_50_15min,717190,2026-02-03 13:25:00,2026-02-03 19:15:00,355,71,True,True,False,False,47.5,12.1,55.1,538.0,0.1444
Threshold_50_15min,717190,2026-02-04 07:40:00,2026-02-04 08:55:00,80,16,True,True,False,False,45.5,33.4,50.8,534.0,0.1748
Threshold_50_15min,717190,2026-02-04 09:45:00,2026-02-04 09:55:00,15,3,True,True,False,False,43.4,41.9,57.1,541.0,0.1357
Threshold_50_15min,717190,2026-02-04 12:30:00,2026-02-04 12:40:00,15,3,True,True,False,False,43.3,43.3,55.2,549.0,0.1582
Threshold_50_15min,717190,2026-02-04 13:10:00,2026-02-04 19:25:00,380,76,True,True,False,False,47.5,17.6,50.7,448.0,0.1327
Threshold_50_15min,717190,2026-02-05 07:40:00,2026-02-05 08:25:00,50,10,True,True,False,False,49.0,39.2,56.8,520.0,0.1513
Threshold_50_15min,717190,2026-02-05 14:05:00,2026-02-05 15:20:00,80,16,True,True,False,False,46.6,28.3,56.6,520.0,0.1334
Threshold_50_15min,717190,2026-02-05 16:30:00,2026-02-05 19:00:00,155,31,True,True,False,False,48.0,27.7,57.7,532.0,0.1384
Threshold_50_15min,717190,2026-02-06 07:35:00,2026-02-06 08:15:00,45,9,True,True,False,False,46.8,34.1,52.8,528.0,0.1637
Threshold_50_15min,717190,2026-02-06 12:30:00,2026-02-06 19:10:00,405,81,True,True,False,False,46.0,23.9,54.0,536.0,0.1455
Threshold_50_15min,717190,2026-02-07 13:30:00,2026-02-07 17:50:00,265,53,True,True,False,False,47.1,21.8,54.0,517.0,0.1201
Threshold_50_15min,717190,2026-02-09 12:20:00,2026-02-09 12:55:00,40,8,True,True,False,False,46.5,16.6,59.5,311.0,0.0717
Threshold_50_15min,717190,2026-02-09 13:35:00,2026-02-09 18:15:00,285,57,True,True,False,False,45.5,20.6,51.9,540.0,0.1552
Threshold_50_15min,717190,2026-02-10 07:35:00,2026-02-10 08:20:00,50,10,True,True,False,False,46.0,38.5,58.8,574.0,0.1459
Threshold_50_15min,717190,2026-02-10 12:10:00,2026-02-10 12:30:00,25,5,True,True,False,False,44.9,34.7,56.6,465.0,0.1253
Threshold_50_15min,717190,2026-02-10 13:35:00,2026-02-10 19:20:00,350,70,True,True,False,False,45.1,24.4,53.7,502.0,0.1374
Threshold_50_15min,717190,2026-02-11 07:30:00,2026-02-11 08:30:00,65,13,True,True,False,False,48.5,27.9,58.2,537.0,0.1381
Threshold_50_15min,717190,2026-02-11 08:40:00,2026-02-11 08:50:00,15,3,True,True,False,False,48.9,47.0,55.2,551.0,0.1269
Threshold_50_15min,717190,2026-02-11 13:40:00,2026-02-11 19:00:00,325,65,True,True,False,False,49.5,25.5,58.6,555.0,0.1317
Threshold_50_15min,717190,2026-02-12 07:35:00,2026-02-12 09:10:00,100,20,True,True,False,False,41.4,27.5,53.6,564.0,0.148
Threshold_50_15min,717190,2026-02-12 13:45:00,2026-02-12 19:20:00,340,68,True,True,False,False,36.7,23.1,50.2,533.0,0.1551
Threshold_50_15min,717190,2026-02-13 07:45:00,2026-02-13 08:20:00,40,8,True,True,False,False,41.4,35.8,51.9,575.0,0.1459
Threshold_50_15min,717190,2026-02-13 11:25:00,2026-02-13 15:35:00,255,51,True,True,False,False,44.7,23.0,50.8,548.0,0.1751
Threshold_50_15min,717190,2026-02-13 16:15:00,2026-02-13 18:25:00,135,27,True,True,False,False,40.0,26.0,50.2,513.0,0.1697
Threshold_50_15min,717190,2026-02-13 18:45:00,2026-02-13 19:00:00,20,4,True,True,False,False,46.5,45.1,51.1,481.0,0.1355
Threshold_50_15min,717190,2026-02-13 19:15:00,2026-02-13 19:55:00,45,9,True,False,False,True,41.3,36.0,51.4,493.0,0.1297
Threshold_50_15min,717190,2026-02-14 09:05:00,2026-02-14 09:45:00,45,9,True,True,False,False,42.6,14.6,59.1,346.0,0.0758
Threshold_50_15min,717190,2026-02-14 12:30:00,2026-02-14 12:45:00,20,4,True,True,False,False,48.1,37.4,54.1,524.0,0.1316
Threshold_50_15min,717190,2026-02-14 14:35:00,2026-02-14 17:10:00,160,32,True,True,False,False,45.2,25.5,50.0,509.0,0.151
Threshold_50_15min,717190,2026-02-14 17:35:00,2026-02-14 18:10:00,40,8,True,True,False,False,46.9,39.2,50.1,447.0,0.1227
Threshold_50_15min,717190,2026-02-14 18:35:00,2026-02-14 18:45:00,15,3,True,True,False,False,47.6,43.0,56.6,490.0,0.1133
Threshold_50_15min,717190,2026-02-16 11:35:00,2026-02-16 12:50:00,80,16,True,True,False,False,46.9,33.7,50.6,339.0,0.0934
Threshold_50_15min,717190,2026-02-16 13:10:00,2026-02-16 13:30:00,25,5,True,True,False,False,48.8,48.4,50.5,326.0,0.0886
Threshold_50_15min,717190,2026-02-16 13:40:00,2026-02-16 16:10:00,155,31,True,True,False,False,43.4,20.0,51.0,376.0,0.0961
Threshold_50_15min,717190,2026-02-16 17:05:00,2026-02-16 17:35:00,35,7,True,True,False,False,48.6,31.9,51.1,422.0,0.1199
Threshold_50_15min,717190,2026-02-17 13:35:00,2026-02-17 13:50:00,20,4,True,True,False,False,46.1,43.2,57.8,547.0,0.1341
Threshold_50_15min,717190,2026-02-17 15:00:00,2026-02-17 18:10:00,195,39,True,True,False,False,46.1,28.1,56.3,533.0,0.1431
Threshold_50_15min,717190,2026-02-18 07:35:00,2026-02-18 08:35:00,65,13,True,True,False,False,41.9,14.3,62.8,566.0,0.125
Threshold_50_15min,717190,2026-02-18 13:10:00,2026-02-18 18:45:00,340,68,True,True,False,False,43.5,24.4,53.6,509.0,0.1398
Threshold_50_15min,717190,2026-02-19 07:40:00,2026-02-19 07:55:00,20,4,True,True,False,False,44.3,40.3,54.2,554.0,0.1527
Threshold_50_15min,717190,2026-02-19 10:25:00,2026-02-19 10:55:00,35,7,True,True,False,False,49.4,45.7,51.2,437.0,0.1262
Threshold_50_15min,717190,2026-02-19 11:45:00,2026-02-19 17:35:00,355,71,True,True,False,False,49.8,21.2,51.7,429.0,0.1199
Threshold_50_15min,717190,2026-02-20 08:25:00,2026-02-20 08:50:00,30,6,True,True,False,False,46.8,42.4,50.8,450.0,0.1207
Threshold_50_15min,717190,2026-02-20 13:05:00,2026-02-20 19:25:00,385,77,True,True,False,False,44.1,27.2,54.7,533.0,0.1343
Threshold_50_15min,717190,2026-02-21 11:25:00,2026-02-21 11:40:00,20,4,True,True,False,False,49.7,41.2,60.3,503.0,0.1111
Threshold_50_15min,717190,2026-02-21 13:40:00,2026-02-21 18:45:00,310,62,True,True,False,False,41.0,25.0,53.2,502.0,0.1297
Threshold_50_15min,717190,2026-02-23 07:40:00,2026-02-23 09:05:00,90,18,True,True,False,False,49.0,31.3,50.5,575.0,0.1624
Threshold_50_15min,717190,2026-02-23 12:35:00,2026-02-23 12:50:00,20,4,True,True,False,False,48.0,38.5,54.7,560.0,0.146
Threshold_50_15min,717190,2026-02-23 13:25:00,2026-02-23 18:50:00,330,66,True,True,False,False,49.7,21.9,55.8,515.0,0.13
Threshold_50_15min,717190,2026-02-23 19:30:00,2026-02-23 19:40:00,15,3,True,True,False,False,48.2,44.5,56.0,472.0,0.1185
Threshold_50_15min,717190,2026-02-24 07:25:00,2026-02-24 09:00:00,100,20,True,True,False,False,46.9,26.3,59.7,527.0,0.1353
Threshold_50_15min,717190,2026-02-24 12:40:00,2026-02-24 19:50:00,435,87,True,True,False,False,45.7,24.0,58.0,549.0,0.1368
Threshold_50_15min,717190,2026-02-25 07:25:00,2026-02-25 08:50:00,90,18,True,True,False,False,48.9,29.0,62.0,593.0,0.1336
Threshold_50_15min,717190,2026-02-25 13:45:00,2026-02-25 19:50:00,370,74,True,True,False,False,39.1,14.2,50.5,542.0,0.1573
Threshold_50_15min,717190,2026-02-26 07:30:00,2026-02-26 09:00:00,95,19,True,True,False,False,44.4,28.3,51.1,528.0,0.149
Threshold_50_15min,717190,2026-02-26 12:25:00,2026-02-26 19:55:00,455,91,True,False,False,True,49.0,16.9,53.1,479.0,0.1308
Threshold_50_15min,717190,2026-02-27 08:00:00,2026-02-27 09:40:00,105,21,True,True,False,False,33.7,9.9,58.3,476.0,0.1255
Threshold_50_15min,717190,2026-02-27 13:10:00,2026-02-27 19:55:00,410,82,True,False,False,True,35.3,20.4,50.1,436.0,0.1756
Threshold_50_15min,717190,2026-03-02 05:15:00,2026-03-02 05:40:00,30,6,True,False,False,True,35.7,3.7,57.9,186.0,0.0546
Threshold_50_15min,717190,2026-03-02 05:50:00,2026-03-02 06:15:00,30,6,False,True,True,False,19.1,9.6,,,
Threshold_50_15min,717190,2026-03-02 07:35:00,2026-03-02 08:35:00,65,13,True,True,False,False,47.4,34.9,60.7,544.0,0.1202
Threshold_50_15min,717190,2026-03-02 12:00:00,2026-03-02 12:35:00,40,8,True,True,False,False,47.8,33.1,50.2,516.0,0.155
Threshold_50_15min,717190,2026-03-02 13:10:00,2026-03-02 19:15:00,370,74,True,True,False,False,41.6,22.7,54.5,526.0,0.1336
Threshold_50_15min,717190,2026-03-03 07:45:00,2026-03-03 19:55:00,735,147,True,False,False,True,47.6,15.1,55.9,591.0,0.1585
Threshold_50_15min,717190,2026-03-04 07:25:00,2026-03-04 10:10:00,170,34,True,True,False,False,48.5,23.6,55.5,560.0,0.1573
Threshold_50_15min,717190,2026-03-04 10:25:00,2026-03-04 19:55:00,575,115,True,False,False,True,45.3,20.9,52.8,515.0,0.1406
Threshold_50_15min,717190,2026-03-05 07:35:00,2026-03-05 10:10:00,160,32,True,True,False,False,46.3,29.0,53.7,592.0,0.1563
Threshold_50_15min,717190,2026-03-05 10:25:00,2026-03-05 10:35:00,15,3,True,True,False,False,45.7,45.7,52.6,498.0,0.1296
Threshold_50_15min,717190,2026-03-05 10:55:00,2026-03-05 19:55:00,545,109,True,False,False,True,48.2,16.0,53.4,538.0,0.1379
Threshold_50_15min,717190,2026-03-06 07:35:00,2026-03-06 07:50:00,20,4,True,True,False,False,44.7,41.2,56.1,511.0,0.135
Threshold_50_15min,717190,2026-03-06 11:15:00,2026-03-06 17:45:00,395,79,True,True,False,False,45.6,16.7,52.2,522.0,0.1411
Threshold_50_15min,717190,2026-03-06 19:20:00,2026-03-06 19:55:00,40,8,True,False,False,True,47.1,43.8,52.1,493.0,0.1319
Threshold_50_15min,717190,2026-03-07 14:30:00,2026-03-07 18:10:00,225,45,True,True,False,False,49.7,23.5,58.3,483.0,0.1039
Threshold_50_15min,717190,2026-03-09 07:40:00,2026-03-09 08:55:00,80,16,True,True,False,False,42.9,27.9,50.7,540.0,0.1835
Threshold_50_15min,717190,2026-03-09 12:35:00,2026-03-09 13:00:00,30,6,True,True,False,False,46.4,41.3,56.5,525.0,0.1287
Threshold_50_15min,717190,2026-03-09 13:40:00,2026-03-09 15:40:00,125,25,True,True,False,False,48.6,23.1,55.0,556.0,0.1415
Threshold_50_15min,717190,2026-03-09 16:15:00,2026-03-09 19:05:00,175,35,True,True,False,False,42.8,23.9,50.5,540.0,0.1972
Threshold_50_15min,717190,2026-03-10 07:35:00,2026-03-10 08:50:00,80,16,True,True,False,False,49.7,31.0,57.9,565.0,0.1491
Threshold_50_15min,717190,2026-03-10 12:55:00,2026-03-10 13:35:00,45,9,True,True,False,False,49.4,40.9,58.0,515.0,0.1299
Threshold_50_15min,717190,2026-03-10 14:00:00,2026-03-10 19:10:00,315,63,True,True,False,False,39.4,25.9,50.0,557.0,0.1702
Threshold_50_15min,717190,2026-03-11 07:30:00,2026-03-11 08:15:00,50,10,True,True,False,False,45.5,27.3,56.9,529.0,0.142
Threshold_50_15min,717190,2026-03-11 08:35:00,2026-03-11 09:05:00,35,7,True,True,False,False,46.8,43.1,55.2,554.0,0.1539
Threshold_50_15min,717190,2026-03-11 12:45:00,2026-03-11 13:40:00,60,12,True,True,False,False,44.3,27.3,55.7,541.0,0.1412
Threshold_50_15min,717190,2026-03-11 14:25:00,2026-03-11 19:45:00,325,65,True,True,False,False,44.2,21.3,57.8,561.0,0.1409
Threshold_50_15min,717190,2026-03-12 07:25:00,2026-03-12 08:50:00,90,18,True,True,False,False,48.1,27.4,51.9,471.0,0.1618
Threshold_50_15min,717190,2026-03-12 10:30:00,2026-03-12 10:55:00,30,6,True,True,False,False,48.9,48.2,51.0,538.0,0.1516
Threshold_50_15min,717190,2026-03-12 13:10:00,2026-03-12 19:35:00,390,78,True,True,False,False,45.4,21.1,55.2,567.0,0.1415
Threshold_50_15min,717190,2026-03-13 07:40:00,2026-03-13 08:35:00,60,12,True,True,False,False,40.2,28.8,50.1,536.0,0.1796
Threshold_50_15min,717190,2026-03-13 11:40:00,2026-03-13 18:35:00,420,84,True,True,False,False,40.7,15.7,50.0,415.0,0.1302
Threshold_50_15min,717190,2026-03-13 19:45:00,2026-03-13 19:55:00,15,3,True,False,False,True,46.9,42.0,51.4,525.0,0.1479
Threshold_50_15min,717190,2026-03-14 13:55:00,2026-03-14 14:40:00,50,10,True,True,False,False,44.6,28.6,54.5,555.0,0.1497
Threshold_50_15min,717190,2026-03-14 15:35:00,2026-03-14 18:30:00,180,36,True,True,False,False,42.9,13.4,51.1,513.0,0.1795
Threshold_50_15min,717190,2026-03-15 15:10:00,2026-03-15 15:30:00,25,5,True,True,False,False,42.4,36.0,51.4,533.0,0.1489
Threshold_50_15min,717190,2026-03-16 07:30:00,2026-03-16 08:25:00,60,12,True,True,False,False,42.2,35.6,58.7,572.0,0.1416
Threshold_50_15min,717190,2026-03-16 13:45:00,2026-03-16 19:10:00,330,66,True,True,False,False,48.4,23.1,55.4,522.0,0.1352
Threshold_50_15min,717190,2026-03-17 07:35:00,2026-03-17 08:50:00,80,16,True,True,False,False,43.8,32.0,50.7,526.0,0.171
Threshold_50_15min,717190,2026-03-17 12:40:00,2026-03-17 13:00:00,25,5,True,True,False,False,39.8,22.6,53.4,497.0,0.1487
Threshold_50_15min,717190,2026-03-17 13:45:00,2026-03-17 19:30:00,350,70,True,True,False,False,47.8,18.1,58.6,520.0,0.127
Threshold_50_15min,717190,2026-03-18 07:25:00,2026-03-18 08:45:00,85,17,True,True,False,False,48.3,30.5,59.2,512.0,0.1344
Threshold_50_15min,717190,2026-03-18 12:30:00,2026-03-18 19:00:00,395,79,True,True,False,False,49.8,16.4,54.6,496.0,0.149
Threshold_50_15min,717190,2026-03-19 07:30:00,2026-03-19 08:40:00,75,15,True,True,False,False,46.4,27.5,53.1,551.0,0.1384
Threshold_50_15min,717190,2026-03-19 09:25:00,2026-03-19 09:35:00,15,3,True,True,False,False,47.1,42.2,53.4,484.0,0.1536
Threshold_50_15min,717190,2026-03-19 10:45:00,2026-03-19 11:10:00,30,6,True,True,False,False,41.0,20.4,57.1,414.0,0.1109
Threshold_50_15min,717190,2026-03-19 12:10:00,2026-03-19 19:25:00,440,88,True,True,False,False,37.7,21.5,50.8,490.0,0.165
Threshold_50_15min,717190,2026-03-20 07:40:00,2026-03-20 08:30:00,55,11,True,True,False,False,47.3,33.2,60.0,589.0,0.1355
Threshold_50_15min,717190,2026-03-20 12:10:00,2026-03-20 12:25:00,20,4,True,True,False,False,41.9,41.9,52.5,536.0,0.153
Threshold_50_15min,717190,2026-03-20 13:05:00,2026-03-20 19:30:00,390,78,True,True,False,False,46.3,18.0,51.2,526.0,0.1537
Threshold_50_15min,717190,2026-03-21 10:25:00,2026-03-21 10:35:00,15,3,True,True,False,False,48.4,45.2,58.9,586.0,0.1313
Threshold_50_15min,717190,2026-03-21 12:55:00,2026-03-21 13:55:00,65,13,True,True,False,False,44.6,29.2,56.2,574.0,0.1403
Threshold_50_15min,717190,2026-03-21 14:05:00,2026-03-21 18:05:00,245,49,True,True,False,False,46.8,20.3,50.6,497.0,0.1216
Threshold_50_15min,717190,2026-03-22 11:55:00,2026-03-22 12:05:00,15,3,True,True,False,False,47.2,46.2,59.9,553.0,0.1146
Threshold_50_15min,717190,2026-03-22 12:45:00,2026-03-22 14:10:00,90,18,True,True,False,False,49.5,16.4,56.1,351.0,0.0752
Threshold_50_15min,717190,2026-03-23 07:45:00,2026-03-23 08:25:00,45,9,True,True,False,False,39.3,33.6,54.0,565.0,0.1549
Threshold_50_15min,717190,2026-03-23 13:30:00,2026-03-23 19:10:00,345,69,True,True,False,False,47.9,19.9,55.7,507.0,0.1363
Threshold_50_15min,717190,2026-03-24 07:40:00,2026-03-24 07:55:00,20,4,True,True,False,False,49.4,43.4,59.3,592.0,0.1509
Threshold_50_15min,717190,2026-03-24 08:25:00,2026-03-24 08:55:00,35,7,True,True,False,False,40.4,35.0,50.4,597.0,0.1817
Threshold_50_15min,717190,2026-03-24 13:15:00,2026-03-24 19:40:00,390,78,True,True,False,False,44.3,22.1,56.2,563.0,0.1516
Threshold_50_15min,717190,2026-03-25 07:35:00,2026-03-25 08:20:00,50,10,True,True,False,False,49.1,38.6,65.9,613.0,0.127
Threshold_50_15min,717190,2026-03-25 08:30:00,2026-03-25 09:30:00,65,13,True,True,False,False,48.5,34.7,52.6,543.0,0.1343
Threshold_50_15min,717190,2026-03-25 13:55:00,2026-03-25 19:55:00,365,73,True,False,False,True,46.9,11.9,59.7,549.0,0.1347
Threshold_50_15min,717190,2026-03-26 07:45:00,2026-03-26 08:45:00,65,13,True,True,False,False,41.3,31.9,56.1,558.0,0.1333
Threshold_50_15min,717190,2026-03-26 08:55:00,2026-03-26 09:10:00,20,4,True,True,False,False,46.1,38.1,51.9,546.0,0.1414
Threshold_50_15min,717190,2026-03-26 13:05:00,2026-03-26 19:55:00,415,83,True,False,False,True,45.9,19.6,58.9,516.0,0.1214
Threshold_50_15min,717190,2026-03-27 07:35:00,2026-03-27 08:50:00,80,16,True,True,False,False,49.9,29.1,56.4,511.0,0.1422
Threshold_50_15min,717190,2026-03-27 09:35:00,2026-03-27 09:50:00,20,4,True,True,False,False,46.0,37.7,55.5,511.0,0.1373
Threshold_50_15min,717190,2026-03-27 12:10:00,2026-03-27 15:30:00,205,41,True,True,False,False,45.4,22.7,53.3,531.0,0.1534
Threshold_50_15min,717190,2026-03-27 15:50:00,2026-03-27 19:55:00,250,50,True,False,False,True,47.3,11.9,50.8,518.0,0.15
Threshold_50_15min,717190,2026-03-28 12:50:00,2026-03-28 18:15:00,330,66,True,True,False,False,44.8,24.1,50.5,535.0,0.1507
Threshold_50_15min,717190,2026-03-30 13:30:00,2026-03-30 18:00:00,275,55,True,True,False,False,47.7,24.3,55.5,503.0,0.1274
Threshold_50_15min,717190,2026-03-31 14:30:00,2026-03-31 16:00:00,95,19,True,True,False,False,43.3,28.8,50.2,526.0,0.1618
Threshold_50_15min,717190,2026-03-31 16:25:00,2026-03-31 18:15:00,115,23,True,True,False,False,44.4,33.6,50.0,533.0,0.1598
Threshold_50_15min,717190,2026-04-01 07:40:00,2026-04-01 08:05:00,30,6,True,True,False,False,44.5,35.3,52.9,534.0,0.1624
Threshold_50_15min,717190,2026-04-01 13:35:00,2026-04-01 18:35:00,305,61,True,True,False,False,48.3,25.9,59.2,556.0,0.1306
Threshold_50_15min,717190,2026-04-01 18:45:00,2026-04-01 19:45:00,65,13,True,True,False,False,46.9,33.9,50.6,511.0,0.1347
Threshold_50_15min,717190,2026-04-02 12:15:00,2026-04-02 12:55:00,45,9,True,True,False,False,47.6,33.7,53.8,521.0,0.1346
Threshold_50_15min,717190,2026-04-02 13:40:00,2026-04-02 16:30:00,175,35,True,True,False,False,49.0,27.1,58.7,526.0,0.1274
Threshold_50_15min,717190,2026-04-02 16:55:00,2026-04-02 18:55:00,125,25,True,True,False,False,45.7,28.5,50.1,456.0,0.1529
Threshold_50_15min,717190,2026-04-03 12:30:00,2026-04-03 15:40:00,195,39,True,True,False,False,39.5,27.9,52.3,533.0,0.1452
Threshold_50_15min,717190,2026-04-03 16:20:00,2026-04-03 18:05:00,110,22,True,True,False,False,42.4,29.7,57.1,524.0,0.1365
Threshold_50_15min,717190,2026-04-04 14:15:00,2026-04-04 16:50:00,160,32,True,True,False,False,42.9,18.2,50.9,539.0,0.1491
Threshold_50_15min,717190,2026-04-05 13:45:00,2026-04-05 14:20:00,40,8,True,True,False,False,49.6,35.9,50.0,546.0,0.136
Threshold_50_15min,717190,2026-04-05 15:15:00,2026-04-05 15:35:00,25,5,True,True,False,False,46.4,41.8,59.8,559.0,0.1168
Threshold_50_15min,717190,2026-04-06 13:05:00,2026-04-06 19:00:00,360,72,True,True,False,False,43.8,15.5,54.4,505.0,0.1307
Threshold_50_15min,717190,2026-04-07 07:35:00,2026-04-07 08:20:00,50,10,True,True,False,False,43.2,33.7,51.0,563.0,0.1623
Threshold_50_15min,717190,2026-04-07 12:45:00,2026-04-07 13:15:00,35,7,True,True,False,False,39.7,32.4,54.7,544.0,0.1417
Threshold_50_15min,717190,2026-04-07 13:25:00,2026-04-07 13:45:00,25,5,True,True,False,False,39.7,39.2,51.6,505.0,0.1318
Threshold_50_15min,717190,2026-04-07 14:00:00,2026-04-07 17:55:00,240,48,True,True,False,False,48.1,24.8,54.4,525.0,0.1241
Threshold_50_15min,717190,2026-04-07 18:15:00,2026-04-07 19:10:00,60,12,True,True,False,False,46.5,33.3,52.4,536.0,0.1425
Threshold_50_15min,717190,2026-04-08 07:30:00,2026-04-08 08:35:00,70,14,True,True,False,False,47.9,32.4,54.1,518.0,0.1619
Threshold_50_15min,717190,2026-04-08 13:35:00,2026-04-08 19:00:00,330,66,True,True,False,False,47.6,25.3,54.6,527.0,0.1318
Threshold_50_15min,717190,2026-04-09 07:45:00,2026-04-09 08:30:00,50,10,True,True,False,False,40.5,31.7,52.5,575.0,0.1417
Threshold_50_15min,717190,2026-04-09 13:20:00,2026-04-09 18:15:00,300,60,True,True,False,False,45.2,23.3,53.8,538.0,0.1411
Threshold_50_15min,717190,2026-04-10 11:25:00,2026-04-10 16:20:00,300,60,True,True,False,False,40.9,23.0,52.9,548.0,0.151
Threshold_50_15min,717190,2026-04-10 17:20:00,2026-04-10 17:30:00,15,3,True,True,False,False,48.5,44.2,54.1,548.0,0.1503
Threshold_50_15min,717190,2026-04-11 13:15:00,2026-04-11 17:00:00,230,46,True,True,False,False,42.9,19.8,51.9,552.0,0.1612
Threshold_50_15min,717190,2026-04-13 14:10:00,2026-04-13 18:25:00,260,52,True,True,False,False,42.3,25.4,56.4,538.0,0.1298
Threshold_50_15min,717190,2026-04-14 07:40:00,2026-04-14 08:40:00,65,13,True,True,False,False,45.8,33.1,62.5,589.0,0.1296
Threshold_50_15min,717190,2026-04-14 12:20:00,2026-04-14 13:35:00,80,16,True,True,False,False,40.2,17.8,55.4,419.0,0.1114
Threshold_50_15min,717190,2026-04-14 14:10:00,2026-04-14 19:05:00,300,60,True,True,False,False,49.9,10.3,54.7,525.0,0.1366
Threshold_50_15min,717190,2026-04-15 07:45:00,2026-04-15 08:35:00,55,11,True,True,False,False,48.7,28.0,60.9,579.0,0.1413
Threshold_50_15min,717190,2026-04-15 13:55:00,2026-04-15 19:40:00,350,70,True,True,False,False,42.8,22.6,51.1,523.0,0.1545
Threshold_50_15min,717190,2026-04-16 07:40:00,2026-04-16 09:00:00,85,17,True,True,False,False,37.2,27.6,54.1,580.0,0.1513
Threshold_50_15min,717190,2026-04-16 09:25:00,2026-04-16 09:45:00,25,5,True,True,False,False,48.9,42.3,50.5,466.0,0.1266
Threshold_50_15min,717190,2026-04-16 10:55:00,2026-04-16 11:55:00,65,13,True,True,False,False,41.9,27.4,54.1,503.0,0.1316
Threshold_50_15min,717190,2026-04-16 12:45:00,2026-04-16 13:35:00,55,11,True,True,False,False,47.3,28.6,57.0,575.0,0.1437
Threshold_50_15min,717190,2026-04-16 14:25:00,2026-04-16 18:55:00,275,55,True,True,False,False,40.8,20.2,51.1,550.0,0.1675
Threshold_50_15min,717190,2026-04-17 12:15:00,2026-04-17 12:25:00,15,3,True,True,False,False,47.9,42.9,52.0,484.0,0.1364
Threshold_50_15min,717190,2026-04-17 12:35:00,2026-04-17 19:30:00,420,84,True,True,False,False,49.6,23.3,52.2,444.0,0.1112
Threshold_50_15min,717190,2026-04-18 13:25:00,2026-04-18 16:45:00,205,41,True,True,False,False,49.0,20.5,52.9,543.0,0.1469
Threshold_50_15min,717190,2026-04-18 17:30:00,2026-04-18 18:55:00,90,18,True,True,False,False,48.7,24.2,59.1,576.0,0.1239
Threshold_50_15min,717190,2026-04-20 07:40:00,2026-04-20 08:30:00,55,11,True,True,False,False,48.2,31.5,50.3,513.0,0.1815
Threshold_50_15min,717190,2026-04-20 13:15:00,2026-04-20 13:50:00,40,8,True,True,False,False,46.9,31.4,52.1,522.0,0.1368
Threshold_50_15min,717190,2026-04-20 14:10:00,2026-04-20 18:50:00,285,57,True,True,False,False,43.6,24.9,53.8,543.0,0.1397
Threshold_50_15min,717190,2026-04-21 07:35:00,2026-04-21 08:55:00,85,17,True,True,False,False,44.4,32.6,53.9,556.0,0.1471
Threshold_50_15min,717190,2026-04-21 12:25:00,2026-04-21 13:10:00,50,10,True,True,False,False,41.4,32.7,56.2,499.0,0.1221
Threshold_50_15min,717190,2026-04-21 13:25:00,2026-04-21 13:35:00,15,3,True,True,False,False,44.9,43.9,51.5,531.0,0.1406
Threshold_50_15min,717190,2026-04-21 13:55:00,2026-04-21 18:00:00,250,50,True,True,False,False,42.7,25.0,50.5,564.0,0.1555
Threshold_50_15min,717190,2026-04-22 07:35:00,2026-04-22 09:10:00,100,20,True,True,False,False,47.2,31.0,62.8,577.0,0.1288
Threshold_50_15min,717190,2026-04-22 09:25:00,2026-04-22 09:35:00,15,3,True,True,False,False,47.7,45.8,57.5,529.0,0.1207
Threshold_50_15min,717190,2026-04-22 09:45:00,2026-04-22 10:00:00,20,4,True,True,False,False,43.7,41.3,51.4,571.0,0.1457
Threshold_50_15min,717190,2026-04-22 13:25:00,2026-04-22 19:00:00,340,68,True,True,False,False,45.7,20.6,52.5,553.0,0.1467
Threshold_50_15min,717190,2026-04-22 19:10:00,2026-04-22 19:20:00,15,3,True,True,False,False,44.4,41.2,53.3,520.0,0.121
Threshold_50_15min,717190,2026-04-23 07:40:00,2026-04-23 08:50:00,75,15,True,True,False,False,45.2,26.5,51.5,567.0,0.1605
Threshold_50_15min,717190,2026-04-23 13:00:00,2026-04-23 19:05:00,370,74,True,True,False,False,49.5,22.3,54.5,551.0,0.1429
Threshold_50_15min,717190,2026-04-24 07:35:00,2026-04-24 08:45:00,75,15,True,True,False,False,45.5,27.0,52.5,532.0,0.1638
Threshold_50_15min,717190,2026-04-24 11:30:00,2026-04-24 19:20:00,475,95,True,True,False,False,43.2,20.4,52.4,525.0,0.1384
Threshold_50_15min,717190,2026-04-25 15:40:00,2026-04-25 16:10:00,35,7,True,True,False,False,40.4,34.4,50.8,484.0,0.1381
Threshold_50_15min,717190,2026-04-25 16:40:00,2026-04-25 17:35:00,60,12,True,True,False,False,46.5,32.0,53.1,533.0,0.1294
Threshold_50_15min,717190,2026-04-27 07:35:00,2026-04-27 09:00:00,90,18,True,True,False,False,44.8,30.1,57.5,566.0,0.1422
Threshold_50_15min,717190,2026-04-27 14:15:00,2026-04-27 18:55:00,285,57,True,True,False,False,43.3,22.6,56.2,522.0,0.129
Threshold_50_15min,717190,2026-04-28 07:35:00,2026-04-28 08:50:00,80,16,True,True,False,False,45.3,30.1,64.3,590.0,0.1244
Threshold_50_15min,717190,2026-04-28 12:20:00,2026-04-28 19:20:00,425,85,True,True,False,False,48.7,18.4,51.3,503.0,0.1386
Threshold_50_15min,717190,2026-04-29 07:30:00,2026-04-29 08:55:00,90,18,True,True,False,False,46.8,26.9,50.3,557.0,0.1928
Threshold_50_15min,717190,2026-04-29 09:30:00,2026-04-29 09:45:00,20,4,True,True,False,False,41.7,38.3,50.4,514.0,0.1396
Threshold_50_15min,717190,2026-04-29 11:40:00,2026-04-29 12:00:00,25,5,True,True,False,False,43.5,41.7,51.9,486.0,0.1409
Threshold_50_15min,717190,2026-04-29 12:10:00,2026-04-29 12:20:00,15,3,True,True,False,False,47.0,43.6,52.2,555.0,0.1438
Threshold_50_15min,717190,2026-04-29 13:20:00,2026-04-29 13:30:00,15,3,True,True,False,False,48.8,43.7,56.4,551.0,0.1363
Threshold_50_15min,717190,2026-04-29 13:50:00,2026-04-29 19:45:00,360,72,True,True,False,False,48.6,23.3,53.1,528.0,0.142
Threshold_50_15min,717190,2026-04-30 07:40:00,2026-04-30 08:40:00,65,13,True,True,False,False,43.7,30.9,53.9,581.0,0.1829
Threshold_50_15min,717190,2026-04-30 10:20:00,2026-04-30 10:35:00,20,4,True,True,False,False,40.1,23.2,61.8,444.0,0.1
Threshold_50_15min,717190,2026-04-30 12:15:00,2026-04-30 19:15:00,425,85,True,True,False,False,43.4,15.5,56.0,541.0,0.1279
Threshold_50_15min,717190,2026-05-01 07:30:00,2026-05-01 07:40:00,15,3,True,True,False,False,48.5,40.8,54.7,565.0,0.1526
Threshold_50_15min,717190,2026-05-01 12:15:00,2026-05-01 18:55:00,405,81,True,True,False,False,46.1,21.3,53.5,508.0,0.1267
Threshold_50_15min,717190,2026-05-02 13:45:00,2026-05-02 14:35:00,55,11,True,True,False,False,46.6,29.4,59.9,564.0,0.116
Threshold_50_15min,717190,2026-05-02 15:25:00,2026-05-02 15:45:00,25,5,True,True,False,False,38.0,32.8,51.5,483.0,0.1395
Threshold_50_15min,717190,2026-05-02 16:10:00,2026-05-02 16:20:00,15,3,True,True,False,False,48.7,46.4,54.7,551.0,0.1355
Threshold_50_15min,717190,2026-05-02 16:50:00,2026-05-02 18:10:00,85,17,True,True,False,False,42.0,26.7,54.2,485.0,0.106
Threshold_50_15min,717190,2026-05-04 07:55:00,2026-05-04 08:15:00,25,5,True,True,False,False,49.4,38.3,50.7,586.0,0.1479
Threshold_50_15min,717190,2026-05-04 14:40:00,2026-05-04 18:35:00,240,48,True,True,False,False,43.7,24.8,50.0,540.0,0.1323
Threshold_50_15min,717190,2026-05-05 07:45:00,2026-05-05 08:30:00,50,10,True,True,False,False,43.8,33.7,53.9,591.0,0.1778
Threshold_50_15min,717190,2026-05-05 13:25:00,2026-05-05 19:10:00,350,70,True,True,False,False,49.3,24.2,58.6,546.0,0.1316
Threshold_50_15min,717190,2026-05-06 07:40:00,2026-05-06 08:45:00,70,14,True,True,False,False,46.0,31.3,51.4,575.0,0.1594
Threshold_50_15min,717190,2026-05-06 13:10:00,2026-05-06 18:10:00,305,61,True,True,False,False,45.4,22.5,51.7,511.0,0.1392
Threshold_50_15min,717190,2026-05-06 19:00:00,2026-05-06 19:45:00,50,10,True,True,False,False,43.0,15.7,55.2,529.0,0.1273
Threshold_50_15min,717190,2026-05-07 07:30:00,2026-05-07 09:05:00,100,20,True,True,False,False,47.3,33.0,52.6,533.0,0.1544
Threshold_50_15min,717190,2026-05-07 12:50:00,2026-05-07 19:55:00,430,86,True,False,False,True,45.8,23.4,55.6,535.0,0.1325
Threshold_50_15min,717190,2026-05-08 07:40:00,2026-05-08 08:05:00,30,6,True,True,False,False,45.7,37.6,58.0,596.0,0.142
Threshold_50_15min,717190,2026-05-08 12:25:00,2026-05-08 19:55:00,455,91,True,False,False,True,48.7,22.0,55.3,572.0,0.1502
Threshold_50_15min,717190,2026-05-09 12:25:00,2026-05-09 19:40:00,440,88,True,True,False,False,49.4,18.3,58.0,539.0,0.1147
Threshold_50_15min,717190,2026-05-11 07:40:00,2026-05-11 08:15:00,40,8,True,True,False,False,42.1,37.0,54.4,541.0,0.1652
Threshold_50_15min,717190,2026-05-11 14:20:00,2026-05-11 18:25:00,250,50,True,True,False,False,46.4,22.2,51.2,518.0,0.1639
Threshold_50_15min,717190,2026-05-12 13:25:00,2026-05-12 13:35:00,15,3,True,True,False,False,44.2,40.9,60.3,561.0,0.1254
Threshold_50_15min,717190,2026-05-12 14:20:00,2026-05-12 19:00:00,285,57,True,True,False,False,37.0,23.7,50.5,548.0,0.1746
Threshold_50_15min,717190,2026-05-13 07:40:00,2026-05-13 07:55:00,20,4,True,True,False,False,48.4,41.9,50.0,576.0,0.1839
Threshold_50_15min,717190,2026-05-13 13:05:00,2026-05-13 18:35:00,335,67,True,True,False,False,48.8,22.2,54.1,542.0,0.1463
Threshold_50_15min,717190,2026-05-14 07:40:00,2026-05-14 08:50:00,75,15,True,True,False,False,47.3,32.7,58.9,569.0,0.1426
Threshold_50_15min,717190,2026-05-14 13:00:00,2026-05-14 19:10:00,375,75,True,True,False,False,42.1,24.0,50.5,508.0,0.1609
Threshold_50_15min,717190,2026-05-15 07:45:00,2026-05-15 08:05:00,25,5,True,True,False,False,48.7,41.3,50.7,583.0,0.1564
Threshold_50_15min,717190,2026-05-15 13:00:00,2026-05-15 19:35:00,400,80,True,True,False,False,43.8,20.3,54.8,566.0,0.1424
Threshold_50_15min,717190,2026-05-16 14:40:00,2026-05-16 15:30:00,55,11,True,True,False,False,39.8,27.0,52.7,568.0,0.1498
Threshold_50_15min,717190,2026-05-16 16:20:00,2026-05-16 18:35:00,140,28,True,True,False,False,42.8,24.4,56.1,554.0,0.1276
Threshold_50_15min,717190,2026-05-18 07:40:00,2026-05-18 08:10:00,35,7,True,True,False,False,47.3,37.4,57.1,595.0,0.1536
Threshold_50_15min,717190,2026-05-18 12:05:00,2026-05-18 12:20:00,20,4,True,True,False,False,47.3,36.4,55.8,418.0,0.1026
Threshold_50_15min,717190,2026-05-18 12:55:00,2026-05-18 13:10:00,20,4,True,True,False,False,49.1,39.7,56.6,504.0,0.1214
Threshold_50_15min,717190,2026-05-18 13:40:00,2026-05-18 19:15:00,340,68,True,True,False,False,44.7,16.3,53.6,523.0,0.1434
Threshold_50_15min,717190,2026-05-19 13:55:00,2026-05-19 16:05:00,135,27,True,True,False,False,44.1,24.8,50.3,519.0,0.1336
Threshold_50_15min,717190,2026-05-19 17:05:00,2026-05-19 18:45:00,105,21,True,True,False,False,47.0,28.1,56.9,504.0,0.1268
Threshold_50_15min,717190,2026-05-20 07:40:00,2026-05-20 08:25:00,50,10,True,True,False,False,43.5,33.4,52.6,584.0,0.1459
Threshold_50_15min,717190,2026-05-20 12:55:00,2026-05-20 13:55:00,65,13,True,True,False,False,42.9,15.9,54.2,431.0,0.1091
Threshold_50_15min,717190,2026-05-20 15:05:00,2026-05-20 19:00:00,240,48,True,True,False,False,47.6,22.1,55.9,540.0,0.1449
Threshold_50_15min,717190,2026-05-20 19:10:00,2026-05-20 19:30:00,25,5,True,True,False,False,49.8,44.5,50.0,481.0,0.1212
Threshold_50_15min,717190,2026-05-21 07:40:00,2026-05-21 08:00:00,25,5,True,True,False,False,42.5,42.5,52.0,552.0,0.1678
Threshold_50_15min,717190,2026-05-21 12:10:00,2026-05-21 12:25:00,20,4,True,True,False,False,48.3,39.8,59.4,440.0,0.1052
Threshold_50_15min,717190,2026-05-21 13:15:00,2026-05-21 19:35:00,385,77,True,True,False,False,41.5,19.4,58.1,507.0,0.1197
Threshold_50_15min,717190,2026-05-22 10:55:00,2026-05-22 19:45:00,535,107,True,True,False,False,48.3,21.5,53.8,500.0,0.1335
Threshold_50_15min,717190,2026-05-23 12:25:00,2026-05-23 19:05:00,405,81,True,True,False,False,46.5,20.8,53.9,545.0,0.1389
Threshold_50_15min,717190,2026-05-28 13:40:00,2026-05-28 18:45:00,310,62,False,True,True,False,31.5,24.8,,,
Threshold_50_15min,717190,2026-05-29 08:05:00,2026-05-29 08:30:00,30,6,True,True,False,False,45.9,35.5,52.6,489.0,0.1654
Threshold_50_15min,717190,2026-05-29 12:25:00,2026-05-29 19:05:00,405,81,True,True,False,False,49.7,25.3,58.1,551.0,0.1328
Threshold_50_15min,717190,2026-05-30 14:05:00,2026-05-30 18:55:00,295,59,True,True,False,False,40.6,21.4,50.2,564.0,0.146
Threshold_50_15min,717190,2026-05-31 14:05:00,2026-05-31 15:30:00,90,18,True,True,False,False,47.4,19.0,62.3,477.0,0.0893
Threshold_50_15min,717195,2026-02-02 11:55:00,2026-02-02 18:50:00,420,84,True,True,False,False,44.2,18.7,54.1,474.0,0.1309
Threshold_50_15min,717195,2026-02-03 07:45:00,2026-02-03 08:35:00,55,11,True,True,False,False,43.6,30.4,53.9,545.0,0.1419
Threshold_50_15min,717195,2026-02-03 13:20:00,2026-02-03 14:10:00,55,11,True,True,False,False,49.0,33.6,58.4,507.0,0.1161
Threshold_50_15min,717195,2026-02-03 14:20:00,2026-02-03 16:20:00,125,25,True,True,False,False,46.4,31.4,50.3,498.0,0.1346
Threshold_50_15min,717195,2026-02-03 17:00:00,2026-02-03 18:50:00,115,23,True,True,False,False,46.2,35.2,52.5,527.0,0.1541
Threshold_50_15min,717195,2026-02-03 19:10:00,2026-02-03 19:20:00,15,3,True,True,False,False,46.5,46.5,52.2,492.0,0.1299
Threshold_50_15min,717195,2026-02-03 19:35:00,2026-02-03 19:55:00,25,5,True,False,False,True,47.9,44.4,51.7,501.0,0.1348
Threshold_50_15min,717195,2026-02-04 07:40:00,2026-02-04 08:30:00,55,11,True,True,False,False,46.9,36.0,57.8,561.0,0.1325
Threshold_50_15min,717195,2026-02-04 09:40:00,2026-02-04 09:55:00,20,4,True,True,False,False,48.5,44.9,56.5,561.0,0.1385
Threshold_50_15min,717195,2026-02-04 13:00:00,2026-02-04 13:15:00,20,4,True,True,False,False,49.7,39.3,54.9,530.0,0.1341
Threshold_50_15min,717195,2026-02-04 13:25:00,2026-02-04 13:45:00,25,5,True,True,False,False,48.6,43.3,50.0,487.0,0.1309
Threshold_50_15min,717195,2026-02-04 14:05:00,2026-02-04 19:25:00,325,65,True,True,False,False,49.8,22.6,52.5,519.0,0.1274
Threshold_50_15min,717195,2026-02-05 14:00:00,2026-02-05 15:20:00,85,17,True,True,False,False,46.9,31.5,55.1,518.0,0.1263
Threshold_50_15min,717195,2026-02-05 16:40:00,2026-02-05 18:25:00,110,22,True,True,False,False,49.7,38.6,50.1,516.0,0.1366
Threshold_50_15min,717195,2026-02-05 18:50:00,2026-02-05 19:10:00,25,5,True,True,False,False,46.9,43.6,51.2,501.0,0.1244
Threshold_50_15min,717195,2026-02-06 07:40:00,2026-02-06 08:15:00,40,8,True,True,False,False,44.2,35.1,54.9,554.0,0.1393
Threshold_50_15min,717195,2026-02-06 12:40:00,2026-02-06 18:50:00,375,75,True,True,False,False,46.0,30.0,51.6,526.0,0.1411
Threshold_50_15min,717195,2026-02-06 19:05:00,2026-02-06 19:20:00,20,4,True,True,False,False,49.5,45.2,52.0,525.0,0.1322
Threshold_50_15min,717195,2026-02-07 13:25:00,2026-02-07 13:50:00,30,6,True,True,False,False,47.0,38.3,56.6,562.0,0.1275
Threshold_50_15min,717195,2026-02-07 14:10:00,2026-02-07 18:05:00,240,48,True,True,False,False,47.2,32.0,51.4,518.0,0.122
Threshold_50_15min,717195,2026-02-07 18:20:00,2026-02-07 18:40:00,25,5,True,True,False,False,43.9,43.9,50.8,412.0,0.3474
Threshold_50_15min,717195,2026-02-10 07:35:00,2026-02-10 08:10:00,40,8,True,True,False,False,43.6,37.4,51.2,548.0,0.1906
Threshold_50_15min,717195,2026-02-10 13:30:00,2026-02-10 14:40:00,75,15,True,True,False,False,46.7,39.0,50.8,571.0,0.1467
Threshold_50_15min,717195,2026-02-10 14:55:00,2026-02-10 16:50:00,120,24,True,True,False,False,48.2,37.0,51.8,519.0,0.1371
Threshold_50_15min,717195,2026-02-10 17:00:00,2026-02-10 19:00:00,125,25,True,True,False,False,47.0,33.1,50.0,504.0,0.1314
Threshold_50_15min,717195,2026-02-11 07:30:00,2026-02-11 08:10:00,45,9,True,True,False,False,43.7,34.0,56.1,521.0,0.1332
Threshold_50_15min,717195,2026-02-11 13:40:00,2026-02-11 14:20:00,45,9,True,True,False,False,48.0,39.4,51.7,573.0,0.1631
Threshold_50_15min,717195,2026-02-11 14:30:00,2026-02-11 15:15:00,50,10,True,True,False,False,49.9,39.6,50.9,543.0,0.1336
Threshold_50_15min,717195,2026-02-11 15:40:00,2026-02-11 16:05:00,30,6,True,True,False,False,48.5,37.1,50.3,547.0,0.153
Threshold_50_15min,717195,2026-02-11 16:30:00,2026-02-11 19:00:00,155,31,True,True,False,False,43.1,36.9,52.0,503.0,0.1299
Threshold_50_15min,717195,2026-02-12 07:45:00,2026-02-12 08:50:00,70,14,True,True,False,False,47.2,32.1,56.2,559.0,0.1271
Threshold_50_15min,717195,2026-02-12 13:40:00,2026-02-12 19:30:00,355,71,True,True,False,False,42.5,32.5,54.3,537.0,0.1298
Threshold_50_15min,717195,2026-02-13 07:40:00,2026-02-13 07:50:00,15,3,True,True,False,False,47.2,40.8,56.7,569.0,0.1344
Threshold_50_15min,717195,2026-02-13 11:40:00,2026-02-13 11:55:00,20,4,True,True,False,False,45.5,45.1,53.0,525.0,0.1368
Threshold_50_15min,717195,2026-02-13 12:15:00,2026-02-13 15:35:00,205,41,True,True,False,False,48.2,34.6,50.1,516.0,0.1361
Threshold_50_15min,717195,2026-02-13 16:15:00,2026-02-13 18:25:00,135,27,True,True,False,False,46.7,36.4,55.1,528.0,0.1365
Threshold_50_15min,717195,2026-02-13 18:45:00,2026-02-13 18:55:00,15,3,True,True,False,False,49.5,47.1,53.1,474.0,0.1153
Threshold_50_15min,717195,2026-02-13 19:05:00,2026-02-13 19:15:00,15,3,True,True,False,False,49.7,47.0,50.1,504.0,0.1283
Threshold_50_15min,717195,2026-02-13 19:25:00,2026-02-13 19:55:00,35,7,True,False,False,True,45.7,41.1,51.0,491.0,0.1209
Threshold_50_15min,717195,2026-02-14 09:30:00,2026-02-14 09:55:00,30,6,True,True,False,False,35.5,25.9,50.6,363.0,0.1094
Threshold_50_15min,717195,2026-02-14 10:35:00,2026-02-14 10:45:00,15,3,True,True,False,False,47.7,36.6,62.9,524.0,0.0992
Threshold_50_15min,717195,2026-02-14 12:20:00,2026-02-14 12:40:00,25,5,True,True,False,False,43.7,38.8,53.3,539.0,0.115
Threshold_50_15min,717195,2026-02-14 14:35:00,2026-02-14 15:30:00,60,12,True,True,False,False,41.4,35.1,51.1,530.0,0.1214
Threshold_50_15min,717195,2026-02-14 15:55:00,2026-02-14 16:10:00,20,4,True,True,False,False,49.9,45.8,50.6,535.0,0.1229
Threshold_50_15min,717195,2026-02-14 16:30:00,2026-02-14 17:05:00,40,8,True,True,False,False,42.2,37.1,51.9,550.0,0.1258
Threshold_50_15min,717195,2026-02-14 17:50:00,2026-02-14 18:15:00,30,6,True,True,False,False,43.0,41.0,53.0,545.0,0.131
Threshold_50_15min,717195,2026-02-16 09:15:00,2026-02-16 10:15:00,65,13,True,True,False,False,47.7,42.2,51.3,394.0,0.1782
Threshold_50_15min,717195,2026-02-16 10:30:00,2026-02-16 16:00:00,335,67,True,True,False,False,44.1,26.9,51.1,336.0,0.2002
Threshold_50_15min,717195,2026-02-16 17:05:00,2026-02-16 17:40:00,40,8,True,True,False,False,49.1,34.2,51.3,439.0,0.1234
Threshold_50_15min,717195,2026-02-17 15:30:00,2026-02-17 15:45:00,20,4,True,True,False,False,48.2,37.0,52.7,501.0,0.139
Threshold_50_15min,717195,2026-02-17 15:55:00,2026-02-17 16:10:00,20,4,True,True,False,False,49.0,41.0,51.8,571.0,0.1289
Threshold_50_15min,717195,2026-02-17 16:25:00,2026-02-17 18:05:00,105,21,True,True,False,False,48.3,35.7,51.1,561.0,0.1474
Threshold_50_15min,717195,2026-02-18 07:30:00,2026-02-18 08:35:00,70,14,True,True,False,False,44.1,14.4,62.7,618.0,0.1289
Threshold_50_15min,717195,2026-02-18 13:25:00,2026-02-18 13:45:00,25,5,True,True,False,False,48.2,39.5,52.1,546.0,0.1445
Threshold_50_15min,717195,2026-02-18 14:10:00,2026-02-18 14:55:00,50,10,True,True,False,False,44.7,40.6,52.4,570.0,0.1497
Threshold_50_15min,717195,2026-02-18 15:25:00,2026-02-18 16:05:00,45,9,True,True,False,False,49.6,33.9,52.0,516.0,0.1296
Threshold_50_15min,717195,2026-02-18 16:15:00,2026-02-18 18:45:00,155,31,True,True,False,False,49.4,35.2,50.1,524.0,0.1319
Threshold_50_15min,717195,2026-02-20 12:55:00,2026-02-20 13:05:00,15,3,True,True,False,False,42.9,40.7,51.9,530.0,0.1501
Threshold_50_15min,717195,2026-02-20 13:40:00,2026-02-20 15:20:00,105,21,True,True,False,False,49.0,36.6,50.4,535.0,0.1363
Threshold_50_15min,717195,2026-02-20 15:50:00,2026-02-20 18:50:00,185,37,True,True,False,False,47.0,33.7,52.0,531.0,0.1381
Threshold_50_15min,717195,2026-02-20 19:10:00,2026-02-20 19:25:00,20,4,True,True,False,False,49.5,46.1,50.8,537.0,0.1361
Threshold_50_15min,717195,2026-02-21 13:30:00,2026-02-21 16:10:00,165,33,True,True,False,False,49.1,34.8,59.3,570.0,0.1182
Threshold_50_15min,717195,2026-02-21 16:45:00,2026-02-21 18:25:00,105,21,True,True,False,False,48.6,36.7,52.1,527.0,0.12
Threshold_50_15min,717195,2026-02-23 07:55:00,2026-02-23 08:05:00,15,3,True,True,False,False,46.2,45.2,54.0,582.0,0.1376
Threshold_50_15min,717195,2026-02-23 08:25:00,2026-02-23 09:00:00,40,8,True,True,False,False,45.1,38.2,51.2,595.0,0.1539
Threshold_50_15min,717195,2026-02-23 13:40:00,2026-02-23 18:50:00,315,63,True,True,False,False,46.7,27.8,50.4,510.0,0.13
Threshold_50_15min,717195,2026-02-24 07:20:00,2026-02-24 08:55:00,100,20,True,True,False,False,49.4,29.0,60.5,513.0,0.1202
Threshold_50_15min,717195,2026-02-24 12:30:00,2026-02-24 12:40:00,15,3,True,True,False,False,49.1,43.9,55.6,526.0,0.1354
Threshold_50_15min,717195,2026-02-24 12:55:00,2026-02-24 17:00:00,250,50,True,True,False,False,48.4,32.8,50.9,540.0,0.1426
Threshold_50_15min,717195,2026-02-24 17:45:00,2026-02-24 19:55:00,135,27,True,False,False,True,48.0,36.7,51.2,489.0,0.1265
Threshold_50_15min,717195,2026-02-25 08:10:00,2026-02-25 08:25:00,20,4,True,True,False,False,46.5,38.1,54.7,551.0,0.1382
Threshold_50_15min,717195,2026-02-25 13:20:00,2026-02-25 13:50:00,35,7,True,True,False,False,48.2,44.0,54.8,498.0,0.1323
Threshold_50_15min,717195,2026-02-25 14:00:00,2026-02-25 18:40:00,285,57,True,True,False,False,45.9,34.4,50.1,501.0,0.1335
Threshold_50_15min,717195,2026-02-25 19:00:00,2026-02-25 19:40:00,45,9,True,True,False,False,47.3,41.2,51.6,476.0,0.1201
Threshold_50_15min,717195,2026-02-26 07:30:00,2026-02-26 08:45:00,80,16,True,True,False,False,40.2,34.1,54.6,557.0,0.1411
Threshold_50_15min,717195,2026-02-26 12:55:00,2026-02-26 19:25:00,395,79,True,True,False,False,49.2,20.2,50.7,514.0,0.1325
Threshold_50_15min,717195,2026-02-27 13:10:00,2026-02-27 19:55:00,410,82,True,False,False,True,48.9,36.3,58.7,281.0,0.0635
Threshold_50_15min,717195,2026-03-02 06:00:00,2026-03-02 06:15:00,20,4,True,True,False,False,36.5,32.3,50.8,0.0,0.0
Threshold_50_15min,717195,2026-03-02 07:40:00,2026-03-02 08:35:00,60,12,True,True,False,False,46.7,32.9,53.6,520.0,0.1266
Threshold_50_15min,717195,2026-03-02 12:00:00,2026-03-02 12:40:00,45,9,True,True,False,False,40.9,34.9,50.3,491.0,0.1278
Threshold_50_15min,717195,2026-03-02 13:05:00,2026-03-02 19:20:00,380,76,True,True,False,False,40.3,29.9,50.9,548.0,0.1325
Threshold_50_15min,717195,2026-03-03 07:45:00,2026-03-03 08:25:00,45,9,True,True,False,False,44.4,33.7,56.4,567.0,0.1467
Threshold_50_15min,717195,2026-03-03 08:45:00,2026-03-03 10:45:00,125,25,True,True,False,False,41.7,32.1,53.9,554.0,0.1343
Threshold_50_15min,717195,2026-03-03 10:55:00,2026-03-03 11:10:00,20,4,True,True,False,False,48.8,47.7,50.4,484.0,0.1305
Threshold_50_15min,717195,2026-03-03 11:20:00,2026-03-03 11:40:00,25,5,True,True,False,False,47.4,35.3,50.1,461.0,0.1265
Threshold_50_15min,717195,2026-03-03 12:00:00,2026-03-03 19:45:00,470,94,True,True,False,False,49.3,16.8,53.2,513.0,0.1432
Threshold_50_15min,717195,2026-03-04 07:40:00,2026-03-04 10:10:00,155,31,True,True,False,False,47.3,30.8,58.5,564.0,0.1316
Threshold_50_15min,717195,2026-03-04 10:40:00,2026-03-04 17:15:00,400,80,True,True,False,False,49.2,32.6,51.3,528.0,0.1561
Threshold_50_15min,717195,2026-03-04 17:35:00,2026-03-04 19:40:00,130,26,True,True,False,False,47.6,31.0,52.0,574.0,0.148
Threshold_50_15min,717195,2026-03-05 07:45:00,2026-03-05 08:25:00,45,9,True,True,False,False,43.5,35.4,54.3,555.0,0.128
Threshold_50_15min,717195,2026-03-05 08:45:00,2026-03-05 10:00:00,80,16,True,True,False,False,47.1,37.4,51.1,575.0,0.1611
Threshold_50_15min,717195,2026-03-05 10:20:00,2026-03-05 10:30:00,15,3,True,True,False,False,44.0,44.0,50.1,537.0,0.1563
Threshold_50_15min,717195,2026-03-05 10:50:00,2026-03-05 19:00:00,495,99,True,True,False,False,46.1,20.3,50.6,511.0,0.1428
Threshold_50_15min,717195,2026-03-05 19:10:00,2026-03-05 19:55:00,50,10,True,False,False,True,49.5,40.3,50.7,523.0,0.13
Threshold_50_15min,717195,2026-03-06 07:50:00,2026-03-06 08:50:00,65,13,True,True,False,False,40.8,40.8,50.8,554.0,0.1311
Threshold_50_15min,717195,2026-03-06 10:40:00,2026-03-06 11:00:00,25,5,True,True,False,False,45.3,41.2,50.4,524.0,0.1254
Threshold_50_15min,717195,2026-03-06 11:15:00,2026-03-06 18:00:00,410,82,True,True,False,False,47.5,18.1,50.1,520.0,0.1295
Threshold_50_15min,717195,2026-03-06 18:10:00,2026-03-06 18:50:00,45,9,True,True,False,False,48.6,43.4,50.0,538.0,0.1231
Threshold_50_15min,717195,2026-03-06 19:05:00,2026-03-06 19:55:00,55,11,True,False,False,True,48.3,44.1,50.9,523.0,0.1201
Threshold_50_15min,717195,2026-03-07 14:25:00,2026-03-07 18:20:00,240,48,True,True,False,False,45.8,33.7,53.1,543.0,0.1297
Threshold_50_15min,717195,2026-03-08 19:30:00,2026-03-08 19:50:00,25,5,True,True,False,False,48.2,44.3,56.1,387.0,0.1849
Threshold_50_15min,717195,2026-03-10 07:40:00,2026-03-10 08:40:00,65,13,True,True,False,False,44.4,32.3,50.2,518.0,0.172
Threshold_50_15min,717195,2026-03-10 13:55:00,2026-03-10 17:05:00,195,39,True,True,False,False,44.8,32.7,55.4,558.0,0.1364
Threshold_50_15min,717195,2026-03-10 17:55:00,2026-03-10 19:05:00,75,15,True,True,False,False,49.0,37.8,51.2,534.0,0.1387
Threshold_50_15min,717195,2026-03-11 07:35:00,2026-03-11 08:25:00,55,11,True,True,False,False,46.5,30.7,55.6,555.0,0.1471
Threshold_50_15min,717195,2026-03-11 08:45:00,2026-03-11 08:55:00,15,3,True,True,False,False,47.3,42.6,53.9,552.0,0.1357
Threshold_50_15min,717195,2026-03-11 12:55:00,2026-03-11 13:05:00,15,3,True,True,False,False,48.2,41.9,53.8,510.0,0.1297
Threshold_50_15min,717195,2026-03-11 14:35:00,2026-03-11 18:30:00,240,48,True,True,False,False,46.5,33.6,52.2,526.0,0.1405
Threshold_50_15min,717195,2026-03-11 19:00:00,2026-03-11 19:35:00,40,8,True,True,False,False,49.6,39.6,51.9,520.0,0.1376
Threshold_50_15min,717195,2026-03-12 07:35:00,2026-03-12 08:35:00,65,13,True,True,False,False,49.0,33.1,58.7,509.0,0.1191
Threshold_50_15min,717195,2026-03-12 10:55:00,2026-03-12 11:05:00,15,3,True,True,False,False,47.9,43.0,50.1,566.0,0.1627
Threshold_50_15min,717195,2026-03-12 13:10:00,2026-03-12 18:10:00,305,61,True,True,False,False,39.0,31.9,50.3,549.0,0.1616
Threshold_50_15min,717195,2026-03-12 18:30:00,2026-03-12 19:10:00,45,9,True,True,False,False,47.9,36.0,50.8,504.0,0.131
Threshold_50_15min,717195,2026-03-13 07:30:00,2026-03-13 08:40:00,75,15,True,True,False,False,41.9,29.6,53.0,513.0,0.1167
Threshold_50_15min,717195,2026-03-13 11:05:00,2026-03-13 11:15:00,15,3,True,True,False,False,47.9,47.9,52.3,495.0,0.1204
Threshold_50_15min,717195,2026-03-13 11:40:00,2026-03-13 18:40:00,425,85,True,True,False,False,41.0,13.8,52.1,418.0,0.0919
Threshold_50_15min,717195,2026-03-13 18:55:00,2026-03-13 19:30:00,40,8,True,True,False,False,49.5,41.7,50.0,508.0,0.1242
Threshold_50_15min,717195,2026-03-13 19:45:00,2026-03-13 19:55:00,15,3,True,False,False,True,48.1,43.7,50.5,414.0,0.3341
Threshold_50_15min,717195,2026-03-15 15:20:00,2026-03-15 15:30:00,15,3,True,True,False,False,49.8,44.9,50.8,550.0,0.1352
Threshold_50_15min,717195,2026-03-16 07:40:00,2026-03-16 08:30:00,55,11,True,True,False,False,42.0,36.8,51.9,509.0,0.1167
Threshold_50_15min,717195,2026-03-16 13:55:00,2026-03-16 19:15:00,325,65,True,True,False,False,48.8,32.1,50.6,534.0,0.1335
Threshold_50_15min,717195,2026-03-17 07:35:00,2026-03-17 08:30:00,60,12,True,True,False,False,47.3,40.2,59.1,550.0,0.1269
Threshold_50_15min,717195,2026-03-17 12:30:00,2026-03-17 13:00:00,35,7,True,True,False,False,46.9,20.1,55.9,546.0,0.137
Threshold_50_15min,717195,2026-03-17 13:55:00,2026-03-17 17:40:00,230,46,True,True,False,False,47.4,18.3,52.8,507.0,0.1341
Threshold_50_15min,717195,2026-03-17 17:50:00,2026-03-17 18:15:00,30,6,True,True,False,False,48.7,43.4,50.1,509.0,0.1274
Threshold_50_15min,717195,2026-03-17 18:25:00,2026-03-17 19:40:00,80,16,True,True,False,False,49.6,44.0,50.6,516.0,0.1311
Threshold_50_15min,717195,2026-03-18 07:40:00,2026-03-18 08:30:00,55,11,True,True,False,False,49.8,39.4,53.4,541.0,0.1425
Threshold_50_15min,717195,2026-03-18 12:40:00,2026-03-18 17:00:00,265,53,True,True,False,False,48.2,20.9,50.4,509.0,0.1357
Threshold_50_15min,717195,2026-03-18 17:15:00,2026-03-18 18:50:00,100,20,True,True,False,False,47.0,35.0,54.5,509.0,0.1232
Threshold_50_15min,717195,2026-03-19 07:45:00,2026-03-19 08:25:00,45,9,True,True,False,False,44.9,35.2,51.5,563.0,0.1559
Threshold_50_15min,717195,2026-03-19 10:35:00,2026-03-19 11:25:00,55,11,True,True,False,False,34.8,10.8,52.9,454.0,0.1345
Threshold_50_15min,717195,2026-03-19 13:20:00,2026-03-19 19:20:00,365,73,True,True,False,False,48.8,30.5,51.0,523.0,0.1401
Threshold_50_15min,717195,2026-03-20 07:35:00,2026-03-20 08:30:00,60,12,True,True,False,False,48.1,35.2,56.7,516.0,0.1033
Threshold_50_15min,717195,2026-03-20 12:10:00,2026-03-20 19:30:00,445,89,True,True,False,False,49.6,25.7,52.6,528.0,0.122
Threshold_50_15min,717195,2026-03-21 12:50:00,2026-03-21 13:00:00,15,3,True,True,False,False,46.4,46.4,52.7,588.0,0.1285
Threshold_50_15min,717195,2026-03-21 14:35:00,2026-03-21 14:50:00,20,4,True,True,False,False,43.8,43.8,54.0,545.0,0.1253
Threshold_50_15min,717195,2026-03-21 15:15:00,2026-03-21 16:00:00,50,10,True,True,False,False,49.9,35.9,51.5,498.0,0.1168
Threshold_50_15min,717195,2026-03-21 16:25:00,2026-03-21 16:50:00,30,6,True,True,False,False,42.8,35.4,50.7,550.0,0.1333
Threshold_50_15min,717195,2026-03-21 17:10:00,2026-03-21 17:20:00,15,3,True,True,False,False,47.9,47.9,50.7,529.0,0.129
Threshold_50_15min,717195,2026-03-21 18:05:00,2026-03-21 18:25:00,25,5,True,True,False,False,47.4,46.5,51.4,568.0,0.1406
Threshold_50_15min,717195,2026-03-22 13:00:00,2026-03-22 13:55:00,60,12,True,True,False,False,46.8,21.4,56.9,411.0,0.0902
Threshold_50_15min,717195,2026-03-23 07:40:00,2026-03-23 08:35:00,60,12,True,True,False,False,41.2,33.2,54.6,587.0,0.1388
Threshold_50_15min,717195,2026-03-23 12:40:00,2026-03-23 12:55:00,20,4,True,True,False,False,47.6,46.7,50.7,476.0,0.12
Threshold_50_15min,717195,2026-03-23 13:30:00,2026-03-23 15:50:00,145,29,True,True,False,False,49.7,30.7,51.7,504.0,0.1281
Threshold_50_15min,717195,2026-03-23 16:00:00,2026-03-23 19:15:00,200,40,True,True,False,False,49.4,29.8,50.5,452.0,0.1004
Threshold_50_15min,717195,2026-03-24 08:50:00,2026-03-24 09:00:00,15,3,True,True,False,False,49.1,40.7,54.0,537.0,0.1352
Threshold_50_15min,717195,2026-03-24 13:30:00,2026-03-24 19:25:00,360,72,True,True,False,False,48.9,35.6,52.6,518.0,0.1373
Threshold_50_15min,717195,2026-03-25 07:45:00,2026-03-25 08:05:00,25,5,True,True,False,False,41.7,41.7,52.0,576.0,0.1492
Threshold_50_15min,717195,2026-03-25 08:35:00,2026-03-25 08:45:00,15,3,True,True,False,False,49.2,42.2,51.4,560.0,0.1409
Threshold_50_15min,717195,2026-03-25 08:55:00,2026-03-25 09:05:00,15,3,True,True,False,False,46.8,45.7,50.3,512.0,0.1324
Threshold_50_15min,717195,2026-03-25 09:30:00,2026-03-25 09:40:00,15,3,True,True,False,False,44.4,41.3,52.3,539.0,0.131
Threshold_50_15min,717195,2026-03-25 14:05:00,2026-03-25 15:30:00,90,18,True,True,False,False,48.6,38.7,53.0,522.0,0.1368
Threshold_50_15min,717195,2026-03-25 15:40:00,2026-03-25 18:10:00,155,31,True,True,False,False,47.7,14.6,50.1,538.0,0.1295
Threshold_50_15min,717195,2026-03-25 18:25:00,2026-03-25 19:00:00,40,8,True,True,False,False,48.0,40.9,50.8,497.0,0.1323
Threshold_50_15min,717195,2026-03-26 07:40:00,2026-03-26 07:50:00,15,3,True,True,False,False,47.8,45.6,59.9,593.0,0.1389
Threshold_50_15min,717195,2026-03-26 08:05:00,2026-03-26 08:25:00,25,5,True,True,False,False,45.1,41.5,53.8,542.0,0.1284
Threshold_50_15min,717195,2026-03-26 08:45:00,2026-03-26 09:05:00,25,5,True,True,False,False,48.8,39.2,54.3,565.0,0.1381
Threshold_50_15min,717195,2026-03-26 13:40:00,2026-03-26 19:45:00,370,74,True,True,False,False,49.5,32.1,52.4,502.0,0.135
Threshold_50_15min,717195,2026-03-27 07:40:00,2026-03-27 08:40:00,65,13,True,True,False,False,39.1,34.7,50.0,519.0,0.1579
Threshold_50_15min,717195,2026-03-27 09:30:00,2026-03-27 09:45:00,20,4,True,True,False,False,47.8,39.7,54.9,534.0,0.1491
Threshold_50_15min,717195,2026-03-27 12:45:00,2026-03-27 13:10:00,30,6,True,True,False,False,48.9,39.0,52.0,540.0,0.1505
Threshold_50_15min,717195,2026-03-27 13:20:00,2026-03-27 15:35:00,140,28,True,True,False,False,44.6,36.8,50.0,521.0,0.1404
Threshold_50_15min,717195,2026-03-27 15:55:00,2026-03-27 17:10:00,80,16,True,True,False,False,48.1,38.6,52.8,545.0,0.1407
Threshold_50_15min,717195,2026-03-27 18:20:00,2026-03-27 19:55:00,100,20,True,False,False,True,44.1,31.9,52.5,511.0,0.1522
Threshold_50_15min,717195,2026-03-28 15:45:00,2026-03-28 17:40:00,120,24,True,True,False,False,49.2,41.3,50.8,501.0,0.1232
Threshold_50_15min,717195,2026-03-28 17:55:00,2026-03-28 18:10:00,20,4,True,True,False,False,38.2,34.2,50.2,531.0,0.1305
Threshold_50_15min,717195,2026-03-30 11:35:00,2026-03-30 11:45:00,15,3,True,True,False,False,47.0,43.8,60.3,524.0,0.1165
Threshold_50_15min,717195,2026-03-30 13:15:00,2026-03-30 13:40:00,30,6,True,True,False,False,49.6,44.8,54.3,562.0,0.1438
Threshold_50_15min,717195,2026-03-30 13:50:00,2026-03-30 17:50:00,245,49,True,True,False,False,49.1,30.8,50.0,514.0,0.1321
Threshold_50_15min,717195,2026-03-31 14:45:00,2026-03-31 15:25:00,45,9,True,True,False,False,43.4,37.4,50.9,570.0,0.1669
Threshold_50_15min,717195,2026-03-31 16:20:00,2026-03-31 16:30:00,15,3,True,True,False,False,42.1,42.1,51.3,574.0,0.1608
Threshold_50_15min,717195,2026-04-01 15:30:00,2026-04-01 16:05:00,40,8,True,True,False,False,46.4,34.1,50.3,492.0,0.1388
Threshold_50_15min,717195,2026-04-01 16:25:00,2026-04-01 16:50:00,30,6,True,True,False,False,49.6,39.5,53.3,522.0,0.1303
Threshold_50_15min,717195,2026-04-01 17:05:00,2026-04-01 17:15:00,15,3,True,True,False,False,49.9,47.2,51.3,522.0,0.1352
Threshold_50_15min,717195,2026-04-01 18:10:00,2026-04-01 18:25:00,20,4,True,True,False,False,48.9,43.0,51.7,522.0,0.1324
Threshold_50_15min,717195,2026-04-01 18:35:00,2026-04-01 18:55:00,25,5,True,True,False,False,43.4,37.9,50.0,542.0,0.1409
Threshold_50_15min,717195,2026-04-02 12:10:00,2026-04-02 12:40:00,35,7,True,True,False,False,49.4,40.4,55.7,554.0,0.1436
Threshold_50_15min,717195,2026-04-02 13:55:00,2026-04-02 14:45:00,55,11,True,True,False,False,46.0,36.9,50.6,515.0,0.1507
Threshold_50_15min,717195,2026-04-02 15:10:00,2026-04-02 16:05:00,60,12,True,True,False,False,45.2,39.6,51.9,566.0,0.1456
Threshold_50_15min,717195,2026-04-02 16:45:00,2026-04-02 17:00:00,20,4,True,True,False,False,45.1,44.8,55.8,585.0,0.139
Threshold_50_15min,717195,2026-04-02 17:10:00,2026-04-02 18:05:00,60,12,True,True,False,False,48.6,40.8,50.0,574.0,0.1515
Threshold_50_15min,717195,2026-04-02 18:20:00,2026-04-02 18:55:00,40,8,True,True,False,False,49.3,36.0,51.0,497.0,0.1336
Threshold_50_15min,717195,2026-04-03 12:25:00,2026-04-03 12:40:00,20,4,True,True,False,False,45.3,39.6,55.5,558.0,0.1418
Threshold_50_15min,717195,2026-04-03 13:45:00,2026-04-03 14:55:00,75,15,True,True,False,False,45.6,41.7,52.0,532.0,0.1378
Threshold_50_15min,717195,2026-04-03 16:40:00,2026-04-03 17:15:00,40,8,True,True,False,False,48.9,43.7,51.5,547.0,0.1459
Threshold_50_15min,717195,2026-04-03 17:45:00,2026-04-03 17:55:00,15,3,True,True,False,False,49.5,45.4,53.0,528.0,0.1333
Threshold_50_15min,717195,2026-04-04 15:05:00,2026-04-04 16:00:00,60,12,True,True,False,False,45.6,20.6,52.5,520.0,0.1255
Threshold_50_15min,717195,2026-04-04 16:15:00,2026-04-04 16:25:00,15,3,True,True,False,False,46.7,41.1,50.6,534.0,0.1295
Threshold_50_15min,717195,2026-04-05 13:25:00,2026-04-05 13:35:00,15,3,True,True,False,False,48.0,47.2,55.6,545.0,0.1235
Threshold_50_15min,717195,2026-04-06 07:50:00,2026-04-06 08:20:00,35,7,True,True,False,False,45.7,29.4,60.1,604.0,0.1292
Threshold_50_15min,717195,2026-04-06 13:00:00,2026-04-06 16:40:00,225,45,True,True,False,False,45.1,20.9,56.3,538.0,0.129
Threshold_50_15min,717195,2026-04-06 17:20:00,2026-04-06 18:40:00,85,17,True,True,False,False,42.5,32.4,50.5,533.0,0.1397
Threshold_50_15min,717195,2026-04-07 07:40:00,2026-04-07 08:20:00,45,9,True,True,False,False,47.3,35.6,54.7,550.0,0.1414
Threshold_50_15min,717195,2026-04-07 12:40:00,2026-04-07 13:35:00,60,12,True,True,False,False,43.3,36.9,53.6,502.0,0.1341
Threshold_50_15min,717195,2026-04-07 14:25:00,2026-04-07 14:35:00,15,3,True,True,False,False,49.0,46.7,51.0,515.0,0.1358
Threshold_50_15min,717195,2026-04-07 14:45:00,2026-04-07 17:55:00,195,39,True,True,False,False,48.6,33.7,50.3,517.0,0.129
Threshold_50_15min,717195,2026-04-07 18:20:00,2026-04-07 18:30:00,15,3,True,True,False,False,45.8,45.8,50.2,521.0,0.1499
Threshold_50_15min,717195,2026-04-07 18:55:00,2026-04-07 19:10:00,20,4,True,True,False,False,46.5,46.5,50.8,531.0,0.1488
Threshold_50_15min,717195,2026-04-08 08:15:00,2026-04-08 08:25:00,15,3,True,True,False,False,48.4,42.6,51.1,507.0,0.1348
Threshold_50_15min,717195,2026-04-08 13:05:00,2026-04-08 13:15:00,15,3,True,True,False,False,49.7,48.5,56.8,551.0,0.1318
Threshold_50_15min,717195,2026-04-08 13:35:00,2026-04-08 18:15:00,285,57,True,True,False,False,46.4,34.5,53.4,557.0,0.1388
Threshold_50_15min,717195,2026-04-08 18:30:00,2026-04-08 18:40:00,15,3,True,True,False,False,49.8,43.6,52.3,514.0,0.129
Threshold_50_15min,717195,2026-04-09 07:40:00,2026-04-09 08:25:00,50,10,True,True,False,False,42.0,36.7,52.8,556.0,0.1446
Threshold_50_15min,717195,2026-04-09 13:30:00,2026-04-09 15:55:00,150,30,True,True,False,False,45.4,30.6,53.2,597.0,0.1472
Threshold_50_15min,717195,2026-04-09 16:05:00,2026-04-09 17:00:00,60,12,True,True,False,False,48.5,35.2,50.0,538.0,0.1399
Threshold_50_15min,717195,2026-04-09 17:20:00,2026-04-09 18:00:00,45,9,True,True,False,False,49.4,33.0,53.5,554.0,0.1294
Threshold_50_15min,717195,2026-04-10 11:40:00,2026-04-10 14:05:00,150,30,True,True,False,False,48.9,35.8,52.1,454.0,0.124
Threshold_50_15min,717195,2026-04-10 14:15:00,2026-04-10 16:10:00,120,24,True,True,False,False,49.8,39.0,50.0,519.0,0.1378
Threshold_50_15min,717195,2026-04-10 17:30:00,2026-04-10 18:00:00,35,7,True,True,False,False,46.5,40.9,51.4,548.0,0.1461
Threshold_50_15min,717195,2026-04-11 13:25:00,2026-04-11 15:50:00,150,30,True,True,False,False,39.4,33.2,53.5,553.0,0.12
Threshold_50_15min,717195,2026-04-11 16:10:00,2026-04-11 16:45:00,40,8,True,True,False,False,41.7,22.8,51.0,528.0,0.1277
Threshold_50_15min,717195,2026-04-13 14:20:00,2026-04-13 14:35:00,20,4,True,True,False,False,43.4,42.6,52.7,521.0,0.1343
Threshold_50_15min,717195,2026-04-13 14:50:00,2026-04-13 17:10:00,145,29,True,True,False,False,48.4,32.6,50.5,581.0,0.1484
Threshold_50_15min,717195,2026-04-13 17:20:00,2026-04-13 17:40:00,25,5,True,True,False,False,48.5,47.4,51.3,593.0,0.1454
Threshold_50_15min,717195,2026-04-13 18:10:00,2026-04-13 18:30:00,25,5,True,True,False,False,39.9,39.9,51.2,515.0,0.1293
Threshold_50_15min,717195,2026-04-14 07:35:00,2026-04-14 08:00:00,30,6,True,True,False,False,44.2,34.8,62.7,600.0,0.1196
Threshold_50_15min,717195,2026-04-14 12:35:00,2026-04-14 13:40:00,70,14,True,True,False,False,41.3,20.0,55.6,349.0,0.0943
Threshold_50_15min,717195,2026-04-14 14:10:00,2026-04-14 14:55:00,50,10,True,True,False,False,45.7,35.3,53.1,531.0,0.1425
Threshold_50_15min,717195,2026-04-14 15:05:00,2026-04-14 15:30:00,30,6,True,True,False,False,48.4,43.3,50.4,495.0,0.1186
Threshold_50_15min,717195,2026-04-14 15:50:00,2026-04-14 18:55:00,190,38,True,True,False,False,45.6,12.1,54.3,527.0,0.1296
Threshold_50_15min,717195,2026-04-14 19:05:00,2026-04-14 19:20:00,20,4,True,True,False,False,44.9,42.8,50.2,568.0,0.1396
Threshold_50_15min,717195,2026-04-15 06:00:00,2026-04-15 06:35:00,40,8,True,True,False,False,47.1,6.8,54.4,201.0,0.0526
Threshold_50_15min,717195,2026-04-15 08:00:00,2026-04-15 08:15:00,20,4,True,True,False,False,40.4,40.4,51.3,556.0,0.1387
Threshold_50_15min,717195,2026-04-15 13:50:00,2026-04-15 14:25:00,40,8,True,True,False,False,46.6,44.6,55.3,532.0,0.1343
Threshold_50_15min,717195,2026-04-15 14:45:00,2026-04-15 18:50:00,250,50,True,True,False,False,47.4,29.4,50.5,532.0,0.1453
Threshold_50_15min,717195,2026-04-16 07:35:00,2026-04-16 08:35:00,65,13,True,True,False,False,44.3,36.7,61.1,530.0,0.1116
Threshold_50_15min,717195,2026-04-16 11:00:00,2026-04-16 11:50:00,55,11,True,True,False,False,47.0,31.1,50.6,454.0,0.1396
Threshold_50_15min,717195,2026-04-16 13:10:00,2026-04-16 13:35:00,30,6,True,True,False,False,49.0,35.6,50.9,502.0,0.1276
Threshold_50_15min,717195,2026-04-16 14:30:00,2026-04-16 14:45:00,20,4,True,True,False,False,43.5,43.5,52.1,522.0,0.148
Threshold_50_15min,717195,2026-04-16 14:55:00,2026-04-16 17:10:00,140,28,True,True,False,False,38.2,29.2,50.3,509.0,0.1283
Threshold_50_15min,717195,2026-04-16 17:20:00,2026-04-16 17:30:00,15,3,True,True,False,False,47.9,47.2,51.4,532.0,0.129
Threshold_50_15min,717195,2026-04-16 18:10:00,2026-04-16 18:50:00,45,9,True,True,False,False,47.9,39.2,51.8,531.0,0.1348
Threshold_50_15min,717195,2026-04-16 19:45:00,2026-04-16 19:55:00,15,3,True,False,False,True,44.2,34.1,51.5,540.0,0.1403
Threshold_50_15min,717195,2026-04-17 12:45:00,2026-04-17 18:45:00,365,73,True,True,False,False,47.1,34.5,50.4,521.0,0.1474
Threshold_50_15min,717195,2026-04-17 19:05:00,2026-04-17 19:30:00,30,6,True,True,False,False,47.9,39.5,52.3,556.0,0.1391
Threshold_50_15min,717195,2026-04-18 14:30:00,2026-04-18 14:50:00,25,5,True,True,False,False,49.8,39.2,54.2,514.0,0.1206
Threshold_50_15min,717195,2026-04-18 15:10:00,2026-04-18 16:45:00,100,20,True,True,False,False,48.1,35.1,50.4,556.0,0.1354
Threshold_50_15min,717195,2026-04-18 17:30:00,2026-04-18 18:25:00,60,12,True,True,False,False,44.5,41.4,55.1,566.0,0.1431
Threshold_50_15min,717195,2026-04-18 18:40:00,2026-04-18 18:50:00,15,3,True,True,False,False,48.6,48.0,50.7,522.0,0.124
Threshold_50_15min,717195,2026-04-20 07:40:00,2026-04-20 08:15:00,40,8,True,True,False,False,45.5,41.6,51.1,543.0,0.1343
Threshold_50_15min,717195,2026-04-20 13:15:00,2026-04-20 13:30:00,20,4,True,True,False,False,46.4,36.6,53.0,551.0,0.1385
Threshold_50_15min,717195,2026-04-20 14:05:00,2026-04-20 16:50:00,170,34,True,True,False,False,46.1,33.5,51.7,559.0,0.147
Threshold_50_15min,717195,2026-04-20 17:05:00,2026-04-20 18:30:00,90,18,True,True,False,False,43.4,37.1,50.2,555.0,0.1463
Threshold_50_15min,717195,2026-04-21 08:15:00,2026-04-21 08:45:00,35,7,True,True,False,False,42.8,36.1,54.3,583.0,0.1433
Threshold_50_15min,717195,2026-04-21 12:20:00,2026-04-21 12:30:00,15,3,True,True,False,False,41.5,41.5,55.4,548.0,0.1461
Threshold_50_15min,717195,2026-04-21 14:10:00,2026-04-21 17:15:00,190,38,True,True,False,False,44.4,33.0,52.5,532.0,0.1408
Threshold_50_15min,717195,2026-04-21 17:45:00,2026-04-21 17:55:00,15,3,True,True,False,False,48.1,44.5,51.8,558.0,0.1469
Threshold_50_15min,717195,2026-04-22 07:35:00,2026-04-22 08:55:00,85,17,True,True,False,False,45.8,35.2,58.0,573.0,0.1495
Threshold_50_15min,717195,2026-04-22 13:20:00,2026-04-22 13:55:00,40,8,True,True,False,False,45.9,40.4,52.3,531.0,0.1537
Threshold_50_15min,717195,2026-04-22 14:15:00,2026-04-22 15:10:00,60,12,True,True,False,False,42.3,34.5,50.0,512.0,0.1425
Threshold_50_15min,717195,2026-04-22 15:20:00,2026-04-22 15:30:00,15,3,True,True,False,False,46.1,44.5,51.3,512.0,0.1264
Threshold_50_15min,717195,2026-04-22 15:55:00,2026-04-22 17:55:00,125,25,True,True,False,False,45.6,32.6,50.9,519.0,0.1373
Threshold_50_15min,717195,2026-04-22 18:10:00,2026-04-22 18:35:00,30,6,True,True,False,False,49.5,40.7,52.4,517.0,0.1283
Threshold_50_15min,717195,2026-04-23 07:35:00,2026-04-23 08:50:00,80,16,True,True,False,False,49.3,32.6,53.6,581.0,0.1669
Threshold_50_15min,717195,2026-04-23 13:00:00,2026-04-23 13:15:00,20,4,True,True,False,False,47.9,45.1,55.7,528.0,0.1214
Threshold_50_15min,717195,2026-04-23 13:30:00,2026-04-23 14:05:00,40,8,True,True,False,False,49.1,41.7,51.6,534.0,0.131
Threshold_50_15min,717195,2026-04-23 14:20:00,2026-04-23 18:10:00,235,47,True,True,False,False,47.2,30.2,50.5,480.0,0.1233
Threshold_50_15min,717195,2026-04-23 18:25:00,2026-04-23 19:00:00,40,8,True,True,False,False,43.6,38.4,50.5,537.0,0.1411
Threshold_50_15min,717195,2026-04-24 07:40:00,2026-04-24 08:40:00,65,13,True,True,False,False,44.3,34.9,52.7,529.0,0.1552
Threshold_50_15min,717195,2026-04-24 11:40:00,2026-04-24 11:50:00,15,3,True,True,False,False,43.6,43.6,53.6,519.0,0.1331
Threshold_50_15min,717195,2026-04-24 12:05:00,2026-04-24 15:40:00,220,44,True,True,False,False,48.6,34.4,50.8,503.0,0.1326
Threshold_50_15min,717195,2026-04-24 15:55:00,2026-04-24 19:10:00,200,40,True,True,False,False,49.3,33.0,50.7,518.0,0.1341
Threshold_50_15min,717195,2026-04-25 16:30:00,2026-04-25 17:20:00,55,11,True,True,False,False,49.7,36.8,53.5,593.0,0.1391
Threshold_50_15min,717195,2026-04-27 07:55:00,2026-04-27 08:30:00,40,8,True,True,False,False,47.7,32.3,56.9,632.0,0.1489
Threshold_50_15min,717195,2026-04-27 08:50:00,2026-04-27 09:00:00,15,3,True,True,False,False,43.8,43.8,52.7,559.0,0.1331
Threshold_50_15min,717195,2026-04-27 14:05:00,2026-04-27 16:20:00,140,28,True,True,False,False,46.9,33.5,52.4,536.0,0.1378
Threshold_50_15min,717195,2026-04-27 16:30:00,2026-04-27 18:25:00,120,24,True,True,False,False,45.8,35.5,50.3,546.0,0.1331
Threshold_50_15min,717195,2026-04-28 06:40:00,2026-04-28 06:50:00,15,3,True,True,False,False,41.5,33.2,62.9,469.0,0.1016
Threshold_50_15min,717195,2026-04-28 07:50:00,2026-04-28 08:25:00,40,8,True,True,False,False,42.4,40.0,50.5,564.0,0.1503
Threshold_50_15min,717195,2026-04-28 12:45:00,2026-04-28 13:15:00,35,7,True,True,False,False,47.7,38.1,55.6,490.0,0.1169
Threshold_50_15min,717195,2026-04-28 13:35:00,2026-04-28 18:10:00,280,56,True,True,False,False,48.0,33.6,52.0,543.0,0.1397
Threshold_50_15min,717195,2026-04-28 18:20:00,2026-04-28 19:10:00,55,11,True,True,False,False,43.7,38.4,51.1,575.0,0.1406
Threshold_50_15min,717195,2026-04-29 07:35:00,2026-04-29 08:45:00,75,15,True,True,False,False,48.9,37.9,58.6,536.0,0.1251
Threshold_50_15min,717195,2026-04-29 14:20:00,2026-04-29 16:35:00,140,28,True,True,False,False,44.6,35.1,51.0,500.0,0.1281
Threshold_50_15min,717195,2026-04-29 16:45:00,2026-04-29 19:40:00,180,36,True,True,False,False,46.3,35.3,50.3,548.0,0.1442
Threshold_50_15min,717195,2026-04-30 07:55:00,2026-04-30 08:25:00,35,7,True,True,False,False,46.6,36.9,52.0,582.0,0.1466
Threshold_50_15min,717195,2026-04-30 09:15:00,2026-04-30 09:25:00,15,3,True,True,False,False,44.4,44.4,54.1,525.0,0.1319
Threshold_50_15min,717195,2026-04-30 12:10:00,2026-04-30 16:15:00,250,50,True,True,False,False,45.8,34.1,56.3,532.0,0.1237
Threshold_50_15min,717195,2026-04-30 17:50:00,2026-04-30 18:45:00,60,12,True,True,False,False,47.3,38.0,51.3,508.0,0.1378
Threshold_50_15min,717195,2026-05-01 12:10:00,2026-05-01 12:50:00,45,9,True,True,False,False,48.5,36.9,55.5,539.0,0.1364
Threshold_50_15min,717195,2026-05-01 13:15:00,2026-05-01 13:50:00,40,8,True,True,False,False,48.7,37.3,53.1,493.0,0.1198
Threshold_50_15min,717195,2026-05-01 14:10:00,2026-05-01 17:40:00,215,43,True,True,False,False,49.1,34.4,52.4,547.0,0.1415
Threshold_50_15min,717195,2026-05-02 13:40:00,2026-05-02 13:50:00,15,3,True,True,False,False,46.2,46.2,55.6,562.0,0.1278
Threshold_50_15min,717195,2026-05-02 15:15:00,2026-05-02 15:35:00,25,5,True,True,False,False,49.2,44.3,60.6,519.0,0.1031
Threshold_50_15min,717195,2026-05-02 16:40:00,2026-05-02 18:10:00,95,19,True,True,False,False,49.1,37.7,54.3,554.0,0.1234
Threshold_50_15min,717195,2026-05-04 14:40:00,2026-05-04 15:05:00,30,6,True,True,False,False,43.8,36.4,51.7,554.0,0.1397
Threshold_50_15min,717195,2026-05-04 15:35:00,2026-05-04 16:40:00,70,14,True,True,False,False,48.5,38.0,52.8,539.0,0.1391
Threshold_50_15min,717195,2026-05-04 17:15:00,2026-05-04 18:30:00,80,16,True,True,False,False,47.6,36.1,54.1,567.0,0.1323
Threshold_50_15min,717195,2026-05-05 07:40:00,2026-05-05 07:50:00,15,3,True,True,False,False,49.6,43.7,57.8,582.0,0.1416
Threshold_50_15min,717195,2026-05-05 13:30:00,2026-05-05 14:45:00,80,16,True,True,False,False,46.8,41.2,51.7,546.0,0.1565
Threshold_50_15min,717195,2026-05-05 15:15:00,2026-05-05 15:25:00,15,3,True,True,False,False,49.2,40.7,50.5,533.0,0.1414
Threshold_50_15min,717195,2026-05-05 15:35:00,2026-05-05 18:45:00,195,39,True,True,False,False,38.1,33.6,50.3,541.0,0.1277
Threshold_50_15min,717195,2026-05-06 07:45:00,2026-05-06 07:55:00,15,3,True,True,False,False,44.4,44.4,53.7,591.0,0.1616
Threshold_50_15min,717195,2026-05-06 08:15:00,2026-05-06 08:45:00,35,7,True,True,False,False,42.2,39.9,52.2,548.0,0.1474
Threshold_50_15min,717195,2026-05-06 13:20:00,2026-05-06 14:10:00,55,11,True,True,False,False,42.9,33.2,51.6,553.0,0.1519
Threshold_50_15min,717195,2026-05-06 14:45:00,2026-05-06 18:00:00,200,40,True,True,False,False,45.6,33.9,52.2,549.0,0.141
Threshold_50_15min,717195,2026-05-06 18:55:00,2026-05-06 19:45:00,55,11,True,True,False,False,42.5,15.2,55.0,561.0,0.1382
Threshold_50_15min,717195,2026-05-07 07:50:00,2026-05-07 08:55:00,70,14,True,True,False,False,46.4,36.4,54.1,553.0,0.143
Threshold_50_15min,717195,2026-05-07 12:45:00,2026-05-07 13:25:00,45,9,True,True,False,False,42.8,40.7,51.8,552.0,0.1548
Threshold_50_15min,717195,2026-05-07 13:40:00,2026-05-07 18:00:00,265,53,True,True,False,False,49.6,32.9,51.8,509.0,0.1261
Threshold_50_15min,717195,2026-05-07 18:30:00,2026-05-07 19:55:00,90,18,True,False,False,True,48.4,37.6,50.2,516.0,0.1415
Threshold_50_15min,717195,2026-05-08 12:50:00,2026-05-08 13:50:00,65,13,True,True,False,False,43.8,39.9,51.3,544.0,0.1406
Threshold_50_15min,717195,2026-05-08 14:05:00,2026-05-08 16:55:00,175,35,True,True,False,False,48.5,32.6,51.5,514.0,0.1294
Threshold_50_15min,717195,2026-05-08 17:10:00,2026-05-08 19:55:00,170,34,True,False,False,True,48.7,36.8,52.3,516.0,0.1322
Threshold_50_15min,717195,2026-05-09 12:15:00,2026-05-09 13:25:00,75,15,True,True,False,False,47.1,39.9,50.9,544.0,0.1321
Threshold_50_15min,717195,2026-05-09 13:45:00,2026-05-09 18:35:00,295,59,True,True,False,False,46.3,30.1,54.7,516.0,0.1108
Threshold_50_15min,717195,2026-05-09 18:50:00,2026-05-09 19:10:00,25,5,True,True,False,False,49.2,42.3,50.8,542.0,0.1254
Threshold_50_15min,717195,2026-05-09 19:25:00,2026-05-09 19:40:00,20,4,True,True,False,False,48.5,40.7,50.1,526.0,0.1275
Threshold_50_15min,717195,2026-05-11 07:40:00,2026-05-11 08:05:00,30,6,True,True,False,False,48.8,40.0,52.6,456.0,0.1386
Threshold_50_15min,717195,2026-05-11 08:15:00,2026-05-11 08:25:00,15,3,True,True,False,False,47.6,39.6,50.2,528.0,0.1191
Threshold_50_15min,717195,2026-05-11 14:15:00,2026-05-11 16:55:00,165,33,True,True,False,False,49.0,29.7,51.5,490.0,0.1269
Threshold_50_15min,717195,2026-05-11 17:05:00,2026-05-11 17:25:00,25,5,True,True,False,False,46.5,40.4,51.8,550.0,0.1292
Threshold_50_15min,717195,2026-05-11 17:55:00,2026-05-11 18:35:00,45,9,True,True,False,False,48.4,35.1,51.5,506.0,0.1255
Threshold_50_15min,717195,2026-05-12 07:55:00,2026-05-12 08:05:00,15,3,True,True,False,False,44.5,44.5,54.8,575.0,0.1468
Threshold_50_15min,717195,2026-05-12 14:15:00,2026-05-12 14:25:00,15,3,True,True,False,False,42.1,42.1,50.3,508.0,0.1441
Threshold_50_15min,717195,2026-05-12 15:10:00,2026-05-12 17:30:00,145,29,True,True,False,False,48.9,35.5,52.2,539.0,0.1338
Threshold_50_15min,717195,2026-05-12 17:55:00,2026-05-12 18:30:00,40,8,True,True,False,False,46.1,38.9,50.7,516.0,0.1374
Threshold_50_15min,717195,2026-05-13 13:40:00,2026-05-13 16:15:00,160,32,True,True,False,False,46.2,28.2,50.5,552.0,0.1425
Threshold_50_15min,717195,2026-05-13 16:30:00,2026-05-13 16:50:00,25,5,True,True,False,False,48.5,42.4,50.0,517.0,0.1406
Threshold_50_15min,717195,2026-05-13 17:00:00,2026-05-13 18:10:00,75,15,True,True,False,False,42.0,39.0,50.2,535.0,0.1351
Threshold_50_15min,717195,2026-05-14 07:50:00,2026-05-14 08:10:00,25,5,True,True,False,False,48.7,41.5,52.7,605.0,0.1704
Threshold_50_15min,717195,2026-05-14 08:20:00,2026-05-14 08:40:00,25,5,True,True,False,False,45.0,40.2,51.5,564.0,0.1348
Threshold_50_15min,717195,2026-05-14 12:50:00,2026-05-14 13:10:00,25,5,True,True,False,False,48.2,45.5,55.3,525.0,0.1329
Threshold_50_15min,717195,2026-05-14 13:20:00,2026-05-14 16:30:00,195,39,True,True,False,False,48.5,33.8,50.1,526.0,0.1351
Threshold_50_15min,717195,2026-05-14 16:40:00,2026-05-14 18:55:00,140,28,True,True,False,False,45.3,31.2,50.2,494.0,0.1261
Threshold_50_15min,717195,2026-05-14 19:10:00,2026-05-14 19:20:00,15,3,True,True,False,False,48.9,47.0,51.7,537.0,0.1353
Threshold_50_15min,717195,2026-05-15 12:55:00,2026-05-15 14:15:00,85,17,True,True,False,False,43.4,36.6,56.4,548.0,0.1298
Threshold_50_15min,717195,2026-05-15 14:25:00,2026-05-15 14:45:00,25,5,True,True,False,False,47.5,41.3,50.4,538.0,0.1358
Threshold_50_15min,717195,2026-05-15 15:00:00,2026-05-15 19:05:00,250,50,True,True,False,False,44.6,31.9,50.3,563.0,0.1511
Threshold_50_15min,717195,2026-05-15 19:40:00,2026-05-15 19:55:00,20,4,True,False,False,True,44.5,42.1,50.4,540.0,0.1499
Threshold_50_15min,717195,2026-05-16 14:35:00,2026-05-16 15:35:00,65,13,True,True,False,False,47.2,31.7,57.8,593.0,0.1236
Threshold_50_15min,717195,2026-05-16 16:35:00,2026-05-16 17:25:00,55,11,True,True,False,False,49.5,39.8,50.0,538.0,0.1273
Threshold_50_15min,717195,2026-05-16 17:50:00,2026-05-16 18:35:00,50,10,True,True,False,False,49.3,28.1,53.2,530.0,0.117
Threshold_50_15min,717195,2026-05-18 07:40:00,2026-05-18 08:15:00,40,8,True,True,False,False,48.2,39.5,54.2,568.0,0.1614
Threshold_50_15min,717195,2026-05-18 09:45:00,2026-05-18 10:00:00,20,4,True,True,False,False,48.3,31.6,57.8,426.0,0.095
Threshold_50_15min,717195,2026-05-18 12:00:00,2026-05-18 12:15:00,20,4,True,True,False,False,47.7,35.2,55.0,463.0,0.1165
Threshold_50_15min,717195,2026-05-18 14:20:00,2026-05-18 19:15:00,300,60,True,True,False,False,44.0,16.1,50.9,548.0,0.1449
Threshold_50_15min,717195,2026-05-19 14:30:00,2026-05-19 16:05:00,100,20,True,True,False,False,43.9,33.5,50.7,541.0,0.1417
Threshold_50_15min,717195,2026-05-19 17:25:00,2026-05-19 18:40:00,80,16,True,True,False,False,43.3,35.4,50.9,534.0,0.1384
Threshold_50_15min,717195,2026-05-20 07:40:00,2026-05-20 08:15:00,40,8,True,True,False,False,42.3,40.1,52.9,570.0,0.1551
Threshold_50_15min,717195,2026-05-20 13:10:00,2026-05-20 14:05:00,60,12,True,True,False,False,44.1,18.2,59.4,340.0,0.0743
Threshold_50_15min,717195,2026-05-20 15:05:00,2026-05-20 17:20:00,140,28,True,True,False,False,48.8,36.7,58.6,542.0,0.1377
Threshold_50_15min,717195,2026-05-20 17:30:00,2026-05-20 18:40:00,75,15,True,True,False,False,45.8,38.1,50.4,518.0,0.1261
Threshold_50_15min,717195,2026-05-21 13:10:00,2026-05-21 14:25:00,80,16,True,True,False,False,43.5,40.4,56.0,569.0,0.1372
Threshold_50_15min,717195,2026-05-21 15:05:00,2026-05-21 16:25:00,85,17,True,True,False,False,48.9,36.2,52.1,500.0,0.1329
Threshold_50_15min,717195,2026-05-21 16:35:00,2026-05-21 17:40:00,70,14,True,True,False,False,46.9,26.0,50.2,526.0,0.1313
Threshold_50_15min,717195,2026-05-21 17:50:00,2026-05-21 18:55:00,70,14,True,True,False,False,49.5,37.3,50.7,523.0,0.1323
Threshold_50_15min,717195,2026-05-22 09:35:00,2026-05-22 09:55:00,25,5,True,True,False,False,44.3,38.6,50.4,445.0,0.1515
Threshold_50_15min,717195,2026-05-22 11:20:00,2026-05-22 12:00:00,45,9,True,True,False,False,43.5,33.4,51.5,533.0,0.1369
Threshold_50_15min,717195,2026-05-22 12:10:00,2026-05-22 17:40:00,335,67,True,True,False,False,47.6,34.2,51.0,529.0,0.1331
Threshold_50_15min,717195,2026-05-22 17:55:00,2026-05-22 19:40:00,110,22,True,True,False,False,48.2,36.4,50.5,500.0,0.1298
Threshold_50_15min,717195,2026-05-23 12:25:00,2026-05-23 13:10:00,50,10,True,True,False,False,49.8,40.3,54.1,541.0,0.1295
Threshold_50_15min,717195,2026-05-23 14:00:00,2026-05-23 18:50:00,295,59,True,True,False,False,49.9,31.8,51.6,556.0,0.1262
Threshold_50_15min,717195,2026-05-24 15:00:00,2026-05-24 15:10:00,15,3,True,True,False,False,45.7,45.6,51.3,554.0,0.1427
Threshold_50_15min,717195,2026-05-30 14:30:00,2026-05-30 18:10:00,225,45,True,True,False,False,45.1,31.0,53.6,542.0,0.1256
Threshold_50_15min,717195,2026-05-30 18:20:00,2026-05-30 18:35:00,20,4,True,True,False,False,47.1,41.8,51.6,525.0,0.1111
Threshold_50_15min,717198,2026-02-02 11:55:00,2026-02-02 18:55:00,425,85,True,True,False,False,48.6,21.0,56.3,417.0,0.1103
Threshold_50_15min,717198,2026-02-03 07:45:00,2026-02-03 08:35:00,55,11,True,True,False,False,47.2,39.5,54.1,542.0,0.1426
Threshold_50_15min,717198,2026-02-03 13:35:00,2026-02-03 14:00:00,30,6,True,True,False,False,44.7,37.2,50.6,472.0,0.122
Threshold_50_15min,717198,2026-02-03 14:20:00,2026-02-03 16:20:00,125,25,True,True,False,False,47.2,34.0,51.8,509.0,0.1271
Threshold_50_15min,717198,2026-02-03 17:00:00,2026-02-03 18:55:00,120,24,True,True,False,False,47.1,37.8,53.2,501.0,0.1309
Threshold_50_15min,717198,2026-02-04 07:40:00,2026-02-04 08:25:00,50,10,True,True,False,False,48.5,40.7,57.8,537.0,0.128
Threshold_50_15min,717198,2026-02-04 13:00:00,2026-02-04 13:10:00,15,3,True,True,False,False,49.8,45.2,56.8,476.0,0.1171
Threshold_50_15min,717198,2026-02-04 13:30:00,2026-02-04 13:45:00,20,4,True,True,False,False,49.7,45.0,51.2,495.0,0.1341
Threshold_50_15min,717198,2026-02-04 14:05:00,2026-02-04 19:25:00,325,65,True,True,False,False,48.5,22.9,53.0,528.0,0.1257
Threshold_50_15min,717198,2026-02-05 14:00:00,2026-02-05 15:20:00,85,17,True,True,False,False,46.4,37.3,52.1,504.0,0.1346
Threshold_50_15min,717198,2026-02-05 16:30:00,2026-02-05 18:25:00,120,24,True,True,False,False,49.5,41.6,52.4,576.0,0.1635
Threshold_50_15min,717198,2026-02-05 18:35:00,2026-02-05 19:10:00,40,8,True,True,False,False,49.5,42.3,50.8,450.0,0.1068
Threshold_50_15min,717198,2026-02-06 07:40:00,2026-02-06 08:20:00,45,9,True,True,False,False,49.9,39.3,58.4,517.0,0.1222
Threshold_50_15min,717198,2026-02-06 12:40:00,2026-02-06 18:50:00,375,75,True,True,False,False,46.4,31.4,53.2,503.0,0.1251
Threshold_50_15min,717198,2026-02-06 19:05:00,2026-02-06 19:25:00,25,5,True,True,False,False,49.3,44.5,50.2,519.0,0.1308
Threshold_50_15min,717198,2026-02-07 13:25:00,2026-02-07 13:55:00,35,7,True,True,False,False,45.7,40.7,53.1,563.0,0.1433
Threshold_50_15min,717198,2026-02-07 14:10:00,2026-02-07 17:55:00,230,46,True,True,False,False,46.8,34.8,51.4,524.0,0.1214
Threshold_50_15min,717198,2026-02-09 12:35:00,2026-02-09 13:05:00,35,7,True,True,False,False,45.1,26.7,60.3,348.0,0.0773
Threshold_50_15min,717198,2026-02-09 14:10:00,2026-02-09 16:55:00,170,34,True,True,False,False,47.3,25.9,51.2,557.0,0.1517
Threshold_50_15min,717198,2026-02-09 17:05:00,2026-02-09 18:30:00,90,18,True,True,False,False,49.7,37.6,50.3,540.0,0.1343
Threshold_50_15min,717198,2026-02-10 07:30:00,2026-02-10 08:10:00,45,9,True,True,False,False,48.2,38.9,60.8,557.0,0.1234
Threshold_50_15min,717198,2026-02-10 13:30:00,2026-02-10 14:40:00,75,15,True,True,False,False,45.3,41.1,50.4,544.0,0.1336
Threshold_50_15min,717198,2026-02-10 14:55:00,2026-02-10 19:10:00,260,52,True,True,False,False,48.8,33.4,51.8,539.0,0.1323
Threshold_50_15min,717198,2026-02-11 07:30:00,2026-02-11 08:10:00,45,9,True,True,False,False,46.6,37.1,57.5,476.0,0.1179
Threshold_50_15min,717198,2026-02-11 13:45:00,2026-02-11 14:10:00,30,6,True,True,False,False,46.7,43.1,50.2,520.0,0.1415
Threshold_50_15min,717198,2026-02-11 14:45:00,2026-02-11 15:15:00,35,7,True,True,False,False,49.1,41.1,50.7,494.0,0.1265
Threshold_50_15min,717198,2026-02-11 15:35:00,2026-02-11 16:05:00,35,7,True,True,False,False,49.6,37.6,50.3,518.0,0.1306
Threshold_50_15min,717198,2026-02-11 16:30:00,2026-02-11 19:00:00,155,31,True,True,False,False,43.7,37.1,50.3,518.0,0.1346
Threshold_50_15min,717198,2026-02-12 07:45:00,2026-02-12 08:45:00,65,13,True,True,False,False,47.2,35.0,54.7,554.0,0.1265
Threshold_50_15min,717198,2026-02-12 13:40:00,2026-02-12 19:30:00,355,71,True,True,False,False,41.5,35.2,53.6,529.0,0.1263
Threshold_50_15min,717198,2026-02-13 12:25:00,2026-02-13 12:50:00,30,6,True,True,False,False,49.7,39.1,50.5,538.0,0.1404
Threshold_50_15min,717198,2026-02-13 13:00:00,2026-02-13 15:40:00,165,33,True,True,False,False,49.5,35.8,50.3,562.0,0.1422
Threshold_50_15min,717198,2026-02-13 16:15:00,2026-02-13 18:25:00,135,27,True,True,False,False,47.9,37.0,55.0,486.0,0.1204
Threshold_50_15min,717198,2026-02-13 18:45:00,2026-02-13 19:55:00,75,15,True,False,False,True,48.2,43.2,53.0,461.0,0.107
Threshold_50_15min,717198,2026-02-14 09:30:00,2026-02-14 10:00:00,35,7,True,True,False,False,40.1,31.0,54.9,392.0,0.1028
Threshold_50_15min,717198,2026-02-14 10:35:00,2026-02-14 10:45:00,15,3,True,True,False,False,46.9,35.4,63.6,499.0,0.0945
Threshold_50_15min,717198,2026-02-14 12:20:00,2026-02-14 12:40:00,25,5,True,True,False,False,41.1,39.2,50.3,531.0,0.1224
Threshold_50_15min,717198,2026-02-14 14:20:00,2026-02-14 15:30:00,75,15,True,True,False,False,47.8,38.1,56.8,518.0,0.1093
Threshold_50_15min,717198,2026-02-14 15:55:00,2026-02-14 16:10:00,20,4,True,True,False,False,49.3,46.2,50.4,525.0,0.1227
Threshold_50_15min,717198,2026-02-14 16:30:00,2026-02-14 17:05:00,40,8,True,True,False,False,41.2,37.7,50.5,536.0,0.1275
Threshold_50_15min,717198,2026-02-14 17:50:00,2026-02-14 18:15:00,30,6,True,True,False,False,44.8,41.9,50.9,517.0,0.1333
Threshold_50_15min,717198,2026-02-14 18:45:00,2026-02-14 18:55:00,15,3,True,True,False,False,49.1,41.7,51.5,524.0,0.1316
Threshold_50_15min,717198,2026-02-16 11:40:00,2026-02-16 13:30:00,115,23,True,True,False,False,49.0,32.4,50.8,363.0,0.1015
Threshold_50_15min,717198,2026-02-16 13:40:00,2026-02-16 16:05:00,150,30,True,True,False,False,49.5,28.9,51.1,369.0,0.087
Threshold_50_15min,717198,2026-02-16 17:05:00,2026-02-16 17:40:00,40,8,True,True,False,False,48.8,34.9,51.6,400.0,0.1064
Threshold_50_15min,717198,2026-02-17 15:30:00,2026-02-17 15:45:00,20,4,True,True,False,False,47.7,39.5,51.2,500.0,0.138
Threshold_50_15min,717198,2026-02-17 15:55:00,2026-02-17 16:15:00,25,5,True,True,False,False,49.6,45.3,50.2,563.0,0.1294
Threshold_50_15min,717198,2026-02-17 16:25:00,2026-02-17 18:05:00,105,21,True,True,False,False,47.4,35.3,50.0,565.0,0.1435
Threshold_50_15min,717198,2026-02-18 07:30:00,2026-02-18 08:30:00,65,13,True,True,False,False,45.2,17.1,64.2,515.0,0.1074
Threshold_50_15min,717198,2026-02-18 13:30:00,2026-02-18 13:45:00,20,4,True,True,False,False,47.5,38.8,50.0,517.0,0.15
Threshold_50_15min,717198,2026-02-18 14:10:00,2026-02-18 14:50:00,45,9,True,True,False,False,45.3,44.5,53.8,556.0,0.1355
Threshold_50_15min,717198,2026-02-18 15:25:00,2026-02-18 18:45:00,205,41,True,True,False,False,47.2,36.3,52.6,545.0,0.1332
Threshold_50_15min,717198,2026-02-19 11:55:00,2026-02-19 15:45:00,235,47,True,True,False,False,47.2,28.5,51.0,406.0,0.1084
Threshold_50_15min,717198,2026-02-19 16:05:00,2026-02-19 17:45:00,105,21,True,True,False,False,46.3,34.8,50.5,541.0,0.1328
Threshold_50_15min,717198,2026-02-20 12:55:00,2026-02-20 13:05:00,15,3,True,True,False,False,44.5,43.4,52.1,478.0,0.1308
Threshold_50_15min,717198,2026-02-20 13:40:00,2026-02-20 15:20:00,105,21,True,True,False,False,49.1,37.8,50.5,534.0,0.1358
Threshold_50_15min,717198,2026-02-20 15:50:00,2026-02-20 18:50:00,185,37,True,True,False,False,46.7,34.6,52.3,538.0,0.1348
Threshold_50_15min,717198,2026-02-21 13:30:00,2026-02-21 16:10:00,165,33,True,True,False,False,46.6,34.5,57.8,542.0,0.1194
Threshold_50_15min,717198,2026-02-21 16:45:00,2026-02-21 18:25:00,105,21,True,True,False,False,47.4,38.3,50.4,534.0,0.1265
Threshold_50_15min,717198,2026-02-23 07:55:00,2026-02-23 08:05:00,15,3,True,True,False,False,45.9,45.9,54.1,568.0,0.1337
Threshold_50_15min,717198,2026-02-23 08:25:00,2026-02-23 08:55:00,35,7,True,True,False,False,47.3,41.4,51.2,544.0,0.1422
Threshold_50_15min,717198,2026-02-23 13:40:00,2026-02-23 18:50:00,315,63,True,True,False,False,46.1,30.0,52.5,515.0,0.1237
Threshold_50_15min,717198,2026-02-24 07:20:00,2026-02-24 08:05:00,50,10,True,True,False,False,49.8,33.9,57.3,453.0,0.1203
Threshold_50_15min,717198,2026-02-24 08:15:00,2026-02-24 08:55:00,45,9,True,True,False,False,49.8,38.6,50.0,530.0,0.1386
Threshold_50_15min,717198,2026-02-24 13:05:00,2026-02-24 16:15:00,195,39,True,True,False,False,49.5,37.2,51.3,512.0,0.136
Threshold_50_15min,717198,2026-02-24 16:25:00,2026-02-24 17:00:00,40,8,True,True,False,False,48.1,45.4,50.2,493.0,0.1218
Threshold_50_15min,717198,2026-02-24 17:15:00,2026-02-24 19:35:00,145,29,True,True,False,False,49.9,37.7,50.5,519.0,0.132
Threshold_50_15min,717198,2026-02-25 08:10:00,2026-02-25 08:25:00,20,4,True,True,False,False,46.3,39.5,53.2,514.0,0.1294
Threshold_50_15min,717198,2026-02-25 13:20:00,2026-02-25 13:50:00,35,7,True,True,False,False,48.1,45.2,55.6,498.0,0.1216
Threshold_50_15min,717198,2026-02-25 14:00:00,2026-02-25 17:40:00,225,45,True,True,False,False,48.0,36.9,50.8,499.0,0.1236
Threshold_50_15min,717198,2026-02-25 18:00:00,2026-02-25 19:40:00,105,21,True,True,False,False,45.7,41.3,53.9,371.0,0.0873
Threshold_50_15min,717198,2026-02-26 07:30:00,2026-02-26 08:40:00,75,15,True,True,False,False,43.1,35.6,52.8,529.0,0.1419
Threshold_50_15min,717198,2026-02-26 13:05:00,2026-02-26 19:20:00,380,76,True,True,False,False,45.3,22.4,50.8,514.0,0.1347
Threshold_50_15min,717198,2026-02-26 19:40:00,2026-02-26 19:55:00,20,4,True,False,False,True,48.5,47.3,51.0,510.0,0.1267
Threshold_50_15min,717198,2026-02-27 13:20:00,2026-02-27 19:55:00,400,80,True,False,False,True,48.5,41.6,50.2,480.0,0.1272
Threshold_50_15min,717198,2026-03-02 05:10:00,2026-03-02 05:20:00,15,3,True,True,False,False,27.8,27.8,62.4,2.0,0.0016
Threshold_50_15min,717198,2026-03-02 05:35:00,2026-03-02 05:45:00,15,3,True,True,False,False,48.3,48.3,59.2,1.0,0.0001
Threshold_50_15min,717198,2026-03-02 06:00:00,2026-03-02 06:15:00,20,4,True,True,False,False,43.5,39.3,66.5,3.0,0.0013
Threshold_50_15min,717198,2026-03-02 07:45:00,2026-03-02 08:25:00,45,9,True,True,False,False,44.2,37.3,51.2,522.0,0.1495
Threshold_50_15min,717198,2026-03-02 12:00:00,2026-03-02 12:35:00,40,8,True,True,False,False,47.7,41.2,57.0,488.0,0.1167
Threshold_50_15min,717198,2026-03-02 13:05:00,2026-03-02 19:05:00,365,73,True,True,False,False,45.0,33.1,55.6,507.0,0.1171
Threshold_50_15min,717198,2026-03-03 07:45:00,2026-03-03 08:25:00,45,9,True,True,False,False,44.7,35.8,54.8,542.0,0.1521
Threshold_50_15min,717198,2026-03-03 08:45:00,2026-03-03 10:25:00,105,21,True,True,False,False,43.8,38.5,54.4,549.0,0.1267
Threshold_50_15min,717198,2026-03-03 11:25:00,2026-03-03 11:40:00,20,4,True,True,False,False,48.5,41.0,52.0,553.0,0.1546
Threshold_50_15min,717198,2026-03-03 12:10:00,2026-03-03 12:35:00,30,6,True,True,False,False,47.0,43.2,51.2,518.0,0.1443
Threshold_50_15min,717198,2026-03-03 12:55:00,2026-03-03 19:50:00,420,84,True,True,False,False,49.8,17.4,50.5,488.0,0.1352
Threshold_50_15min,717198,2026-03-04 07:40:00,2026-03-04 09:55:00,140,28,True,True,False,False,44.5,32.4,55.3,538.0,0.1292
Threshold_50_15min,717198,2026-03-04 10:45:00,2026-03-04 11:15:00,35,7,True,True,False,False,49.1,42.6,51.7,496.0,0.1317
Threshold_50_15min,717198,2026-03-04 11:30:00,2026-03-04 11:45:00,20,4,True,True,False,False,49.1,47.1,51.4,530.0,0.1376
Threshold_50_15min,717198,2026-03-04 11:55:00,2026-03-04 12:15:00,25,5,True,True,False,False,49.1,44.4,50.4,513.0,0.1339
Threshold_50_15min,717198,2026-03-04 12:25:00,2026-03-04 17:15:00,295,59,True,True,False,False,49.7,34.3,50.2,513.0,0.1363
Threshold_50_15min,717198,2026-03-04 17:35:00,2026-03-04 19:45:00,135,27,True,True,False,False,47.6,31.5,50.8,570.0,0.1448
Threshold_50_15min,717198,2026-03-05 07:45:00,2026-03-05 08:25:00,45,9,True,True,False,False,46.7,36.7,55.0,532.0,0.1266
Threshold_50_15min,717198,2026-03-05 08:45:00,2026-03-05 09:00:00,20,4,True,True,False,False,45.4,41.2,51.7,559.0,0.1556
Threshold_50_15min,717198,2026-03-05 09:10:00,2026-03-05 09:20:00,15,3,True,True,False,False,46.8,46.1,50.3,520.0,0.1255
Threshold_50_15min,717198,2026-03-05 09:40:00,2026-03-05 09:55:00,20,4,True,True,False,False,46.7,41.4,50.5,547.0,0.1452
Threshold_50_15min,717198,2026-03-05 10:50:00,2026-03-05 11:05:00,20,4,True,True,False,False,49.1,45.5,52.9,506.0,0.134
Threshold_50_15min,717198,2026-03-05 12:00:00,2026-03-05 12:40:00,45,9,True,True,False,False,49.5,43.3,51.4,514.0,0.1316
Threshold_50_15min,717198,2026-03-05 13:05:00,2026-03-05 19:25:00,385,77,True,True,False,False,48.6,20.5,50.2,502.0,0.1317
Threshold_50_15min,717198,2026-03-05 19:35:00,2026-03-05 19:55:00,25,5,True,False,False,True,47.8,41.8,50.2,520.0,0.1332
Threshold_50_15min,717198,2026-03-06 08:10:00,2026-03-06 08:20:00,15,3,True,True,False,False,48.1,45.0,54.0,462.0,0.1067
Threshold_50_15min,717198,2026-03-06 11:30:00,2026-03-06 12:05:00,40,8,True,True,False,False,43.3,31.5,52.2,504.0,0.115
Threshold_50_15min,717198,2026-03-06 12:35:00,2026-03-06 13:05:00,35,7,True,True,False,False,48.1,45.9,50.6,518.0,0.13
Threshold_50_15min,717198,2026-03-06 13:15:00,2026-03-06 17:50:00,280,56,True,True,False,False,49.1,19.4,50.2,519.0,0.1235
Threshold_50_15min,717198,2026-03-06 18:15:00,2026-03-06 18:45:00,35,7,True,True,False,False,49.0,44.9,51.2,483.0,0.1156
Threshold_50_15min,717198,2026-03-06 19:15:00,2026-03-06 19:55:00,45,9,True,False,False,True,47.9,46.1,50.2,506.0,0.1235
Threshold_50_15min,717198,2026-03-07 14:25:00,2026-03-07 18:20:00,240,48,True,True,False,False,47.6,33.4,53.4,541.0,0.1276
Threshold_50_15min,717198,2026-03-09 07:40:00,2026-03-09 08:20:00,45,9,True,True,False,False,47.2,37.9,60.2,496.0,0.1076
Threshold_50_15min,717198,2026-03-09 12:25:00,2026-03-09 12:45:00,25,5,True,True,False,False,48.7,41.1,57.4,460.0,0.1101
Threshold_50_15min,717198,2026-03-09 13:45:00,2026-03-09 15:40:00,120,24,True,True,False,False,44.3,36.6,51.4,503.0,0.1442
Threshold_50_15min,717198,2026-03-09 16:15:00,2026-03-09 18:50:00,160,32,True,True,False,False,44.3,33.5,58.4,536.0,0.1272
Threshold_50_15min,717198,2026-03-10 07:40:00,2026-03-10 08:35:00,60,12,True,True,False,False,48.5,36.7,53.9,526.0,0.1487
Threshold_50_15min,717198,2026-03-10 13:55:00,2026-03-10 17:05:00,195,39,True,True,False,False,44.8,34.0,53.6,510.0,0.1261
Threshold_50_15min,717198,2026-03-10 17:35:00,2026-03-10 19:10:00,100,20,True,True,False,False,49.9,38.5,50.4,543.0,0.1426
Threshold_50_15min,717198,2026-03-11 07:35:00,2026-03-11 08:30:00,60,12,True,True,False,False,45.5,36.2,53.6,533.0,0.1456
Threshold_50_15min,717198,2026-03-11 14:35:00,2026-03-11 18:40:00,250,50,True,True,False,False,47.6,37.6,53.3,519.0,0.1266
Threshold_50_15min,717198,2026-03-11 19:00:00,2026-03-11 19:40:00,45,9,True,True,False,False,49.1,38.1,50.5,504.0,0.1345
Threshold_50_15min,717198,2026-03-12 07:35:00,2026-03-12 08:35:00,65,13,True,True,False,False,49.8,38.4,58.7,491.0,0.1146
Threshold_50_15min,717198,2026-03-12 13:05:00,2026-03-12 19:15:00,375,75,True,True,False,False,49.8,33.0,56.1,556.0,0.1289
Threshold_50_15min,717198,2026-03-13 07:30:00,2026-03-13 08:40:00,75,15,True,True,False,False,46.6,36.1,57.5,471.0,0.101
Threshold_50_15min,717198,2026-03-13 11:40:00,2026-03-13 18:30:00,415,83,True,True,False,False,47.0,16.8,57.5,394.0,0.0847
Threshold_50_15min,717198,2026-03-13 19:05:00,2026-03-13 19:25:00,25,5,True,True,False,False,48.9,47.0,51.4,494.0,0.1187
Threshold_50_15min,717198,2026-03-14 15:35:00,2026-03-14 18:10:00,160,32,True,True,False,False,47.1,32.5,58.0,516.0,0.1161
Threshold_50_15min,717198,2026-03-14 18:25:00,2026-03-14 18:35:00,15,3,True,True,False,False,49.4,46.9,53.4,533.0,0.1196
Threshold_50_15min,717198,2026-03-15 15:20:00,2026-03-15 15:30:00,15,3,True,True,False,False,46.9,43.2,51.0,535.0,0.1332
Threshold_50_15min,717198,2026-03-16 07:40:00,2026-03-16 08:30:00,55,11,True,True,False,False,45.9,40.0,54.6,497.0,0.1137
Threshold_50_15min,717198,2026-03-16 14:00:00,2026-03-16 17:35:00,220,44,True,True,False,False,43.9,35.9,53.3,527.0,0.1295
Threshold_50_15min,717198,2026-03-16 17:45:00,2026-03-16 19:05:00,85,17,True,True,False,False,47.0,37.9,50.4,511.0,0.118
Threshold_50_15min,717198,2026-03-17 07:35:00,2026-03-17 08:30:00,60,12,True,True,False,False,48.0,38.5,57.4,516.0,0.1194
Threshold_50_15min,717198,2026-03-17 12:30:00,2026-03-17 12:55:00,30,6,True,True,False,False,48.9,25.8,57.2,491.0,0.119
Threshold_50_15min,717198,2026-03-17 13:55:00,2026-03-17 18:20:00,270,54,True,True,False,False,49.1,18.1,51.8,491.0,0.1282
Threshold_50_15min,717198,2026-03-17 18:30:00,2026-03-17 19:40:00,75,15,True,True,False,False,49.7,43.3,50.8,492.0,0.1254
Threshold_50_15min,717198,2026-03-18 07:40:00,2026-03-18 08:30:00,55,11,True,True,False,False,49.7,39.4,55.4,540.0,0.1359
Threshold_50_15min,717198,2026-03-18 13:15:00,2026-03-18 14:35:00,85,17,True,True,False,False,45.2,22.5,51.7,509.0,0.1299
Threshold_50_15min,717198,2026-03-18 14:50:00,2026-03-18 16:10:00,85,17,True,True,False,False,49.0,37.2,50.2,503.0,0.1319
Threshold_50_15min,717198,2026-03-18 16:20:00,2026-03-18 17:00:00,45,9,True,True,False,False,49.5,38.2,50.2,491.0,0.1277
Threshold_50_15min,717198,2026-03-18 17:15:00,2026-03-18 18:50:00,100,20,True,True,False,False,46.8,36.3,53.4,487.0,0.1171
Threshold_50_15min,717198,2026-03-19 07:40:00,2026-03-19 08:25:00,50,10,True,True,False,False,48.0,39.0,52.1,511.0,0.1312
Threshold_50_15min,717198,2026-03-19 10:35:00,2026-03-19 11:25:00,55,11,True,True,False,False,40.0,12.4,57.0,401.0,0.104
Threshold_50_15min,717198,2026-03-19 13:20:00,2026-03-19 19:25:00,370,74,True,True,False,False,49.5,31.2,51.0,529.0,0.1358
Threshold_50_15min,717198,2026-03-20 07:40:00,2026-03-20 08:20:00,45,9,True,True,False,False,43.8,38.8,53.2,527.0,0.1417
Threshold_50_15min,717198,2026-03-20 12:30:00,2026-03-20 19:30:00,425,85,True,True,False,False,48.2,29.6,50.8,547.0,0.1426
Threshold_50_15min,717198,2026-03-21 14:35:00,2026-03-21 15:00:00,30,6,True,True,False,False,42.1,42.1,51.9,560.0,0.1346
Threshold_50_15min,717198,2026-03-21 15:15:00,2026-03-21 16:00:00,50,10,True,True,False,False,49.7,39.0,50.8,515.0,0.1224
Threshold_50_15min,717198,2026-03-21 16:20:00,2026-03-21 17:20:00,65,13,True,True,False,False,49.6,33.6,50.0,519.0,0.1302
Threshold_50_15min,717198,2026-03-21 18:05:00,2026-03-21 18:25:00,25,5,True,True,False,False,47.3,46.1,50.5,556.0,0.1412
Threshold_50_15min,717198,2026-03-22 13:00:00,2026-03-22 13:55:00,60,12,True,True,False,False,46.7,20.9,59.3,370.0,0.0811
Threshold_50_15min,717198,2026-03-23 07:40:00,2026-03-23 08:15:00,40,8,True,True,False,False,47.3,38.4,56.4,533.0,0.1275
Threshold_50_15min,717198,2026-03-23 13:50:00,2026-03-23 15:50:00,125,25,True,True,False,False,49.1,34.6,50.3,495.0,0.1266
Threshold_50_15min,717198,2026-03-23 16:05:00,2026-03-23 18:50:00,170,34,True,True,False,False,48.9,35.9,52.4,468.0,0.1162
Threshold_50_15min,717198,2026-03-24 08:50:00,2026-03-24 09:00:00,15,3,True,True,False,False,48.6,42.0,54.9,491.0,0.1177
Threshold_50_15min,717198,2026-03-24 13:30:00,2026-03-24 19:30:00,365,73,True,True,False,False,49.1,35.9,53.8,503.0,0.1239
Threshold_50_15min,717198,2026-03-25 07:45:00,2026-03-25 08:05:00,25,5,True,True,False,False,43.8,43.8,50.5,566.0,0.1487
Threshold_50_15min,717198,2026-03-25 08:35:00,2026-03-25 08:45:00,15,3,True,True,False,False,46.0,42.4,50.2,516.0,0.1308
Threshold_50_15min,717198,2026-03-25 08:55:00,2026-03-25 09:05:00,15,3,True,True,False,False,48.5,47.6,50.3,525.0,0.1273
Threshold_50_15min,717198,2026-03-25 09:30:00,2026-03-25 09:40:00,15,3,True,True,False,False,46.4,44.9,52.5,471.0,0.1139
Threshold_50_15min,717198,2026-03-25 14:05:00,2026-03-25 18:15:00,255,51,True,True,False,False,47.1,14.0,52.4,509.0,0.1298
Threshold_50_15min,717198,2026-03-25 18:25:00,2026-03-25 19:45:00,85,17,True,True,False,False,48.9,40.8,50.5,494.0,0.122
Threshold_50_15min,717198,2026-03-26 07:40:00,2026-03-26 07:50:00,15,3,True,True,False,False,48.0,46.6,59.2,555.0,0.1265
Threshold_50_15min,717198,2026-03-26 08:05:00,2026-03-26 08:25:00,25,5,True,True,False,False,45.0,41.7,52.7,522.0,0.1203
Threshold_50_15min,717198,2026-03-26 08:50:00,2026-03-26 09:05:00,20,4,True,True,False,False,45.1,40.4,50.0,523.0,0.1457
Threshold_50_15min,717198,2026-03-26 12:35:00,2026-03-26 12:45:00,15,3,True,True,False,False,48.0,47.2,53.5,518.0,0.1263
Threshold_50_15min,717198,2026-03-26 13:40:00,2026-03-26 19:50:00,375,75,True,True,False,False,49.7,31.7,52.7,516.0,0.1261
Threshold_50_15min,717198,2026-03-27 07:40:00,2026-03-27 08:40:00,65,13,True,True,False,False,41.2,37.1,51.2,484.0,0.133
Threshold_50_15min,717198,2026-03-27 09:30:00,2026-03-27 09:40:00,15,3,True,True,False,False,49.9,44.0,56.2,500.0,0.1288
Threshold_50_15min,717198,2026-03-27 12:45:00,2026-03-27 15:45:00,185,37,True,True,False,False,45.0,36.3,51.1,547.0,0.1415
Threshold_50_15min,717198,2026-03-27 15:55:00,2026-03-27 17:10:00,80,16,True,True,False,False,47.5,40.7,50.6,562.0,0.1412
Threshold_50_15min,717198,2026-03-27 18:20:00,2026-03-27 19:55:00,100,20,True,False,False,True,44.1,30.4,50.8,524.0,0.1545
Threshold_50_15min,717198,2026-03-28 15:50:00,2026-03-28 17:40:00,115,23,True,True,False,False,44.8,38.3,50.2,532.0,0.1326
Threshold_50_15min,717198,2026-03-28 17:50:00,2026-03-28 18:15:00,30,6,True,True,False,False,46.7,31.6,50.1,488.0,0.1141
Threshold_50_15min,717198,2026-03-30 13:15:00,2026-03-30 13:30:00,20,4,True,True,False,False,49.5,46.9,55.4,522.0,0.131
Threshold_50_15min,717198,2026-03-30 13:55:00,2026-03-30 17:45:00,235,47,True,True,False,False,49.3,33.1,50.4,490.0,0.1216
Threshold_50_15min,717198,2026-03-31 14:45:00,2026-03-31 15:20:00,40,8,True,True,False,False,43.9,40.9,52.0,574.0,0.1507
Threshold_50_15min,717198,2026-03-31 16:20:00,2026-03-31 16:30:00,15,3,True,True,False,False,44.4,44.2,50.7,565.0,0.1487
Threshold_50_15min,717198,2026-03-31 16:55:00,2026-03-31 17:10:00,20,4,True,True,False,False,48.6,48.6,54.4,494.0,0.1164
Threshold_50_15min,717198,2026-03-31 17:40:00,2026-03-31 18:05:00,30,6,True,True,False,False,48.7,42.6,52.0,550.0,0.1375
Threshold_50_15min,717198,2026-04-01 15:30:00,2026-04-01 16:05:00,40,8,True,True,False,False,48.4,35.2,50.7,492.0,0.1255
Threshold_50_15min,717198,2026-04-01 16:25:00,2026-04-01 16:55:00,35,7,True,True,False,False,48.7,39.5,53.4,517.0,0.1238
Threshold_50_15min,717198,2026-04-01 17:05:00,2026-04-01 17:25:00,25,5,True,True,False,False,49.2,46.1,50.9,510.0,0.1269
Threshold_50_15min,717198,2026-04-01 17:45:00,2026-04-01 18:00:00,20,4,True,True,False,False,49.3,48.8,50.1,534.0,0.1395
Threshold_50_15min,717198,2026-04-01 18:10:00,2026-04-01 19:00:00,55,11,True,True,False,False,47.9,38.6,50.4,501.0,0.129
Threshold_50_15min,717198,2026-04-02 12:15:00,2026-04-02 12:35:00,25,5,True,True,False,False,46.0,41.7,51.3,518.0,0.1625
Threshold_50_15min,717198,2026-04-02 13:55:00,2026-04-02 14:45:00,55,11,True,True,False,False,46.2,39.2,51.0,530.0,0.1406
Threshold_50_15min,717198,2026-04-02 15:10:00,2026-04-02 16:10:00,65,13,True,True,False,False,44.9,40.7,50.0,588.0,0.1497
Threshold_50_15min,717198,2026-04-02 16:45:00,2026-04-02 17:00:00,20,4,True,True,False,False,43.3,43.3,53.9,555.0,0.1321
Threshold_50_15min,717198,2026-04-02 17:10:00,2026-04-02 18:05:00,60,12,True,True,False,False,48.2,41.5,50.1,569.0,0.1414
Threshold_50_15min,717198,2026-04-02 18:20:00,2026-04-02 18:55:00,40,8,True,True,False,False,49.1,37.4,50.1,493.0,0.127
Threshold_50_15min,717198,2026-04-03 07:50:00,2026-04-03 08:00:00,15,3,True,True,False,False,46.4,42.3,55.7,479.0,0.1098
Threshold_50_15min,717198,2026-04-03 12:25:00,2026-04-03 12:35:00,15,3,True,True,False,False,44.9,40.3,55.7,537.0,0.1246
Threshold_50_15min,717198,2026-04-03 12:50:00,2026-04-03 13:05:00,20,4,True,True,False,False,47.5,47.5,50.2,556.0,0.1445
Threshold_50_15min,717198,2026-04-03 13:45:00,2026-04-03 14:55:00,75,15,True,True,False,False,44.9,40.2,52.1,531.0,0.1292
Threshold_50_15min,717198,2026-04-03 16:15:00,2026-04-03 16:25:00,15,3,True,True,False,False,47.5,47.3,55.2,557.0,0.1331
Threshold_50_15min,717198,2026-04-03 16:40:00,2026-04-03 17:30:00,55,11,True,True,False,False,47.9,44.4,50.4,531.0,0.138
Threshold_50_15min,717198,2026-04-03 17:45:00,2026-04-03 17:55:00,15,3,True,True,False,False,48.5,46.5,51.6,531.0,0.1305
Threshold_50_15min,717198,2026-04-04 15:05:00,2026-04-04 16:00:00,60,12,True,True,False,False,43.4,18.1,51.7,544.0,0.1321
Threshold_50_15min,717198,2026-04-04 16:10:00,2026-04-04 16:30:00,25,5,True,True,False,False,49.3,41.6,50.4,501.0,0.115
Threshold_50_15min,717198,2026-04-05 13:25:00,2026-04-05 13:35:00,15,3,True,True,False,False,45.1,45.1,53.2,536.0,0.1399
Threshold_50_15min,717198,2026-04-05 15:10:00,2026-04-05 15:25:00,20,4,True,True,False,False,43.3,43.3,52.5,481.0,0.1258
Threshold_50_15min,717198,2026-04-06 07:50:00,2026-04-06 08:15:00,30,6,True,True,False,False,44.6,32.8,59.4,561.0,0.1209
Threshold_50_15min,717198,2026-04-06 13:00:00,2026-04-06 16:40:00,225,45,True,True,False,False,44.5,21.9,55.9,501.0,0.1227
Threshold_50_15min,717198,2026-04-06 17:20:00,2026-04-06 18:40:00,85,17,True,True,False,False,42.3,34.9,50.5,525.0,0.1313
Threshold_50_15min,717198,2026-04-07 07:40:00,2026-04-07 08:20:00,45,9,True,True,False,False,48.4,37.6,56.0,514.0,0.1285
Threshold_50_15min,717198,2026-04-07 12:40:00,2026-04-07 12:50:00,15,3,True,True,False,False,48.8,44.0,55.9,497.0,0.1319
Threshold_50_15min,717198,2026-04-07 13:05:00,2026-04-07 13:30:00,30,6,True,True,False,False,44.3,43.3,50.1,532.0,0.1411
Threshold_50_15min,717198,2026-04-07 14:50:00,2026-04-07 17:55:00,190,38,True,True,False,False,45.6,38.4,50.0,555.0,0.1446
Threshold_50_15min,717198,2026-04-08 13:35:00,2026-04-08 18:20:00,290,58,True,True,False,False,41.3,33.0,53.0,525.0,0.1292
Threshold_50_15min,717198,2026-04-08 18:30:00,2026-04-08 18:40:00,15,3,True,True,False,False,49.3,45.1,50.3,482.0,0.1209
Threshold_50_15min,717198,2026-04-09 07:55:00,2026-04-09 08:20:00,30,6,True,True,False,False,49.2,42.8,52.6,537.0,0.1242
Threshold_50_15min,717198,2026-04-09 13:30:00,2026-04-09 15:50:00,145,29,True,True,False,False,47.5,32.7,51.7,552.0,0.1365
Threshold_50_15min,717198,2026-04-09 16:05:00,2026-04-09 18:00:00,120,24,True,True,False,False,49.3,31.5,50.1,536.0,0.1356
Threshold_50_15min,717198,2026-04-10 12:00:00,2026-04-10 16:10:00,255,51,True,True,False,False,47.9,37.3,51.6,511.0,0.1251
Threshold_50_15min,717198,2026-04-10 17:25:00,2026-04-10 18:00:00,40,8,True,True,False,False,49.4,40.9,51.0,501.0,0.1344
Threshold_50_15min,717198,2026-04-11 13:25:00,2026-04-11 15:50:00,150,30,True,True,False,False,40.1,33.9,51.0,555.0,0.1326
Threshold_50_15min,717198,2026-04-11 16:10:00,2026-04-11 16:45:00,40,8,True,True,False,False,43.7,24.7,51.1,523.0,0.1267
Threshold_50_15min,717198,2026-04-13 14:20:00,2026-04-13 14:35:00,20,4,True,True,False,False,45.7,44.8,51.8,517.0,0.1355
Threshold_50_15min,717198,2026-04-13 15:00:00,2026-04-13 17:40:00,165,33,True,True,False,False,49.2,37.8,51.0,525.0,0.1245
Threshold_50_15min,717198,2026-04-13 18:10:00,2026-04-13 18:30:00,25,5,True,True,False,False,41.6,41.6,50.7,502.0,0.1205
Threshold_50_15min,717198,2026-04-14 07:35:00,2026-04-14 07:55:00,25,5,True,True,False,False,45.0,40.7,62.1,532.0,0.1099
Threshold_50_15min,717198,2026-04-14 12:35:00,2026-04-14 13:40:00,70,14,True,True,False,False,48.7,25.3,60.4,385.0,0.0852
Threshold_50_15min,717198,2026-04-14 14:10:00,2026-04-14 14:55:00,50,10,True,True,False,False,46.3,39.8,52.6,562.0,0.1479
Threshold_50_15min,717198,2026-04-14 15:05:00,2026-04-14 15:35:00,35,7,True,True,False,False,46.5,44.7,50.3,490.0,0.1155
Threshold_50_15min,717198,2026-04-14 15:50:00,2026-04-14 19:15:00,210,42,True,True,False,False,44.6,12.9,52.4,506.0,0.1244
Threshold_50_15min,717198,2026-04-15 05:55:00,2026-04-15 06:35:00,45,9,True,True,False,False,43.0,7.0,51.8,161.0,0.0532
Threshold_50_15min,717198,2026-04-15 08:00:00,2026-04-15 08:15:00,20,4,True,True,False,False,41.1,41.1,51.7,542.0,0.1391
Threshold_50_15min,717198,2026-04-15 13:50:00,2026-04-15 14:05:00,20,4,True,True,False,False,48.5,48.3,53.4,535.0,0.1439
Threshold_50_15min,717198,2026-04-15 14:15:00,2026-04-15 14:25:00,15,3,True,True,False,False,47.4,47.4,50.6,523.0,0.1312
Threshold_50_15min,717198,2026-04-15 14:35:00,2026-04-15 18:55:00,265,53,True,True,False,False,49.2,29.5,50.3,522.0,0.1308
Threshold_50_15min,717198,2026-04-16 07:35:00,2026-04-16 08:30:00,60,12,True,True,False,False,47.9,39.0,60.9,495.0,0.1075
Threshold_50_15min,717198,2026-04-16 11:05:00,2026-04-16 11:50:00,50,10,True,True,False,False,45.3,34.8,53.9,477.0,0.123
Threshold_50_15min,717198,2026-04-16 13:10:00,2026-04-16 13:30:00,25,5,True,True,False,False,49.8,36.3,51.7,520.0,0.1264
Threshold_50_15min,717198,2026-04-16 14:30:00,2026-04-16 17:10:00,165,33,True,True,False,False,42.9,29.8,51.6,539.0,0.152
Threshold_50_15min,717198,2026-04-16 17:20:00,2026-04-16 17:35:00,20,4,True,True,False,False,47.5,46.7,50.3,539.0,0.1289
Threshold_50_15min,717198,2026-04-16 18:10:00,2026-04-16 18:50:00,45,9,True,True,False,False,45.0,41.1,50.5,512.0,0.1279
Threshold_50_15min,717198,2026-04-16 19:45:00,2026-04-16 19:55:00,15,3,True,False,False,True,43.2,37.2,50.5,527.0,0.1342
Threshold_50_15min,717198,2026-04-17 12:45:00,2026-04-17 18:50:00,370,74,True,True,False,False,47.5,33.7,51.7,527.0,0.1368
Threshold_50_15min,717198,2026-04-17 19:05:00,2026-04-17 19:30:00,30,6,True,True,False,False,46.8,41.6,50.2,537.0,0.139
Threshold_50_15min,717198,2026-04-18 14:30:00,2026-04-18 16:45:00,140,28,True,True,False,False,48.7,32.6,53.3,515.0,0.1227
Threshold_50_15min,717198,2026-04-18 17:30:00,2026-04-18 18:25:00,60,12,True,True,False,False,47.2,41.3,55.8,577.0,0.1367
Threshold_50_15min,717198,2026-04-20 07:40:00,2026-04-20 08:10:00,35,7,True,True,False,False,45.1,43.0,52.5,540.0,0.1351
Threshold_50_15min,717198,2026-04-20 13:15:00,2026-04-20 13:25:00,15,3,True,True,False,False,47.0,40.6,54.7,520.0,0.1246
Threshold_50_15min,717198,2026-04-20 14:05:00,2026-04-20 16:50:00,170,34,True,True,False,False,47.8,37.1,51.5,538.0,0.1396
Threshold_50_15min,717198,2026-04-20 17:05:00,2026-04-20 18:30:00,90,18,True,True,False,False,44.2,38.6,50.1,539.0,0.1366
Threshold_50_15min,717198,2026-04-21 08:15:00,2026-04-21 08:40:00,30,6,True,True,False,False,43.4,40.8,53.2,553.0,0.1427
Threshold_50_15min,717198,2026-04-21 14:10:00,2026-04-21 17:10:00,185,37,True,True,False,False,46.8,34.2,51.1,529.0,0.1438
Threshold_50_15min,717198,2026-04-21 17:45:00,2026-04-21 17:55:00,15,3,True,True,False,False,46.3,44.9,51.1,545.0,0.1395
Threshold_50_15min,717198,2026-04-22 07:40:00,2026-04-22 08:30:00,55,11,True,True,False,False,43.8,39.3,50.0,515.0,0.1877
Threshold_50_15min,717198,2026-04-22 08:40:00,2026-04-22 08:50:00,15,3,True,True,False,False,49.2,40.6,51.4,522.0,0.1272
Threshold_50_15min,717198,2026-04-22 13:20:00,2026-04-22 13:50:00,35,7,True,True,False,False,46.2,39.5,53.8,513.0,0.1344
Threshold_50_15min,717198,2026-04-22 14:15:00,2026-04-22 15:30:00,80,16,True,True,False,False,44.3,35.8,50.7,526.0,0.1369
Threshold_50_15min,717198,2026-04-22 15:55:00,2026-04-22 16:55:00,65,13,True,True,False,False,44.9,36.7,50.8,522.0,0.1313
Threshold_50_15min,717198,2026-04-22 17:05:00,2026-04-22 18:00:00,60,12,True,True,False,False,49.3,34.3,50.2,538.0,0.1295
Threshold_50_15min,717198,2026-04-22 18:10:00,2026-04-22 18:35:00,30,6,True,True,False,False,45.7,42.4,50.8,491.0,0.1198
Threshold_50_15min,717198,2026-04-23 07:40:00,2026-04-23 08:45:00,70,14,True,True,False,False,44.6,36.9,51.0,533.0,0.1591
Threshold_50_15min,717198,2026-04-23 13:00:00,2026-04-23 13:10:00,15,3,True,True,False,False,47.2,45.7,55.3,518.0,0.1177
Threshold_50_15min,717198,2026-04-23 13:40:00,2026-04-23 14:05:00,30,6,True,True,False,False,48.6,42.8,51.6,494.0,0.1212
Threshold_50_15min,717198,2026-04-23 14:20:00,2026-04-23 18:10:00,235,47,True,True,False,False,45.7,33.2,50.6,489.0,0.1206
Threshold_50_15min,717198,2026-04-23 18:25:00,2026-04-23 19:00:00,40,8,True,True,False,False,45.8,41.0,50.9,548.0,0.135
Threshold_50_15min,717198,2026-04-24 07:40:00,2026-04-24 08:35:00,60,12,True,True,False,False,45.8,40.0,51.6,489.0,0.1521
Threshold_50_15min,717198,2026-04-24 11:40:00,2026-04-24 11:50:00,15,3,True,True,False,False,46.9,45.0,54.6,510.0,0.1195
Threshold_50_15min,717198,2026-04-24 12:05:00,2026-04-24 19:00:00,420,84,True,True,False,False,49.7,35.2,50.8,508.0,0.1258
Threshold_50_15min,717198,2026-04-25 16:30:00,2026-04-25 17:20:00,55,11,True,True,False,False,47.9,36.6,51.1,573.0,0.1475
Threshold_50_15min,717198,2026-04-27 08:00:00,2026-04-27 08:25:00,30,6,True,True,False,False,44.7,38.0,50.4,533.0,0.1682
Threshold_50_15min,717198,2026-04-27 14:05:00,2026-04-27 18:25:00,265,53,True,True,False,False,47.1,33.5,54.1,531.0,0.13
Threshold_50_15min,717198,2026-04-28 06:40:00,2026-04-28 06:50:00,15,3,True,True,False,False,43.2,38.6,63.0,412.0,0.0849
Threshold_50_15min,717198,2026-04-28 07:45:00,2026-04-28 08:25:00,45,9,True,True,False,False,48.2,38.3,52.1,562.0,0.1379
Threshold_50_15min,717198,2026-04-28 12:45:00,2026-04-28 13:15:00,35,7,True,True,False,False,48.5,40.4,56.5,488.0,0.1098
Threshold_50_15min,717198,2026-04-28 13:35:00,2026-04-28 18:10:00,280,56,True,True,False,False,47.9,34.3,52.8,530.0,0.1312
Threshold_50_15min,717198,2026-04-28 18:20:00,2026-04-28 19:10:00,55,11,True,True,False,False,42.4,39.8,50.2,561.0,0.1354
Threshold_50_15min,717198,2026-04-29 07:35:00,2026-04-29 08:45:00,75,15,True,True,False,False,49.4,39.3,56.5,464.0,0.109
Threshold_50_15min,717198,2026-04-29 14:20:00,2026-04-29 19:25:00,310,62,True,True,False,False,46.4,36.6,50.9,496.0,0.1198
Threshold_50_15min,717198,2026-04-30 07:50:00,2026-04-30 08:25:00,40,8,True,True,False,False,49.9,37.6,52.5,523.0,0.1163
Threshold_50_15min,717198,2026-04-30 12:10:00,2026-04-30 13:15:00,70,14,True,True,False,False,46.7,37.9,58.7,486.0,0.106
Threshold_50_15min,717198,2026-04-30 13:30:00,2026-04-30 16:15:00,170,34,True,True,False,False,42.7,32.7,51.7,504.0,0.1235
Threshold_50_15min,717198,2026-04-30 17:50:00,2026-04-30 18:55:00,70,14,True,True,False,False,45.5,37.7,51.1,510.0,0.1299
Threshold_50_15min,717198,2026-05-01 12:10:00,2026-05-01 12:50:00,45,9,True,True,False,False,48.3,39.1,56.7,539.0,0.1275
Threshold_50_15min,717198,2026-05-01 13:15:00,2026-05-01 13:50:00,40,8,True,True,False,False,49.3,41.6,53.9,511.0,0.1176
Threshold_50_15min,717198,2026-05-01 14:10:00,2026-05-01 17:40:00,215,43,True,True,False,False,48.3,36.4,51.3,542.0,0.1372
Threshold_50_15min,717198,2026-05-02 13:40:00,2026-05-02 13:55:00,20,4,True,True,False,False,44.3,44.3,54.8,535.0,0.1263
Threshold_50_15min,717198,2026-05-02 14:05:00,2026-05-02 14:15:00,15,3,True,True,False,False,49.6,47.8,50.7,536.0,0.1255
Threshold_50_15min,717198,2026-05-02 15:15:00,2026-05-02 15:35:00,25,5,True,True,False,False,45.9,42.3,56.3,494.0,0.1111
Threshold_50_15min,717198,2026-05-02 16:40:00,2026-05-02 18:05:00,90,18,True,True,False,False,44.9,36.8,51.1,537.0,0.1266
Threshold_50_15min,717198,2026-05-04 14:40:00,2026-05-04 15:00:00,25,5,True,True,False,False,44.1,39.5,52.9,560.0,0.1372
Threshold_50_15min,717198,2026-05-04 15:35:00,2026-05-04 16:15:00,45,9,True,True,False,False,48.8,38.8,52.8,543.0,0.1388
Threshold_50_15min,717198,2026-05-04 16:25:00,2026-05-04 16:40:00,20,4,True,True,False,False,49.9,47.9,50.3,516.0,0.1238
Threshold_50_15min,717198,2026-05-04 17:15:00,2026-05-04 18:30:00,80,16,True,True,False,False,46.9,39.0,53.5,553.0,0.1305
Threshold_50_15min,717198,2026-05-05 13:55:00,2026-05-05 14:50:00,60,12,True,True,False,False,44.5,41.5,50.1,538.0,0.1365
Threshold_50_15min,717198,2026-05-05 15:10:00,2026-05-05 18:45:00,220,44,True,True,False,False,48.3,34.6,51.2,488.0,0.123
Threshold_50_15min,717198,2026-05-06 07:45:00,2026-05-06 07:55:00,15,3,True,True,False,False,43.1,43.1,53.7,565.0,0.1461
Threshold_50_15min,717198,2026-05-06 08:15:00,2026-05-06 08:45:00,35,7,True,True,False,False,41.9,41.9,52.4,504.0,0.1275
Threshold_50_15min,717198,2026-05-06 13:20:00,2026-05-06 14:25:00,70,14,True,True,False,False,46.8,35.6,53.5,539.0,0.1334
Threshold_50_15min,717198,2026-05-06 14:45:00,2026-05-06 18:00:00,200,40,True,True,False,False,43.6,35.1,50.8,547.0,0.1395
Threshold_50_15min,717198,2026-05-06 18:55:00,2026-05-06 19:45:00,55,11,True,True,False,False,40.1,14.1,52.3,520.0,0.1297
Threshold_50_15min,717198,2026-05-07 07:50:00,2026-05-07 08:25:00,40,8,True,True,False,False,47.4,37.8,54.1,580.0,0.1426
Threshold_50_15min,717198,2026-05-07 08:45:00,2026-05-07 08:55:00,15,3,True,True,False,False,47.2,47.2,50.8,512.0,0.1298
Threshold_50_15min,717198,2026-05-07 12:45:00,2026-05-07 13:10:00,30,6,True,True,False,False,44.6,41.7,53.3,529.0,0.141
Threshold_50_15min,717198,2026-05-07 13:55:00,2026-05-07 18:05:00,255,51,True,True,False,False,48.6,35.6,50.4,507.0,0.1271
Threshold_50_15min,717198,2026-05-07 18:25:00,2026-05-07 19:55:00,95,19,True,False,False,True,49.2,40.2,51.3,508.0,0.1244
Threshold_50_15min,717198,2026-05-08 12:45:00,2026-05-08 13:55:00,75,15,True,True,False,False,49.9,41.7,53.0,530.0,0.1261
Threshold_50_15min,717198,2026-05-08 14:05:00,2026-05-08 16:55:00,175,35,True,True,False,False,49.5,33.7,51.1,524.0,0.1268
Threshold_50_15min,717198,2026-05-08 17:10:00,2026-05-08 19:50:00,165,33,True,True,False,False,48.4,37.4,51.1,513.0,0.1289
Threshold_50_15min,717198,2026-05-09 12:15:00,2026-05-09 13:30:00,80,16,True,True,False,False,45.0,39.1,51.8,533.0,0.1293
Threshold_50_15min,717198,2026-05-09 13:45:00,2026-05-09 18:35:00,295,59,True,True,False,False,44.9,29.5,53.0,498.0,0.1105
Threshold_50_15min,717198,2026-05-09 18:50:00,2026-05-09 19:05:00,20,4,True,True,False,False,49.8,45.3,50.3,546.0,0.1305
Threshold_50_15min,717198,2026-05-09 19:30:00,2026-05-09 19:40:00,15,3,True,True,False,False,45.7,44.1,50.8,492.0,0.1195
Threshold_50_15min,717198,2026-05-11 07:55:00,2026-05-11 08:05:00,15,3,True,True,False,False,47.8,43.6,52.3,511.0,0.1338
Threshold_50_15min,717198,2026-05-11 08:15:00,2026-05-11 08:25:00,15,3,True,True,False,False,47.9,42.2,51.9,474.0,0.1053
Threshold_50_15min,717198,2026-05-11 14:15:00,2026-05-11 16:55:00,165,33,True,True,False,False,49.7,30.9,52.7,478.0,0.121
Threshold_50_15min,717198,2026-05-11 17:05:00,2026-05-11 17:30:00,30,6,True,True,False,False,43.0,39.4,51.4,540.0,0.1273
Threshold_50_15min,717198,2026-05-11 17:55:00,2026-05-11 18:35:00,45,9,True,True,False,False,49.3,36.6,51.8,491.0,0.1195
Threshold_50_15min,717198,2026-05-12 07:55:00,2026-05-12 08:10:00,20,4,True,True,False,False,43.7,43.7,53.3,565.0,0.146
Threshold_50_15min,717198,2026-05-12 13:20:00,2026-05-12 13:30:00,15,3,True,True,False,False,48.7,39.4,57.6,492.0,0.1046
Threshold_50_15min,717198,2026-05-12 14:10:00,2026-05-12 14:20:00,15,3,True,True,False,False,49.4,44.1,54.4,526.0,0.1224
Threshold_50_15min,717198,2026-05-12 15:10:00,2026-05-12 17:35:00,150,30,True,True,False,False,49.8,35.7,51.1,534.0,0.1317
Threshold_50_15min,717198,2026-05-12 17:45:00,2026-05-12 18:30:00,50,10,True,True,False,False,49.7,39.4,51.1,539.0,0.1263
Threshold_50_15min,717198,2026-05-13 13:40:00,2026-05-13 16:15:00,160,32,True,True,False,False,46.1,27.4,50.7,511.0,0.1274
Threshold_50_15min,717198,2026-05-13 16:25:00,2026-05-13 18:10:00,110,22,True,True,False,False,49.1,39.0,50.7,540.0,0.13
Threshold_50_15min,717198,2026-05-14 07:55:00,2026-05-14 08:05:00,15,3,True,True,False,False,47.1,45.8,52.8,562.0,0.1368
Threshold_50_15min,717198,2026-05-14 08:20:00,2026-05-14 08:40:00,25,5,True,True,False,False,46.7,45.0,52.6,534.0,0.1236
Threshold_50_15min,717198,2026-05-14 12:50:00,2026-05-14 13:10:00,25,5,True,True,False,False,49.3,47.6,56.1,524.0,0.1246
Threshold_50_15min,717198,2026-05-14 13:20:00,2026-05-14 16:30:00,195,39,True,True,False,False,49.4,34.6,50.5,540.0,0.1359
Threshold_50_15min,717198,2026-05-14 16:40:00,2026-05-14 18:55:00,140,28,True,True,False,False,43.4,32.5,50.5,511.0,0.1261
Threshold_50_15min,717198,2026-05-15 12:55:00,2026-05-15 14:45:00,115,23,True,True,False,False,45.8,39.7,56.0,531.0,0.12
Threshold_50_15min,717198,2026-05-15 15:00:00,2026-05-15 19:05:00,250,50,True,True,False,False,45.5,29.7,50.5,570.0,0.1439
Threshold_50_15min,717198,2026-05-15 19:40:00,2026-05-15 19:55:00,20,4,True,False,False,True,44.6,40.4,51.5,546.0,0.1375
Threshold_50_15min,717198,2026-05-16 14:35:00,2026-05-16 15:35:00,65,13,True,True,False,False,44.8,32.1,56.4,600.0,0.1295
Threshold_50_15min,717198,2026-05-16 16:25:00,2026-05-16 17:25:00,65,13,True,True,False,False,48.4,39.6,51.2,536.0,0.1238
Threshold_50_15min,717198,2026-05-16 17:50:00,2026-05-16 18:35:00,50,10,True,True,False,False,49.2,27.9,52.2,551.0,0.1237
Threshold_50_15min,717198,2026-05-18 07:45:00,2026-05-18 07:55:00,15,3,True,True,False,False,46.1,46.1,51.7,546.0,0.1472
Threshold_50_15min,717198,2026-05-18 08:05:00,2026-05-18 08:15:00,15,3,True,True,False,False,49.8,42.4,50.5,527.0,0.1285
Threshold_50_15min,717198,2026-05-18 09:45:00,2026-05-18 09:55:00,15,3,True,True,False,False,46.5,34.7,57.4,364.0,0.0861
Threshold_50_15min,717198,2026-05-18 12:00:00,2026-05-18 12:10:00,15,3,True,True,False,False,49.7,41.8,59.6,405.0,0.0933
Threshold_50_15min,717198,2026-05-18 14:15:00,2026-05-18 14:35:00,25,5,True,True,False,False,49.9,44.2,53.2,491.0,0.1189
Threshold_50_15min,717198,2026-05-18 14:45:00,2026-05-18 19:10:00,270,54,True,True,False,False,48.1,15.2,50.0,491.0,0.1198
Threshold_50_15min,717198,2026-05-19 14:25:00,2026-05-19 16:05:00,105,21,True,True,False,False,49.5,33.5,52.7,511.0,0.1175
Threshold_50_15min,717198,2026-05-19 17:20:00,2026-05-19 18:40:00,85,17,True,True,False,False,49.3,36.9,51.4,525.0,0.135
Threshold_50_15min,717198,2026-05-20 07:40:00,2026-05-20 08:10:00,35,7,True,True,False,False,43.9,41.2,52.4,521.0,0.1533
Threshold_50_15min,717198,2026-05-20 13:10:00,2026-05-20 14:05:00,60,12,True,True,False,False,48.8,20.9,59.2,368.0,0.0778
Threshold_50_15min,717198,2026-05-20 15:05:00,2026-05-20 18:55:00,235,47,True,True,False,False,46.7,37.4,57.0,554.0,0.132
Threshold_50_15min,717198,2026-05-21 13:10:00,2026-05-21 14:40:00,95,19,True,True,False,False,44.1,40.0,55.2,543.0,0.1312
Threshold_50_15min,717198,2026-05-21 15:05:00,2026-05-21 18:55:00,235,47,True,True,False,False,48.9,26.5,51.9,508.0,0.128
Threshold_50_15min,717198,2026-05-22 09:35:00,2026-05-22 09:55:00,25,5,True,True,False,False,48.7,40.9,55.6,429.0,0.1139
Threshold_50_15min,717198,2026-05-22 11:20:00,2026-05-22 11:50:00,35,7,True,True,False,False,45.0,37.1,53.0,528.0,0.1367
Threshold_50_15min,717198,2026-05-22 12:10:00,2026-05-22 19:35:00,450,90,True,True,False,False,49.2,33.4,51.6,521.0,0.1269
Threshold_50_15min,717198,2026-05-23 12:30:00,2026-05-23 13:10:00,45,9,True,True,False,False,43.6,41.1,51.0,552.0,0.1359
Threshold_50_15min,717198,2026-05-23 14:00:00,2026-05-23 18:20:00,265,53,True,True,False,False,49.2,31.3,51.7,550.0,0.1249
Threshold_50_15min,717198,2026-05-23 18:30:00,2026-05-23 18:45:00,20,4,True,True,False,False,45.6,39.8,50.6,535.0,0.122
Threshold_50_15min,717198,2026-05-24 14:55:00,2026-05-24 15:10:00,20,4,True,True,False,False,48.8,46.4,55.3,508.0,0.12
Threshold_50_15min,717198,2026-05-28 13:40:00,2026-05-28 18:35:00,300,60,False,True,True,False,36.7,33.8,,,
Threshold_50_15min,717198,2026-05-29 08:00:00,2026-05-29 08:25:00,30,6,True,True,False,False,48.0,45.3,50.9,413.0,0.1235
Threshold_50_15min,717198,2026-05-29 12:55:00,2026-05-29 13:40:00,50,10,True,True,False,False,49.0,41.9,53.7,537.0,0.1288
Threshold_50_15min,717198,2026-05-29 13:55:00,2026-05-29 14:50:00,60,12,True,True,False,False,48.1,37.3,51.7,542.0,0.1312
Threshold_50_15min,717198,2026-05-29 15:05:00,2026-05-29 18:50:00,230,46,True,True,False,False,48.0,35.1,51.0,536.0,0.1341
Threshold_50_15min,717198,2026-05-30 14:30:00,2026-05-30 18:10:00,225,45,True,True,False,False,43.6,30.1,52.8,548.0,0.1263
Threshold_50_15min,717198,2026-05-30 18:20:00,2026-05-30 18:35:00,20,4,True,True,False,False,44.9,42.6,50.9,533.0,0.1158
Threshold_55_15min,716152,2026-02-01 11:10:00,2026-02-01 11:20:00,15,3,True,True,False,False,37.7,37.7,64.0,452.0,0.1115
Threshold_55_15min,716152,2026-02-02 12:10:00,2026-02-02 15:30:00,205,41,True,True,False,False,53.5,26.0,62.6,448.0,0.1458
Threshold_55_15min,716152,2026-02-02 15:40:00,2026-02-02 16:05:00,30,6,True,True,False,False,51.9,46.9,55.6,505.0,0.232
Threshold_55_15min,716152,2026-02-02 16:15:00,2026-02-02 16:35:00,25,5,True,True,False,False,50.8,47.9,57.8,488.0,0.2308
Threshold_55_15min,716152,2026-02-02 16:50:00,2026-02-02 17:05:00,20,4,True,True,False,False,50.0,48.0,60.3,510.0,0.225
Threshold_55_15min,716152,2026-02-02 17:35:00,2026-02-02 17:50:00,20,4,True,True,False,False,52.5,47.9,59.8,515.0,0.2397
Threshold_55_15min,716152,2026-02-02 18:10:00,2026-02-02 18:30:00,25,5,True,True,False,False,53.3,45.5,56.8,493.0,0.204
Threshold_55_15min,716152,2026-02-03 07:35:00,2026-02-03 08:40:00,70,14,True,True,False,False,54.4,32.4,58.5,569.0,0.1732
Threshold_55_15min,716152,2026-02-03 13:20:00,2026-02-03 19:55:00,400,80,True,False,False,True,50.3,29.3,56.2,525.0,0.17
Threshold_55_15min,716152,2026-02-04 07:30:00,2026-02-04 08:55:00,90,18,True,True,False,False,51.5,37.2,62.0,581.0,0.1733
Threshold_55_15min,716152,2026-02-04 09:45:00,2026-02-04 10:00:00,20,4,True,True,False,False,43.6,43.6,55.5,537.0,0.1771
Threshold_55_15min,716152,2026-02-04 12:25:00,2026-02-04 12:45:00,25,5,True,True,False,False,49.8,47.6,55.3,549.0,0.1986
Threshold_55_15min,716152,2026-02-04 13:20:00,2026-02-04 19:25:00,370,74,True,True,False,False,54.7,22.9,55.4,483.0,0.1626
Threshold_55_15min,716152,2026-02-05 07:35:00,2026-02-05 08:30:00,60,12,True,True,False,False,53.4,44.2,63.9,633.0,0.1754
Threshold_55_15min,716152,2026-02-05 13:20:00,2026-02-05 13:35:00,20,4,True,True,False,False,52.1,48.6,56.7,521.0,0.1526
Threshold_55_15min,716152,2026-02-05 14:00:00,2026-02-05 15:20:00,85,17,True,True,False,False,53.2,33.8,55.5,524.0,0.1618
Threshold_55_15min,716152,2026-02-05 16:25:00,2026-02-05 19:25:00,185,37,True,True,False,False,52.6,31.6,57.8,612.0,0.2014
Threshold_55_15min,716152,2026-02-06 07:30:00,2026-02-06 08:25:00,60,12,True,True,False,False,51.8,36.5,60.8,573.0,0.1665
Threshold_55_15min,716152,2026-02-06 12:25:00,2026-02-06 18:50:00,390,78,True,True,False,False,53.8,31.7,58.6,557.0,0.191
Threshold_55_15min,716152,2026-02-06 19:00:00,2026-02-06 19:35:00,40,8,True,True,False,False,53.2,44.5,55.4,537.0,0.1808
Threshold_55_15min,716152,2026-02-07 13:15:00,2026-02-07 18:25:00,315,63,True,True,False,False,48.3,29.8,56.1,579.0,0.1669
Threshold_55_15min,716152,2026-02-10 07:30:00,2026-02-10 08:30:00,65,13,True,True,False,False,51.6,38.0,58.4,619.0,0.1918
Threshold_55_15min,716152,2026-02-10 10:55:00,2026-02-10 11:05:00,15,3,True,True,False,False,53.6,53.6,58.5,450.0,0.1417
Threshold_55_15min,716152,2026-02-10 12:00:00,2026-02-10 12:40:00,45,9,True,True,False,False,51.6,44.0,57.8,498.0,0.154
Threshold_55_15min,716152,2026-02-10 13:30:00,2026-02-10 19:35:00,370,74,True,True,False,False,48.2,27.0,55.5,554.0,0.171
Threshold_55_15min,716152,2026-02-11 07:25:00,2026-02-11 08:55:00,95,19,True,True,False,False,54.1,30.2,59.3,527.0,0.1654
Threshold_55_15min,716152,2026-02-11 13:40:00,2026-02-11 19:05:00,330,66,True,True,False,False,47.5,30.6,58.2,602.0,0.189
Threshold_55_15min,716152,2026-02-12 07:20:00,2026-02-12 09:20:00,125,25,True,True,False,False,52.7,27.7,58.2,556.0,0.1831
Threshold_55_15min,716152,2026-02-12 12:15:00,2026-02-12 12:40:00,30,6,True,True,False,False,54.5,49.9,55.7,537.0,0.1724
Threshold_55_15min,716152,2026-02-12 13:10:00,2026-02-12 13:30:00,25,5,True,True,False,False,51.9,48.7,55.3,520.0,0.1659
Threshold_55_15min,716152,2026-02-12 13:40:00,2026-02-12 19:55:00,380,76,True,False,False,True,45.5,28.4,55.1,534.0,0.163
Threshold_55_15min,716152,2026-02-13 07:20:00,2026-02-13 08:25:00,70,14,True,True,False,False,48.0,36.2,56.4,537.0,0.1716
Threshold_55_15min,716152,2026-02-13 09:05:00,2026-02-13 09:25:00,25,5,True,True,False,False,54.0,50.2,57.7,479.0,0.14
Threshold_55_15min,716152,2026-02-13 09:40:00,2026-02-13 09:50:00,15,3,True,True,False,False,54.9,52.6,58.0,473.0,0.1396
Threshold_55_15min,716152,2026-02-13 11:20:00,2026-02-13 15:45:00,270,54,True,True,False,False,48.8,28.3,56.1,586.0,0.1836
Threshold_55_15min,716152,2026-02-13 16:10:00,2026-02-13 19:55:00,230,46,True,False,False,True,49.9,30.3,58.4,527.0,0.1548
Threshold_55_15min,716152,2026-02-14 09:15:00,2026-02-14 09:50:00,40,8,True,True,False,False,52.0,21.1,56.5,351.0,0.1027
Threshold_55_15min,716152,2026-02-14 11:50:00,2026-02-14 12:45:00,60,12,True,True,False,False,52.9,41.8,59.3,564.0,0.1479
Threshold_55_15min,716152,2026-02-14 14:25:00,2026-02-14 17:15:00,175,35,True,True,False,False,48.4,31.4,58.8,572.0,0.157
Threshold_55_15min,716152,2026-02-14 17:35:00,2026-02-14 18:20:00,50,10,True,True,False,False,54.0,43.2,57.6,456.0,0.1275
Threshold_55_15min,716152,2026-02-14 18:30:00,2026-02-14 19:05:00,40,8,True,True,False,False,54.8,41.6,56.4,516.0,0.1366
Threshold_55_15min,716152,2026-02-15 09:05:00,2026-02-15 09:20:00,20,4,True,True,False,False,52.2,52.2,56.8,292.0,0.0729
Threshold_55_15min,716152,2026-02-15 12:40:00,2026-02-15 12:55:00,20,4,True,True,False,False,53.6,51.2,55.4,499.0,0.1213
Threshold_55_15min,716152,2026-02-15 14:40:00,2026-02-15 14:55:00,20,4,True,True,False,False,54.5,52.1,55.3,510.0,0.1248
Threshold_55_15min,716152,2026-02-15 15:05:00,2026-02-15 15:20:00,20,4,True,True,False,False,53.0,53.0,55.5,521.0,0.1221
Threshold_55_15min,716152,2026-02-15 15:55:00,2026-02-15 16:45:00,55,11,True,True,False,False,53.1,48.6,55.1,451.0,0.1068
Threshold_55_15min,716152,2026-02-15 17:05:00,2026-02-15 17:20:00,20,4,True,True,False,False,51.9,51.9,55.4,496.0,0.1186
Threshold_55_15min,716152,2026-02-15 18:10:00,2026-02-15 19:40:00,95,19,True,True,False,False,54.2,49.8,56.8,397.0,0.0909
Threshold_55_15min,716152,2026-02-16 14:00:00,2026-02-16 14:15:00,20,4,True,True,False,False,47.8,47.8,57.1,394.0,0.2326
Threshold_55_15min,716152,2026-02-16 14:25:00,2026-02-16 15:20:00,60,12,True,True,False,False,51.1,41.5,55.4,434.0,0.226
Threshold_55_15min,716152,2026-02-16 17:15:00,2026-02-16 17:25:00,15,3,True,True,False,False,51.1,51.1,60.3,451.0,0.2271
Threshold_55_15min,716152,2026-02-17 13:30:00,2026-02-17 13:50:00,25,5,True,True,False,False,48.4,40.7,58.4,522.0,0.1562
Threshold_55_15min,716152,2026-02-17 14:55:00,2026-02-17 18:10:00,200,40,True,True,False,False,50.3,31.4,59.6,553.0,0.1644
Threshold_55_15min,716152,2026-02-17 18:25:00,2026-02-17 19:00:00,40,8,True,True,False,False,54.8,46.2,55.2,495.0,0.1606
Threshold_55_15min,716152,2026-02-18 07:30:00,2026-02-18 08:45:00,80,16,True,True,False,False,53.4,15.2,60.8,587.0,0.1707
Threshold_55_15min,716152,2026-02-18 13:05:00,2026-02-18 19:00:00,360,72,True,True,False,False,48.0,29.8,57.4,551.0,0.1722
Threshold_55_15min,716152,2026-02-19 07:35:00,2026-02-19 08:05:00,35,7,True,True,False,False,48.3,43.7,60.5,553.0,0.1575
Threshold_55_15min,716152,2026-02-19 10:05:00,2026-02-19 18:10:00,490,98,True,True,False,False,53.1,27.1,55.4,421.0,0.1376
Threshold_55_15min,716152,2026-02-19 18:30:00,2026-02-19 18:40:00,15,3,True,True,False,False,51.4,51.4,57.1,508.0,0.1548
Threshold_55_15min,716152,2026-02-20 07:50:00,2026-02-20 08:00:00,15,3,True,True,False,False,52.8,48.4,55.3,607.0,0.1909
Threshold_55_15min,716152,2026-02-20 08:35:00,2026-02-20 08:50:00,20,4,True,True,False,False,52.0,50.3,55.1,497.0,0.1691
Threshold_55_15min,716152,2026-02-20 12:25:00,2026-02-20 19:25:00,425,85,True,True,False,False,48.8,31.3,58.6,541.0,0.1593
Threshold_55_15min,716152,2026-02-21 11:25:00,2026-02-21 11:40:00,20,4,True,True,False,False,49.9,43.7,59.1,538.0,0.1599
Threshold_55_15min,716152,2026-02-21 13:35:00,2026-02-21 18:45:00,315,63,True,True,False,False,48.3,29.5,55.4,542.0,0.1589
Threshold_55_15min,716152,2026-02-22 12:40:00,2026-02-22 12:55:00,20,4,True,True,False,False,52.2,52.2,57.2,494.0,0.1102
Threshold_55_15min,716152,2026-02-22 13:15:00,2026-02-22 13:25:00,15,3,True,True,False,False,53.5,53.5,56.2,527.0,0.1256
Threshold_55_15min,716152,2026-02-22 14:30:00,2026-02-22 14:50:00,25,5,True,True,False,False,54.7,54.4,55.3,525.0,0.1252
Threshold_55_15min,716152,2026-02-22 15:20:00,2026-02-22 15:40:00,25,5,True,True,False,False,54.3,52.4,55.1,521.0,0.125
Threshold_55_15min,716152,2026-02-22 16:05:00,2026-02-22 16:20:00,20,4,True,True,False,False,53.5,52.0,56.6,472.0,0.1055
Threshold_55_15min,716152,2026-02-22 17:10:00,2026-02-22 17:20:00,15,3,True,True,False,False,54.4,54.2,56.0,484.0,0.1121
Threshold_55_15min,716152,2026-02-22 18:15:00,2026-02-22 18:25:00,15,3,True,True,False,False,54.5,52.6,55.8,420.0,0.0989
Threshold_55_15min,716152,2026-02-22 18:35:00,2026-02-22 19:55:00,85,17,True,False,False,True,53.1,49.6,55.0,409.0,0.0949
Threshold_55_15min,716152,2026-02-23 07:40:00,2026-02-23 09:05:00,90,18,True,True,False,False,47.3,34.7,55.1,585.0,0.1766
Threshold_55_15min,716152,2026-02-23 11:10:00,2026-02-23 11:20:00,15,3,True,True,False,False,53.9,51.1,56.0,525.0,0.1779
Threshold_55_15min,716152,2026-02-23 11:40:00,2026-02-23 11:50:00,15,3,True,True,False,False,48.5,45.7,57.2,527.0,0.1782
Threshold_55_15min,716152,2026-02-23 12:35:00,2026-02-23 12:55:00,25,5,True,True,False,False,47.2,45.4,57.4,573.0,0.1782
Threshold_55_15min,716152,2026-02-23 13:25:00,2026-02-23 18:55:00,335,67,True,True,False,False,47.7,27.1,56.1,553.0,0.1724
Threshold_55_15min,716152,2026-02-23 19:30:00,2026-02-23 19:45:00,20,4,True,True,False,False,52.7,49.2,57.9,471.0,0.1362
Threshold_55_15min,716152,2026-02-24 07:20:00,2026-02-24 09:05:00,110,22,True,True,False,False,51.1,28.4,60.1,506.0,0.1502
Threshold_55_15min,716152,2026-02-24 12:35:00,2026-02-24 19:55:00,445,89,True,False,False,True,49.8,29.0,55.4,534.0,0.1717
Threshold_55_15min,716152,2026-02-25 07:25:00,2026-02-25 08:50:00,90,18,True,True,False,False,50.9,34.3,55.8,615.0,0.2057
Threshold_55_15min,716152,2026-02-25 09:30:00,2026-02-25 09:40:00,15,3,True,True,False,False,48.9,47.1,55.2,533.0,0.1743
Threshold_55_15min,716152,2026-02-25 13:05:00,2026-02-25 19:55:00,415,83,True,False,False,True,53.6,17.7,55.2,562.0,0.1782
Threshold_55_15min,716152,2026-02-26 07:20:00,2026-02-26 09:00:00,105,21,True,True,False,False,50.8,30.1,55.3,545.0,0.2003
Threshold_55_15min,716152,2026-02-26 12:20:00,2026-02-26 19:55:00,460,92,True,False,False,True,53.7,18.4,57.3,518.0,0.1668
Threshold_55_15min,716152,2026-02-27 07:45:00,2026-02-27 09:20:00,100,20,True,True,False,False,50.5,38.7,65.6,532.0,0.1393
Threshold_55_15min,716152,2026-02-27 14:40:00,2026-02-27 19:55:00,320,64,True,False,False,True,48.8,37.2,59.4,420.0,0.1133
Threshold_55_15min,716152,2026-03-01 12:40:00,2026-03-01 12:50:00,15,3,True,True,False,False,50.5,50.5,55.9,474.0,0.1155
Threshold_55_15min,716152,2026-03-01 18:05:00,2026-03-01 19:55:00,115,23,True,False,False,True,54.2,48.7,55.2,453.0,0.1065
Threshold_55_15min,716152,2026-03-02 05:00:00,2026-03-02 05:35:00,40,8,False,False,True,True,35.5,3.0,,,
Threshold_55_15min,716152,2026-03-02 05:55:00,2026-03-02 06:15:00,25,5,False,True,True,False,18.0,14.7,,,
Threshold_55_15min,716152,2026-03-02 07:35:00,2026-03-02 08:45:00,75,15,True,True,False,False,52.7,35.7,58.4,562.0,0.1763
Threshold_55_15min,716152,2026-03-02 12:00:00,2026-03-02 12:35:00,40,8,True,True,False,False,53.4,35.5,56.0,511.0,0.1684
Threshold_55_15min,716152,2026-03-02 13:05:00,2026-03-02 19:20:00,380,76,True,True,False,False,52.7,28.6,58.7,565.0,0.1726
Threshold_55_15min,716152,2026-03-04 07:20:00,2026-03-04 10:10:00,175,35,True,True,False,False,52.2,29.1,56.4,539.0,0.1911
Threshold_55_15min,716152,2026-03-04 10:25:00,2026-03-04 19:55:00,575,115,True,False,False,True,51.4,27.1,57.1,537.0,0.17
Threshold_55_15min,716152,2026-03-05 07:30:00,2026-03-05 19:55:00,750,150,True,False,False,True,51.1,19.1,55.9,579.0,0.1834
Threshold_55_15min,716152,2026-03-06 07:30:00,2026-03-06 08:45:00,80,16,True,True,False,False,45.9,40.7,55.1,583.0,0.1758
Threshold_55_15min,716152,2026-03-06 09:10:00,2026-03-06 09:45:00,40,8,True,True,False,False,54.6,51.5,55.0,511.0,0.1477
Threshold_55_15min,716152,2026-03-06 10:05:00,2026-03-06 19:55:00,595,119,True,False,False,True,53.9,17.9,56.1,438.0,0.1266
Threshold_55_15min,716152,2026-03-07 13:45:00,2026-03-07 18:20:00,280,56,True,True,False,False,51.3,28.9,59.0,564.0,0.1543
Threshold_55_15min,716152,2026-03-09 07:35:00,2026-03-09 08:55:00,85,17,True,True,False,False,54.6,34.0,61.2,460.0,0.1221
Threshold_55_15min,716152,2026-03-09 12:35:00,2026-03-09 15:40:00,190,38,True,True,False,False,43.0,28.1,55.4,531.0,0.1726
Threshold_55_15min,716152,2026-03-09 16:15:00,2026-03-09 19:10:00,180,36,True,True,False,False,48.0,28.8,56.2,538.0,0.1926
Threshold_55_15min,716152,2026-03-10 07:35:00,2026-03-10 08:55:00,85,17,True,True,False,False,49.6,31.6,56.0,567.0,0.1971
Threshold_55_15min,716152,2026-03-10 12:55:00,2026-03-10 13:35:00,45,9,True,True,False,False,46.1,45.2,56.5,511.0,0.1681
Threshold_55_15min,716152,2026-03-10 13:55:00,2026-03-10 19:20:00,330,66,True,True,False,False,51.5,30.4,56.8,537.0,0.1653
Threshold_55_15min,716152,2026-03-11 07:25:00,2026-03-11 09:10:00,110,22,True,True,False,False,51.7,31.3,58.0,536.0,0.1686
Threshold_55_15min,716152,2026-03-11 12:40:00,2026-03-11 13:50:00,75,15,True,True,False,False,51.9,29.8,58.4,545.0,0.1686
Threshold_55_15min,716152,2026-03-11 14:20:00,2026-03-11 19:45:00,330,66,True,True,False,False,49.0,25.2,56.3,571.0,0.1785
Threshold_55_15min,716152,2026-03-12 07:20:00,2026-03-12 09:05:00,110,22,True,True,False,False,52.5,30.1,62.4,522.0,0.1459
Threshold_55_15min,716152,2026-03-12 09:45:00,2026-03-12 11:25:00,105,21,True,True,False,False,52.4,47.9,56.4,528.0,0.1656
Threshold_55_15min,716152,2026-03-12 11:50:00,2026-03-12 12:10:00,25,5,True,True,False,False,53.6,45.3,58.6,470.0,0.1388
Threshold_55_15min,716152,2026-03-12 12:55:00,2026-03-12 19:40:00,410,82,True,True,False,False,50.9,27.9,55.7,549.0,0.1835
Threshold_55_15min,716152,2026-03-13 07:20:00,2026-03-13 08:40:00,85,17,True,True,False,False,52.3,29.7,55.7,499.0,0.1413
Threshold_55_15min,716152,2026-03-13 09:20:00,2026-03-13 09:45:00,30,6,True,True,False,False,52.8,51.3,55.6,463.0,0.1326
Threshold_55_15min,716152,2026-03-13 10:25:00,2026-03-13 10:40:00,20,4,True,True,False,False,54.6,53.4,55.0,517.0,0.1545
Threshold_55_15min,716152,2026-03-13 11:00:00,2026-03-13 19:55:00,540,108,True,False,False,True,53.4,16.3,55.7,502.0,0.1387
Threshold_55_15min,716152,2026-03-16 07:25:00,2026-03-16 08:40:00,80,16,True,True,False,False,53.9,35.1,61.9,539.0,0.1465
Threshold_55_15min,716152,2026-03-16 13:40:00,2026-03-16 19:15:00,340,68,True,True,False,False,53.9,28.6,56.3,511.0,0.1559
Threshold_55_15min,716152,2026-03-17 07:25:00,2026-03-17 08:50:00,90,18,True,True,False,False,51.4,34.3,57.3,523.0,0.1786
Threshold_55_15min,716152,2026-03-17 12:30:00,2026-03-17 13:05:00,40,8,True,True,False,False,54.6,23.6,57.4,546.0,0.1739
Threshold_55_15min,716152,2026-03-17 13:40:00,2026-03-17 19:50:00,375,75,True,True,False,False,49.5,17.0,56.3,540.0,0.1578
Threshold_55_15min,716152,2026-03-18 07:20:00,2026-03-18 08:50:00,95,19,True,True,False,False,52.2,34.0,59.8,520.0,0.1482
Threshold_55_15min,716152,2026-03-18 10:40:00,2026-03-18 10:50:00,15,3,True,True,False,False,52.7,46.8,58.4,456.0,0.1447
Threshold_55_15min,716152,2026-03-18 12:30:00,2026-03-18 19:00:00,395,79,True,True,False,False,49.6,20.1,57.8,519.0,0.1741
Threshold_55_15min,716152,2026-03-19 07:15:00,2026-03-19 08:45:00,95,19,True,True,False,False,50.4,34.1,55.9,455.0,0.1722
Threshold_55_15min,716152,2026-03-19 10:40:00,2026-03-19 11:35:00,60,12,True,True,False,False,39.2,14.0,59.7,430.0,0.1239
Threshold_55_15min,716152,2026-03-19 12:10:00,2026-03-19 19:30:00,445,89,True,True,False,False,49.9,27.7,55.2,495.0,0.1642
Threshold_55_15min,716152,2026-03-20 07:35:00,2026-03-20 09:20:00,110,22,True,True,False,False,49.5,35.4,55.8,569.0,0.1517
Threshold_55_15min,716152,2026-03-20 09:55:00,2026-03-20 10:10:00,20,4,True,True,False,False,54.8,52.6,55.0,502.0,0.1464
Threshold_55_15min,716152,2026-03-20 10:35:00,2026-03-20 11:15:00,45,9,True,True,False,False,52.0,48.9,55.6,485.0,0.1411
Threshold_55_15min,716152,2026-03-20 11:50:00,2026-03-20 19:55:00,490,98,True,False,False,True,54.1,23.2,55.4,502.0,0.1441
Threshold_55_15min,716152,2026-03-21 10:20:00,2026-03-21 10:50:00,35,7,True,True,False,False,51.2,46.7,57.8,593.0,0.1516
Threshold_55_15min,716152,2026-03-21 12:45:00,2026-03-21 18:35:00,355,71,True,True,False,False,54.6,27.1,58.0,576.0,0.151
Threshold_55_15min,716152,2026-03-22 12:50:00,2026-03-22 14:20:00,95,19,True,True,False,False,53.5,19.2,58.9,471.0,0.1206
Threshold_55_15min,716152,2026-03-22 14:35:00,2026-03-22 14:55:00,25,5,True,True,False,False,50.1,43.5,55.5,553.0,0.144
Threshold_55_15min,716152,2026-03-23 07:40:00,2026-03-23 08:30:00,55,11,True,True,False,False,49.2,34.6,59.3,646.0,0.1898
Threshold_55_15min,716152,2026-03-23 12:30:00,2026-03-23 12:50:00,25,5,True,True,False,False,52.9,47.8,55.2,467.0,0.1503
Threshold_55_15min,716152,2026-03-23 13:25:00,2026-03-23 19:15:00,355,71,True,True,False,False,54.7,25.8,58.1,541.0,0.1548
Threshold_55_15min,716152,2026-03-24 07:35:00,2026-03-24 07:55:00,25,5,True,True,False,False,53.2,46.6,62.7,631.0,0.1725
Threshold_55_15min,716152,2026-03-24 08:15:00,2026-03-24 09:00:00,50,10,True,True,False,False,50.7,40.1,56.8,566.0,0.173
Threshold_55_15min,716152,2026-03-24 09:20:00,2026-03-24 09:35:00,20,4,True,True,False,False,53.4,45.8,57.1,523.0,0.158
Threshold_55_15min,716152,2026-03-24 13:10:00,2026-03-24 19:40:00,395,79,True,True,False,False,52.7,28.6,56.2,574.0,0.1769
Threshold_55_15min,716152,2026-03-25 07:35:00,2026-03-25 09:45:00,135,27,True,True,False,False,50.0,38.7,61.0,629.0,0.1853
Threshold_55_15min,716152,2026-03-25 13:55:00,2026-03-25 19:55:00,365,73,True,False,False,True,46.1,13.3,55.1,521.0,0.1729
Threshold_55_15min,716152,2026-03-26 07:40:00,2026-03-26 09:25:00,110,22,True,True,False,False,50.9,36.3,59.8,578.0,0.1676
Threshold_55_15min,716152,2026-03-26 12:15:00,2026-03-26 12:45:00,35,7,True,True,False,False,53.7,39.6,60.9,537.0,0.1518
Threshold_55_15min,716152,2026-03-26 13:00:00,2026-03-26 19:55:00,420,84,True,False,False,True,51.8,27.7,55.2,529.0,0.1666
Threshold_55_15min,716152,2026-03-27 07:20:00,2026-03-27 09:00:00,105,21,True,True,False,False,54.5,29.7,62.2,514.0,0.1509
Threshold_55_15min,716152,2026-03-27 09:15:00,2026-03-27 09:25:00,15,3,True,True,False,False,51.2,51.2,58.1,531.0,0.159
Threshold_55_15min,716152,2026-03-27 09:35:00,2026-03-27 10:05:00,35,7,True,True,False,False,47.0,41.2,55.5,521.0,0.1615
Threshold_55_15min,716152,2026-03-27 12:00:00,2026-03-27 19:55:00,480,96,True,False,False,True,53.0,29.0,57.1,524.0,0.1697
Threshold_55_15min,716152,2026-03-28 12:35:00,2026-03-28 18:20:00,350,70,True,True,False,False,54.3,26.0,57.8,589.0,0.1534
Threshold_55_15min,716152,2026-03-28 18:45:00,2026-03-28 18:55:00,15,3,True,True,False,False,47.9,44.5,57.9,564.0,0.1551
Threshold_55_15min,716152,2026-04-01 07:25:00,2026-04-01 08:10:00,50,10,True,True,False,False,54.7,39.6,65.9,551.0,0.1402
Threshold_55_15min,716152,2026-04-01 08:20:00,2026-04-01 08:30:00,15,3,True,True,False,False,54.2,50.7,57.8,543.0,0.1493
Threshold_55_15min,716152,2026-04-01 13:35:00,2026-04-01 19:50:00,380,76,True,True,False,False,52.0,31.9,57.8,559.0,0.1729
Threshold_55_15min,716152,2026-04-02 12:05:00,2026-04-02 13:00:00,60,12,True,True,False,False,52.4,40.7,58.4,538.0,0.158
Threshold_55_15min,716152,2026-04-02 13:35:00,2026-04-02 16:40:00,190,38,True,True,False,False,50.7,31.5,59.0,550.0,0.1528
Threshold_55_15min,716152,2026-04-02 16:50:00,2026-04-02 19:00:00,135,27,True,True,False,False,43.1,31.5,57.0,589.0,0.1663
Threshold_55_15min,716152,2026-04-03 07:40:00,2026-04-03 08:00:00,25,5,True,True,False,False,52.0,46.4,63.3,609.0,0.159
Threshold_55_15min,716152,2026-04-03 12:20:00,2026-04-03 15:40:00,205,41,True,True,False,False,49.0,33.0,55.6,583.0,0.1795
Threshold_55_15min,716152,2026-04-03 16:15:00,2026-04-03 18:20:00,130,26,True,True,False,False,53.2,34.8,59.0,555.0,0.161
Threshold_55_15min,716152,2026-04-04 14:10:00,2026-04-04 16:55:00,170,34,True,True,False,False,43.2,20.0,55.7,591.0,0.1621
Threshold_55_15min,716152,2026-04-05 13:30:00,2026-04-05 14:35:00,70,14,True,True,False,False,51.3,38.6,58.6,549.0,0.1363
Threshold_55_15min,716152,2026-04-05 15:10:00,2026-04-05 15:45:00,40,8,True,True,False,False,51.9,42.7,61.1,532.0,0.1274
Threshold_55_15min,716152,2026-04-06 07:30:00,2026-04-06 09:30:00,125,25,True,True,False,False,53.0,30.9,58.9,569.0,0.1506
Threshold_55_15min,716152,2026-04-06 11:50:00,2026-04-06 19:05:00,440,88,True,True,False,False,53.7,17.9,55.4,469.0,0.1331
Threshold_55_15min,716152,2026-04-07 07:25:00,2026-04-07 08:40:00,80,16,True,True,False,False,50.6,31.4,59.5,547.0,0.1569
Threshold_55_15min,716152,2026-04-07 12:15:00,2026-04-07 12:25:00,15,3,True,True,False,False,51.5,51.5,57.6,495.0,0.1445
Threshold_55_15min,716152,2026-04-07 12:35:00,2026-04-07 18:00:00,330,66,True,True,False,False,52.4,28.2,56.3,525.0,0.1522
Threshold_55_15min,716152,2026-04-07 18:10:00,2026-04-07 19:20:00,75,15,True,True,False,False,49.5,39.1,55.7,496.0,0.1368
Threshold_55_15min,716152,2026-04-08 07:30:00,2026-04-08 08:40:00,75,15,True,True,False,False,49.7,38.1,59.8,522.0,0.1589
Threshold_55_15min,716152,2026-04-08 13:10:00,2026-04-08 19:00:00,355,71,True,True,False,False,45.4,29.7,55.5,553.0,0.1809
Threshold_55_15min,716152,2026-04-09 07:35:00,2026-04-09 08:35:00,65,13,True,True,False,False,52.8,36.8,57.4,614.0,0.1884
Threshold_55_15min,716152,2026-04-09 11:45:00,2026-04-09 12:00:00,20,4,True,True,False,False,47.0,47.0,56.9,492.0,0.1521
Threshold_55_15min,716152,2026-04-09 12:45:00,2026-04-09 12:55:00,15,3,True,True,False,False,54.4,51.0,57.0,565.0,0.169
Threshold_55_15min,716152,2026-04-09 13:15:00,2026-04-09 18:20:00,310,62,True,True,False,False,54.5,27.6,56.8,542.0,0.1522
Threshold_55_15min,716152,2026-04-09 19:25:00,2026-04-09 19:35:00,15,3,True,True,False,False,50.6,50.6,56.2,553.0,0.1646
Threshold_55_15min,716152,2026-04-10 11:10:00,2026-04-10 16:30:00,325,65,True,True,False,False,50.2,27.7,56.2,527.0,0.1614
Threshold_55_15min,716152,2026-04-10 17:15:00,2026-04-10 18:05:00,55,11,True,True,False,False,49.8,40.2,57.4,538.0,0.1561
Threshold_55_15min,716152,2026-04-10 18:25:00,2026-04-10 18:45:00,25,5,True,True,False,False,54.8,43.9,55.2,529.0,0.1624
Threshold_55_15min,716152,2026-04-11 10:35:00,2026-04-11 10:45:00,15,3,True,True,False,False,54.5,50.3,58.3,568.0,0.1499
Threshold_55_15min,716152,2026-04-11 13:10:00,2026-04-11 17:05:00,240,48,True,True,False,False,46.6,20.2,58.7,630.0,0.1724
Threshold_55_15min,716152,2026-04-12 08:30:00,2026-04-12 08:40:00,15,3,True,True,False,False,52.6,50.9,56.8,276.0,0.0721
Threshold_55_15min,716152,2026-04-13 07:45:00,2026-04-13 08:25:00,45,9,True,True,False,False,50.1,46.2,58.4,633.0,0.1707
Threshold_55_15min,716152,2026-04-13 09:55:00,2026-04-13 10:15:00,25,5,True,True,False,False,52.7,51.8,56.1,458.0,0.1248
Threshold_55_15min,716152,2026-04-13 11:35:00,2026-04-13 11:45:00,15,3,True,True,False,False,53.7,53.7,55.9,489.0,0.1346
Threshold_55_15min,716152,2026-04-13 12:35:00,2026-04-13 13:05:00,35,7,True,True,False,False,54.5,51.6,55.5,508.0,0.1455
Threshold_55_15min,716152,2026-04-13 13:40:00,2026-04-13 18:35:00,300,60,True,True,False,False,52.7,25.8,55.0,544.0,0.1565
Threshold_55_15min,716152,2026-04-14 07:35:00,2026-04-14 08:40:00,70,14,True,True,False,False,53.9,33.7,57.6,580.0,0.1774
Threshold_55_15min,716152,2026-04-14 12:15:00,2026-04-14 13:40:00,90,18,True,True,False,False,53.6,20.0,55.5,502.0,0.1551
Threshold_55_15min,716152,2026-04-14 14:10:00,2026-04-14 19:30:00,325,65,True,True,False,False,48.0,11.5,55.7,571.0,0.1698
Threshold_55_15min,716152,2026-04-15 07:45:00,2026-04-15 08:35:00,55,11,True,True,False,False,50.9,33.3,56.3,582.0,0.1803
Threshold_55_15min,716152,2026-04-15 12:35:00,2026-04-15 12:45:00,15,3,True,True,False,False,50.8,48.7,58.0,512.0,0.1511
Threshold_55_15min,716152,2026-04-15 12:55:00,2026-04-15 13:10:00,20,4,True,True,False,False,54.3,49.4,55.3,509.0,0.146
Threshold_55_15min,716152,2026-04-15 13:40:00,2026-04-15 19:40:00,365,73,True,True,False,False,54.7,25.6,55.8,536.0,0.1608
Threshold_55_15min,716152,2026-04-16 07:35:00,2026-04-16 09:00:00,90,18,True,True,False,False,45.8,31.5,56.5,587.0,0.1709
Threshold_55_15min,716152,2026-04-16 09:15:00,2026-04-16 09:50:00,40,8,True,True,False,False,54.2,40.2,59.4,488.0,0.1387
Threshold_55_15min,716152,2026-04-16 10:50:00,2026-04-16 12:00:00,75,15,True,True,False,False,49.1,29.8,60.0,472.0,0.1256
Threshold_55_15min,716152,2026-04-16 12:45:00,2026-04-16 13:35:00,55,11,True,True,False,False,42.8,30.7,55.1,595.0,0.1978
Threshold_55_15min,716152,2026-04-16 14:20:00,2026-04-16 19:00:00,285,57,True,True,False,False,50.8,25.7,63.8,598.0,0.1739
Threshold_55_15min,716152,2026-04-16 19:35:00,2026-04-16 19:55:00,25,5,True,False,False,True,52.2,31.3,55.0,544.0,0.1725
Threshold_55_15min,716152,2026-04-17 11:20:00,2026-04-17 12:00:00,45,9,True,True,False,False,51.8,46.1,58.1,490.0,0.1411
Threshold_55_15min,716152,2026-04-17 12:10:00,2026-04-17 19:35:00,450,90,True,True,False,False,53.1,29.3,55.1,500.0,0.1487
Threshold_55_15min,716152,2026-04-18 13:20:00,2026-04-18 16:50:00,215,43,True,True,False,False,53.4,27.4,60.0,561.0,0.142
Threshold_55_15min,716152,2026-04-18 17:25:00,2026-04-18 19:00:00,100,20,True,True,False,False,54.6,30.6,60.0,580.0,0.161
Threshold_55_15min,716152,2026-04-20 07:30:00,2026-04-20 09:15:00,110,22,True,True,False,False,48.9,33.4,56.7,617.0,0.1746
Threshold_55_15min,716152,2026-04-20 10:10:00,2026-04-20 10:30:00,25,5,True,True,False,False,51.3,50.1,55.4,450.0,0.1298
Threshold_55_15min,716152,2026-04-20 10:45:00,2026-04-20 11:15:00,35,7,True,True,False,False,52.9,50.1,55.3,472.0,0.1329
Threshold_55_15min,716152,2026-04-20 11:30:00,2026-04-20 11:40:00,15,3,True,True,False,False,53.4,51.1,56.4,433.0,0.1186
Threshold_55_15min,716152,2026-04-20 12:25:00,2026-04-20 19:05:00,405,81,True,True,False,False,48.7,28.0,56.1,493.0,0.1395
Threshold_55_15min,716152,2026-04-21 07:25:00,2026-04-21 09:00:00,100,20,True,True,False,False,51.6,36.5,55.0,568.0,0.1759
Threshold_55_15min,716152,2026-04-21 12:20:00,2026-04-21 18:05:00,350,70,True,True,False,False,46.0,27.3,55.1,587.0,0.1925
Threshold_55_15min,716152,2026-04-22 07:35:00,2026-04-22 09:10:00,100,20,True,True,False,False,45.1,31.0,58.1,601.0,0.1855
Threshold_55_15min,716152,2026-04-22 09:25:00,2026-04-22 10:15:00,55,11,True,True,False,False,52.0,44.7,56.6,545.0,0.1611
Threshold_55_15min,716152,2026-04-22 13:10:00,2026-04-22 19:30:00,385,77,True,True,False,False,54.2,27.2,55.1,558.0,0.1765
Threshold_55_15min,716152,2026-04-23 07:40:00,2026-04-23 09:00:00,85,17,True,True,False,False,43.9,31.7,55.2,602.0,0.1829
Threshold_55_15min,716152,2026-04-23 13:00:00,2026-04-23 19:45:00,410,82,True,True,False,False,50.4,25.4,55.5,555.0,0.1725
Threshold_55_15min,716152,2026-04-24 07:30:00,2026-04-24 08:50:00,85,17,True,True,False,False,46.8,32.0,55.8,552.0,0.1821
Threshold_55_15min,716152,2026-04-24 09:15:00,2026-04-24 09:50:00,40,8,True,True,False,False,48.8,48.2,57.0,519.0,0.1589
Threshold_55_15min,716152,2026-04-24 10:10:00,2026-04-24 10:20:00,15,3,True,True,False,False,54.7,52.9,55.1,463.0,0.1446
Threshold_55_15min,716152,2026-04-24 11:20:00,2026-04-24 19:25:00,490,98,True,True,False,False,51.8,26.7,56.2,547.0,0.1577
Threshold_55_15min,716152,2026-04-25 15:35:00,2026-04-25 17:45:00,135,27,True,True,False,False,46.0,35.0,56.5,601.0,0.1674
Threshold_55_15min,716152,2026-04-25 18:40:00,2026-04-25 19:00:00,25,5,True,True,False,False,54.0,44.8,59.3,489.0,0.1337
Threshold_55_15min,716152,2026-04-27 07:35:00,2026-04-27 09:05:00,95,19,True,True,False,False,52.9,32.3,57.9,557.0,0.1644
Threshold_55_15min,716152,2026-04-27 10:45:00,2026-04-27 11:05:00,25,5,True,True,False,False,50.5,50.5,55.0,483.0,0.1482
Threshold_55_15min,716152,2026-04-27 12:20:00,2026-04-27 12:30:00,15,3,True,True,False,False,54.7,51.5,56.4,535.0,0.1572
Threshold_55_15min,716152,2026-04-27 13:30:00,2026-04-27 13:45:00,20,4,True,True,False,False,52.9,52.9,55.6,531.0,0.1603
Threshold_55_15min,716152,2026-04-27 13:55:00,2026-04-27 19:05:00,315,63,True,True,False,False,51.5,26.4,55.6,529.0,0.1537
Threshold_55_15min,716152,2026-04-28 06:40:00,2026-04-28 06:55:00,20,4,True,True,False,False,49.2,33.9,62.5,463.0,0.1243
Threshold_55_15min,716152,2026-04-28 07:30:00,2026-04-28 09:05:00,100,20,True,True,False,False,53.8,32.1,60.1,610.0,0.1708
Threshold_55_15min,716152,2026-04-28 11:50:00,2026-04-28 19:30:00,465,93,True,True,False,False,54.7,21.5,55.6,502.0,0.1541
Threshold_55_15min,716152,2026-04-29 07:20:00,2026-04-29 09:00:00,105,21,True,True,False,False,54.1,33.0,66.9,480.0,0.124
Threshold_55_15min,716152,2026-04-29 09:15:00,2026-04-29 09:50:00,40,8,True,True,False,False,53.8,45.3,56.6,524.0,0.1538
Threshold_55_15min,716152,2026-04-29 11:35:00,2026-04-29 12:45:00,75,15,True,True,False,False,52.3,43.4,55.2,493.0,0.1522
Threshold_55_15min,716152,2026-04-29 13:15:00,2026-04-29 19:55:00,405,81,True,False,False,True,51.9,26.6,55.0,535.0,0.1633
Threshold_55_15min,716152,2026-04-30 07:35:00,2026-04-30 08:50:00,80,16,True,True,False,False,50.5,37.1,61.2,645.0,0.1825
Threshold_55_15min,716152,2026-04-30 09:00:00,2026-04-30 09:40:00,45,9,True,True,False,False,54.7,42.6,57.7,523.0,0.1453
Threshold_55_15min,716152,2026-04-30 10:20:00,2026-04-30 10:40:00,25,5,True,True,False,False,35.5,27.9,60.6,465.0,0.1311
Threshold_55_15min,716152,2026-04-30 12:10:00,2026-04-30 19:20:00,435,87,True,True,False,False,51.0,27.2,56.5,556.0,0.1673
Threshold_55_15min,716152,2026-05-01 07:30:00,2026-05-01 08:00:00,35,7,True,True,False,False,48.0,40.7,57.9,580.0,0.1841
Threshold_55_15min,716152,2026-05-01 12:05:00,2026-05-01 19:00:00,420,84,True,True,False,False,51.0,29.3,56.5,501.0,0.1549
Threshold_55_15min,716152,2026-05-02 13:40:00,2026-05-02 14:40:00,65,13,True,True,False,False,54.0,35.8,58.4,578.0,0.1503
Threshold_55_15min,716152,2026-05-02 15:20:00,2026-05-02 15:50:00,35,7,True,True,False,False,43.0,40.1,57.1,531.0,0.152
Threshold_55_15min,716152,2026-05-02 16:05:00,2026-05-02 16:25:00,25,5,True,True,False,False,54.5,52.0,59.1,547.0,0.1327
Threshold_55_15min,716152,2026-05-02 16:45:00,2026-05-02 18:15:00,95,19,True,True,False,False,44.6,31.2,55.3,558.0,0.1501
Threshold_55_15min,716152,2026-05-04 07:30:00,2026-05-04 08:15:00,50,10,True,True,False,False,52.5,39.8,57.2,588.0,0.1861
Threshold_55_15min,716152,2026-05-04 14:15:00,2026-05-04 18:40:00,270,54,True,True,False,False,53.1,29.3,56.5,515.0,0.1551
Threshold_55_15min,716152,2026-05-05 07:40:00,2026-05-05 08:30:00,55,11,True,True,False,False,53.3,37.6,61.6,595.0,0.1677
Threshold_55_15min,716152,2026-05-05 13:25:00,2026-05-05 19:15:00,355,71,True,True,False,False,51.3,30.1,58.3,566.0,0.1658
Threshold_55_15min,716152,2026-05-06 07:30:00,2026-05-06 08:50:00,85,17,True,True,False,False,50.7,34.2,62.3,607.0,0.1649
Threshold_55_15min,716152,2026-05-06 12:55:00,2026-05-06 18:15:00,325,65,True,True,False,False,54.3,27.8,56.5,544.0,0.1606
Threshold_55_15min,716152,2026-05-06 18:55:00,2026-05-06 19:45:00,55,11,True,True,False,False,53.2,16.2,56.1,538.0,0.1653
Threshold_55_15min,716152,2026-05-07 07:25:00,2026-05-07 09:15:00,115,23,True,True,False,False,52.8,35.9,55.0,537.0,0.175
Threshold_55_15min,716152,2026-05-07 09:35:00,2026-05-07 09:50:00,20,4,True,True,False,False,47.7,47.5,55.1,521.0,0.1703
Threshold_55_15min,716152,2026-05-07 11:30:00,2026-05-07 11:40:00,15,3,True,True,False,False,52.1,52.1,56.1,481.0,0.1409
Threshold_55_15min,716152,2026-05-07 12:40:00,2026-05-07 19:55:00,440,88,True,False,False,True,52.7,26.6,55.8,541.0,0.1702
Threshold_55_15min,716152,2026-05-08 07:35:00,2026-05-08 08:30:00,60,12,True,True,False,False,51.0,44.6,55.3,596.0,0.2079
Threshold_55_15min,716152,2026-05-08 11:45:00,2026-05-08 12:00:00,20,4,True,True,False,False,54.1,52.0,55.6,580.0,0.1726
Threshold_55_15min,716152,2026-05-08 12:20:00,2026-05-08 19:55:00,460,92,True,False,False,True,53.3,27.7,56.7,573.0,0.1765
Threshold_55_15min,716152,2026-05-09 12:00:00,2026-05-09 19:45:00,470,94,True,True,False,False,53.9,26.0,58.0,543.0,0.1487
Threshold_55_15min,716152,2026-05-10 15:35:00,2026-05-10 15:55:00,25,5,True,True,False,False,51.6,48.2,60.6,562.0,0.1396
Threshold_55_15min,716152,2026-05-11 07:35:00,2026-05-11 08:40:00,70,14,True,True,False,False,42.5,39.3,58.7,561.0,0.1785
Threshold_55_15min,716152,2026-05-11 14:10:00,2026-05-11 18:35:00,270,54,True,True,False,False,52.4,25.3,56.6,536.0,0.1552
Threshold_55_15min,716152,2026-05-12 07:40:00,2026-05-12 08:05:00,30,6,True,True,False,False,50.2,40.1,57.0,629.0,0.213
Threshold_55_15min,716152,2026-05-12 11:20:00,2026-05-12 11:45:00,30,6,True,True,False,False,53.8,48.2,57.0,539.0,0.1577
Threshold_55_15min,716152,2026-05-12 13:25:00,2026-05-12 13:45:00,25,5,True,True,False,False,43.4,43.4,59.8,586.0,0.1648
Threshold_55_15min,716152,2026-05-12 14:15:00,2026-05-12 19:00:00,290,58,True,True,False,False,45.9,25.6,55.2,532.0,0.1526
Threshold_55_15min,716152,2026-05-13 07:30:00,2026-05-13 07:55:00,30,6,True,True,False,False,53.2,45.5,61.1,539.0,0.1558
Threshold_55_15min,716152,2026-05-13 13:00:00,2026-05-13 18:50:00,355,71,True,True,False,False,53.2,24.7,56.5,552.0,0.1717
Threshold_55_15min,716152,2026-05-14 07:40:00,2026-05-14 08:55:00,80,16,True,True,False,False,53.0,30.2,57.5,587.0,0.1726
Threshold_55_15min,716152,2026-05-14 12:50:00,2026-05-14 19:45:00,420,84,True,True,False,False,53.8,27.3,55.8,553.0,0.1691
Threshold_55_15min,716152,2026-05-15 07:30:00,2026-05-15 08:10:00,45,9,True,True,False,False,51.9,38.3,62.6,561.0,0.1432
Threshold_55_15min,716152,2026-05-15 08:25:00,2026-05-15 08:35:00,15,3,True,True,False,False,46.2,46.2,55.5,550.0,0.1693
Threshold_55_15min,716152,2026-05-15 12:20:00,2026-05-15 12:35:00,20,4,True,True,False,False,53.6,52.2,56.5,588.0,0.1745
Threshold_55_15min,716152,2026-05-15 12:50:00,2026-05-15 19:55:00,430,86,True,False,False,True,53.1,22.0,55.8,536.0,0.1613
Threshold_55_15min,716152,2026-05-16 14:35:00,2026-05-16 15:30:00,60,12,True,True,False,False,52.2,30.1,56.8,610.0,0.1619
Threshold_55_15min,716152,2026-05-16 16:15:00,2026-05-16 18:35:00,145,29,True,True,False,False,50.8,30.5,58.3,594.0,0.1572
Threshold_55_15min,716152,2026-05-18 07:40:00,2026-05-18 08:15:00,40,8,True,True,False,False,51.6,39.7,58.8,603.0,0.1791
Threshold_55_15min,716152,2026-05-18 08:25:00,2026-05-18 08:35:00,15,3,True,True,False,False,54.9,51.8,59.6,409.0,0.1026
Threshold_55_15min,716152,2026-05-18 12:00:00,2026-05-18 12:35:00,40,8,True,True,False,False,51.5,38.3,56.1,479.0,0.1582
Threshold_55_15min,716152,2026-05-18 13:40:00,2026-05-18 19:20:00,345,69,True,True,False,False,44.6,13.1,56.4,516.0,0.1597
Threshold_55_15min,716152,2026-05-19 11:35:00,2026-05-19 11:45:00,15,3,True,True,False,False,54.4,48.1,59.3,348.0,0.0992
Threshold_55_15min,716152,2026-05-19 12:15:00,2026-05-19 12:35:00,25,5,True,True,False,False,52.4,44.3,58.1,486.0,0.1478
Threshold_55_15min,716152,2026-05-19 13:45:00,2026-05-19 16:10:00,150,30,True,True,False,False,52.1,29.5,56.0,531.0,0.1696
Threshold_55_15min,716152,2026-05-19 17:00:00,2026-05-19 18:55:00,120,24,True,True,False,False,48.2,30.2,57.5,569.0,0.1767
Threshold_55_15min,716152,2026-05-20 07:30:00,2026-05-20 08:50:00,85,17,True,True,False,False,49.2,34.8,57.6,580.0,0.1822
Threshold_55_15min,716152,2026-05-20 13:00:00,2026-05-20 14:05:00,70,14,True,True,False,False,51.8,17.5,57.7,375.0,0.1051
Threshold_55_15min,716152,2026-05-20 15:05:00,2026-05-20 19:35:00,275,55,True,True,False,False,43.9,29.8,55.1,538.0,0.2006
Threshold_55_15min,716152,2026-05-21 07:15:00,2026-05-21 08:05:00,55,11,True,True,False,False,53.1,42.5,61.4,517.0,0.144
Threshold_55_15min,716152,2026-05-21 09:35:00,2026-05-21 09:45:00,15,3,True,True,False,False,53.7,52.7,57.0,541.0,0.1747
Threshold_55_15min,716152,2026-05-21 12:10:00,2026-05-21 12:25:00,20,4,True,True,False,False,53.4,47.4,59.0,470.0,0.1371
Threshold_55_15min,716152,2026-05-21 13:05:00,2026-05-21 19:40:00,400,80,True,True,False,False,54.9,22.5,55.3,579.0,0.1675
Threshold_55_15min,716152,2026-05-22 09:30:00,2026-05-22 09:55:00,30,6,True,True,False,False,49.0,38.9,56.3,509.0,0.152
Threshold_55_15min,716152,2026-05-22 10:55:00,2026-05-22 19:50:00,540,108,True,True,False,False,53.5,27.4,55.4,514.0,0.1551
Threshold_55_15min,716152,2026-05-28 11:40:00,2026-05-28 11:50:00,15,3,True,True,False,False,53.3,48.5,56.0,437.0,0.1198
Threshold_55_15min,716152,2026-05-28 13:40:00,2026-05-28 18:55:00,320,64,False,True,True,False,41.7,27.5,,,
Threshold_55_15min,716152,2026-05-29 07:55:00,2026-05-29 08:50:00,60,12,True,True,False,False,50.5,32.0,58.9,579.0,0.1657
Threshold_55_15min,716152,2026-05-29 12:20:00,2026-05-29 19:15:00,420,84,True,True,False,False,54.7,30.2,56.7,597.0,0.1767
Threshold_55_15min,716152,2026-05-30 13:50:00,2026-05-30 19:05:00,320,64,True,True,False,False,48.0,25.7,56.7,564.0,0.1538
Threshold_55_15min,716152,2026-05-31 14:00:00,2026-05-31 15:35:00,100,20,True,True,False,False,50.9,20.7,61.1,505.0,0.1186
Threshold_55_15min,717185,2026-02-01 11:10:00,2026-02-01 11:20:00,15,3,True,True,False,False,54.3,40.3,65.0,462.0,0.0838
Threshold_55_15min,717185,2026-02-02 12:20:00,2026-02-02 19:10:00,415,83,True,True,False,False,39.5,15.8,56.6,468.0,0.1221
Threshold_55_15min,717185,2026-02-03 07:35:00,2026-02-03 08:35:00,65,13,True,True,False,False,53.7,27.9,57.2,533.0,0.1406
Threshold_55_15min,717185,2026-02-03 13:25:00,2026-02-03 19:45:00,385,77,True,True,False,False,49.2,10.8,56.6,529.0,0.1309
Threshold_55_15min,717185,2026-02-04 07:35:00,2026-02-04 08:55:00,85,17,True,True,False,False,48.2,30.8,58.7,525.0,0.1324
Threshold_55_15min,717185,2026-02-04 09:45:00,2026-02-04 10:00:00,20,4,True,True,False,False,44.2,41.3,57.6,529.0,0.1268
Threshold_55_15min,717185,2026-02-04 11:20:00,2026-02-04 11:30:00,15,3,True,True,False,False,46.3,46.3,57.1,371.0,0.0968
Threshold_55_15min,717185,2026-02-04 12:30:00,2026-02-04 19:35:00,430,86,True,True,False,False,42.9,16.8,57.1,536.0,0.1408
Threshold_55_15min,717185,2026-02-05 07:40:00,2026-02-05 08:25:00,50,10,True,True,False,False,44.7,37.2,55.5,512.0,0.1491
Threshold_55_15min,717185,2026-02-05 13:20:00,2026-02-05 13:35:00,20,4,True,True,False,False,54.9,48.4,56.4,477.0,0.1142
Threshold_55_15min,717185,2026-02-05 14:05:00,2026-02-05 15:20:00,80,16,True,True,False,False,48.5,24.6,56.7,501.0,0.1224
Threshold_55_15min,717185,2026-02-05 16:30:00,2026-02-05 19:20:00,175,35,True,True,False,False,47.2,24.8,56.1,512.0,0.1366
Threshold_55_15min,717185,2026-02-06 07:30:00,2026-02-06 08:15:00,50,10,True,True,False,False,52.6,29.5,62.2,533.0,0.1184
Threshold_55_15min,717185,2026-02-06 12:30:00,2026-02-06 19:35:00,430,86,True,True,False,False,49.7,22.2,55.3,522.0,0.135
Threshold_55_15min,717185,2026-02-07 13:15:00,2026-02-07 17:55:00,285,57,True,True,False,False,52.5,20.2,57.9,541.0,0.1216
Threshold_55_15min,717185,2026-02-09 11:40:00,2026-02-09 11:50:00,15,3,True,True,False,False,53.7,52.5,56.3,461.0,0.1235
Threshold_55_15min,717185,2026-02-09 12:20:00,2026-02-09 13:00:00,45,9,True,True,False,False,45.4,17.1,59.1,296.0,0.0706
Threshold_55_15min,717185,2026-02-09 13:30:00,2026-02-09 18:30:00,305,61,True,True,False,False,54.0,19.4,56.3,482.0,0.1226
Threshold_55_15min,717185,2026-02-10 07:35:00,2026-02-10 08:25:00,55,11,True,True,False,False,44.3,35.5,59.9,561.0,0.1373
Threshold_55_15min,717185,2026-02-10 12:10:00,2026-02-10 12:35:00,30,6,True,True,False,False,45.2,32.5,57.1,474.0,0.1217
Threshold_55_15min,717185,2026-02-10 13:30:00,2026-02-10 19:30:00,365,73,True,True,False,False,54.1,23.4,55.9,498.0,0.1225
Threshold_55_15min,717185,2026-02-11 07:30:00,2026-02-11 08:30:00,65,13,True,True,False,False,47.6,27.3,59.5,512.0,0.1194
Threshold_55_15min,717185,2026-02-11 08:40:00,2026-02-11 09:00:00,25,5,True,True,False,False,49.1,44.9,56.4,524.0,0.1162
Threshold_55_15min,717185,2026-02-11 13:40:00,2026-02-11 19:05:00,330,66,True,True,False,False,54.5,25.2,59.5,543.0,0.122
Threshold_55_15min,717185,2026-02-12 07:30:00,2026-02-12 09:20:00,115,23,True,True,False,False,50.7,24.2,55.3,554.0,0.1488
Threshold_55_15min,717185,2026-02-12 13:10:00,2026-02-12 19:55:00,410,82,True,False,False,True,54.4,22.3,56.7,489.0,0.1161
Threshold_55_15min,717185,2026-02-13 07:25:00,2026-02-13 08:25:00,65,13,True,True,False,False,45.2,33.7,61.1,549.0,0.1226
Threshold_55_15min,717185,2026-02-13 11:20:00,2026-02-13 15:35:00,260,52,True,True,False,False,53.9,23.4,58.0,516.0,0.1224
Threshold_55_15min,717185,2026-02-13 16:10:00,2026-02-13 19:55:00,230,46,True,False,False,True,51.8,24.5,58.3,482.0,0.1222
Threshold_55_15min,717185,2026-02-14 09:05:00,2026-02-14 09:50:00,50,10,True,True,False,False,40.3,14.3,56.8,325.0,0.0738
Threshold_55_15min,717185,2026-02-14 11:50:00,2026-02-14 12:15:00,30,6,True,True,False,False,47.3,45.4,60.8,513.0,0.1079
Threshold_55_15min,717185,2026-02-14 12:30:00,2026-02-14 12:50:00,25,5,True,True,False,False,48.4,39.1,55.6,477.0,0.109
Threshold_55_15min,717185,2026-02-14 14:30:00,2026-02-14 18:15:00,230,46,True,True,False,False,46.7,22.9,57.9,513.0,0.1185
Threshold_55_15min,717185,2026-02-14 18:35:00,2026-02-14 18:50:00,20,4,True,True,False,False,50.0,44.7,56.5,460.0,0.1053
Threshold_55_15min,717185,2026-02-16 09:20:00,2026-02-16 16:20:00,425,85,True,True,False,False,54.9,19.0,56.8,361.0,0.0877
Threshold_55_15min,717185,2026-02-16 16:55:00,2026-02-16 17:45:00,55,11,True,True,False,False,52.9,28.6,55.4,384.0,0.0953
Threshold_55_15min,717185,2026-02-17 13:35:00,2026-02-17 13:55:00,25,5,True,True,False,False,51.3,40.0,57.9,521.0,0.1253
Threshold_55_15min,717185,2026-02-17 15:00:00,2026-02-17 19:00:00,245,49,True,True,False,False,48.9,27.6,57.6,513.0,0.1263
Threshold_55_15min,717185,2026-02-18 07:35:00,2026-02-18 08:40:00,70,14,True,True,False,False,42.9,13.4,63.2,550.0,0.1177
Threshold_55_15min,717185,2026-02-18 13:10:00,2026-02-18 19:00:00,355,71,True,True,False,False,48.4,23.2,55.8,485.0,0.1217
Threshold_55_15min,717185,2026-02-19 07:35:00,2026-02-19 08:00:00,30,6,True,True,False,False,54.4,37.4,57.3,532.0,0.1274
Threshold_55_15min,717185,2026-02-19 10:00:00,2026-02-19 17:50:00,475,95,True,True,False,False,53.5,20.9,56.2,387.0,0.0959
Threshold_55_15min,717185,2026-02-19 18:25:00,2026-02-19 19:00:00,40,8,True,True,False,False,54.5,47.8,58.6,460.0,0.107
Threshold_55_15min,717185,2026-02-20 08:05:00,2026-02-20 08:55:00,55,11,True,True,False,False,52.7,37.2,55.5,328.0,0.0898
Threshold_55_15min,717185,2026-02-20 13:05:00,2026-02-20 19:30:00,390,78,True,True,False,False,45.4,25.9,55.4,518.0,0.1231
Threshold_55_15min,717185,2026-02-21 11:25:00,2026-02-21 11:45:00,25,5,True,True,False,False,54.1,40.8,62.0,498.0,0.1022
Threshold_55_15min,717185,2026-02-21 13:35:00,2026-02-21 18:50:00,320,64,True,True,False,False,54.1,25.4,56.5,502.0,0.1143
Threshold_55_15min,717185,2026-02-23 07:25:00,2026-02-23 09:10:00,110,22,True,True,False,False,54.9,29.3,63.9,511.0,0.1082
Threshold_55_15min,717185,2026-02-23 11:00:00,2026-02-23 11:20:00,25,5,True,True,False,False,54.6,50.8,57.6,454.0,0.1171
Threshold_55_15min,717185,2026-02-23 11:35:00,2026-02-23 11:45:00,15,3,True,True,False,False,51.4,51.4,56.9,507.0,0.1285
Threshold_55_15min,717185,2026-02-23 12:30:00,2026-02-23 13:00:00,35,7,True,True,False,False,54.3,38.9,56.1,482.0,0.1203
Threshold_55_15min,717185,2026-02-23 13:25:00,2026-02-23 18:55:00,335,67,True,True,False,False,50.9,20.3,55.9,520.0,0.1282
Threshold_55_15min,717185,2026-02-23 19:25:00,2026-02-23 19:45:00,25,5,True,True,False,False,54.7,41.2,57.2,410.0,0.0947
Threshold_55_15min,717185,2026-02-24 07:25:00,2026-02-24 09:05:00,105,21,True,True,False,False,44.6,23.5,58.6,496.0,0.1272
Threshold_55_15min,717185,2026-02-24 12:40:00,2026-02-24 19:55:00,440,88,True,False,False,True,45.9,22.6,58.1,525.0,0.1268
Threshold_55_15min,717185,2026-02-25 07:25:00,2026-02-25 08:50:00,90,18,True,True,False,False,49.5,27.9,62.8,563.0,0.1217
Threshold_55_15min,717185,2026-02-25 09:30:00,2026-02-25 09:40:00,15,3,True,True,False,False,52.5,42.1,56.4,515.0,0.1328
Threshold_55_15min,717185,2026-02-25 13:15:00,2026-02-25 19:55:00,405,81,True,False,False,True,54.8,13.1,56.4,476.0,0.1242
Threshold_55_15min,717185,2026-02-26 07:20:00,2026-02-26 09:10:00,115,23,True,True,False,False,53.2,24.1,60.9,507.0,0.114
Threshold_55_15min,717185,2026-02-26 12:20:00,2026-02-26 19:55:00,460,92,True,False,False,True,54.6,16.4,55.2,472.0,0.1211
Threshold_55_15min,717185,2026-02-27 08:00:00,2026-02-27 09:45:00,110,22,True,True,False,False,33.6,8.6,57.1,408.0,0.106
Threshold_55_15min,717185,2026-02-27 13:05:00,2026-02-27 19:55:00,415,83,True,False,False,True,47.6,25.0,59.8,300.0,0.0632
Threshold_55_15min,717185,2026-03-02 05:15:00,2026-03-02 06:15:00,65,13,True,True,False,False,53.4,3.4,61.5,182.0,0.046
Threshold_55_15min,717185,2026-03-02 07:35:00,2026-03-02 08:45:00,75,15,True,True,False,False,47.4,32.1,62.7,541.0,0.1121
Threshold_55_15min,717185,2026-03-02 11:20:00,2026-03-02 11:30:00,15,3,True,True,False,False,54.3,52.0,55.8,402.0,0.1011
Threshold_55_15min,717185,2026-03-02 11:50:00,2026-03-02 12:40:00,55,11,True,True,False,False,54.1,33.1,55.5,505.0,0.1332
Threshold_55_15min,717185,2026-03-02 13:10:00,2026-03-02 19:25:00,380,76,True,True,False,False,42.2,21.4,55.4,494.0,0.1211
Threshold_55_15min,717185,2026-03-03 07:20:00,2026-03-03 07:30:00,15,3,True,True,False,False,54.6,48.3,67.3,521.0,0.1018
Threshold_55_15min,717185,2026-03-03 07:40:00,2026-03-03 19:55:00,740,148,True,False,False,True,52.5,14.0,58.8,531.0,0.1091
Threshold_55_15min,717185,2026-03-04 07:25:00,2026-03-04 19:55:00,755,151,True,False,False,True,47.0,20.0,56.6,518.0,0.1379
Threshold_55_15min,717185,2026-03-05 07:20:00,2026-03-05 19:55:00,760,152,True,False,False,True,50.3,14.4,57.5,477.0,0.121
Threshold_55_15min,717185,2026-03-06 07:30:00,2026-03-06 08:00:00,35,7,True,True,False,False,51.5,35.8,57.4,566.0,0.1196
Threshold_55_15min,717185,2026-03-06 08:20:00,2026-03-06 08:45:00,30,6,True,True,False,False,49.4,49.4,56.3,476.0,0.1025
Threshold_55_15min,717185,2026-03-06 09:05:00,2026-03-06 09:45:00,45,9,True,True,False,False,53.5,52.6,55.2,466.0,0.1051
Threshold_55_15min,717185,2026-03-06 10:00:00,2026-03-06 19:55:00,600,120,True,False,False,True,54.7,14.1,55.3,455.0,0.1064
Threshold_55_15min,717185,2026-03-07 14:30:00,2026-03-07 18:15:00,230,46,True,True,False,False,51.5,23.5,58.7,471.0,0.0991
Threshold_55_15min,717185,2026-03-09 07:35:00,2026-03-09 09:00:00,90,18,True,True,False,False,50.9,26.7,58.0,424.0,0.0967
Threshold_55_15min,717185,2026-03-09 12:35:00,2026-03-09 13:15:00,45,9,True,True,False,False,50.1,43.2,57.0,507.0,0.1208
Threshold_55_15min,717185,2026-03-09 13:30:00,2026-03-09 15:45:00,140,28,True,True,False,False,54.8,23.2,56.6,500.0,0.1183
Threshold_55_15min,717185,2026-03-09 16:10:00,2026-03-09 19:10:00,185,37,True,True,False,False,50.0,21.4,63.7,487.0,0.1135
Threshold_55_15min,717185,2026-03-10 07:35:00,2026-03-10 08:55:00,85,17,True,True,False,False,46.8,27.6,59.0,529.0,0.1316
Threshold_55_15min,717185,2026-03-10 12:55:00,2026-03-10 13:35:00,45,9,True,True,False,False,49.2,39.6,58.3,511.0,0.1247
Threshold_55_15min,717185,2026-03-10 13:50:00,2026-03-10 19:15:00,330,66,True,True,False,False,52.9,22.6,56.5,543.0,0.1317
Threshold_55_15min,717185,2026-03-11 07:30:00,2026-03-11 08:15:00,50,10,True,True,False,False,46.0,25.7,57.9,508.0,0.1279
Threshold_55_15min,717185,2026-03-11 08:35:00,2026-03-11 09:10:00,40,8,True,True,False,False,50.6,40.0,55.9,544.0,0.1448
Threshold_55_15min,717185,2026-03-11 12:45:00,2026-03-11 13:50:00,70,14,True,True,False,False,44.9,27.4,56.8,503.0,0.1268
Threshold_55_15min,717185,2026-03-11 14:25:00,2026-03-11 19:55:00,335,67,True,False,False,True,46.6,19.6,57.4,521.0,0.1339
Threshold_55_15min,717185,2026-03-12 07:20:00,2026-03-12 08:55:00,100,20,True,True,False,False,50.2,24.6,65.3,487.0,0.0994
Threshold_55_15min,717185,2026-03-12 09:40:00,2026-03-12 11:15:00,100,20,True,True,False,False,52.8,48.4,56.9,523.0,0.1253
Threshold_55_15min,717185,2026-03-12 13:10:00,2026-03-12 19:50:00,405,81,True,True,False,False,49.6,19.8,56.0,548.0,0.1348
Threshold_55_15min,717185,2026-03-13 07:35:00,2026-03-13 08:45:00,75,15,True,True,False,False,49.0,25.2,57.0,506.0,0.1105
Threshold_55_15min,717185,2026-03-13 09:20:00,2026-03-13 10:05:00,50,10,True,True,False,False,54.3,52.8,56.5,471.0,0.1058
Threshold_55_15min,717185,2026-03-13 10:20:00,2026-03-13 10:40:00,25,5,True,True,False,False,53.6,53.1,55.3,455.0,0.1085
Threshold_55_15min,717185,2026-03-13 10:50:00,2026-03-13 19:55:00,550,110,True,False,False,True,53.9,15.3,55.5,479.0,0.1026
Threshold_55_15min,717185,2026-03-14 13:55:00,2026-03-14 14:40:00,50,10,True,True,False,False,46.6,27.3,56.8,529.0,0.1277
Threshold_55_15min,717185,2026-03-14 15:30:00,2026-03-14 18:30:00,185,37,True,True,False,False,50.6,12.1,64.2,471.0,0.0975
Threshold_55_15min,717185,2026-03-15 15:05:00,2026-03-15 15:35:00,35,7,True,True,False,False,51.9,34.8,61.4,550.0,0.1046
Threshold_55_15min,717185,2026-03-16 07:30:00,2026-03-16 08:25:00,60,12,True,True,False,False,41.2,31.8,56.4,534.0,0.1436
Threshold_55_15min,717185,2026-03-16 13:45:00,2026-03-16 19:15:00,335,67,True,True,False,False,47.5,22.1,55.6,512.0,0.1333
Threshold_55_15min,717185,2026-03-17 07:30:00,2026-03-17 08:55:00,90,18,True,True,False,False,50.8,30.4,56.8,522.0,0.1301
Threshold_55_15min,717185,2026-03-17 12:40:00,2026-03-17 13:05:00,30,6,True,True,False,False,40.8,25.6,56.6,498.0,0.1347
Threshold_55_15min,717185,2026-03-17 13:45:00,2026-03-17 19:40:00,360,72,True,True,False,False,50.2,16.6,60.3,496.0,0.1215
Threshold_55_15min,717185,2026-03-18 07:25:00,2026-03-18 08:50:00,90,18,True,True,False,False,49.9,28.1,63.3,505.0,0.1144
Threshold_55_15min,717185,2026-03-18 12:30:00,2026-03-18 19:05:00,400,80,True,True,False,False,51.7,15.8,56.6,470.0,0.1316
Threshold_55_15min,717185,2026-03-19 07:15:00,2026-03-19 08:45:00,95,19,True,True,False,False,46.3,27.3,59.0,425.0,0.1107
Threshold_55_15min,717185,2026-03-19 09:25:00,2026-03-19 09:35:00,15,3,True,True,False,False,53.9,46.7,59.9,441.0,0.1073
Threshold_55_15min,717185,2026-03-19 10:45:00,2026-03-19 11:10:00,30,6,True,True,False,False,48.2,23.3,59.4,385.0,0.0939
Threshold_55_15min,717185,2026-03-19 12:05:00,2026-03-19 19:30:00,450,90,True,True,False,False,51.8,21.8,60.0,477.0,0.1154
Threshold_55_15min,717185,2026-03-20 07:40:00,2026-03-20 08:50:00,75,15,True,True,False,False,42.9,30.6,56.8,561.0,0.1285
Threshold_55_15min,717185,2026-03-20 09:30:00,2026-03-20 09:40:00,15,3,True,True,False,False,54.5,52.3,55.0,500.0,0.1137
Threshold_55_15min,717185,2026-03-20 09:50:00,2026-03-20 10:05:00,20,4,True,True,False,False,54.4,53.0,55.0,510.0,0.1155
Threshold_55_15min,717185,2026-03-20 10:40:00,2026-03-20 10:55:00,20,4,True,True,False,False,54.2,54.0,55.9,426.0,0.0962
Threshold_55_15min,717185,2026-03-20 11:05:00,2026-03-20 11:20:00,20,4,True,True,False,False,54.3,53.8,55.2,438.0,0.1021
Threshold_55_15min,717185,2026-03-20 12:05:00,2026-03-20 19:35:00,455,91,True,True,False,False,51.8,16.5,55.3,500.0,0.1146
Threshold_55_15min,717185,2026-03-21 10:25:00,2026-03-21 10:35:00,15,3,True,True,False,False,51.9,46.2,60.3,543.0,0.1147
Threshold_55_15min,717185,2026-03-21 12:55:00,2026-03-21 13:55:00,65,13,True,True,False,False,47.9,30.2,57.3,549.0,0.1254
Threshold_55_15min,717185,2026-03-21 14:05:00,2026-03-21 18:15:00,255,51,True,True,False,False,52.2,20.2,55.4,495.0,0.1031
Threshold_55_15min,717185,2026-03-22 11:55:00,2026-03-22 12:10:00,20,4,True,True,False,False,45.6,43.9,60.9,532.0,0.1056
Threshold_55_15min,717185,2026-03-22 12:35:00,2026-03-22 14:50:00,140,28,True,True,False,False,54.7,17.1,59.2,486.0,0.1021
Threshold_55_15min,717185,2026-03-23 07:45:00,2026-03-23 08:30:00,50,10,True,True,False,False,41.4,34.3,57.2,554.0,0.1357
Threshold_55_15min,717185,2026-03-23 13:30:00,2026-03-23 19:15:00,350,70,True,True,False,False,47.6,18.3,55.1,495.0,0.1359
Threshold_55_15min,717185,2026-03-24 07:40:00,2026-03-24 08:00:00,25,5,True,True,False,False,49.2,41.1,61.1,579.0,0.1354
Threshold_55_15min,717185,2026-03-24 08:20:00,2026-03-24 09:00:00,45,9,True,True,False,False,51.7,35.7,57.6,520.0,0.1314
Threshold_55_15min,717185,2026-03-24 13:15:00,2026-03-24 19:40:00,390,78,True,True,False,False,47.5,22.8,58.3,559.0,0.1399
Threshold_55_15min,717185,2026-03-25 07:35:00,2026-03-25 09:35:00,125,25,True,True,False,False,48.0,31.7,66.0,587.0,0.1186
Threshold_55_15min,717185,2026-03-25 13:55:00,2026-03-25 19:55:00,365,73,True,False,False,True,49.2,11.0,60.2,524.0,0.1244
Threshold_55_15min,717185,2026-03-26 07:35:00,2026-03-26 09:15:00,105,21,True,True,False,False,52.3,30.4,60.3,585.0,0.1444
Threshold_55_15min,717185,2026-03-26 13:05:00,2026-03-26 19:55:00,415,83,True,False,False,True,49.5,19.9,59.2,453.0,0.1069
Threshold_55_15min,717185,2026-03-27 07:40:00,2026-03-27 08:55:00,80,16,True,True,False,False,45.7,32.0,55.5,518.0,0.148
Threshold_55_15min,717185,2026-03-27 09:35:00,2026-03-27 09:55:00,25,5,True,True,False,False,46.2,37.9,55.7,500.0,0.133
Threshold_55_15min,717185,2026-03-27 12:10:00,2026-03-27 15:30:00,205,41,True,True,False,False,46.9,22.2,55.1,500.0,0.1357
Threshold_55_15min,717185,2026-03-27 15:40:00,2026-03-27 19:55:00,260,52,True,False,False,True,52.4,11.1,56.6,310.0,0.0631
Threshold_55_15min,717185,2026-03-28 12:45:00,2026-03-28 18:15:00,335,67,True,True,False,False,51.6,22.4,58.9,511.0,0.1144
Threshold_55_15min,717185,2026-03-30 13:30:00,2026-03-30 18:00:00,275,55,True,True,False,False,51.4,23.4,56.0,483.0,0.1194
Threshold_55_15min,717185,2026-03-31 14:25:00,2026-03-31 16:05:00,105,21,True,True,False,False,52.6,27.0,56.5,515.0,0.1303
Threshold_55_15min,717185,2026-03-31 16:15:00,2026-03-31 18:20:00,130,26,True,True,False,False,54.2,30.5,55.6,514.0,0.1209
Threshold_55_15min,717185,2026-03-31 19:10:00,2026-03-31 19:20:00,15,3,True,True,False,False,54.4,51.6,57.6,443.0,0.1067
Threshold_55_15min,717185,2026-04-01 07:40:00,2026-04-01 08:15:00,40,8,True,True,False,False,48.3,35.3,56.1,521.0,0.1412
Threshold_55_15min,717185,2026-04-01 13:35:00,2026-04-01 19:50:00,380,76,True,True,False,False,51.1,26.4,58.5,523.0,0.123
Threshold_55_15min,717185,2026-04-02 12:15:00,2026-04-02 13:00:00,50,10,True,True,False,False,51.4,32.8,55.8,524.0,0.1285
Threshold_55_15min,717185,2026-04-02 13:40:00,2026-04-02 16:35:00,180,36,True,True,False,False,48.9,24.9,59.3,511.0,0.1201
Threshold_55_15min,717185,2026-04-02 16:50:00,2026-04-02 19:00:00,135,27,True,True,False,False,52.8,26.8,58.9,503.0,0.1133
Threshold_55_15min,717185,2026-04-03 07:45:00,2026-04-03 07:55:00,15,3,True,True,False,False,54.2,43.3,63.0,508.0,0.114
Threshold_55_15min,717185,2026-04-03 12:30:00,2026-04-03 15:40:00,195,39,True,True,False,False,41.6,25.8,56.7,501.0,0.1206
Threshold_55_15min,717185,2026-04-03 16:20:00,2026-04-03 18:10:00,115,23,True,True,False,False,45.2,28.5,58.1,489.0,0.1175
Threshold_55_15min,717185,2026-04-04 13:45:00,2026-04-04 16:55:00,195,39,True,True,False,False,54.3,19.2,62.8,300.0,0.0648
Threshold_55_15min,717185,2026-04-05 13:35:00,2026-04-05 14:40:00,70,14,True,True,False,False,53.6,37.0,60.6,494.0,0.0961
Threshold_55_15min,717185,2026-04-05 15:15:00,2026-04-05 15:45:00,35,7,True,True,False,False,51.0,39.6,59.9,511.0,0.1041
Threshold_55_15min,717185,2026-04-06 07:35:00,2026-04-06 08:00:00,30,6,True,True,False,False,54.6,48.9,58.6,551.0,0.1302
Threshold_55_15min,717185,2026-04-06 08:15:00,2026-04-06 08:25:00,15,3,True,True,False,False,48.6,48.6,56.2,471.0,0.1099
Threshold_55_15min,717185,2026-04-06 13:05:00,2026-04-06 19:05:00,365,73,True,True,False,False,45.7,15.0,56.0,481.0,0.1143
Threshold_55_15min,717185,2026-04-07 07:25:00,2026-04-07 08:20:00,60,12,True,True,False,False,53.5,33.6,65.1,454.0,0.0918
Threshold_55_15min,717185,2026-04-07 12:45:00,2026-04-07 19:15:00,395,79,True,True,False,False,41.5,22.4,56.5,521.0,0.127
Threshold_55_15min,717185,2026-04-08 07:25:00,2026-04-08 08:35:00,75,15,True,True,False,False,53.9,30.2,65.2,518.0,0.1081
Threshold_55_15min,717185,2026-04-08 13:10:00,2026-04-08 13:25:00,20,4,True,True,False,False,47.5,45.5,59.2,543.0,0.1267
Threshold_55_15min,717185,2026-04-08 13:35:00,2026-04-08 19:05:00,335,67,True,True,False,False,46.5,22.3,56.1,522.0,0.122
Threshold_55_15min,717185,2026-04-09 07:35:00,2026-04-09 08:35:00,65,13,True,True,False,False,49.4,31.2,60.2,537.0,0.1275
Threshold_55_15min,717185,2026-04-09 13:15:00,2026-04-09 18:20:00,310,62,True,True,False,False,53.6,21.6,56.0,493.0,0.1258
Threshold_55_15min,717185,2026-04-10 11:25:00,2026-04-10 16:25:00,305,61,True,True,False,False,40.4,21.5,55.0,556.0,0.1382
Threshold_55_15min,717185,2026-04-10 17:20:00,2026-04-10 17:35:00,20,4,True,True,False,False,49.9,42.6,56.7,518.0,0.1255
Threshold_55_15min,717185,2026-04-11 13:10:00,2026-04-11 17:05:00,240,48,True,True,False,False,54.8,17.7,61.4,559.0,0.1101
Threshold_55_15min,717185,2026-04-11 17:55:00,2026-04-11 18:10:00,20,4,True,True,False,False,53.4,48.6,61.7,459.0,0.0905
Threshold_55_15min,717185,2026-04-13 14:10:00,2026-04-13 18:30:00,265,53,True,True,False,False,40.6,23.6,56.0,544.0,0.1293
Threshold_55_15min,717185,2026-04-14 07:40:00,2026-04-14 08:40:00,65,13,True,True,False,False,43.7,29.0,62.6,536.0,0.1162
Threshold_55_15min,717185,2026-04-14 12:15:00,2026-04-14 13:40:00,90,18,True,True,False,False,52.9,17.3,58.9,452.0,0.1096
Threshold_55_15min,717185,2026-04-14 14:10:00,2026-04-14 19:20:00,315,63,True,True,False,False,53.2,9.7,56.1,523.0,0.1303
Threshold_55_15min,717185,2026-04-15 07:45:00,2026-04-15 08:35:00,55,11,True,True,False,False,47.4,27.1,59.9,548.0,0.1357
Threshold_55_15min,717185,2026-04-15 13:40:00,2026-04-15 19:40:00,365,73,True,True,False,False,53.9,21.1,55.4,515.0,0.1295
Threshold_55_15min,717185,2026-04-16 07:40:00,2026-04-16 09:45:00,130,26,True,True,False,False,38.5,27.6,55.6,542.0,0.1323
Threshold_55_15min,717185,2026-04-16 10:30:00,2026-04-16 10:45:00,20,4,True,True,False,False,54.7,49.3,57.6,408.0,0.0978
Threshold_55_15min,717185,2026-04-16 10:55:00,2026-04-16 11:55:00,65,13,True,True,False,False,45.3,28.2,56.0,480.0,0.1138
Threshold_55_15min,717185,2026-04-16 12:45:00,2026-04-16 13:35:00,55,11,True,True,False,False,44.3,26.1,57.9,562.0,0.1365
Threshold_55_15min,717185,2026-04-16 14:20:00,2026-04-16 19:00:00,285,57,True,True,False,False,54.9,19.0,60.0,492.0,0.119
Threshold_55_15min,717185,2026-04-16 19:45:00,2026-04-16 19:55:00,15,3,True,False,False,True,53.3,39.7,55.4,529.0,0.1279
Threshold_55_15min,717185,2026-04-17 11:30:00,2026-04-17 11:40:00,15,3,True,True,False,False,54.2,54.2,56.2,500.0,0.1154
Threshold_55_15min,717185,2026-04-17 12:10:00,2026-04-17 19:30:00,445,89,True,True,False,False,53.2,22.1,55.1,430.0,0.1084
Threshold_55_15min,717185,2026-04-18 13:25:00,2026-04-18 16:45:00,205,41,True,True,False,False,51.9,19.5,56.5,511.0,0.1148
Threshold_55_15min,717185,2026-04-18 17:30:00,2026-04-18 19:00:00,95,19,True,True,False,False,47.0,22.2,57.4,532.0,0.1178
Threshold_55_15min,717185,2026-04-20 07:35:00,2026-04-20 08:30:00,60,12,True,True,False,False,51.5,28.9,62.5,535.0,0.1102
Threshold_55_15min,717185,2026-04-20 12:50:00,2026-04-20 13:55:00,70,14,True,True,False,False,54.4,30.9,55.9,483.0,0.1166
Threshold_55_15min,717185,2026-04-20 14:10:00,2026-04-20 18:55:00,290,58,True,True,False,False,44.7,22.7,55.8,528.0,0.127
Threshold_55_15min,717185,2026-04-21 07:35:00,2026-04-21 09:00:00,90,18,True,True,False,False,48.7,30.3,59.7,535.0,0.1205
Threshold_55_15min,717185,2026-04-21 12:25:00,2026-04-21 18:05:00,345,69,True,True,False,False,43.7,24.6,57.7,498.0,0.1156
Threshold_55_15min,717185,2026-04-22 07:35:00,2026-04-22 09:10:00,100,20,True,True,False,False,46.3,28.8,62.8,562.0,0.1247
Threshold_55_15min,717185,2026-04-22 09:25:00,2026-04-22 10:05:00,45,9,True,True,False,False,49.2,39.1,58.1,509.0,0.1152
Threshold_55_15min,717185,2026-04-22 13:10:00,2026-04-22 19:25:00,380,76,True,True,False,False,51.0,19.9,55.4,532.0,0.1373
Threshold_55_15min,717185,2026-04-23 07:35:00,2026-04-23 08:55:00,85,17,True,True,False,False,50.1,25.9,56.5,534.0,0.1403
Threshold_55_15min,717185,2026-04-23 12:55:00,2026-04-23 19:35:00,405,81,True,True,False,False,54.5,20.2,57.2,494.0,0.117
Threshold_55_15min,717185,2026-04-24 07:30:00,2026-04-24 08:50:00,85,17,True,True,False,False,51.1,25.8,61.7,514.0,0.1085
Threshold_55_15min,717185,2026-04-24 09:20:00,2026-04-24 09:55:00,40,8,True,True,False,False,51.1,50.7,57.4,444.0,0.1088
Threshold_55_15min,717185,2026-04-24 11:20:00,2026-04-24 19:25:00,490,98,True,True,False,False,54.2,19.1,56.6,517.0,0.1231
Threshold_55_15min,717185,2026-04-25 14:10:00,2026-04-25 14:25:00,20,4,True,True,False,False,54.4,53.5,56.0,484.0,0.1088
Threshold_55_15min,717185,2026-04-25 15:35:00,2026-04-25 16:25:00,55,11,True,True,False,False,54.6,37.5,58.9,527.0,0.1092
Threshold_55_15min,717185,2026-04-25 16:35:00,2026-04-25 17:45:00,75,15,True,True,False,False,53.9,35.0,56.4,497.0,0.1009
Threshold_55_15min,717185,2026-04-25 18:40:00,2026-04-25 18:55:00,20,4,True,True,False,False,53.7,47.9,60.5,435.0,0.0918
Threshold_55_15min,717185,2026-04-27 07:35:00,2026-04-27 09:10:00,100,20,True,True,False,False,44.2,29.9,58.9,546.0,0.1299
Threshold_55_15min,717185,2026-04-27 14:15:00,2026-04-27 19:00:00,290,58,True,True,False,False,44.5,22.2,58.0,500.0,0.1144
Threshold_55_15min,717185,2026-04-28 06:45:00,2026-04-28 06:55:00,15,3,True,True,False,False,47.3,45.1,57.9,477.0,0.128
Threshold_55_15min,717185,2026-04-28 07:35:00,2026-04-28 09:00:00,90,18,True,True,False,False,47.1,28.6,63.5,584.0,0.123
Threshold_55_15min,717185,2026-04-28 10:20:00,2026-04-28 11:00:00,45,9,True,True,False,False,52.8,49.0,56.7,387.0,0.0927
Threshold_55_15min,717185,2026-04-28 11:35:00,2026-04-28 19:20:00,470,94,True,True,False,False,53.5,17.6,56.8,462.0,0.1137
Threshold_55_15min,717185,2026-04-29 07:25:00,2026-04-29 09:50:00,150,30,True,True,False,False,48.7,27.0,63.8,521.0,0.1181
Threshold_55_15min,717185,2026-04-29 11:35:00,2026-04-29 12:30:00,60,12,True,True,False,False,53.2,38.3,55.5,466.0,0.1182
Threshold_55_15min,717185,2026-04-29 13:20:00,2026-04-29 19:50:00,395,79,True,True,False,False,51.2,22.4,56.6,530.0,0.1294
Threshold_55_15min,717185,2026-04-30 07:40:00,2026-04-30 08:40:00,65,13,True,True,False,False,43.3,30.6,56.2,545.0,0.1439
Threshold_55_15min,717185,2026-04-30 09:05:00,2026-04-30 09:40:00,40,8,True,True,False,False,54.2,41.9,59.7,497.0,0.1128
Threshold_55_15min,717185,2026-04-30 10:20:00,2026-04-30 10:40:00,25,5,True,True,False,False,41.0,23.3,61.2,424.0,0.0925
Threshold_55_15min,717185,2026-04-30 12:15:00,2026-04-30 19:25:00,435,87,True,True,False,False,42.3,15.2,56.1,494.0,0.1139
Threshold_55_15min,717185,2026-05-01 07:25:00,2026-05-01 07:45:00,25,5,True,True,False,False,52.6,40.5,56.0,535.0,0.1475
Threshold_55_15min,717185,2026-05-01 12:05:00,2026-05-01 19:00:00,420,84,True,True,False,False,52.5,18.1,57.7,491.0,0.1211
Threshold_55_15min,717185,2026-05-02 13:45:00,2026-05-02 14:40:00,60,12,True,True,False,False,49.1,28.0,59.7,522.0,0.1063
Threshold_55_15min,717185,2026-05-02 15:25:00,2026-05-02 15:50:00,30,6,True,True,False,False,40.2,32.9,56.1,472.0,0.1101
Threshold_55_15min,717185,2026-05-02 16:05:00,2026-05-02 18:15:00,135,27,True,True,False,False,53.6,25.7,59.0,463.0,0.0898
Threshold_55_15min,717185,2026-05-04 07:30:00,2026-05-04 08:15:00,50,10,True,True,False,False,52.3,35.2,63.0,528.0,0.1111
Threshold_55_15min,717185,2026-05-04 14:25:00,2026-05-04 18:40:00,260,52,True,True,False,False,46.5,24.6,55.8,472.0,0.1151
Threshold_55_15min,717185,2026-05-05 07:40:00,2026-05-05 08:35:00,60,12,True,True,False,False,54.8,33.3,62.1,581.0,0.1292
Threshold_55_15min,717185,2026-05-05 13:25:00,2026-05-05 19:15:00,355,71,True,True,False,False,52.1,23.6,58.7,542.0,0.1264
Threshold_55_15min,717185,2026-05-06 07:30:00,2026-05-06 08:45:00,80,16,True,True,False,False,53.4,29.3,62.5,527.0,0.1131
Threshold_55_15min,717185,2026-05-06 12:55:00,2026-05-06 18:30:00,340,68,True,True,False,False,52.7,22.0,55.9,514.0,0.1306
Threshold_55_15min,717185,2026-05-06 18:40:00,2026-05-06 19:50:00,75,15,True,True,False,False,47.1,16.3,56.4,490.0,0.1081
Threshold_55_15min,717185,2026-05-07 07:30:00,2026-05-07 09:10:00,105,21,True,True,False,False,48.4,29.2,57.9,501.0,0.1227
Threshold_55_15min,717185,2026-05-07 09:35:00,2026-05-07 09:55:00,25,5,True,True,False,False,51.4,40.7,57.1,501.0,0.131
Threshold_55_15min,717185,2026-05-07 12:50:00,2026-05-07 19:55:00,430,86,True,False,False,True,46.2,22.7,55.8,512.0,0.1229
Threshold_55_15min,717185,2026-05-08 07:40:00,2026-05-08 08:15:00,40,8,True,True,False,False,44.1,36.9,57.8,569.0,0.1325
Threshold_55_15min,717185,2026-05-08 12:25:00,2026-05-08 19:55:00,455,91,True,False,False,True,51.1,20.9,56.3,531.0,0.1316
Threshold_55_15min,717185,2026-05-09 12:25:00,2026-05-09 19:40:00,440,88,True,True,False,False,50.4,17.8,58.1,496.0,0.106
Threshold_55_15min,717185,2026-05-10 15:35:00,2026-05-10 16:05:00,35,7,True,True,False,False,54.1,46.7,60.6,506.0,0.0994
Threshold_55_15min,717185,2026-05-11 07:35:00,2026-05-11 08:25:00,55,11,True,True,False,False,51.7,36.0,63.2,505.0,0.1085
Threshold_55_15min,717185,2026-05-11 14:15:00,2026-05-11 18:30:00,260,52,True,True,False,False,51.0,20.4,58.8,509.0,0.1179
Threshold_55_15min,717185,2026-05-12 07:40:00,2026-05-12 08:00:00,25,5,True,True,False,False,52.6,46.9,63.3,587.0,0.1265
Threshold_55_15min,717185,2026-05-12 11:35:00,2026-05-12 11:50:00,20,4,True,True,False,False,47.3,47.3,55.9,545.0,0.1314
Threshold_55_15min,717185,2026-05-12 13:25:00,2026-05-12 13:55:00,35,7,True,True,False,False,47.0,38.7,60.2,533.0,0.1187
Threshold_55_15min,717185,2026-05-12 14:15:00,2026-05-12 19:00:00,290,58,True,True,False,False,52.5,21.2,58.1,481.0,0.1135
Threshold_55_15min,717185,2026-05-13 07:35:00,2026-05-13 08:00:00,30,6,True,True,False,False,51.8,41.5,59.8,580.0,0.1427
Threshold_55_15min,717185,2026-05-13 13:05:00,2026-05-13 18:50:00,350,70,True,True,False,False,52.5,21.5,56.2,526.0,0.133
Threshold_55_15min,717185,2026-05-14 07:40:00,2026-05-14 08:55:00,80,16,True,True,False,False,47.1,32.6,60.7,562.0,0.1297
Threshold_55_15min,717185,2026-05-14 13:00:00,2026-05-14 19:20:00,385,77,True,True,False,False,43.0,21.7,55.1,486.0,0.1258
Threshold_55_15min,717185,2026-05-15 07:35:00,2026-05-15 08:10:00,40,8,True,True,False,False,48.3,38.9,60.0,501.0,0.115
Threshold_55_15min,717185,2026-05-15 12:50:00,2026-05-15 19:40:00,415,83,True,True,False,False,53.2,19.0,56.7,505.0,0.125
Threshold_55_15min,717185,2026-05-16 14:35:00,2026-05-16 15:35:00,65,13,True,True,False,False,52.3,25.5,59.7,556.0,0.1132
Threshold_55_15min,717185,2026-05-16 16:20:00,2026-05-16 18:35:00,140,28,True,True,False,False,45.2,24.7,56.8,549.0,0.1209
Threshold_55_15min,717185,2026-05-18 07:40:00,2026-05-18 08:15:00,40,8,True,True,False,False,49.5,36.1,59.4,579.0,0.1318
Threshold_55_15min,717185,2026-05-18 12:05:00,2026-05-18 12:35:00,35,7,True,True,False,False,47.7,35.6,57.2,405.0,0.0925
Threshold_55_15min,717185,2026-05-18 12:55:00,2026-05-18 13:25:00,35,7,True,True,False,False,48.2,39.7,56.4,502.0,0.1181
Threshold_55_15min,717185,2026-05-18 13:35:00,2026-05-18 19:15:00,345,69,True,True,False,False,52.0,13.6,56.3,522.0,0.1165
Threshold_55_15min,717185,2026-05-19 12:15:00,2026-05-19 12:35:00,25,5,True,True,False,False,51.1,43.6,57.8,447.0,0.1116
Threshold_55_15min,717185,2026-05-19 13:45:00,2026-05-19 16:05:00,145,29,True,True,False,False,47.4,22.7,58.4,528.0,0.1235
Threshold_55_15min,717185,2026-05-19 17:05:00,2026-05-19 18:50:00,110,22,True,True,False,False,51.7,26.7,58.9,475.0,0.1118
Threshold_55_15min,717185,2026-05-20 07:30:00,2026-05-20 08:30:00,65,13,True,True,False,False,52.9,29.2,63.4,539.0,0.1141
Threshold_55_15min,717185,2026-05-20 12:45:00,2026-05-20 14:00:00,80,16,True,True,False,False,53.9,15.3,56.9,441.0,0.1063
Threshold_55_15min,717185,2026-05-20 15:05:00,2026-05-20 19:35:00,275,55,True,True,False,False,50.0,21.1,55.3,518.0,0.1389
Threshold_55_15min,717185,2026-05-21 07:35:00,2026-05-21 08:05:00,35,7,True,True,False,False,52.9,42.4,58.9,562.0,0.1266
Threshold_55_15min,717185,2026-05-21 12:10:00,2026-05-21 12:30:00,25,5,True,True,False,False,49.3,39.1,59.6,408.0,0.0935
Threshold_55_15min,717185,2026-05-21 13:15:00,2026-05-21 19:35:00,385,77,True,True,False,False,43.1,17.0,58.5,490.0,0.1136
Threshold_55_15min,717185,2026-05-22 09:15:00,2026-05-22 09:25:00,15,3,True,True,False,False,54.4,50.8,60.0,431.0,0.0996
Threshold_55_15min,717185,2026-05-22 10:45:00,2026-05-22 19:45:00,545,109,True,True,False,False,54.4,20.0,57.0,501.0,0.1262
Threshold_55_15min,717185,2026-05-23 12:20:00,2026-05-23 19:10:00,415,83,True,True,False,False,54.7,20.9,59.7,484.0,0.0999
Threshold_55_15min,717185,2026-05-28 13:40:00,2026-05-28 18:50:00,315,63,False,True,True,False,27.5,24.6,,,
Threshold_55_15min,717185,2026-05-29 08:00:00,2026-05-29 08:35:00,40,8,True,True,False,False,51.0,34.0,64.0,500.0,0.1069
Threshold_55_15min,717185,2026-05-29 12:25:00,2026-05-29 19:10:00,410,82,True,True,False,False,50.9,23.8,58.8,526.0,0.1261
Threshold_55_15min,717185,2026-05-30 13:55:00,2026-05-30 19:00:00,310,62,True,True,False,False,54.6,20.3,56.0,509.0,0.1162
Threshold_55_15min,717185,2026-05-31 14:05:00,2026-05-31 14:50:00,50,10,True,True,False,False,51.0,19.7,62.2,436.0,0.0804
Threshold_55_15min,717185,2026-05-31 15:00:00,2026-05-31 15:35:00,40,8,True,True,False,False,43.7,20.7,55.8,432.0,0.0867
Threshold_55_15min,717190,2026-02-01 11:10:00,2026-02-01 11:20:00,15,3,True,True,False,False,43.2,37.0,64.9,470.0,0.0885
Threshold_55_15min,717190,2026-02-02 12:15:00,2026-02-02 19:00:00,410,82,True,True,False,False,50.5,16.3,56.8,458.0,0.1151
Threshold_55_15min,717190,2026-02-03 07:40:00,2026-02-03 08:35:00,60,12,True,True,False,False,44.5,28.1,56.4,565.0,0.1472
Threshold_55_15min,717190,2026-02-03 13:25:00,2026-02-03 19:45:00,385,77,True,True,False,False,47.5,12.1,55.1,538.0,0.1444
Threshold_55_15min,717190,2026-02-04 07:35:00,2026-02-04 08:55:00,85,17,True,True,False,False,50.8,33.4,58.1,562.0,0.1498
Threshold_55_15min,717190,2026-02-04 09:45:00,2026-02-04 10:00:00,20,4,True,True,False,False,43.4,41.9,57.1,541.0,0.1357
Threshold_55_15min,717190,2026-02-04 11:15:00,2026-02-04 11:30:00,20,4,True,True,False,False,54.4,44.9,58.2,455.0,0.1157
Threshold_55_15min,717190,2026-02-04 12:30:00,2026-02-04 19:30:00,425,85,True,True,False,False,43.3,17.6,55.2,549.0,0.1582
Threshold_55_15min,717190,2026-02-05 07:40:00,2026-02-05 08:25:00,50,10,True,True,False,False,49.0,39.2,56.8,520.0,0.1513
Threshold_55_15min,717190,2026-02-05 13:25:00,2026-02-05 13:35:00,15,3,True,True,False,False,51.2,49.1,55.1,543.0,0.1422
Threshold_55_15min,717190,2026-02-05 14:05:00,2026-02-05 15:20:00,80,16,True,True,False,False,46.6,28.3,56.6,520.0,0.1334
Threshold_55_15min,717190,2026-02-05 16:30:00,2026-02-05 19:20:00,175,35,True,True,False,False,48.0,27.7,57.7,532.0,0.1384
Threshold_55_15min,717190,2026-02-06 07:30:00,2026-02-06 08:15:00,50,10,True,True,False,False,52.8,34.1,62.5,544.0,0.1215
Threshold_55_15min,717190,2026-02-06 12:25:00,2026-02-06 19:35:00,435,87,True,True,False,False,54.0,23.9,56.6,522.0,0.1328
Threshold_55_15min,717190,2026-02-07 13:15:00,2026-02-07 17:55:00,285,57,True,True,False,False,51.3,21.8,57.2,548.0,0.1287
Threshold_55_15min,717190,2026-02-09 11:40:00,2026-02-09 11:50:00,15,3,True,True,False,False,53.1,52.3,56.3,480.0,0.1298
Threshold_55_15min,717190,2026-02-09 12:20:00,2026-02-09 13:00:00,45,9,True,True,False,False,46.5,16.6,59.5,311.0,0.0717
Threshold_55_15min,717190,2026-02-09 13:30:00,2026-02-09 18:30:00,305,61,True,True,False,False,51.9,20.6,55.8,491.0,0.1287
Threshold_55_15min,717190,2026-02-10 07:35:00,2026-02-10 08:25:00,55,11,True,True,False,False,46.0,38.5,58.8,574.0,0.1459
Threshold_55_15min,717190,2026-02-10 12:10:00,2026-02-10 12:35:00,30,6,True,True,False,False,44.9,34.7,56.6,465.0,0.1253
Threshold_55_15min,717190,2026-02-10 13:30:00,2026-02-10 19:25:00,360,72,True,True,False,False,53.7,24.4,55.3,527.0,0.1353
Threshold_55_15min,717190,2026-02-11 07:30:00,2026-02-11 08:30:00,65,13,True,True,False,False,48.5,27.9,58.2,537.0,0.1381
Threshold_55_15min,717190,2026-02-11 08:40:00,2026-02-11 08:55:00,20,4,True,True,False,False,48.9,47.0,55.2,551.0,0.1269
Threshold_55_15min,717190,2026-02-11 13:40:00,2026-02-11 19:05:00,330,66,True,True,False,False,49.5,25.5,58.6,555.0,0.1317
Threshold_55_15min,717190,2026-02-12 07:30:00,2026-02-12 09:20:00,115,23,True,True,False,False,53.6,27.5,55.0,549.0,0.1517
Threshold_55_15min,717190,2026-02-12 12:25:00,2026-02-12 12:35:00,15,3,True,True,False,False,52.5,46.9,57.6,502.0,0.1179
Threshold_55_15min,717190,2026-02-12 13:10:00,2026-02-12 19:55:00,410,82,True,False,False,True,54.1,23.1,56.6,511.0,0.1255
Threshold_55_15min,717190,2026-02-13 07:25:00,2026-02-13 08:25:00,65,13,True,True,False,False,45.0,35.8,58.9,562.0,0.1343
Threshold_55_15min,717190,2026-02-13 11:20:00,2026-02-13 15:35:00,260,52,True,True,False,False,50.8,23.0,57.7,528.0,0.129
Threshold_55_15min,717190,2026-02-13 16:10:00,2026-02-13 19:55:00,230,46,True,False,False,True,50.2,26.0,58.2,487.0,0.1249
Threshold_55_15min,717190,2026-02-14 09:05:00,2026-02-14 09:50:00,50,10,True,True,False,False,42.6,14.6,59.1,346.0,0.0758
Threshold_55_15min,717190,2026-02-14 11:50:00,2026-02-14 12:10:00,25,5,True,True,False,False,48.5,47.2,61.1,533.0,0.1129
Threshold_55_15min,717190,2026-02-14 12:25:00,2026-02-14 12:50:00,30,6,True,True,False,False,54.1,37.4,57.8,512.0,0.1086
Threshold_55_15min,717190,2026-02-14 14:30:00,2026-02-14 18:15:00,230,46,True,True,False,False,50.0,25.5,57.3,543.0,0.1307
Threshold_55_15min,717190,2026-02-14 18:35:00,2026-02-14 18:50:00,20,4,True,True,False,False,47.6,43.0,56.6,490.0,0.1133
Threshold_55_15min,717190,2026-02-16 09:20:00,2026-02-16 16:15:00,420,84,True,True,False,False,54.9,20.0,56.1,371.0,0.0939
Threshold_55_15min,717190,2026-02-16 16:55:00,2026-02-16 17:45:00,55,11,True,True,False,False,54.2,31.9,57.0,412.0,0.0979
Threshold_55_15min,717190,2026-02-17 13:35:00,2026-02-17 13:55:00,25,5,True,True,False,False,46.1,43.2,57.8,547.0,0.1341
Threshold_55_15min,717190,2026-02-17 15:00:00,2026-02-17 19:00:00,245,49,True,True,False,False,46.1,28.1,56.3,533.0,0.1431
Threshold_55_15min,717190,2026-02-18 07:35:00,2026-02-18 08:40:00,70,14,True,True,False,False,41.9,14.3,62.8,566.0,0.125
Threshold_55_15min,717190,2026-02-18 13:05:00,2026-02-18 19:00:00,360,72,True,True,False,False,53.6,24.4,57.6,531.0,0.1318
Threshold_55_15min,717190,2026-02-19 07:35:00,2026-02-19 08:00:00,30,6,True,True,False,False,54.2,40.3,59.0,553.0,0.1328
Threshold_55_15min,717190,2026-02-19 10:00:00,2026-02-19 17:50:00,475,95,True,True,False,False,53.8,21.2,55.7,407.0,0.1038
Threshold_55_15min,717190,2026-02-19 18:25:00,2026-02-19 18:35:00,15,3,True,True,False,False,54.8,51.0,57.1,487.0,0.1244
Threshold_55_15min,717190,2026-02-19 18:50:00,2026-02-19 19:00:00,15,3,True,True,False,False,53.1,51.1,55.2,526.0,0.1318
Threshold_55_15min,717190,2026-02-20 08:10:00,2026-02-20 08:55:00,50,10,True,True,False,False,53.3,42.4,55.9,319.0,0.0817
Threshold_55_15min,717190,2026-02-20 12:55:00,2026-02-20 19:30:00,400,80,True,True,False,False,54.1,27.2,55.3,520.0,0.1389
Threshold_55_15min,717190,2026-02-21 11:25:00,2026-02-21 11:45:00,25,5,True,True,False,False,49.7,41.2,60.3,503.0,0.1111
Threshold_55_15min,717190,2026-02-21 13:35:00,2026-02-21 18:50:00,320,64,True,True,False,False,53.2,25.0,57.6,524.0,0.1178
Threshold_55_15min,717190,2026-02-23 07:25:00,2026-02-23 09:15:00,115,23,True,True,False,False,54.6,31.3,63.6,523.0,0.1139
Threshold_55_15min,717190,2026-02-23 11:05:00,2026-02-23 11:20:00,20,4,True,True,False,False,52.6,50.9,55.5,501.0,0.1363
Threshold_55_15min,717190,2026-02-23 11:35:00,2026-02-23 11:50:00,20,4,True,True,False,False,51.7,49.9,57.4,531.0,0.1352
Threshold_55_15min,717190,2026-02-23 12:30:00,2026-02-23 13:00:00,35,7,True,True,False,False,54.7,38.5,56.2,490.0,0.1222
Threshold_55_15min,717190,2026-02-23 13:25:00,2026-02-23 18:55:00,335,67,True,True,False,False,49.7,21.9,55.8,515.0,0.13
Threshold_55_15min,717190,2026-02-23 19:30:00,2026-02-23 19:45:00,20,4,True,True,False,False,48.2,44.5,56.0,472.0,0.1185
Threshold_55_15min,717190,2026-02-24 07:25:00,2026-02-24 09:05:00,105,21,True,True,False,False,46.9,26.3,59.7,527.0,0.1353
Threshold_55_15min,717190,2026-02-24 12:40:00,2026-02-24 19:55:00,440,88,True,False,False,True,45.7,24.0,58.0,549.0,0.1368
Threshold_55_15min,717190,2026-02-25 07:25:00,2026-02-25 08:50:00,90,18,True,True,False,False,48.9,29.0,62.0,593.0,0.1336
Threshold_55_15min,717190,2026-02-25 09:30:00,2026-02-25 09:40:00,15,3,True,True,False,False,48.3,42.3,56.4,517.0,0.1323
Threshold_55_15min,717190,2026-02-25 13:15:00,2026-02-25 19:55:00,405,81,True,False,False,True,54.7,14.2,55.6,488.0,0.1315
Threshold_55_15min,717190,2026-02-26 07:20:00,2026-02-26 09:05:00,110,22,True,True,False,False,54.6,28.3,61.2,540.0,0.1246
Threshold_55_15min,717190,2026-02-26 12:15:00,2026-02-26 19:55:00,465,93,True,False,False,True,54.8,16.9,57.2,516.0,0.1322
Threshold_55_15min,717190,2026-02-27 08:00:00,2026-02-27 09:45:00,110,22,True,True,False,False,33.7,9.9,58.3,476.0,0.1255
Threshold_55_15min,717190,2026-02-27 13:05:00,2026-02-27 19:55:00,415,83,True,False,False,True,50.1,20.4,66.2,380.0,0.0788
Threshold_55_15min,717190,2026-03-02 05:15:00,2026-03-02 05:40:00,30,6,True,False,False,True,35.7,3.7,57.9,186.0,0.0546
Threshold_55_15min,717190,2026-03-02 05:50:00,2026-03-02 06:15:00,30,6,False,True,True,False,19.1,9.6,,,
Threshold_55_15min,717190,2026-03-02 07:35:00,2026-03-02 08:40:00,70,14,True,True,False,False,47.4,34.9,60.7,544.0,0.1202
Threshold_55_15min,717190,2026-03-02 11:20:00,2026-03-02 11:30:00,15,3,True,True,False,False,54.4,52.8,55.4,422.0,0.1072
Threshold_55_15min,717190,2026-03-02 11:50:00,2026-03-02 12:40:00,55,11,True,True,False,False,54.4,33.1,55.3,529.0,0.1414
Threshold_55_15min,717190,2026-03-02 13:00:00,2026-03-02 19:20:00,385,77,True,True,False,False,54.5,22.7,56.3,481.0,0.1132
Threshold_55_15min,717190,2026-03-03 07:20:00,2026-03-03 07:30:00,15,3,True,True,False,False,51.0,48.8,67.2,535.0,0.1066
Threshold_55_15min,717190,2026-03-03 07:45:00,2026-03-03 19:55:00,735,147,True,False,False,True,47.6,15.1,55.9,591.0,0.1585
Threshold_55_15min,717190,2026-03-04 07:25:00,2026-03-04 19:55:00,755,151,True,False,False,True,48.5,20.9,55.5,560.0,0.1573
Threshold_55_15min,717190,2026-03-05 07:30:00,2026-03-05 19:55:00,750,150,True,False,False,True,53.7,16.0,55.5,542.0,0.1293
Threshold_55_15min,717190,2026-03-06 07:35:00,2026-03-06 07:55:00,25,5,True,True,False,False,44.7,41.2,56.1,511.0,0.135
Threshold_55_15min,717190,2026-03-06 10:30:00,2026-03-06 10:45:00,20,4,True,True,False,False,54.6,52.0,56.5,480.0,0.1142
Threshold_55_15min,717190,2026-03-06 11:05:00,2026-03-06 18:40:00,460,92,True,True,False,False,53.8,16.7,55.4,513.0,0.128
Threshold_55_15min,717190,2026-03-06 19:05:00,2026-03-06 19:55:00,55,11,True,False,False,True,53.0,43.8,57.0,499.0,0.1174
Threshold_55_15min,717190,2026-03-07 14:30:00,2026-03-07 18:15:00,230,46,True,True,False,False,49.7,23.5,58.3,483.0,0.1039
Threshold_55_15min,717190,2026-03-09 07:35:00,2026-03-09 09:00:00,90,18,True,True,False,False,50.7,27.9,60.2,454.0,0.0989
Threshold_55_15min,717190,2026-03-09 12:35:00,2026-03-09 13:10:00,40,8,True,True,False,False,46.4,41.3,56.5,525.0,0.1287
Threshold_55_15min,717190,2026-03-09 13:40:00,2026-03-09 15:45:00,130,26,True,True,False,False,48.6,23.1,55.0,556.0,0.1415
Threshold_55_15min,717190,2026-03-09 16:10:00,2026-03-09 19:10:00,185,37,True,True,False,False,50.5,23.9,64.4,510.0,0.1156
Threshold_55_15min,717190,2026-03-10 07:35:00,2026-03-10 08:55:00,85,17,True,True,False,False,49.7,31.0,57.9,565.0,0.1491
Threshold_55_15min,717190,2026-03-10 12:55:00,2026-03-10 13:40:00,50,10,True,True,False,False,49.4,40.9,58.0,515.0,0.1299
Threshold_55_15min,717190,2026-03-10 13:50:00,2026-03-10 19:15:00,330,66,True,True,False,False,53.9,25.9,56.0,573.0,0.1395
Threshold_55_15min,717190,2026-03-11 07:30:00,2026-03-11 08:15:00,50,10,True,True,False,False,45.5,27.3,56.9,529.0,0.142
Threshold_55_15min,717190,2026-03-11 08:35:00,2026-03-11 09:10:00,40,8,True,True,False,False,46.8,43.1,55.2,554.0,0.1539
Threshold_55_15min,717190,2026-03-11 12:45:00,2026-03-11 13:50:00,70,14,True,True,False,False,44.3,27.3,55.7,541.0,0.1412
Threshold_55_15min,717190,2026-03-11 14:25:00,2026-03-11 19:55:00,335,67,True,False,False,True,44.2,21.3,57.8,561.0,0.1409
Threshold_55_15min,717190,2026-03-12 07:20:00,2026-03-12 08:55:00,100,20,True,True,False,False,51.9,27.4,64.0,499.0,0.1076
Threshold_55_15min,717190,2026-03-12 09:40:00,2026-03-12 11:20:00,105,21,True,True,False,False,52.8,47.5,56.6,560.0,0.1382
Threshold_55_15min,717190,2026-03-12 11:50:00,2026-03-12 12:05:00,20,4,True,True,False,False,53.7,53.7,56.7,440.0,0.1123
Threshold_55_15min,717190,2026-03-12 13:10:00,2026-03-12 19:40:00,395,79,True,True,False,False,45.4,21.1,55.2,567.0,0.1415
Threshold_55_15min,717190,2026-03-13 07:35:00,2026-03-13 08:40:00,70,14,True,True,False,False,50.1,28.8,60.5,517.0,0.1155
Threshold_55_15min,717190,2026-03-13 11:00:00,2026-03-13 11:10:00,15,3,True,True,False,False,54.5,52.3,55.9,530.0,0.1349
Threshold_55_15min,717190,2026-03-13 11:35:00,2026-03-13 18:40:00,430,86,True,True,False,False,50.0,15.7,56.6,491.0,0.117
Threshold_55_15min,717190,2026-03-13 19:05:00,2026-03-13 19:30:00,30,6,True,True,False,False,52.6,42.5,55.4,502.0,0.123
Threshold_55_15min,717190,2026-03-13 19:40:00,2026-03-13 19:55:00,20,4,True,False,False,True,51.4,42.0,55.0,525.0,0.1273
Threshold_55_15min,717190,2026-03-14 13:50:00,2026-03-14 14:40:00,55,11,True,True,False,False,54.5,28.6,61.1,482.0,0.0981
Threshold_55_15min,717190,2026-03-14 15:30:00,2026-03-14 18:30:00,185,37,True,True,False,False,51.1,13.4,65.1,481.0,0.0993
Threshold_55_15min,717190,2026-03-15 15:05:00,2026-03-15 15:35:00,35,7,True,True,False,False,51.4,36.0,60.4,529.0,0.1058
Threshold_55_15min,717190,2026-03-16 07:30:00,2026-03-16 08:25:00,60,12,True,True,False,False,42.2,35.6,58.7,572.0,0.1416
Threshold_55_15min,717190,2026-03-16 13:45:00,2026-03-16 19:15:00,335,67,True,True,False,False,48.4,23.1,55.4,522.0,0.1352
Threshold_55_15min,717190,2026-03-17 07:30:00,2026-03-17 08:55:00,90,18,True,True,False,False,50.7,32.0,57.5,566.0,0.14
Threshold_55_15min,717190,2026-03-17 12:35:00,2026-03-17 13:05:00,35,7,True,True,False,False,53.4,22.6,60.0,492.0,0.117
Threshold_55_15min,717190,2026-03-17 13:45:00,2026-03-17 19:45:00,365,73,True,True,False,False,47.8,18.1,58.6,520.0,0.127
Threshold_55_15min,717190,2026-03-18 07:25:00,2026-03-18 08:45:00,85,17,True,True,False,False,48.3,30.5,59.2,512.0,0.1344
Threshold_55_15min,717190,2026-03-18 10:40:00,2026-03-18 10:50:00,15,3,True,True,False,False,46.0,40.5,58.8,451.0,0.119
Threshold_55_15min,717190,2026-03-18 12:25:00,2026-03-18 19:05:00,405,81,True,True,False,False,54.6,16.4,58.2,499.0,0.1261
Threshold_55_15min,717190,2026-03-19 07:15:00,2026-03-19 08:45:00,95,19,True,True,False,False,47.7,27.5,59.0,430.0,0.1146
Threshold_55_15min,717190,2026-03-19 09:20:00,2026-03-19 09:55:00,40,8,True,True,False,False,53.4,42.2,62.4,458.0,0.1024
Threshold_55_15min,717190,2026-03-19 10:45:00,2026-03-19 11:15:00,35,7,True,True,False,False,41.0,20.4,57.1,414.0,0.1109
Threshold_55_15min,717190,2026-03-19 12:05:00,2026-03-19 19:30:00,450,90,True,True,False,False,50.8,21.5,59.5,487.0,0.1203
Threshold_55_15min,717190,2026-03-20 07:40:00,2026-03-20 08:45:00,70,14,True,True,False,False,47.3,33.2,60.0,589.0,0.1355
Threshold_55_15min,717190,2026-03-20 12:05:00,2026-03-20 12:50:00,50,10,True,True,False,False,52.5,41.9,57.7,522.0,0.1252
Threshold_55_15min,717190,2026-03-20 13:00:00,2026-03-20 19:35:00,400,80,True,True,False,False,51.2,18.0,55.5,516.0,0.1206
Threshold_55_15min,717190,2026-03-21 10:25:00,2026-03-21 10:35:00,15,3,True,True,False,False,48.4,45.2,58.9,586.0,0.1313
Threshold_55_15min,717190,2026-03-21 12:55:00,2026-03-21 18:15:00,325,65,True,True,False,False,44.6,20.3,56.2,574.0,0.1403
Threshold_55_15min,717190,2026-03-22 11:55:00,2026-03-22 12:10:00,20,4,True,True,False,False,47.2,46.2,59.9,553.0,0.1146
Threshold_55_15min,717190,2026-03-22 12:45:00,2026-03-22 14:55:00,135,27,True,True,False,False,49.5,16.4,56.1,351.0,0.0752
Threshold_55_15min,717190,2026-03-23 07:40:00,2026-03-23 08:30:00,55,11,True,True,False,False,54.0,33.6,58.4,610.0,0.1517
Threshold_55_15min,717190,2026-03-23 12:25:00,2026-03-23 12:40:00,20,4,True,True,False,False,54.0,45.0,57.3,507.0,0.1248
Threshold_55_15min,717190,2026-03-23 13:30:00,2026-03-23 19:15:00,350,70,True,True,False,False,47.9,19.9,55.7,507.0,0.1363
Threshold_55_15min,717190,2026-03-24 07:40:00,2026-03-24 07:55:00,20,4,True,True,False,False,49.4,43.4,59.3,592.0,0.1509
Threshold_55_15min,717190,2026-03-24 08:15:00,2026-03-24 09:00:00,50,10,True,True,False,False,54.9,35.0,58.5,572.0,0.1422
Threshold_55_15min,717190,2026-03-24 13:15:00,2026-03-24 19:40:00,390,78,True,True,False,False,44.3,22.1,56.2,563.0,0.1516
Threshold_55_15min,717190,2026-03-25 07:35:00,2026-03-25 09:35:00,125,25,True,True,False,False,49.1,34.7,65.9,613.0,0.127
Threshold_55_15min,717190,2026-03-25 13:05:00,2026-03-25 13:15:00,15,3,True,True,False,False,54.6,48.8,59.4,507.0,0.1214
Threshold_55_15min,717190,2026-03-25 13:55:00,2026-03-25 19:55:00,365,73,True,False,False,True,46.9,11.9,59.7,549.0,0.1347
Threshold_55_15min,717190,2026-03-26 07:45:00,2026-03-26 09:15:00,95,19,True,True,False,False,41.3,31.9,56.1,558.0,0.1333
Threshold_55_15min,717190,2026-03-26 12:25:00,2026-03-26 12:40:00,20,4,True,True,False,False,54.3,47.2,55.5,489.0,0.1203
Threshold_55_15min,717190,2026-03-26 13:05:00,2026-03-26 19:55:00,415,83,True,False,False,True,45.9,19.6,58.9,516.0,0.1214
Threshold_55_15min,717190,2026-03-27 07:35:00,2026-03-27 08:55:00,85,17,True,True,False,False,49.9,29.1,56.4,511.0,0.1422
Threshold_55_15min,717190,2026-03-27 09:35:00,2026-03-27 10:00:00,30,6,True,True,False,False,46.0,37.7,55.5,511.0,0.1373
Threshold_55_15min,717190,2026-03-27 12:05:00,2026-03-27 15:30:00,210,42,True,True,False,False,53.3,22.7,58.1,519.0,0.1304
Threshold_55_15min,717190,2026-03-27 15:40:00,2026-03-27 19:55:00,260,52,True,False,False,True,53.2,11.9,55.8,309.0,0.0655
Threshold_55_15min,717190,2026-03-28 12:45:00,2026-03-28 18:15:00,335,67,True,True,False,False,50.5,24.1,55.9,541.0,0.1378
Threshold_55_15min,717190,2026-03-30 13:30:00,2026-03-30 18:00:00,275,55,True,True,False,False,47.7,24.3,55.5,503.0,0.1274
Threshold_55_15min,717190,2026-03-31 14:25:00,2026-03-31 16:05:00,105,21,True,True,False,False,50.2,28.8,55.3,508.0,0.1344
Threshold_55_15min,717190,2026-03-31 16:15:00,2026-03-31 18:25:00,135,27,True,True,False,False,53.4,33.6,55.9,531.0,0.1262
Threshold_55_15min,717190,2026-03-31 19:10:00,2026-03-31 19:20:00,15,3,True,True,False,False,54.2,51.6,57.2,469.0,0.1167
Threshold_55_15min,717190,2026-04-01 07:35:00,2026-04-01 08:05:00,35,7,True,True,False,False,52.9,35.3,60.3,573.0,0.1436
Threshold_55_15min,717190,2026-04-01 13:35:00,2026-04-01 19:50:00,380,76,True,True,False,False,48.3,25.9,59.2,556.0,0.1306
Threshold_55_15min,717190,2026-04-02 12:05:00,2026-04-02 13:00:00,60,12,True,True,False,False,52.0,33.7,58.6,534.0,0.1286
Threshold_55_15min,717190,2026-04-02 13:40:00,2026-04-02 16:35:00,180,36,True,True,False,False,49.0,27.1,58.7,526.0,0.1274
Threshold_55_15min,717190,2026-04-02 16:50:00,2026-04-02 19:00:00,135,27,True,True,False,False,50.1,28.5,58.8,497.0,0.1144
Threshold_55_15min,717190,2026-04-03 07:45:00,2026-04-03 07:55:00,15,3,True,True,False,False,53.3,47.7,62.9,498.0,0.1144
Threshold_55_15min,717190,2026-04-03 12:20:00,2026-04-03 15:40:00,205,41,True,True,False,False,53.6,27.9,55.2,580.0,0.1524
Threshold_55_15min,717190,2026-04-03 16:20:00,2026-04-03 18:10:00,115,23,True,True,False,False,42.4,29.7,57.1,524.0,0.1365
Threshold_55_15min,717190,2026-04-04 14:10:00,2026-04-04 16:55:00,170,34,True,True,False,False,50.9,18.2,56.0,530.0,0.1193
Threshold_55_15min,717190,2026-04-05 13:35:00,2026-04-05 14:40:00,70,14,True,True,False,False,51.9,35.9,60.5,521.0,0.1031
Threshold_55_15min,717190,2026-04-05 15:15:00,2026-04-05 15:45:00,35,7,True,True,False,False,46.4,41.8,59.8,559.0,0.1168
Threshold_55_15min,717190,2026-04-06 07:45:00,2026-04-06 08:25:00,45,9,True,True,False,False,53.5,44.1,55.8,570.0,0.1367
Threshold_55_15min,717190,2026-04-06 13:00:00,2026-04-06 19:00:00,365,73,True,True,False,False,54.4,15.5,55.9,504.0,0.131
Threshold_55_15min,717190,2026-04-07 07:30:00,2026-04-07 08:20:00,55,11,True,True,False,False,51.0,33.7,55.1,545.0,0.1605
Threshold_55_15min,717190,2026-04-07 12:40:00,2026-04-07 19:15:00,400,80,True,True,False,False,54.7,24.8,56.4,519.0,0.1316
Threshold_55_15min,717190,2026-04-08 07:25:00,2026-04-08 08:35:00,75,15,True,True,False,False,54.1,32.4,64.8,497.0,0.1059
Threshold_55_15min,717190,2026-04-08 13:10:00,2026-04-08 19:05:00,360,72,True,True,False,False,46.2,25.3,58.4,546.0,0.1308
Threshold_55_15min,717190,2026-04-09 07:35:00,2026-04-09 08:35:00,65,13,True,True,False,False,50.3,31.7,59.9,555.0,0.1314
Threshold_55_15min,717190,2026-04-09 13:15:00,2026-04-09 18:20:00,310,62,True,True,False,False,53.8,23.3,56.7,511.0,0.1259
Threshold_55_15min,717190,2026-04-10 11:20:00,2026-04-10 16:25:00,310,62,True,True,False,False,52.9,23.0,57.3,504.0,0.1198
Threshold_55_15min,717190,2026-04-10 17:15:00,2026-04-10 17:50:00,40,8,True,True,False,False,54.1,44.2,59.3,505.0,0.1194
Threshold_55_15min,717190,2026-04-11 10:35:00,2026-04-11 10:45:00,15,3,True,True,False,False,54.2,51.0,57.9,575.0,0.118
Threshold_55_15min,717190,2026-04-11 13:10:00,2026-04-11 17:05:00,240,48,True,True,False,False,51.9,19.8,61.3,591.0,0.1197
Threshold_55_15min,717190,2026-04-11 18:00:00,2026-04-11 18:10:00,15,3,True,True,False,False,54.0,49.5,56.2,515.0,0.1268
Threshold_55_15min,717190,2026-04-12 08:30:00,2026-04-12 08:40:00,15,3,True,True,False,False,54.9,51.4,57.9,291.0,0.0647
Threshold_55_15min,717190,2026-04-13 14:10:00,2026-04-13 18:30:00,265,53,True,True,False,False,42.3,25.4,56.4,538.0,0.1298
Threshold_55_15min,717190,2026-04-14 07:40:00,2026-04-14 08:40:00,65,13,True,True,False,False,45.8,33.1,62.5,589.0,0.1296
Threshold_55_15min,717190,2026-04-14 12:20:00,2026-04-14 13:35:00,80,16,True,True,False,False,40.2,17.8,55.4,419.0,0.1114
Threshold_55_15min,717190,2026-04-14 14:05:00,2026-04-14 19:20:00,320,64,True,True,False,False,54.7,10.3,56.9,493.0,0.1181
Threshold_55_15min,717190,2026-04-15 07:45:00,2026-04-15 08:35:00,55,11,True,True,False,False,48.7,28.0,60.9,579.0,0.1413
Threshold_55_15min,717190,2026-04-15 13:40:00,2026-04-15 19:40:00,365,73,True,True,False,False,54.1,22.6,55.2,525.0,0.1337
Threshold_55_15min,717190,2026-04-16 07:35:00,2026-04-16 09:00:00,90,18,True,True,False,False,54.1,27.6,57.2,555.0,0.1329
Threshold_55_15min,717190,2026-04-16 09:10:00,2026-04-16 09:50:00,45,9,True,True,False,False,51.9,42.3,55.2,1.0,0.0002
Threshold_55_15min,717190,2026-04-16 10:50:00,2026-04-16 12:00:00,75,15,True,True,False,False,54.1,27.4,56.4,482.0,0.1085
Threshold_55_15min,717190,2026-04-16 12:45:00,2026-04-16 13:35:00,55,11,True,True,False,False,47.3,28.6,57.0,575.0,0.1437
Threshold_55_15min,717190,2026-04-16 14:20:00,2026-04-16 19:00:00,285,57,True,True,False,False,51.1,20.2,58.9,511.0,0.1285
Threshold_55_15min,717190,2026-04-16 19:35:00,2026-04-16 19:55:00,25,5,True,False,False,True,54.5,38.7,56.3,549.0,0.1364
Threshold_55_15min,717190,2026-04-17 11:20:00,2026-04-17 11:35:00,20,4,True,True,False,False,53.2,53.2,58.4,446.0,0.1064
Threshold_55_15min,717190,2026-04-17 12:05:00,2026-04-17 19:35:00,455,91,True,True,False,False,53.6,23.3,55.4,476.0,0.1174
Threshold_55_15min,717190,2026-04-18 13:20:00,2026-04-18 16:45:00,210,42,True,True,False,False,52.9,20.5,60.2,514.0,0.1034
Threshold_55_15min,717190,2026-04-18 17:30:00,2026-04-18 19:00:00,95,19,True,True,False,False,48.7,24.2,59.1,576.0,0.1239
Threshold_55_15min,717190,2026-04-20 07:35:00,2026-04-20 08:35:00,65,13,True,True,False,False,50.3,31.5,62.7,558.0,0.1162
Threshold_55_15min,717190,2026-04-20 12:50:00,2026-04-20 13:55:00,70,14,True,True,False,False,54.7,31.4,56.1,486.0,0.1214
Threshold_55_15min,717190,2026-04-20 14:05:00,2026-04-20 18:55:00,295,59,True,True,False,False,53.8,24.9,55.3,521.0,0.1216
Threshold_55_15min,717190,2026-04-21 07:30:00,2026-04-21 09:00:00,95,19,True,True,False,False,53.9,32.6,56.5,596.0,0.1402
Threshold_55_15min,717190,2026-04-21 12:25:00,2026-04-21 18:15:00,355,71,True,True,False,False,41.4,25.0,56.2,499.0,0.1221
Threshold_55_15min,717190,2026-04-22 07:35:00,2026-04-22 09:15:00,105,21,True,True,False,False,47.2,31.0,62.8,577.0,0.1288
Threshold_55_15min,717190,2026-04-22 09:25:00,2026-04-22 10:00:00,40,8,True,True,False,False,47.7,41.3,57.5,529.0,0.1207
Threshold_55_15min,717190,2026-04-22 13:10:00,2026-04-22 19:25:00,380,76,True,True,False,False,51.7,20.6,55.6,551.0,0.1432
Threshold_55_15min,717190,2026-04-23 07:35:00,2026-04-23 08:55:00,85,17,True,True,False,False,51.5,26.5,55.5,554.0,0.1499
Threshold_55_15min,717190,2026-04-23 12:55:00,2026-04-23 19:35:00,405,81,True,True,False,False,54.5,22.3,57.1,522.0,0.1244
Threshold_55_15min,717190,2026-04-24 07:30:00,2026-04-24 08:45:00,80,16,True,True,False,False,52.5,27.0,61.6,540.0,0.1184
Threshold_55_15min,717190,2026-04-24 09:20:00,2026-04-24 09:55:00,40,8,True,True,False,False,52.6,51.6,58.1,474.0,0.1137
Threshold_55_15min,717190,2026-04-24 11:20:00,2026-04-24 19:25:00,490,98,True,True,False,False,52.0,20.4,56.6,544.0,0.1306
Threshold_55_15min,717190,2026-04-25 15:35:00,2026-04-25 16:25:00,55,11,True,True,False,False,50.8,34.4,58.6,581.0,0.1217
Threshold_55_15min,717190,2026-04-25 16:35:00,2026-04-25 17:45:00,75,15,True,True,False,False,53.1,32.0,55.6,471.0,0.1017
Threshold_55_15min,717190,2026-04-25 18:45:00,2026-04-25 18:55:00,15,3,True,True,False,False,49.1,47.6,56.1,447.0,0.1081
Threshold_55_15min,717190,2026-04-27 07:35:00,2026-04-27 09:05:00,95,19,True,True,False,False,44.8,30.1,57.5,566.0,0.1422
Threshold_55_15min,717190,2026-04-27 14:15:00,2026-04-27 19:00:00,290,58,True,True,False,False,43.3,22.6,56.2,522.0,0.129
Threshold_55_15min,717190,2026-04-28 06:45:00,2026-04-28 06:55:00,15,3,True,True,False,False,45.1,40.6,55.2,490.0,0.148
Threshold_55_15min,717190,2026-04-28 07:35:00,2026-04-28 09:00:00,90,18,True,True,False,False,45.3,30.1,64.3,590.0,0.1244
Threshold_55_15min,717190,2026-04-28 10:25:00,2026-04-28 10:45:00,25,5,True,True,False,False,51.5,51.5,55.0,427.0,0.1197
Threshold_55_15min,717190,2026-04-28 11:35:00,2026-04-28 19:25:00,475,95,True,True,False,False,54.1,18.4,56.2,488.0,0.1231
Threshold_55_15min,717190,2026-04-29 07:25:00,2026-04-29 09:50:00,150,30,True,True,False,False,50.3,26.9,61.1,554.0,0.138
Threshold_55_15min,717190,2026-04-29 11:35:00,2026-04-29 12:30:00,60,12,True,True,False,False,51.9,41.7,55.0,477.0,0.1249
Threshold_55_15min,717190,2026-04-29 13:20:00,2026-04-29 19:50:00,395,79,True,True,False,False,48.8,23.3,56.4,551.0,0.1363
Threshold_55_15min,717190,2026-04-30 07:35:00,2026-04-30 08:45:00,75,15,True,True,False,False,53.9,30.9,62.3,612.0,0.1419
Threshold_55_15min,717190,2026-04-30 09:05:00,2026-04-30 09:40:00,40,8,True,True,False,False,52.7,44.7,59.3,496.0,0.1153
Threshold_55_15min,717190,2026-04-30 10:20:00,2026-04-30 10:40:00,25,5,True,True,False,False,40.1,23.2,61.8,444.0,0.1
Threshold_55_15min,717190,2026-04-30 12:15:00,2026-04-30 19:20:00,430,86,True,True,False,False,43.4,15.5,56.0,541.0,0.1279
Threshold_55_15min,717190,2026-05-01 07:25:00,2026-05-01 07:45:00,25,5,True,True,False,False,54.7,40.8,58.3,549.0,0.1441
Threshold_55_15min,717190,2026-05-01 12:05:00,2026-05-01 19:00:00,420,84,True,True,False,False,51.4,21.3,58.2,519.0,0.128
Threshold_55_15min,717190,2026-05-02 13:45:00,2026-05-02 14:40:00,60,12,True,True,False,False,46.6,29.4,59.9,564.0,0.116
Threshold_55_15min,717190,2026-05-02 15:20:00,2026-05-02 15:50:00,35,7,True,True,False,False,51.5,32.8,60.3,493.0,0.1039
Threshold_55_15min,717190,2026-05-02 16:05:00,2026-05-02 18:15:00,135,27,True,True,False,False,54.7,26.7,59.6,486.0,0.0961
Threshold_55_15min,717190,2026-05-04 07:30:00,2026-05-04 08:15:00,50,10,True,True,False,False,51.9,38.3,62.2,554.0,0.121
Threshold_55_15min,717190,2026-05-04 14:20:00,2026-05-04 18:40:00,265,53,True,True,False,False,52.8,24.8,56.4,503.0,0.1279
Threshold_55_15min,717190,2026-05-05 07:40:00,2026-05-05 08:35:00,60,12,True,True,False,False,53.9,33.7,62.2,589.0,0.1332
Threshold_55_15min,717190,2026-05-05 13:25:00,2026-05-05 19:15:00,355,71,True,True,False,False,49.3,24.2,58.6,546.0,0.1316
Threshold_55_15min,717190,2026-05-06 07:30:00,2026-05-06 08:45:00,80,16,True,True,False,False,52.7,31.3,62.6,534.0,0.1162
Threshold_55_15min,717190,2026-05-06 12:55:00,2026-05-06 18:30:00,340,68,True,True,False,False,51.9,22.5,56.5,544.0,0.1369
Threshold_55_15min,717190,2026-05-06 18:40:00,2026-05-06 18:50:00,15,3,True,True,False,False,47.0,47.0,57.0,510.0,0.1112
Threshold_55_15min,717190,2026-05-06 19:00:00,2026-05-06 19:50:00,55,11,True,True,False,False,43.0,15.7,55.2,529.0,0.1273
Threshold_55_15min,717190,2026-05-07 07:25:00,2026-05-07 09:10:00,110,22,True,True,False,False,52.6,33.0,58.0,519.0,0.1333
Threshold_55_15min,717190,2026-05-07 09:35:00,2026-05-07 09:55:00,25,5,True,True,False,False,50.1,42.5,56.7,533.0,0.142
Threshold_55_15min,717190,2026-05-07 12:50:00,2026-05-07 19:55:00,430,86,True,False,False,True,45.8,23.4,55.6,535.0,0.1325
Threshold_55_15min,717190,2026-05-08 07:40:00,2026-05-08 08:20:00,45,9,True,True,False,False,45.7,37.6,58.0,596.0,0.142
Threshold_55_15min,717190,2026-05-08 12:25:00,2026-05-08 19:55:00,455,91,True,False,False,True,48.7,22.0,55.3,572.0,0.1502
Threshold_55_15min,717190,2026-05-09 12:25:00,2026-05-09 19:45:00,445,89,True,True,False,False,49.4,18.3,58.0,539.0,0.1147
Threshold_55_15min,717190,2026-05-10 15:35:00,2026-05-10 16:05:00,35,7,True,True,False,False,53.0,47.5,61.3,525.0,0.1017
Threshold_55_15min,717190,2026-05-11 07:35:00,2026-05-11 08:20:00,50,10,True,True,False,False,54.4,37.0,64.2,502.0,0.1079
Threshold_55_15min,717190,2026-05-11 14:15:00,2026-05-11 18:30:00,260,52,True,True,False,False,51.2,22.2,59.4,523.0,0.1216
Threshold_55_15min,717190,2026-05-12 07:45:00,2026-05-12 08:05:00,25,5,True,True,False,False,51.1,46.4,55.4,594.0,0.1705
Threshold_55_15min,717190,2026-05-12 11:35:00,2026-05-12 11:50:00,20,4,True,True,False,False,43.8,43.8,56.2,563.0,0.1401
Threshold_55_15min,717190,2026-05-12 13:25:00,2026-05-12 13:55:00,35,7,True,True,False,False,44.2,40.9,60.3,561.0,0.1254
Threshold_55_15min,717190,2026-05-12 14:15:00,2026-05-12 19:05:00,295,59,True,True,False,False,50.5,23.7,58.5,506.0,0.1197
Threshold_55_15min,717190,2026-05-13 07:35:00,2026-05-13 08:00:00,30,6,True,True,False,False,50.0,41.9,57.5,616.0,0.1675
Threshold_55_15min,717190,2026-05-13 13:00:00,2026-05-13 18:50:00,355,71,True,True,False,False,54.1,22.2,56.0,550.0,0.1371
Threshold_55_15min,717190,2026-05-14 07:40:00,2026-05-14 08:55:00,80,16,True,True,False,False,47.3,32.7,58.9,569.0,0.1426
Threshold_55_15min,717190,2026-05-14 12:55:00,2026-05-14 19:25:00,395,79,True,True,False,False,50.5,24.0,57.5,541.0,0.1279
Threshold_55_15min,717190,2026-05-15 07:35:00,2026-05-15 08:10:00,40,8,True,True,False,False,49.7,41.3,59.2,534.0,0.1316
Threshold_55_15min,717190,2026-05-15 12:50:00,2026-05-15 19:40:00,415,83,True,True,False,False,54.8,20.3,56.9,519.0,0.1333
Threshold_55_15min,717190,2026-05-16 14:35:00,2026-05-16 15:35:00,65,13,True,True,False,False,52.7,27.0,59.1,577.0,0.12
Threshold_55_15min,717190,2026-05-16 16:20:00,2026-05-16 18:35:00,140,28,True,True,False,False,42.8,24.4,56.1,554.0,0.1276
Threshold_55_15min,717190,2026-05-18 07:40:00,2026-05-18 08:15:00,40,8,True,True,False,False,47.3,37.4,57.1,595.0,0.1536
Threshold_55_15min,717190,2026-05-18 12:05:00,2026-05-18 12:35:00,35,7,True,True,False,False,47.3,36.4,55.8,418.0,0.1026
Threshold_55_15min,717190,2026-05-18 12:55:00,2026-05-18 13:25:00,35,7,True,True,False,False,49.1,39.7,56.6,504.0,0.1214
Threshold_55_15min,717190,2026-05-18 13:35:00,2026-05-18 19:15:00,345,69,True,True,False,False,53.6,16.3,57.2,504.0,0.1149
Threshold_55_15min,717190,2026-05-19 12:15:00,2026-05-19 12:35:00,25,5,True,True,False,False,51.7,41.4,57.7,447.0,0.1127
Threshold_55_15min,717190,2026-05-19 13:45:00,2026-05-19 16:05:00,145,29,True,True,False,False,47.8,24.8,56.5,533.0,0.1342
Threshold_55_15min,717190,2026-05-19 17:05:00,2026-05-19 18:50:00,110,22,True,True,False,False,47.0,28.1,56.9,504.0,0.1268
Threshold_55_15min,717190,2026-05-20 07:30:00,2026-05-20 08:30:00,65,13,True,True,False,False,51.2,33.4,63.9,557.0,0.1177
Threshold_55_15min,717190,2026-05-20 12:45:00,2026-05-20 14:00:00,80,16,True,True,False,False,54.2,15.9,57.0,446.0,0.1094
Threshold_55_15min,717190,2026-05-20 15:05:00,2026-05-20 19:35:00,275,55,True,True,False,False,47.6,22.1,55.9,540.0,0.1449
Threshold_55_15min,717190,2026-05-21 07:35:00,2026-05-21 08:05:00,35,7,True,True,False,False,52.0,42.5,58.6,586.0,0.1339
Threshold_55_15min,717190,2026-05-21 12:10:00,2026-05-21 12:30:00,25,5,True,True,False,False,48.3,39.8,59.4,440.0,0.1052
Threshold_55_15min,717190,2026-05-21 13:15:00,2026-05-21 19:35:00,385,77,True,True,False,False,41.5,19.4,58.1,507.0,0.1197
Threshold_55_15min,717190,2026-05-22 10:50:00,2026-05-22 19:50:00,545,109,True,True,False,False,53.8,21.5,55.4,521.0,0.1369
Threshold_55_15min,717190,2026-05-23 12:20:00,2026-05-23 19:10:00,415,83,True,True,False,False,53.9,20.8,59.9,510.0,0.1056
Threshold_55_15min,717190,2026-05-28 11:40:00,2026-05-28 11:50:00,15,3,True,True,False,False,52.8,49.4,55.0,427.0,0.1202
Threshold_55_15min,717190,2026-05-28 13:40:00,2026-05-28 18:50:00,315,63,False,True,True,False,31.5,24.8,,,
Threshold_55_15min,717190,2026-05-29 08:00:00,2026-05-29 08:35:00,40,8,True,True,False,False,52.6,35.5,64.3,537.0,0.1152
Threshold_55_15min,717190,2026-05-29 12:25:00,2026-05-29 19:10:00,410,82,True,True,False,False,49.7,25.3,58.1,551.0,0.1328
Threshold_55_15min,717190,2026-05-30 13:50:00,2026-05-30 18:55:00,310,62,True,True,False,False,53.2,21.4,58.1,571.0,0.1276
Threshold_55_15min,717190,2026-05-31 14:05:00,2026-05-31 15:35:00,95,19,True,True,False,False,47.4,19.0,62.3,477.0,0.0893
Threshold_55_15min,717195,2026-02-02 08:10:00,2026-02-02 08:20:00,15,3,True,True,False,False,53.2,47.1,57.0,499.0,0.1131
Threshold_55_15min,717195,2026-02-02 11:50:00,2026-02-02 19:00:00,435,87,True,True,False,False,54.1,18.7,58.1,474.0,0.1103
Threshold_55_15min,717195,2026-02-03 07:40:00,2026-02-03 08:40:00,65,13,True,True,False,False,53.9,30.4,56.2,578.0,0.1567
Threshold_55_15min,717195,2026-02-03 13:20:00,2026-02-03 16:25:00,190,38,True,True,False,False,49.0,31.4,58.4,507.0,0.1161
Threshold_55_15min,717195,2026-02-03 16:55:00,2026-02-03 19:55:00,185,37,True,False,False,True,52.5,35.2,58.6,537.0,0.1368
Threshold_55_15min,717195,2026-02-04 07:40:00,2026-02-04 08:35:00,60,12,True,True,False,False,46.9,36.0,57.8,561.0,0.1325
Threshold_55_15min,717195,2026-02-04 09:40:00,2026-02-04 10:00:00,25,5,True,True,False,False,48.5,44.9,56.5,561.0,0.1385
Threshold_55_15min,717195,2026-02-04 12:20:00,2026-02-04 12:45:00,30,6,True,True,False,False,53.6,49.5,57.3,518.0,0.1257
Threshold_55_15min,717195,2026-02-04 12:55:00,2026-02-04 19:35:00,405,81,True,True,False,False,54.9,22.6,56.1,521.0,0.121
Threshold_55_15min,717195,2026-02-05 08:00:00,2026-02-05 08:25:00,30,6,True,True,False,False,51.2,44.9,57.2,582.0,0.1363
Threshold_55_15min,717195,2026-02-05 13:05:00,2026-02-05 13:35:00,35,7,True,True,False,False,54.8,51.3,56.7,499.0,0.1196
Threshold_55_15min,717195,2026-02-05 14:00:00,2026-02-05 15:25:00,90,18,True,True,False,False,46.9,31.5,55.1,518.0,0.1263
Threshold_55_15min,717195,2026-02-05 16:25:00,2026-02-05 19:20:00,180,36,True,True,False,False,53.0,38.6,59.2,588.0,0.1476
Threshold_55_15min,717195,2026-02-06 07:35:00,2026-02-06 08:20:00,50,10,True,True,False,False,54.9,35.1,56.9,504.0,0.1273
Threshold_55_15min,717195,2026-02-06 12:25:00,2026-02-06 19:35:00,435,87,True,True,False,False,54.7,30.0,55.4,539.0,0.1361
Threshold_55_15min,717195,2026-02-07 12:20:00,2026-02-07 12:30:00,15,3,True,True,False,False,50.0,47.8,62.3,507.0,0.0998
Threshold_55_15min,717195,2026-02-07 13:25:00,2026-02-07 18:50:00,330,66,True,True,False,False,47.0,32.0,56.6,562.0,0.1275
Threshold_55_15min,717195,2026-02-07 19:00:00,2026-02-07 19:25:00,30,6,True,True,False,False,45.6,45.6,57.4,307.0,0.5318
Threshold_55_15min,717195,2026-02-10 07:30:00,2026-02-10 08:15:00,50,10,True,True,False,False,51.2,37.4,63.6,625.0,0.1329
Threshold_55_15min,717195,2026-02-10 08:40:00,2026-02-10 08:50:00,15,3,True,True,False,False,53.4,53.0,55.4,485.0,0.1942
Threshold_55_15min,717195,2026-02-10 12:15:00,2026-02-10 12:30:00,20,4,True,True,False,False,54.3,52.7,55.2,438.0,0.1147
Threshold_55_15min,717195,2026-02-10 13:15:00,2026-02-10 19:20:00,370,74,True,True,False,False,52.6,33.1,56.1,540.0,0.1437
Threshold_55_15min,717195,2026-02-11 07:30:00,2026-02-11 08:20:00,55,11,True,True,False,False,43.7,34.0,56.1,521.0,0.1332
Threshold_55_15min,717195,2026-02-11 08:30:00,2026-02-11 08:45:00,20,4,True,True,False,False,54.0,47.0,55.3,591.0,0.1418
Threshold_55_15min,717195,2026-02-11 13:35:00,2026-02-11 19:00:00,330,66,True,True,False,False,51.7,36.9,56.8,531.0,0.1336
Threshold_55_15min,717195,2026-02-12 07:45:00,2026-02-12 09:15:00,95,19,True,True,False,False,47.2,32.1,56.2,559.0,0.1271
Threshold_55_15min,717195,2026-02-12 12:30:00,2026-02-12 12:40:00,15,3,True,True,False,False,54.3,52.7,55.8,556.0,0.135
Threshold_55_15min,717195,2026-02-12 13:00:00,2026-02-12 19:45:00,410,82,True,True,False,False,53.6,32.5,57.3,491.0,0.1136
Threshold_55_15min,717195,2026-02-13 07:40:00,2026-02-13 08:20:00,45,9,True,True,False,False,47.2,40.8,56.7,569.0,0.1344
Threshold_55_15min,717195,2026-02-13 11:30:00,2026-02-13 15:40:00,255,51,True,True,False,False,53.9,34.6,55.0,535.0,0.1299
Threshold_55_15min,717195,2026-02-13 16:15:00,2026-02-13 19:55:00,225,45,True,False,False,True,46.7,36.4,55.1,528.0,0.1365
Threshold_55_15min,717195,2026-02-14 09:25:00,2026-02-14 10:00:00,40,8,True,True,False,False,50.6,25.9,60.1,323.0,0.069
Threshold_55_15min,717195,2026-02-14 10:35:00,2026-02-14 10:50:00,20,4,True,True,False,False,47.7,36.6,62.9,524.0,0.0992
Threshold_55_15min,717195,2026-02-14 12:00:00,2026-02-14 12:45:00,50,10,True,True,False,False,49.9,38.8,56.8,547.0,0.1209
Threshold_55_15min,717195,2026-02-14 14:20:00,2026-02-14 17:10:00,175,35,True,True,False,False,49.8,35.1,60.3,535.0,0.1028
Threshold_55_15min,717195,2026-02-14 17:45:00,2026-02-14 18:20:00,40,8,True,True,False,False,53.0,41.0,55.7,544.0,0.12
Threshold_55_15min,717195,2026-02-14 18:40:00,2026-02-14 19:00:00,25,5,True,True,False,False,53.7,42.7,57.7,453.0,0.0965
Threshold_55_15min,717195,2026-02-16 07:40:00,2026-02-16 07:50:00,15,3,True,True,False,False,53.4,52.4,56.2,418.0,0.1471
Threshold_55_15min,717195,2026-02-16 09:00:00,2026-02-16 16:10:00,435,87,True,True,False,False,54.5,26.9,57.3,400.0,0.0998
Threshold_55_15min,717195,2026-02-16 17:00:00,2026-02-16 17:45:00,50,10,True,True,False,False,51.3,34.2,55.7,429.0,0.1014
Threshold_55_15min,717195,2026-02-17 13:30:00,2026-02-17 13:45:00,20,4,True,True,False,False,46.4,44.1,59.6,522.0,0.1185
Threshold_55_15min,717195,2026-02-17 15:25:00,2026-02-17 18:10:00,170,34,True,True,False,False,52.7,35.7,56.3,558.0,0.1356
Threshold_55_15min,717195,2026-02-17 18:25:00,2026-02-17 18:55:00,35,7,True,True,False,False,51.7,49.7,55.6,499.0,0.1237
Threshold_55_15min,717195,2026-02-18 07:30:00,2026-02-18 08:35:00,70,14,True,True,False,False,44.1,14.4,62.7,618.0,0.1289
Threshold_55_15min,717195,2026-02-18 13:05:00,2026-02-18 18:55:00,355,71,True,True,False,False,50.7,33.9,58.1,532.0,0.1278
Threshold_55_15min,717195,2026-02-20 07:45:00,2026-02-20 07:55:00,15,3,True,True,False,False,54.6,46.9,61.1,634.0,0.1394
Threshold_55_15min,717195,2026-02-20 12:25:00,2026-02-20 12:40:00,20,4,True,True,False,False,54.8,52.5,56.4,514.0,0.1206
Threshold_55_15min,717195,2026-02-20 12:50:00,2026-02-20 19:30:00,405,81,True,True,False,False,51.9,33.7,56.6,558.0,0.1241
Threshold_55_15min,717195,2026-02-21 11:25:00,2026-02-21 11:40:00,20,4,True,True,False,False,51.6,50.4,55.8,499.0,0.1253
Threshold_55_15min,717195,2026-02-21 13:30:00,2026-02-21 18:45:00,320,64,True,True,False,False,49.1,34.8,59.3,570.0,0.1182
Threshold_55_15min,717195,2026-02-23 07:40:00,2026-02-23 09:10:00,95,19,True,True,False,False,54.5,38.2,57.3,567.0,0.1238
Threshold_55_15min,717195,2026-02-23 11:10:00,2026-02-23 11:20:00,15,3,True,True,False,False,52.8,50.2,55.0,506.0,0.1324
Threshold_55_15min,717195,2026-02-23 11:40:00,2026-02-23 11:50:00,15,3,True,True,False,False,51.8,51.2,55.6,514.0,0.1382
Threshold_55_15min,717195,2026-02-23 12:30:00,2026-02-23 13:05:00,40,8,True,True,False,False,54.9,48.2,55.8,493.0,0.1137
Threshold_55_15min,717195,2026-02-23 13:15:00,2026-02-23 18:55:00,345,69,True,True,False,False,54.6,27.8,55.1,519.0,0.1221
Threshold_55_15min,717195,2026-02-23 19:30:00,2026-02-23 19:45:00,20,4,True,True,False,False,51.9,51.5,57.1,421.0,0.0962
Threshold_55_15min,717195,2026-02-24 07:20:00,2026-02-24 09:00:00,105,21,True,True,False,False,49.4,29.0,60.5,513.0,0.1202
Threshold_55_15min,717195,2026-02-24 12:30:00,2026-02-24 19:55:00,450,90,True,False,False,True,49.1,32.8,55.6,526.0,0.1354
Threshold_55_15min,717195,2026-02-25 07:40:00,2026-02-25 07:50:00,15,3,True,True,False,False,48.8,48.3,57.7,554.0,0.1305
Threshold_55_15min,717195,2026-02-25 08:05:00,2026-02-25 08:45:00,45,9,True,True,False,False,54.7,38.1,55.6,541.0,0.1336
Threshold_55_15min,717195,2026-02-25 13:15:00,2026-02-25 19:55:00,405,81,True,False,False,True,54.8,34.4,57.1,511.0,0.1257
Threshold_55_15min,717195,2026-02-26 07:25:00,2026-02-26 09:00:00,100,20,True,True,False,False,54.6,34.1,57.8,542.0,0.1265
Threshold_55_15min,717195,2026-02-26 12:20:00,2026-02-26 19:55:00,460,92,True,False,False,True,53.9,20.2,56.5,503.0,0.1237
Threshold_55_15min,717195,2026-02-27 08:00:00,2026-02-27 09:35:00,100,20,True,True,False,False,52.9,50.3,61.8,566.0,0.121
Threshold_55_15min,717195,2026-02-27 13:10:00,2026-02-27 19:55:00,410,82,True,False,False,True,48.9,36.3,58.7,281.0,0.0635
Threshold_55_15min,717195,2026-03-02 05:00:00,2026-03-02 05:20:00,25,5,False,True,True,False,53.8,27.9,,,
Threshold_55_15min,717195,2026-03-02 05:50:00,2026-03-02 06:15:00,30,6,True,True,False,False,45.3,32.3,60.0,2.0,0.0005
Threshold_55_15min,717195,2026-03-02 07:35:00,2026-03-02 08:45:00,75,15,True,True,False,False,53.6,32.9,57.9,550.0,0.115
Threshold_55_15min,717195,2026-03-02 09:35:00,2026-03-02 09:45:00,15,3,True,True,False,False,54.7,52.9,56.2,502.0,0.1095
Threshold_55_15min,717195,2026-03-02 10:00:00,2026-03-02 10:45:00,50,10,True,True,False,False,54.4,52.0,55.7,437.0,0.1
Threshold_55_15min,717195,2026-03-02 11:05:00,2026-03-02 11:35:00,35,7,True,True,False,False,53.6,50.2,57.5,427.0,0.0953
Threshold_55_15min,717195,2026-03-02 11:45:00,2026-03-02 19:25:00,465,93,True,True,False,False,52.8,29.9,55.9,278.0,0.0567
Threshold_55_15min,717195,2026-03-03 07:45:00,2026-03-03 11:45:00,245,49,True,True,False,False,44.4,32.1,56.4,567.0,0.1467
Threshold_55_15min,717195,2026-03-03 11:55:00,2026-03-03 19:55:00,485,97,True,False,False,True,53.2,16.8,55.5,437.0,0.1054
Threshold_55_15min,717195,2026-03-04 07:40:00,2026-03-04 10:10:00,155,31,True,True,False,False,47.3,30.8,58.5,564.0,0.1316
Threshold_55_15min,717195,2026-03-04 10:25:00,2026-03-04 19:55:00,575,115,True,False,False,True,54.0,31.0,57.7,534.0,0.1344
Threshold_55_15min,717195,2026-03-05 07:35:00,2026-03-05 19:55:00,745,149,True,False,False,True,50.6,20.3,56.3,545.0,0.1328
Threshold_55_15min,717195,2026-03-06 07:30:00,2026-03-06 19:55:00,750,150,True,False,False,True,53.7,18.1,55.8,519.0,0.1133
Threshold_55_15min,717195,2026-03-07 14:20:00,2026-03-07 18:25:00,250,50,True,True,False,False,53.1,33.7,55.8,525.0,0.1136
Threshold_55_15min,717195,2026-03-08 19:30:00,2026-03-08 19:55:00,30,6,True,False,False,True,48.2,44.3,56.1,387.0,0.1849
Threshold_55_15min,717195,2026-03-10 07:35:00,2026-03-10 08:50:00,80,16,True,True,False,False,50.2,32.3,59.8,554.0,0.134
Threshold_55_15min,717195,2026-03-10 13:55:00,2026-03-10 19:20:00,330,66,True,True,False,False,44.8,32.7,55.4,558.0,0.1364
Threshold_55_15min,717195,2026-03-11 07:35:00,2026-03-11 09:00:00,90,18,True,True,False,False,46.5,30.7,55.6,555.0,0.1471
Threshold_55_15min,717195,2026-03-11 12:45:00,2026-03-11 13:35:00,55,11,True,True,False,False,54.1,41.9,56.2,511.0,0.1279
Threshold_55_15min,717195,2026-03-11 14:20:00,2026-03-11 19:55:00,340,68,True,False,False,True,54.9,33.6,57.3,564.0,0.1345
Threshold_55_15min,717195,2026-03-12 07:35:00,2026-03-12 09:00:00,90,18,True,True,False,False,49.0,33.1,58.7,509.0,0.1191
Threshold_55_15min,717195,2026-03-12 09:45:00,2026-03-12 11:15:00,95,19,True,True,False,False,52.9,43.0,55.2,534.0,0.124
Threshold_55_15min,717195,2026-03-12 11:55:00,2026-03-12 12:15:00,25,5,True,True,False,False,54.6,45.4,55.4,541.0,0.1316
Threshold_55_15min,717195,2026-03-12 13:05:00,2026-03-12 19:40:00,400,80,True,True,False,False,50.3,31.9,55.5,556.0,0.1386
Threshold_55_15min,717195,2026-03-13 07:15:00,2026-03-13 08:45:00,95,19,True,True,False,False,54.7,29.6,56.1,467.0,0.0987
Threshold_55_15min,717195,2026-03-13 09:10:00,2026-03-13 19:55:00,650,130,True,False,False,True,54.9,13.8,55.2,427.0,0.0965
Threshold_55_15min,717195,2026-03-15 15:10:00,2026-03-15 15:35:00,30,6,True,True,False,False,54.5,44.9,56.4,483.0,0.1017
Threshold_55_15min,717195,2026-03-16 07:25:00,2026-03-16 08:50:00,90,18,True,True,False,False,48.9,36.8,59.3,516.0,0.1077
Threshold_55_15min,717195,2026-03-16 10:20:00,2026-03-16 10:50:00,35,7,True,True,False,False,54.0,52.1,56.5,423.0,0.0945
Threshold_55_15min,717195,2026-03-16 11:25:00,2026-03-16 11:35:00,15,3,True,True,False,False,54.1,54.1,56.3,420.0,0.0946
Threshold_55_15min,717195,2026-03-16 12:35:00,2026-03-16 12:50:00,20,4,True,True,False,False,53.8,53.1,55.6,500.0,0.1124
Threshold_55_15min,717195,2026-03-16 13:15:00,2026-03-16 19:25:00,375,75,True,True,False,False,53.8,32.1,55.5,471.0,0.1062
Threshold_55_15min,717195,2026-03-17 07:35:00,2026-03-17 08:45:00,75,15,True,True,False,False,47.3,40.2,59.1,550.0,0.1269
Threshold_55_15min,717195,2026-03-17 12:30:00,2026-03-17 13:00:00,35,7,True,True,False,False,46.9,20.1,55.9,546.0,0.137
Threshold_55_15min,717195,2026-03-17 13:45:00,2026-03-17 19:50:00,370,74,True,True,False,False,54.1,18.3,57.0,557.0,0.1371
Threshold_55_15min,717195,2026-03-18 07:35:00,2026-03-18 08:40:00,70,14,True,True,False,False,53.4,39.4,55.2,505.0,0.1343
Threshold_55_15min,717195,2026-03-18 12:30:00,2026-03-18 19:00:00,395,79,True,True,False,False,48.9,20.9,55.7,503.0,0.1369
Threshold_55_15min,717195,2026-03-19 07:25:00,2026-03-19 08:45:00,85,17,True,True,False,False,48.2,35.2,60.6,542.0,0.1255
Threshold_55_15min,717195,2026-03-19 10:30:00,2026-03-19 11:30:00,65,13,True,True,False,False,52.9,10.8,57.6,471.0,0.1184
Threshold_55_15min,717195,2026-03-19 12:15:00,2026-03-19 19:25:00,435,87,True,True,False,False,54.9,30.5,56.8,460.0,0.1183
Threshold_55_15min,717195,2026-03-20 07:35:00,2026-03-20 08:50:00,80,16,True,True,False,False,48.1,35.2,56.7,516.0,0.1033
Threshold_55_15min,717195,2026-03-20 09:05:00,2026-03-20 10:20:00,80,16,True,True,False,False,54.5,51.4,55.5,496.0,0.1058
Threshold_55_15min,717195,2026-03-20 10:30:00,2026-03-20 19:55:00,570,114,True,False,False,True,53.8,25.7,55.1,460.0,0.0996
Threshold_55_15min,717195,2026-03-21 10:35:00,2026-03-21 10:55:00,25,5,True,True,False,False,51.6,46.9,57.1,538.0,0.1198
Threshold_55_15min,717195,2026-03-21 12:40:00,2026-03-21 13:10:00,35,7,True,True,False,False,48.7,46.4,55.3,506.0,0.1232
Threshold_55_15min,717195,2026-03-21 13:20:00,2026-03-21 13:40:00,25,5,True,True,False,False,54.3,52.8,55.3,530.0,0.1178
Threshold_55_15min,717195,2026-03-21 14:10:00,2026-03-21 18:30:00,265,53,True,True,False,False,54.5,35.4,55.8,517.0,0.1122
Threshold_55_15min,717195,2026-03-22 06:10:00,2026-03-22 06:25:00,20,4,True,True,False,False,54.7,50.0,57.5,93.0,0.0568
Threshold_55_15min,717195,2026-03-22 06:40:00,2026-03-22 06:50:00,15,3,True,True,False,False,54.0,52.9,56.6,171.0,0.0948
Threshold_55_15min,717195,2026-03-22 13:00:00,2026-03-22 14:05:00,70,14,True,True,False,False,46.8,21.4,56.9,411.0,0.0902
Threshold_55_15min,717195,2026-03-22 14:40:00,2026-03-22 14:55:00,20,4,True,True,False,False,51.6,47.9,56.0,506.0,0.1096
Threshold_55_15min,717195,2026-03-23 07:35:00,2026-03-23 08:40:00,70,14,True,True,False,False,54.6,33.2,57.3,542.0,0.1142
Threshold_55_15min,717195,2026-03-23 09:10:00,2026-03-23 09:35:00,30,6,True,True,False,False,53.4,51.8,55.7,399.0,0.0911
Threshold_55_15min,717195,2026-03-23 09:50:00,2026-03-23 10:05:00,20,4,True,True,False,False,53.4,52.9,56.2,450.0,0.0977
Threshold_55_15min,717195,2026-03-23 10:30:00,2026-03-23 10:50:00,25,5,True,True,False,False,54.1,52.4,55.9,416.0,0.0955
Threshold_55_15min,717195,2026-03-23 11:55:00,2026-03-23 19:20:00,450,90,True,True,False,False,54.3,29.8,57.4,536.0,0.1152
Threshold_55_15min,717195,2026-03-24 07:35:00,2026-03-24 07:55:00,25,5,True,True,False,False,49.8,48.5,63.3,618.0,0.1308
Threshold_55_15min,717195,2026-03-24 08:30:00,2026-03-24 09:05:00,40,8,True,True,False,False,48.1,40.7,55.1,557.0,0.1276
Threshold_55_15min,717195,2026-03-24 13:15:00,2026-03-24 19:40:00,390,78,True,True,False,False,52.6,35.6,58.1,542.0,0.1287
Threshold_55_15min,717195,2026-03-25 07:30:00,2026-03-25 08:10:00,45,9,True,True,False,False,50.1,41.7,61.8,607.0,0.1388
Threshold_55_15min,717195,2026-03-25 08:25:00,2026-03-25 09:45:00,85,17,True,True,False,False,48.7,41.3,56.5,579.0,0.1399
Threshold_55_15min,717195,2026-03-25 13:55:00,2026-03-25 19:55:00,365,73,True,False,False,True,54.0,14.6,55.7,470.0,0.127
Threshold_55_15min,717195,2026-03-26 07:40:00,2026-03-26 09:10:00,95,19,True,True,False,False,47.8,39.2,59.9,593.0,0.1389
Threshold_55_15min,717195,2026-03-26 12:20:00,2026-03-26 12:50:00,35,7,True,True,False,False,52.7,47.4,58.5,530.0,0.1304
Threshold_55_15min,717195,2026-03-26 13:05:00,2026-03-26 19:55:00,415,83,True,False,False,True,52.7,32.1,55.6,515.0,0.1284
Threshold_55_15min,717195,2026-03-27 07:30:00,2026-03-27 08:50:00,85,17,True,True,False,False,54.4,34.7,59.1,492.0,0.1234
Threshold_55_15min,717195,2026-03-27 09:25:00,2026-03-27 09:55:00,35,7,True,True,False,False,54.9,39.7,59.1,527.0,0.1233
Threshold_55_15min,717195,2026-03-27 12:30:00,2026-03-27 17:15:00,290,58,True,True,False,False,53.0,36.8,55.3,486.0,0.1218
Threshold_55_15min,717195,2026-03-27 18:15:00,2026-03-27 19:55:00,105,21,True,False,False,True,52.5,31.9,58.5,449.0,0.1125
Threshold_55_15min,717195,2026-03-28 13:00:00,2026-03-28 13:45:00,50,10,True,True,False,False,53.9,46.1,57.6,513.0,0.1106
Threshold_55_15min,717195,2026-03-28 14:00:00,2026-03-28 14:15:00,20,4,True,True,False,False,54.8,51.4,55.0,530.0,0.1182
Threshold_55_15min,717195,2026-03-28 14:25:00,2026-03-28 18:15:00,235,47,True,True,False,False,53.4,34.2,55.5,556.0,0.119
Threshold_55_15min,717195,2026-03-28 18:50:00,2026-03-28 19:00:00,15,3,True,True,False,False,49.8,43.8,57.4,556.0,0.124
Threshold_55_15min,717195,2026-03-29 07:05:00,2026-03-29 07:15:00,15,3,True,True,False,False,54.2,49.9,58.2,216.0,0.1136
Threshold_55_15min,717195,2026-03-30 11:35:00,2026-03-30 11:45:00,15,3,True,True,False,False,47.0,43.8,60.3,524.0,0.1165
Threshold_55_15min,717195,2026-03-30 13:10:00,2026-03-30 18:05:00,300,60,True,True,False,False,54.3,30.8,56.6,492.0,0.114
Threshold_55_15min,717195,2026-03-31 14:40:00,2026-03-31 16:00:00,85,17,True,True,False,False,50.9,37.4,55.1,536.0,0.139
Threshold_55_15min,717195,2026-03-31 16:10:00,2026-03-31 16:40:00,35,7,True,True,False,False,54.7,42.1,56.2,577.0,0.1349
Threshold_55_15min,717195,2026-03-31 16:55:00,2026-03-31 17:25:00,35,7,True,True,False,False,49.4,49.4,56.6,509.0,0.1213
Threshold_55_15min,717195,2026-03-31 17:35:00,2026-03-31 18:20:00,50,10,True,True,False,False,54.4,44.4,55.3,561.0,0.1273
Threshold_55_15min,717195,2026-04-01 07:40:00,2026-04-01 08:00:00,25,5,True,True,False,False,44.5,44.5,56.5,581.0,0.152
Threshold_55_15min,717195,2026-04-01 13:50:00,2026-04-01 14:00:00,15,3,True,True,False,False,54.5,54.5,55.4,522.0,0.131
Threshold_55_15min,717195,2026-04-01 14:35:00,2026-04-01 19:45:00,315,63,True,True,False,False,51.1,34.1,57.2,517.0,0.1253
Threshold_55_15min,717195,2026-04-02 12:10:00,2026-04-02 13:00:00,55,11,True,True,False,False,49.4,40.4,55.7,554.0,0.1436
Threshold_55_15min,717195,2026-04-02 13:50:00,2026-04-02 16:30:00,165,33,True,True,False,False,50.6,36.9,55.2,511.0,0.1194
Threshold_55_15min,717195,2026-04-02 16:45:00,2026-04-02 18:55:00,135,27,True,True,False,False,45.1,36.0,55.8,585.0,0.139
Threshold_55_15min,717195,2026-04-03 07:50:00,2026-04-03 08:00:00,15,3,True,True,False,False,50.2,45.9,56.3,513.0,0.1194
Threshold_55_15min,717195,2026-04-03 12:25:00,2026-04-03 15:40:00,200,40,True,True,False,False,45.3,39.6,55.5,558.0,0.1418
Threshold_55_15min,717195,2026-04-03 16:15:00,2026-04-03 18:00:00,110,22,True,True,False,False,48.9,43.7,57.6,561.0,0.1399
Threshold_55_15min,717195,2026-04-04 14:10:00,2026-04-04 16:45:00,160,32,True,True,False,False,51.9,20.6,55.0,545.0,0.1274
Threshold_55_15min,717195,2026-04-05 13:25:00,2026-04-05 14:25:00,65,13,True,True,False,False,48.0,47.2,55.6,545.0,0.1235
Threshold_55_15min,717195,2026-04-05 15:10:00,2026-04-05 15:50:00,45,9,True,True,False,False,48.4,48.4,60.5,491.0,0.0961
Threshold_55_15min,717195,2026-04-06 07:50:00,2026-04-06 08:30:00,45,9,True,True,False,False,45.7,29.4,60.1,604.0,0.1292
Threshold_55_15min,717195,2026-04-06 13:00:00,2026-04-06 16:55:00,240,48,True,True,False,False,45.1,20.9,56.3,538.0,0.129
Threshold_55_15min,717195,2026-04-06 17:05:00,2026-04-06 19:00:00,120,24,True,True,False,False,52.1,32.4,55.3,512.0,0.1194
Threshold_55_15min,717195,2026-04-07 07:35:00,2026-04-07 08:40:00,70,14,True,True,False,False,54.7,35.6,57.7,561.0,0.1345
Threshold_55_15min,717195,2026-04-07 12:35:00,2026-04-07 18:00:00,330,66,True,True,False,False,53.6,33.7,56.6,525.0,0.125
Threshold_55_15min,717195,2026-04-07 18:10:00,2026-04-07 19:20:00,75,15,True,True,False,False,53.7,45.8,56.6,509.0,0.1125
Threshold_55_15min,717195,2026-04-08 07:40:00,2026-04-08 08:35:00,60,12,True,True,False,False,54.6,42.6,58.4,510.0,0.1212
Threshold_55_15min,717195,2026-04-08 13:05:00,2026-04-08 18:45:00,345,69,True,True,False,False,49.7,34.5,56.8,551.0,0.1318
Threshold_55_15min,717195,2026-04-09 07:35:00,2026-04-09 08:45:00,75,15,True,True,False,False,52.8,36.7,55.4,593.0,0.1417
Threshold_55_15min,717195,2026-04-09 11:45:00,2026-04-09 11:55:00,15,3,True,True,False,False,53.3,48.7,60.0,448.0,0.1001
Threshold_55_15min,717195,2026-04-09 12:40:00,2026-04-09 13:00:00,25,5,True,True,False,False,49.0,47.1,58.8,499.0,0.1172
Threshold_55_15min,717195,2026-04-09 13:20:00,2026-04-09 18:30:00,315,63,True,True,False,False,53.6,30.6,56.0,553.0,0.129
Threshold_55_15min,717195,2026-04-09 19:20:00,2026-04-09 19:55:00,40,8,True,False,False,True,53.4,53.4,55.6,538.0,0.1313
Threshold_55_15min,717195,2026-04-10 11:20:00,2026-04-10 16:35:00,320,64,True,True,False,False,54.7,35.8,55.7,498.0,0.1219
Threshold_55_15min,717195,2026-04-10 17:20:00,2026-04-10 18:00:00,45,9,True,True,False,False,52.4,40.9,58.2,519.0,0.1276
Threshold_55_15min,717195,2026-04-10 18:25:00,2026-04-10 18:50:00,30,6,True,True,False,False,52.3,42.0,60.0,526.0,0.1171
Threshold_55_15min,717195,2026-04-11 13:10:00,2026-04-11 17:05:00,240,48,True,True,False,False,51.8,22.8,57.5,581.0,0.1341
Threshold_55_15min,717195,2026-04-13 14:05:00,2026-04-13 18:35:00,275,55,True,True,False,False,51.5,32.6,56.0,565.0,0.1305
Threshold_55_15min,717195,2026-04-14 07:35:00,2026-04-14 08:35:00,65,13,True,True,False,False,44.2,34.8,62.7,600.0,0.1196
Threshold_55_15min,717195,2026-04-14 12:35:00,2026-04-14 13:45:00,75,15,True,True,False,False,41.3,20.0,55.6,349.0,0.0943
Threshold_55_15min,717195,2026-04-14 14:05:00,2026-04-14 19:25:00,325,65,True,True,False,False,53.1,12.1,56.2,545.0,0.131
Threshold_55_15min,717195,2026-04-15 05:55:00,2026-04-15 06:40:00,50,10,True,True,False,False,54.4,6.8,56.5,186.0,0.0518
Threshold_55_15min,717195,2026-04-15 07:50:00,2026-04-15 08:30:00,45,9,True,True,False,False,48.9,40.4,56.1,545.0,0.1508
Threshold_55_15min,717195,2026-04-15 13:50:00,2026-04-15 19:40:00,355,71,True,True,False,False,46.6,29.4,55.3,532.0,0.1343
Threshold_55_15min,717195,2026-04-16 07:35:00,2026-04-16 09:00:00,90,18,True,True,False,False,44.3,36.7,61.1,530.0,0.1116
Threshold_55_15min,717195,2026-04-16 09:20:00,2026-04-16 09:45:00,30,6,True,True,False,False,54.5,45.9,56.5,551.0,0.1428
Threshold_55_15min,717195,2026-04-16 10:55:00,2026-04-16 12:00:00,70,14,True,True,False,False,50.6,31.1,58.3,409.0,0.0945
Threshold_55_15min,717195,2026-04-16 12:40:00,2026-04-16 13:35:00,60,12,True,True,False,False,52.4,35.6,59.9,529.0,0.1149
Threshold_55_15min,717195,2026-04-16 14:25:00,2026-04-16 18:55:00,275,55,True,True,False,False,52.1,29.2,58.0,584.0,0.1458
Threshold_55_15min,717195,2026-04-16 19:35:00,2026-04-16 19:55:00,25,5,True,False,False,True,53.0,34.1,56.4,541.0,0.1274
Threshold_55_15min,717195,2026-04-17 11:25:00,2026-04-17 12:00:00,40,8,True,True,False,False,54.3,50.6,55.3,455.0,0.1239
Threshold_55_15min,717195,2026-04-17 12:35:00,2026-04-17 19:35:00,425,85,True,True,False,False,52.5,34.5,55.6,470.0,0.1071
Threshold_55_15min,717195,2026-04-18 13:45:00,2026-04-18 14:10:00,30,6,True,True,False,False,54.4,51.4,56.3,568.0,0.1221
Threshold_55_15min,717195,2026-04-18 14:25:00,2026-04-18 16:50:00,150,30,True,True,False,False,54.2,35.1,56.9,568.0,0.1204
Threshold_55_15min,717195,2026-04-18 17:30:00,2026-04-18 18:55:00,90,18,True,True,False,False,44.5,41.4,55.1,566.0,0.1431
Threshold_55_15min,717195,2026-04-20 07:30:00,2026-04-20 08:25:00,60,12,True,True,False,False,50.0,41.6,62.2,579.0,0.1239
Threshold_55_15min,717195,2026-04-20 13:00:00,2026-04-20 18:50:00,355,71,True,True,False,False,54.1,33.5,55.6,532.0,0.1218
Threshold_55_15min,717195,2026-04-21 07:40:00,2026-04-21 07:50:00,15,3,True,True,False,False,46.4,46.4,57.7,572.0,0.1345
Threshold_55_15min,717195,2026-04-21 08:05:00,2026-04-21 08:55:00,55,11,True,True,False,False,54.5,36.1,56.9,550.0,0.1246
Threshold_55_15min,717195,2026-04-21 12:20:00,2026-04-21 12:45:00,30,6,True,True,False,False,41.5,41.5,55.4,548.0,0.1461
Threshold_55_15min,717195,2026-04-21 12:55:00,2026-04-21 13:45:00,55,11,True,True,False,False,53.7,48.3,55.1,539.0,0.1253
Threshold_55_15min,717195,2026-04-21 14:00:00,2026-04-21 18:00:00,245,49,True,True,False,False,54.3,33.0,55.7,526.0,0.1268
Threshold_55_15min,717195,2026-04-22 07:35:00,2026-04-22 09:05:00,95,19,True,True,False,False,45.8,35.2,58.0,573.0,0.1495
Threshold_55_15min,717195,2026-04-22 13:15:00,2026-04-22 19:30:00,380,76,True,True,False,False,52.3,32.6,57.2,542.0,0.1246
Threshold_55_15min,717195,2026-04-23 07:30:00,2026-04-23 08:55:00,90,18,True,True,False,False,53.6,32.6,59.4,527.0,0.1342
Threshold_55_15min,717195,2026-04-23 13:00:00,2026-04-23 19:10:00,375,75,True,True,False,False,47.9,30.2,55.7,528.0,0.1214
Threshold_55_15min,717195,2026-04-23 19:25:00,2026-04-23 19:35:00,15,3,True,True,False,False,54.5,53.1,55.9,502.0,0.1166
Threshold_55_15min,717195,2026-04-24 07:35:00,2026-04-24 08:45:00,75,15,True,True,False,False,52.7,34.9,60.5,511.0,0.1162
Threshold_55_15min,717195,2026-04-24 11:30:00,2026-04-24 19:25:00,480,96,True,True,False,False,53.9,33.0,55.4,544.0,0.1356
Threshold_55_15min,717195,2026-04-25 14:30:00,2026-04-25 14:40:00,15,3,True,True,False,False,54.0,47.4,58.0,530.0,0.1129
Threshold_55_15min,717195,2026-04-25 15:35:00,2026-04-25 16:05:00,35,7,True,True,False,False,47.2,47.2,57.3,555.0,0.1223
Threshold_55_15min,717195,2026-04-25 16:25:00,2026-04-25 17:35:00,75,15,True,True,False,False,53.5,36.8,55.7,571.0,0.125
Threshold_55_15min,717195,2026-04-25 18:45:00,2026-04-25 19:05:00,25,5,True,True,False,False,54.7,45.6,58.6,469.0,0.1039
Threshold_55_15min,717195,2026-04-27 07:55:00,2026-04-27 09:05:00,75,15,True,True,False,False,47.7,32.3,56.9,632.0,0.1489
Threshold_55_15min,717195,2026-04-27 13:55:00,2026-04-27 18:55:00,305,61,True,True,False,False,54.7,33.5,56.2,535.0,0.124
Threshold_55_15min,717195,2026-04-28 06:40:00,2026-04-28 06:55:00,20,4,True,True,False,False,41.5,33.2,62.9,469.0,0.1016
Threshold_55_15min,717195,2026-04-28 07:30:00,2026-04-28 08:50:00,85,17,True,True,False,False,49.5,40.0,62.1,595.0,0.132
Threshold_55_15min,717195,2026-04-28 11:55:00,2026-04-28 12:05:00,15,3,True,True,False,False,54.6,53.7,57.1,510.0,0.1222
Threshold_55_15min,717195,2026-04-28 12:15:00,2026-04-28 12:25:00,15,3,True,True,False,False,54.7,53.5,55.3,514.0,0.1208
Threshold_55_15min,717195,2026-04-28 12:45:00,2026-04-28 19:35:00,415,83,True,True,False,False,47.7,33.6,55.6,490.0,0.1169
Threshold_55_15min,717195,2026-04-29 07:35:00,2026-04-29 08:50:00,80,16,True,True,False,False,48.9,37.9,58.6,536.0,0.1251
Threshold_55_15min,717195,2026-04-29 09:35:00,2026-04-29 09:50:00,20,4,True,True,False,False,54.0,54.0,55.3,462.0,0.1167
Threshold_55_15min,717195,2026-04-29 11:40:00,2026-04-29 12:45:00,70,14,True,True,False,False,52.7,46.7,57.2,426.0,0.0978
Threshold_55_15min,717195,2026-04-29 13:15:00,2026-04-29 19:55:00,405,81,True,False,False,True,50.0,35.1,56.9,527.0,0.1225
Threshold_55_15min,717195,2026-04-30 07:35:00,2026-04-30 08:30:00,60,12,True,True,False,False,48.7,36.9,58.7,637.0,0.1573
Threshold_55_15min,717195,2026-04-30 09:10:00,2026-04-30 09:35:00,30,6,True,True,False,False,54.1,44.4,55.0,505.0,0.1263
Threshold_55_15min,717195,2026-04-30 12:10:00,2026-04-30 16:20:00,255,51,True,True,False,False,45.8,34.1,56.3,532.0,0.1237
Threshold_55_15min,717195,2026-04-30 17:40:00,2026-04-30 19:10:00,95,19,True,True,False,False,53.5,38.0,56.4,488.0,0.1203
Threshold_55_15min,717195,2026-05-01 12:10:00,2026-05-01 17:40:00,335,67,True,True,False,False,48.5,34.4,55.5,539.0,0.1364
Threshold_55_15min,717195,2026-05-01 17:55:00,2026-05-01 18:15:00,25,5,True,True,False,False,54.7,49.6,58.3,417.0,0.0927
Threshold_55_15min,717195,2026-05-02 13:40:00,2026-05-02 14:35:00,60,12,True,True,False,False,46.2,46.2,55.6,562.0,0.1278
Threshold_55_15min,717195,2026-05-02 15:15:00,2026-05-02 15:55:00,45,9,True,True,False,False,49.2,44.3,60.6,519.0,0.1031
Threshold_55_15min,717195,2026-05-02 16:30:00,2026-05-02 18:15:00,110,22,True,True,False,False,54.2,37.7,55.3,580.0,0.1312
Threshold_55_15min,717195,2026-05-04 07:40:00,2026-05-04 08:10:00,35,7,True,True,False,False,54.9,43.6,58.2,564.0,0.1248
Threshold_55_15min,717195,2026-05-04 13:45:00,2026-05-04 13:55:00,15,3,True,True,False,False,53.6,50.3,58.2,487.0,0.1068
Threshold_55_15min,717195,2026-05-04 14:25:00,2026-05-04 18:40:00,260,52,True,True,False,False,53.6,36.1,55.0,550.0,0.1341
Threshold_55_15min,717195,2026-05-05 07:40:00,2026-05-05 07:55:00,20,4,True,True,False,False,49.6,43.7,57.8,582.0,0.1416
Threshold_55_15min,717195,2026-05-05 08:05:00,2026-05-05 08:30:00,30,6,True,True,False,False,52.0,43.6,55.5,556.0,0.1306
Threshold_55_15min,717195,2026-05-05 13:25:00,2026-05-05 19:15:00,355,71,True,True,False,False,51.7,33.6,57.9,495.0,0.1142
Threshold_55_15min,717195,2026-05-06 07:40:00,2026-05-06 08:50:00,75,15,True,True,False,False,53.7,39.9,58.3,528.0,0.1203
Threshold_55_15min,717195,2026-05-06 13:10:00,2026-05-06 18:25:00,320,64,True,True,False,False,54.2,33.2,55.9,511.0,0.1242
Threshold_55_15min,717195,2026-05-06 18:55:00,2026-05-06 19:45:00,55,11,True,True,False,False,42.5,15.2,55.0,561.0,0.1382
Threshold_55_15min,717195,2026-05-07 07:45:00,2026-05-07 09:05:00,85,17,True,True,False,False,54.1,36.4,57.2,520.0,0.1232
Threshold_55_15min,717195,2026-05-07 09:25:00,2026-05-07 09:50:00,30,6,True,True,False,False,54.5,51.4,59.6,473.0,0.0988
Threshold_55_15min,717195,2026-05-07 12:40:00,2026-05-07 19:55:00,440,88,True,False,False,True,51.8,32.9,55.9,527.0,0.1326
Threshold_55_15min,717195,2026-05-08 08:05:00,2026-05-08 08:20:00,20,4,True,True,False,False,53.0,43.3,55.9,561.0,0.1398
Threshold_55_15min,717195,2026-05-08 12:20:00,2026-05-08 19:55:00,460,92,True,False,False,True,53.9,32.6,58.3,530.0,0.1196
Threshold_55_15min,717195,2026-05-09 12:05:00,2026-05-09 19:45:00,465,93,True,True,False,False,52.8,30.1,56.4,560.0,0.1201
Threshold_55_15min,717195,2026-05-11 07:35:00,2026-05-11 08:30:00,60,12,True,True,False,False,52.6,39.6,62.9,526.0,0.1113
Threshold_55_15min,717195,2026-05-11 14:05:00,2026-05-11 18:35:00,275,55,True,True,False,False,53.9,29.7,57.2,502.0,0.1106
Threshold_55_15min,717195,2026-05-12 07:50:00,2026-05-12 08:10:00,25,5,True,True,False,False,54.8,44.5,58.5,597.0,0.1376
Threshold_55_15min,717195,2026-05-12 11:30:00,2026-05-12 11:50:00,25,5,True,True,False,False,54.7,52.9,55.2,540.0,0.1371
Threshold_55_15min,717195,2026-05-12 13:20:00,2026-05-12 13:50:00,35,7,True,True,False,False,52.4,38.8,58.2,501.0,0.11
Threshold_55_15min,717195,2026-05-12 14:00:00,2026-05-12 18:45:00,290,58,True,True,False,False,53.5,35.5,55.0,544.0,0.1303
Threshold_55_15min,717195,2026-05-13 13:10:00,2026-05-13 18:45:00,340,68,True,True,False,False,52.1,28.2,55.5,523.0,0.1278
Threshold_55_15min,717195,2026-05-14 07:40:00,2026-05-14 08:50:00,75,15,True,True,False,False,53.8,40.2,55.3,573.0,0.1534
Threshold_55_15min,717195,2026-05-14 12:50:00,2026-05-14 19:40:00,415,83,True,True,False,False,48.2,31.2,55.3,525.0,0.1329
Threshold_55_15min,717195,2026-05-15 07:45:00,2026-05-15 08:05:00,25,5,True,True,False,False,52.1,43.3,56.3,589.0,0.1471
Threshold_55_15min,717195,2026-05-15 12:55:00,2026-05-15 19:55:00,425,85,True,False,False,True,43.4,31.9,56.4,548.0,0.1298
Threshold_55_15min,717195,2026-05-16 14:35:00,2026-05-16 15:35:00,65,13,True,True,False,False,47.2,31.7,57.8,593.0,0.1236
Threshold_55_15min,717195,2026-05-16 16:15:00,2026-05-16 18:35:00,145,29,True,True,False,False,50.7,28.1,57.9,567.0,0.1179
Threshold_55_15min,717195,2026-05-18 07:35:00,2026-05-18 08:15:00,45,9,True,True,False,False,54.2,39.5,62.5,550.0,0.114
Threshold_55_15min,717195,2026-05-18 08:35:00,2026-05-18 08:45:00,15,3,True,True,False,False,52.9,46.3,55.6,558.0,0.1351
Threshold_55_15min,717195,2026-05-18 09:45:00,2026-05-18 10:05:00,25,5,True,True,False,False,48.3,31.6,57.8,426.0,0.095
Threshold_55_15min,717195,2026-05-18 12:00:00,2026-05-18 12:25:00,30,6,True,True,False,False,47.7,35.2,55.0,463.0,0.1165
Threshold_55_15min,717195,2026-05-18 12:35:00,2026-05-18 12:45:00,15,3,True,True,False,False,52.8,52.8,55.0,482.0,0.1097
Threshold_55_15min,717195,2026-05-18 13:00:00,2026-05-18 13:10:00,15,3,True,True,False,False,54.6,53.8,55.8,476.0,0.1114
Threshold_55_15min,717195,2026-05-18 13:20:00,2026-05-18 19:15:00,360,72,True,True,False,False,54.8,16.1,55.8,483.0,0.1148
Threshold_55_15min,717195,2026-05-19 12:15:00,2026-05-19 12:35:00,25,5,True,True,False,False,51.9,51.6,56.9,486.0,0.1216
Threshold_55_15min,717195,2026-05-19 14:05:00,2026-05-19 16:10:00,130,26,True,True,False,False,53.1,33.5,55.4,504.0,0.1223
Threshold_55_15min,717195,2026-05-19 16:55:00,2026-05-19 18:55:00,125,25,True,True,False,False,54.2,35.4,56.6,537.0,0.1299
Threshold_55_15min,717195,2026-05-19 19:10:00,2026-05-19 19:20:00,15,3,True,True,False,False,49.8,49.8,55.1,491.0,0.1253
Threshold_55_15min,717195,2026-05-20 07:35:00,2026-05-20 08:20:00,50,10,True,True,False,False,52.9,40.1,57.4,541.0,0.1261
Threshold_55_15min,717195,2026-05-20 13:10:00,2026-05-20 14:05:00,60,12,True,True,False,False,44.1,18.2,59.4,340.0,0.0743
Threshold_55_15min,717195,2026-05-20 15:05:00,2026-05-20 19:00:00,240,48,True,True,False,False,48.8,36.7,58.6,542.0,0.1377
Threshold_55_15min,717195,2026-05-20 19:10:00,2026-05-20 19:25:00,20,4,True,True,False,False,49.6,49.5,56.3,465.0,0.102
Threshold_55_15min,717195,2026-05-21 13:10:00,2026-05-21 14:45:00,100,20,True,True,False,False,43.5,40.4,56.0,569.0,0.1372
Threshold_55_15min,717195,2026-05-21 14:55:00,2026-05-21 19:30:00,280,56,True,True,False,False,54.5,26.0,58.0,392.0,0.0836
Threshold_55_15min,717195,2026-05-22 09:30:00,2026-05-22 10:00:00,35,7,True,True,False,False,50.4,38.6,60.1,487.0,0.1075
Threshold_55_15min,717195,2026-05-22 11:00:00,2026-05-22 19:50:00,535,107,True,True,False,False,53.8,33.4,55.1,488.0,0.1232
Threshold_55_15min,717195,2026-05-23 12:20:00,2026-05-23 19:05:00,410,82,True,True,False,False,54.1,31.8,58.7,566.0,0.1149
Threshold_55_15min,717195,2026-05-24 14:55:00,2026-05-24 15:15:00,25,5,True,True,False,False,51.3,45.6,58.8,526.0,0.1025
Threshold_55_15min,717195,2026-05-30 13:55:00,2026-05-30 14:05:00,15,3,True,True,False,False,54.0,53.1,57.6,542.0,0.1163
Threshold_55_15min,717195,2026-05-30 14:25:00,2026-05-30 19:00:00,280,56,True,True,False,False,53.6,31.0,55.4,545.0,0.1165
Threshold_55_15min,717195,2026-05-31 14:20:00,2026-05-31 15:30:00,75,15,True,True,False,False,52.0,50.9,56.3,400.0,0.0823
Threshold_55_15min,717198,2026-02-02 08:10:00,2026-02-02 08:20:00,15,3,True,True,False,False,53.2,47.0,56.8,456.0,0.0992
Threshold_55_15min,717198,2026-02-02 11:55:00,2026-02-02 19:00:00,430,86,True,True,False,False,48.6,21.0,56.3,417.0,0.1103
Threshold_55_15min,717198,2026-02-03 07:40:00,2026-02-03 08:40:00,65,13,True,True,False,False,54.1,39.5,57.0,568.0,0.148
Threshold_55_15min,717198,2026-02-03 13:20:00,2026-02-03 16:25:00,190,38,True,True,False,False,51.8,34.0,59.9,511.0,0.1067
Threshold_55_15min,717198,2026-02-03 16:55:00,2026-02-03 19:50:00,180,36,True,True,False,False,53.2,37.8,56.6,481.0,0.1222
Threshold_55_15min,717198,2026-02-04 07:40:00,2026-02-04 08:35:00,60,12,True,True,False,False,48.5,40.7,57.8,537.0,0.128
Threshold_55_15min,717198,2026-02-04 09:40:00,2026-02-04 09:55:00,20,4,True,True,False,False,51.3,47.3,60.2,512.0,0.1143
Threshold_55_15min,717198,2026-02-04 13:00:00,2026-02-04 19:35:00,400,80,True,True,False,False,49.8,22.9,56.8,476.0,0.1171
Threshold_55_15min,717198,2026-02-05 08:00:00,2026-02-05 08:25:00,30,6,True,True,False,False,52.1,46.2,56.3,529.0,0.1253
Threshold_55_15min,717198,2026-02-05 13:55:00,2026-02-05 15:20:00,90,18,True,True,False,False,52.1,37.3,55.9,495.0,0.113
Threshold_55_15min,717198,2026-02-05 16:25:00,2026-02-05 19:25:00,185,37,True,True,False,False,52.4,41.6,58.7,604.0,0.1439
Threshold_55_15min,717198,2026-02-06 07:40:00,2026-02-06 08:20:00,45,9,True,True,False,False,49.9,39.3,58.4,517.0,0.1222
Threshold_55_15min,717198,2026-02-06 12:30:00,2026-02-06 19:35:00,430,86,True,True,False,False,54.0,31.4,55.2,502.0,0.1238
Threshold_55_15min,717198,2026-02-07 12:20:00,2026-02-07 12:30:00,15,3,True,True,False,False,49.0,48.7,61.5,486.0,0.0981
Threshold_55_15min,717198,2026-02-07 13:20:00,2026-02-07 18:30:00,315,63,True,True,False,False,53.1,34.8,58.6,524.0,0.1104
Threshold_55_15min,717198,2026-02-08 14:30:00,2026-02-08 14:40:00,15,3,True,True,False,False,49.5,49.5,56.0,542.0,0.1237
Threshold_55_15min,717198,2026-02-09 07:45:00,2026-02-09 07:55:00,15,3,True,True,False,False,52.0,51.2,60.3,546.0,0.1183
Threshold_55_15min,717198,2026-02-09 11:50:00,2026-02-09 12:00:00,15,3,True,True,False,False,51.3,49.2,56.2,477.0,0.1234
Threshold_55_15min,717198,2026-02-09 12:35:00,2026-02-09 13:05:00,35,7,True,True,False,False,45.1,26.7,60.3,348.0,0.0773
Threshold_55_15min,717198,2026-02-09 14:05:00,2026-02-09 18:40:00,280,56,True,True,False,False,51.2,25.9,55.1,558.0,0.1332
Threshold_55_15min,717198,2026-02-10 07:30:00,2026-02-10 08:15:00,50,10,True,True,False,False,48.2,38.9,60.8,557.0,0.1234
Threshold_55_15min,717198,2026-02-10 13:15:00,2026-02-10 19:20:00,370,74,True,True,False,False,53.8,33.4,56.2,529.0,0.1351
Threshold_55_15min,717198,2026-02-11 07:30:00,2026-02-11 08:15:00,50,10,True,True,False,False,46.6,37.1,57.5,476.0,0.1179
Threshold_55_15min,717198,2026-02-11 08:30:00,2026-02-11 08:45:00,20,4,True,True,False,False,54.0,49.4,56.5,539.0,0.1271
Threshold_55_15min,717198,2026-02-11 13:35:00,2026-02-11 19:05:00,335,67,True,True,False,False,52.4,37.1,57.4,517.0,0.1221
Threshold_55_15min,717198,2026-02-12 07:30:00,2026-02-12 09:15:00,110,22,True,True,False,False,53.4,35.0,56.0,530.0,0.1283
Threshold_55_15min,717198,2026-02-12 13:15:00,2026-02-12 19:55:00,405,81,True,False,False,True,54.3,35.2,55.6,474.0,0.1104
Threshold_55_15min,717198,2026-02-13 07:40:00,2026-02-13 08:15:00,40,8,True,True,False,False,48.2,45.6,59.9,574.0,0.1284
Threshold_55_15min,717198,2026-02-13 11:40:00,2026-02-13 15:40:00,245,49,True,True,False,False,51.2,35.8,56.6,507.0,0.121
Threshold_55_15min,717198,2026-02-13 16:15:00,2026-02-13 19:55:00,225,45,True,False,False,True,47.9,37.0,55.0,486.0,0.1204
Threshold_55_15min,717198,2026-02-14 09:25:00,2026-02-14 10:00:00,40,8,True,True,False,False,54.9,31.0,62.2,349.0,0.0684
Threshold_55_15min,717198,2026-02-14 10:35:00,2026-02-14 10:50:00,20,4,True,True,False,False,46.9,35.4,63.6,499.0,0.0945
Threshold_55_15min,717198,2026-02-14 12:00:00,2026-02-14 12:45:00,50,10,True,True,False,False,50.2,39.2,57.2,527.0,0.1159
Threshold_55_15min,717198,2026-02-14 14:20:00,2026-02-14 17:10:00,175,35,True,True,False,False,47.8,37.7,56.8,518.0,0.1093
Threshold_55_15min,717198,2026-02-14 17:40:00,2026-02-14 18:25:00,50,10,True,True,False,False,54.8,41.9,56.7,549.0,0.1276
Threshold_55_15min,717198,2026-02-14 18:40:00,2026-02-14 19:00:00,25,5,True,True,False,False,51.5,41.7,55.1,474.0,0.105
Threshold_55_15min,717198,2026-02-16 09:30:00,2026-02-16 10:15:00,50,10,True,True,False,False,54.8,52.3,57.1,323.0,0.074
Threshold_55_15min,717198,2026-02-16 10:30:00,2026-02-16 16:15:00,350,70,True,True,False,False,53.1,28.9,55.1,338.0,0.0799
Threshold_55_15min,717198,2026-02-16 16:55:00,2026-02-16 17:45:00,55,11,True,True,False,False,54.7,34.9,56.7,422.0,0.0991
Threshold_55_15min,717198,2026-02-17 13:30:00,2026-02-17 13:45:00,20,4,True,True,False,False,46.7,46.6,58.7,480.0,0.1091
Threshold_55_15min,717198,2026-02-17 14:50:00,2026-02-17 15:00:00,15,3,True,True,False,False,53.7,51.7,59.9,543.0,0.1172
Threshold_55_15min,717198,2026-02-17 15:25:00,2026-02-17 19:00:00,220,44,True,True,False,False,51.2,35.3,55.2,551.0,0.1294
Threshold_55_15min,717198,2026-02-18 07:30:00,2026-02-18 08:35:00,70,14,True,True,False,False,45.2,17.1,64.2,515.0,0.1074
Threshold_55_15min,717198,2026-02-18 13:25:00,2026-02-18 19:05:00,345,69,True,True,False,False,50.0,36.3,55.1,529.0,0.1265
Threshold_55_15min,717198,2026-02-19 07:30:00,2026-02-19 08:05:00,40,8,True,True,False,False,48.6,46.1,57.0,534.0,0.1278
Threshold_55_15min,717198,2026-02-19 10:10:00,2026-02-19 11:10:00,65,13,True,True,False,False,54.0,50.4,55.4,372.0,0.0896
Threshold_55_15min,717198,2026-02-19 11:20:00,2026-02-19 11:30:00,15,3,True,True,False,False,52.5,52.5,55.0,341.0,0.0792
Threshold_55_15min,717198,2026-02-19 11:40:00,2026-02-19 18:00:00,385,77,True,True,False,False,52.5,28.5,55.0,347.0,0.0819
Threshold_55_15min,717198,2026-02-19 18:25:00,2026-02-19 18:55:00,35,7,True,True,False,False,53.7,50.6,56.3,496.0,0.1073
Threshold_55_15min,717198,2026-02-20 12:50:00,2026-02-20 19:25:00,400,80,True,True,False,False,52.1,34.6,57.0,486.0,0.1059
Threshold_55_15min,717198,2026-02-21 11:25:00,2026-02-21 11:40:00,20,4,True,True,False,False,53.7,52.5,57.1,475.0,0.1129
Threshold_55_15min,717198,2026-02-21 13:30:00,2026-02-21 18:50:00,325,65,True,True,False,False,46.6,34.5,57.8,542.0,0.1194
Threshold_55_15min,717198,2026-02-23 07:45:00,2026-02-23 09:05:00,85,17,True,True,False,False,53.6,41.4,55.5,546.0,0.1326
Threshold_55_15min,717198,2026-02-23 12:50:00,2026-02-23 13:00:00,15,3,True,True,False,False,53.9,48.3,55.7,517.0,0.1171
Threshold_55_15min,717198,2026-02-23 13:20:00,2026-02-23 18:55:00,340,68,True,True,False,False,54.8,30.0,55.9,494.0,0.1139
Threshold_55_15min,717198,2026-02-24 07:20:00,2026-02-24 09:00:00,105,21,True,True,False,False,49.8,33.9,57.3,453.0,0.1203
Threshold_55_15min,717198,2026-02-24 12:30:00,2026-02-24 12:45:00,20,4,True,True,False,False,49.0,48.8,56.2,502.0,0.1306
Threshold_55_15min,717198,2026-02-24 12:55:00,2026-02-24 19:55:00,425,85,True,False,False,True,53.6,37.2,55.1,523.0,0.1258
Threshold_55_15min,717198,2026-02-25 07:40:00,2026-02-25 08:45:00,70,14,True,True,False,False,45.0,39.5,56.5,540.0,0.1245
Threshold_55_15min,717198,2026-02-25 13:20:00,2026-02-25 19:55:00,400,80,True,False,False,True,48.1,36.9,55.6,498.0,0.1216
Threshold_55_15min,717198,2026-02-26 07:25:00,2026-02-26 08:55:00,95,19,True,True,False,False,52.8,35.6,55.7,491.0,0.1233
Threshold_55_15min,717198,2026-02-26 12:40:00,2026-02-26 19:55:00,440,88,True,False,False,True,54.1,22.4,55.5,491.0,0.1141
Threshold_55_15min,717198,2026-02-27 13:10:00,2026-02-27 19:55:00,410,82,True,False,False,True,53.7,41.6,62.5,454.0,0.0922
Threshold_55_15min,717198,2026-03-02 05:10:00,2026-03-02 05:25:00,20,4,True,True,False,False,27.8,27.8,62.4,2.0,0.0016
Threshold_55_15min,717198,2026-03-02 05:35:00,2026-03-02 05:45:00,15,3,True,True,False,False,48.3,48.3,59.2,1.0,0.0001
Threshold_55_15min,717198,2026-03-02 06:00:00,2026-03-02 06:15:00,20,4,True,True,False,False,43.5,39.3,66.5,3.0,0.0013
Threshold_55_15min,717198,2026-03-02 07:40:00,2026-03-02 08:40:00,65,13,True,True,False,False,51.2,37.3,57.5,519.0,0.1229
Threshold_55_15min,717198,2026-03-02 12:00:00,2026-03-02 12:40:00,45,9,True,True,False,False,47.7,41.2,57.0,488.0,0.1167
Threshold_55_15min,717198,2026-03-02 13:05:00,2026-03-02 19:25:00,385,77,True,True,False,False,45.0,33.1,55.6,507.0,0.1171
Threshold_55_15min,717198,2026-03-03 07:40:00,2026-03-03 11:40:00,245,49,True,True,False,False,54.8,35.8,60.9,507.0,0.105
Threshold_55_15min,717198,2026-03-03 12:00:00,2026-03-03 19:55:00,480,96,True,False,False,True,53.2,17.4,55.8,519.0,0.1296
Threshold_55_15min,717198,2026-03-04 07:40:00,2026-03-04 10:10:00,155,31,True,True,False,False,44.5,32.4,55.3,538.0,0.1292
Threshold_55_15min,717198,2026-03-04 10:35:00,2026-03-04 19:55:00,565,113,True,False,False,True,53.3,31.5,55.5,485.0,0.1188
Threshold_55_15min,717198,2026-03-05 07:45:00,2026-03-05 10:30:00,170,34,True,True,False,False,46.7,36.7,55.0,532.0,0.1266
Threshold_55_15min,717198,2026-03-05 10:45:00,2026-03-05 19:55:00,555,111,True,False,False,True,52.9,20.5,55.1,498.0,0.126
Threshold_55_15min,717198,2026-03-06 07:40:00,2026-03-06 08:50:00,75,15,True,True,False,False,54.8,45.0,56.1,476.0,0.1123
Threshold_55_15min,717198,2026-03-06 10:40:00,2026-03-06 10:55:00,20,4,True,True,False,False,51.6,48.1,57.2,482.0,0.108
Threshold_55_15min,717198,2026-03-06 11:15:00,2026-03-06 19:55:00,525,105,True,False,False,True,53.5,19.4,56.8,524.0,0.1196
Threshold_55_15min,717198,2026-03-07 14:20:00,2026-03-07 18:40:00,265,53,True,True,False,False,53.4,33.4,55.6,526.0,0.1135
Threshold_55_15min,717198,2026-03-09 07:40:00,2026-03-09 08:40:00,65,13,True,True,False,False,47.2,37.9,60.2,496.0,0.1076
Threshold_55_15min,717198,2026-03-09 12:25:00,2026-03-09 13:05:00,45,9,True,True,False,False,48.7,41.1,57.4,460.0,0.1101
Threshold_55_15min,717198,2026-03-09 13:40:00,2026-03-09 15:45:00,130,26,True,True,False,False,51.4,36.6,57.3,512.0,0.1137
Threshold_55_15min,717198,2026-03-09 16:15:00,2026-03-09 19:10:00,180,36,True,True,False,False,44.3,33.5,58.4,536.0,0.1272
Threshold_55_15min,717198,2026-03-10 07:35:00,2026-03-10 08:40:00,70,14,True,True,False,False,53.9,36.7,59.7,532.0,0.1237
Threshold_55_15min,717198,2026-03-10 13:45:00,2026-03-10 19:20:00,340,68,True,True,False,False,54.3,34.0,59.2,518.0,0.1097
Threshold_55_15min,717198,2026-03-11 07:30:00,2026-03-11 09:00:00,95,19,True,True,False,False,53.6,36.2,58.9,492.0,0.1138
Threshold_55_15min,717198,2026-03-11 12:55:00,2026-03-11 13:30:00,40,8,True,True,False,False,53.2,47.2,57.5,526.0,0.1249
Threshold_55_15min,717198,2026-03-11 14:20:00,2026-03-11 19:55:00,340,68,True,False,False,True,54.2,37.6,56.3,563.0,0.1273
Threshold_55_15min,717198,2026-03-12 07:35:00,2026-03-12 08:40:00,70,14,True,True,False,False,49.8,38.4,58.7,491.0,0.1146
Threshold_55_15min,717198,2026-03-12 08:50:00,2026-03-12 09:00:00,15,3,True,True,False,False,54.4,51.9,55.1,505.0,0.1166
Threshold_55_15min,717198,2026-03-12 10:45:00,2026-03-12 11:10:00,30,6,True,True,False,False,54.7,46.3,55.7,506.0,0.1203
Threshold_55_15min,717198,2026-03-12 12:00:00,2026-03-12 12:10:00,15,3,True,True,False,False,49.0,48.9,58.1,514.0,0.1215
Threshold_55_15min,717198,2026-03-12 13:05:00,2026-03-12 19:35:00,395,79,True,True,False,False,49.8,33.0,56.1,556.0,0.1289
Threshold_55_15min,717198,2026-03-13 07:30:00,2026-03-13 08:45:00,80,16,True,True,False,False,46.6,36.1,57.5,471.0,0.101
Threshold_55_15min,717198,2026-03-13 11:10:00,2026-03-13 11:25:00,20,4,True,True,False,False,54.8,53.2,55.2,478.0,0.1194
Threshold_55_15min,717198,2026-03-13 11:40:00,2026-03-13 19:55:00,500,100,True,False,False,True,47.0,16.8,57.5,394.0,0.0847
Threshold_55_15min,717198,2026-03-14 14:15:00,2026-03-14 14:40:00,30,6,True,True,False,False,54.0,50.7,55.0,549.0,0.1246
Threshold_55_15min,717198,2026-03-14 15:35:00,2026-03-14 18:35:00,185,37,True,True,False,False,47.1,32.5,58.0,516.0,0.1161
Threshold_55_15min,717198,2026-03-15 15:10:00,2026-03-15 15:35:00,30,6,True,True,False,False,54.4,43.2,56.8,469.0,0.0983
Threshold_55_15min,717198,2026-03-16 07:25:00,2026-03-16 08:40:00,80,16,True,True,False,False,52.1,40.0,61.4,454.0,0.096
Threshold_55_15min,717198,2026-03-16 13:55:00,2026-03-16 19:15:00,325,65,True,True,False,False,53.3,35.9,55.1,529.0,0.1267
Threshold_55_15min,717198,2026-03-17 07:35:00,2026-03-17 08:40:00,70,14,True,True,False,False,48.0,38.5,57.4,516.0,0.1194
Threshold_55_15min,717198,2026-03-17 12:30:00,2026-03-17 13:00:00,35,7,True,True,False,False,48.9,25.8,57.2,491.0,0.119
Threshold_55_15min,717198,2026-03-17 13:45:00,2026-03-17 19:50:00,370,74,True,True,False,False,53.4,18.1,56.0,540.0,0.1293
Threshold_55_15min,717198,2026-03-18 07:40:00,2026-03-18 08:40:00,65,13,True,True,False,False,49.7,39.4,55.4,540.0,0.1359
Threshold_55_15min,717198,2026-03-18 12:35:00,2026-03-18 19:00:00,390,78,True,True,False,False,54.9,22.5,55.2,496.0,0.1435
Threshold_55_15min,717198,2026-03-19 07:25:00,2026-03-19 08:45:00,85,17,True,True,False,False,50.7,39.0,60.5,505.0,0.1097
Threshold_55_15min,717198,2026-03-19 10:35:00,2026-03-19 11:30:00,60,12,True,True,False,False,40.0,12.4,57.0,401.0,0.104
Threshold_55_15min,717198,2026-03-19 12:20:00,2026-03-19 19:30:00,435,87,True,True,False,False,54.3,31.2,55.0,507.0,0.1269
Threshold_55_15min,717198,2026-03-20 07:35:00,2026-03-20 08:35:00,65,13,True,True,False,False,53.2,38.8,58.9,470.0,0.0954
Threshold_55_15min,717198,2026-03-20 12:15:00,2026-03-20 19:40:00,450,90,True,True,False,False,54.7,29.6,56.6,527.0,0.1234
Threshold_55_15min,717198,2026-03-21 10:35:00,2026-03-21 10:50:00,20,4,True,True,False,False,50.2,47.8,56.8,552.0,0.123
Threshold_55_15min,717198,2026-03-21 12:35:00,2026-03-21 13:10:00,40,8,True,True,False,False,52.3,46.2,57.1,574.0,0.1206
Threshold_55_15min,717198,2026-03-21 13:20:00,2026-03-21 18:30:00,315,63,True,True,False,False,54.9,33.6,55.4,534.0,0.118
Threshold_55_15min,717198,2026-03-22 13:00:00,2026-03-22 14:05:00,70,14,True,True,False,False,46.7,20.9,59.3,370.0,0.0811
Threshold_55_15min,717198,2026-03-22 14:40:00,2026-03-22 14:55:00,20,4,True,True,False,False,51.3,48.6,55.5,514.0,0.1124
Threshold_55_15min,717198,2026-03-23 07:40:00,2026-03-23 08:35:00,60,12,True,True,False,False,47.3,38.4,56.4,533.0,0.1275
Threshold_55_15min,717198,2026-03-23 13:30:00,2026-03-23 19:15:00,350,70,True,True,False,False,54.6,34.6,55.5,485.0,0.1171
Threshold_55_15min,717198,2026-03-24 07:35:00,2026-03-24 07:55:00,25,5,True,True,False,False,51.4,50.0,61.1,560.0,0.1213
Threshold_55_15min,717198,2026-03-24 08:20:00,2026-03-24 09:00:00,45,9,True,True,False,False,52.2,42.0,58.1,505.0,0.117
Threshold_55_15min,717198,2026-03-24 13:15:00,2026-03-24 19:40:00,390,78,True,True,False,False,54.5,35.9,58.0,504.0,0.118
Threshold_55_15min,717198,2026-03-25 07:30:00,2026-03-25 08:10:00,45,9,True,True,False,False,49.4,43.8,60.4,569.0,0.127
Threshold_55_15min,717198,2026-03-25 08:25:00,2026-03-25 09:45:00,85,17,True,True,False,False,48.1,42.4,55.8,559.0,0.1305
Threshold_55_15min,717198,2026-03-25 13:50:00,2026-03-25 19:55:00,370,74,True,False,False,True,54.9,14.0,57.5,576.0,0.1328
Threshold_55_15min,717198,2026-03-26 07:40:00,2026-03-26 09:10:00,95,19,True,True,False,False,48.0,40.4,59.2,555.0,0.1265
Threshold_55_15min,717198,2026-03-26 12:20:00,2026-03-26 19:55:00,460,92,True,False,False,True,54.4,31.7,58.7,501.0,0.1115
Threshold_55_15min,717198,2026-03-27 07:35:00,2026-03-27 08:50:00,80,16,True,True,False,False,51.2,37.1,55.1,475.0,0.1178
Threshold_55_15min,717198,2026-03-27 09:30:00,2026-03-27 09:50:00,25,5,True,True,False,False,49.9,44.0,56.2,500.0,0.1288
Threshold_55_15min,717198,2026-03-27 12:20:00,2026-03-27 17:20:00,305,61,True,True,False,False,53.5,36.3,55.6,526.0,0.1248
Threshold_55_15min,717198,2026-03-27 18:15:00,2026-03-27 19:55:00,105,21,True,False,False,True,50.8,30.4,57.5,460.0,0.1114
Threshold_55_15min,717198,2026-03-28 13:00:00,2026-03-28 18:20:00,325,65,True,True,False,False,53.8,31.6,56.6,510.0,0.1126
Threshold_55_15min,717198,2026-03-28 18:50:00,2026-03-28 19:00:00,15,3,True,True,False,False,49.8,45.9,57.3,541.0,0.1206
Threshold_55_15min,717198,2026-03-30 11:35:00,2026-03-30 11:45:00,15,3,True,True,False,False,49.7,48.7,60.4,469.0,0.1058
Threshold_55_15min,717198,2026-03-30 13:15:00,2026-03-30 18:05:00,295,59,True,True,False,False,49.5,33.1,55.4,522.0,0.131
Threshold_55_15min,717198,2026-03-31 14:35:00,2026-03-31 16:00:00,90,18,True,True,False,False,54.7,40.9,56.8,520.0,0.1181
Threshold_55_15min,717198,2026-03-31 16:10:00,2026-03-31 18:25:00,140,28,True,True,False,False,52.1,42.6,55.0,565.0,0.127
Threshold_55_15min,717198,2026-04-01 07:35:00,2026-04-01 07:55:00,25,5,True,True,False,False,52.7,44.7,56.7,488.0,0.1245
Threshold_55_15min,717198,2026-04-01 13:50:00,2026-04-01 14:05:00,20,4,True,True,False,False,54.8,54.3,55.6,493.0,0.1218
Threshold_55_15min,717198,2026-04-01 14:35:00,2026-04-01 19:45:00,315,63,True,True,False,False,50.9,35.2,55.7,544.0,0.1298
Threshold_55_15min,717198,2026-04-02 12:10:00,2026-04-02 13:00:00,55,11,True,True,False,False,51.3,41.7,58.0,517.0,0.1185
Threshold_55_15min,717198,2026-04-02 13:35:00,2026-04-02 19:00:00,330,66,True,True,False,False,48.8,37.4,56.1,540.0,0.1228
Threshold_55_15min,717198,2026-04-03 07:50:00,2026-04-03 08:05:00,20,4,True,True,False,False,46.4,42.3,55.7,479.0,0.1098
Threshold_55_15min,717198,2026-04-03 12:25:00,2026-04-03 15:45:00,205,41,True,True,False,False,44.9,40.2,55.7,537.0,0.1246
Threshold_55_15min,717198,2026-04-03 16:15:00,2026-04-03 18:25:00,135,27,True,True,False,False,47.5,44.4,55.2,557.0,0.1331
Threshold_55_15min,717198,2026-04-04 14:05:00,2026-04-04 16:50:00,170,34,True,True,False,False,51.2,18.1,55.5,574.0,0.1347
Threshold_55_15min,717198,2026-04-05 13:20:00,2026-04-05 14:30:00,75,15,True,True,False,False,53.2,45.1,60.2,547.0,0.1081
Threshold_55_15min,717198,2026-04-05 15:05:00,2026-04-05 15:50:00,50,10,True,True,False,False,52.5,43.3,59.8,543.0,0.1057
Threshold_55_15min,717198,2026-04-06 07:50:00,2026-04-06 08:25:00,40,8,True,True,False,False,44.6,32.8,59.4,561.0,0.1209
Threshold_55_15min,717198,2026-04-06 13:00:00,2026-04-06 19:00:00,365,73,True,True,False,False,44.5,21.9,55.9,501.0,0.1227
Threshold_55_15min,717198,2026-04-07 07:40:00,2026-04-07 08:20:00,45,9,True,True,False,False,48.4,37.6,56.0,514.0,0.1285
Threshold_55_15min,717198,2026-04-07 08:30:00,2026-04-07 08:45:00,20,4,True,True,False,False,51.6,43.6,55.5,493.0,0.1029
Threshold_55_15min,717198,2026-04-07 12:40:00,2026-04-07 19:20:00,405,81,True,True,False,False,48.8,38.4,55.9,497.0,0.1319
Threshold_55_15min,717198,2026-04-08 07:50:00,2026-04-08 08:30:00,45,9,True,True,False,False,54.8,46.4,55.3,530.0,0.1321
Threshold_55_15min,717198,2026-04-08 13:05:00,2026-04-08 19:00:00,360,72,True,True,False,False,49.3,33.0,57.1,535.0,0.1279
Threshold_55_15min,717198,2026-04-09 07:40:00,2026-04-09 08:25:00,50,10,True,True,False,False,47.9,42.8,57.2,507.0,0.122
Threshold_55_15min,717198,2026-04-09 12:40:00,2026-04-09 13:00:00,25,5,True,True,False,False,50.0,48.8,59.4,469.0,0.1037
Threshold_55_15min,717198,2026-04-09 13:10:00,2026-04-09 18:45:00,340,68,True,True,False,False,52.1,31.5,55.2,536.0,0.1166
Threshold_55_15min,717198,2026-04-09 19:15:00,2026-04-09 19:55:00,45,9,True,False,False,True,52.5,50.9,56.3,506.0,0.1146
Threshold_55_15min,717198,2026-04-10 11:35:00,2026-04-10 16:35:00,305,61,True,True,False,False,54.2,37.3,55.8,467.0,0.1093
Threshold_55_15min,717198,2026-04-10 17:20:00,2026-04-10 18:05:00,50,10,True,True,False,False,51.0,40.9,55.2,497.0,0.119
Threshold_55_15min,717198,2026-04-10 18:25:00,2026-04-10 18:50:00,30,6,True,True,False,False,51.1,45.3,57.2,498.0,0.1057
Threshold_55_15min,717198,2026-04-11 13:10:00,2026-04-11 17:05:00,240,48,True,True,False,False,50.9,24.7,55.6,567.0,0.1382
Threshold_55_15min,717198,2026-04-13 14:05:00,2026-04-13 18:35:00,275,55,True,True,False,False,52.9,37.8,56.4,530.0,0.1205
Threshold_55_15min,717198,2026-04-14 07:35:00,2026-04-14 08:35:00,65,13,True,True,False,False,45.0,40.7,62.1,532.0,0.1099
Threshold_55_15min,717198,2026-04-14 12:35:00,2026-04-14 13:45:00,75,15,True,True,False,False,48.7,25.3,60.4,385.0,0.0852
Threshold_55_15min,717198,2026-04-14 14:05:00,2026-04-14 19:25:00,325,65,True,True,False,False,52.6,12.9,55.5,519.0,0.1244
Threshold_55_15min,717198,2026-04-15 05:50:00,2026-04-15 06:40:00,55,11,True,True,False,False,51.8,7.0,57.1,195.0,0.0527
Threshold_55_15min,717198,2026-04-15 07:45:00,2026-04-15 08:25:00,45,9,True,True,False,False,54.8,41.1,61.8,553.0,0.1214
Threshold_55_15min,717198,2026-04-15 13:45:00,2026-04-15 19:35:00,355,71,True,True,False,False,53.4,29.5,57.4,510.0,0.1149
Threshold_55_15min,717198,2026-04-16 07:35:00,2026-04-16 09:00:00,90,18,True,True,False,False,47.9,39.0,60.9,495.0,0.1075
Threshold_55_15min,717198,2026-04-16 09:30:00,2026-04-16 09:40:00,15,3,True,True,False,False,49.8,49.8,56.3,468.0,0.1113
Threshold_55_15min,717198,2026-04-16 11:00:00,2026-04-16 11:55:00,60,12,True,True,False,False,53.9,34.8,55.6,452.0,0.1208
Threshold_55_15min,717198,2026-04-16 12:40:00,2026-04-16 13:35:00,60,12,True,True,False,False,53.5,36.3,59.7,533.0,0.1125
Threshold_55_15min,717198,2026-04-16 14:25:00,2026-04-16 18:55:00,275,55,True,True,False,False,51.6,29.8,58.6,608.0,0.1409
Threshold_55_15min,717198,2026-04-16 19:35:00,2026-04-16 19:55:00,25,5,True,False,False,True,51.3,37.2,55.2,514.0,0.1199
Threshold_55_15min,717198,2026-04-17 08:10:00,2026-04-17 08:20:00,15,3,True,True,False,False,51.3,47.8,55.4,502.0,0.1263
Threshold_55_15min,717198,2026-04-17 11:30:00,2026-04-17 11:55:00,30,6,True,True,False,False,54.8,51.3,56.1,527.0,0.1195
Threshold_55_15min,717198,2026-04-17 12:35:00,2026-04-17 19:35:00,425,85,True,True,False,False,54.3,33.7,55.5,465.0,0.1013
Threshold_55_15min,717198,2026-04-18 13:40:00,2026-04-18 14:10:00,35,7,True,True,False,False,54.8,50.6,55.6,542.0,0.1224
Threshold_55_15min,717198,2026-04-18 14:25:00,2026-04-18 16:50:00,150,30,True,True,False,False,53.3,32.6,55.6,573.0,0.1236
Threshold_55_15min,717198,2026-04-18 17:30:00,2026-04-18 18:55:00,90,18,True,True,False,False,47.2,41.3,55.8,577.0,0.1367
Threshold_55_15min,717198,2026-04-20 07:30:00,2026-04-20 08:25:00,60,12,True,True,False,False,50.7,43.0,61.4,499.0,0.1079
Threshold_55_15min,717198,2026-04-20 13:10:00,2026-04-20 18:45:00,340,68,True,True,False,False,54.7,37.1,55.3,500.0,0.1187
Threshold_55_15min,717198,2026-04-21 07:40:00,2026-04-21 07:50:00,15,3,True,True,False,False,48.0,48.0,58.2,535.0,0.1237
Threshold_55_15min,717198,2026-04-21 08:10:00,2026-04-21 08:55:00,50,10,True,True,False,False,53.2,40.8,55.0,497.0,0.1223
Threshold_55_15min,717198,2026-04-21 12:20:00,2026-04-21 12:30:00,15,3,True,True,False,False,45.0,45.0,56.6,490.0,0.1278
Threshold_55_15min,717198,2026-04-21 13:05:00,2026-04-21 13:40:00,40,8,True,True,False,False,54.9,51.5,55.4,540.0,0.1302
Threshold_55_15min,717198,2026-04-21 14:00:00,2026-04-21 18:05:00,250,50,True,True,False,False,54.4,34.2,56.0,520.0,0.1176
Threshold_55_15min,717198,2026-04-22 07:35:00,2026-04-22 09:00:00,90,18,True,True,False,False,50.0,39.3,58.9,517.0,0.1309
Threshold_55_15min,717198,2026-04-22 13:15:00,2026-04-22 19:30:00,380,76,True,True,False,False,53.8,34.3,57.7,524.0,0.1145
Threshold_55_15min,717198,2026-04-23 07:35:00,2026-04-23 08:50:00,80,16,True,True,False,False,51.0,36.9,57.2,534.0,0.1354
Threshold_55_15min,717198,2026-04-23 13:00:00,2026-04-23 19:40:00,405,81,True,True,False,False,47.2,33.2,55.3,518.0,0.1177
Threshold_55_15min,717198,2026-04-24 07:35:00,2026-04-24 08:45:00,75,15,True,True,False,False,51.6,40.0,60.7,485.0,0.1094
Threshold_55_15min,717198,2026-04-24 11:35:00,2026-04-24 19:25:00,475,95,True,True,False,False,54.6,35.2,55.3,494.0,0.1166
Threshold_55_15min,717198,2026-04-25 13:25:00,2026-04-25 13:35:00,15,3,True,True,False,False,49.7,49.5,55.6,561.0,0.1359
Threshold_55_15min,717198,2026-04-25 14:30:00,2026-04-25 14:45:00,20,4,True,True,False,False,51.4,47.0,56.2,545.0,0.1202
Threshold_55_15min,717198,2026-04-25 15:35:00,2026-04-25 16:10:00,40,8,True,True,False,False,47.7,47.7,55.4,549.0,0.128
Threshold_55_15min,717198,2026-04-25 16:25:00,2026-04-25 17:40:00,80,16,True,True,False,False,51.1,36.6,55.3,565.0,0.125
Threshold_55_15min,717198,2026-04-25 18:45:00,2026-04-25 19:05:00,25,5,True,True,False,False,53.6,44.1,56.3,455.0,0.1074
Threshold_55_15min,717198,2026-04-27 07:55:00,2026-04-27 09:00:00,70,14,True,True,False,False,50.4,38.0,58.3,589.0,0.1355
Threshold_55_15min,717198,2026-04-27 14:00:00,2026-04-27 18:50:00,295,59,True,True,False,False,54.1,33.5,56.5,503.0,0.1156
Threshold_55_15min,717198,2026-04-28 06:40:00,2026-04-28 06:55:00,20,4,True,True,False,False,43.2,38.6,63.0,412.0,0.0849
Threshold_55_15min,717198,2026-04-28 07:30:00,2026-04-28 08:50:00,85,17,True,True,False,False,50.2,38.3,60.6,558.0,0.1192
Threshold_55_15min,717198,2026-04-28 12:45:00,2026-04-28 19:35:00,415,83,True,True,False,False,48.5,34.3,56.5,488.0,0.1098
Threshold_55_15min,717198,2026-04-29 07:35:00,2026-04-29 08:50:00,80,16,True,True,False,False,49.4,39.3,56.5,464.0,0.109
Threshold_55_15min,717198,2026-04-29 12:30:00,2026-04-29 12:40:00,15,3,True,True,False,False,54.4,51.0,56.6,549.0,0.1309
Threshold_55_15min,717198,2026-04-29 13:10:00,2026-04-29 19:55:00,410,82,True,False,False,True,54.9,36.6,56.4,476.0,0.1141
Threshold_55_15min,717198,2026-04-30 07:35:00,2026-04-30 08:45:00,75,15,True,True,False,False,48.1,37.6,57.1,570.0,0.1429
Threshold_55_15min,717198,2026-04-30 09:15:00,2026-04-30 09:30:00,20,4,True,True,False,False,47.4,47.4,56.2,501.0,0.1218
Threshold_55_15min,717198,2026-04-30 12:10:00,2026-04-30 16:35:00,270,54,True,True,False,False,46.7,32.7,58.7,486.0,0.106
Threshold_55_15min,717198,2026-04-30 17:35:00,2026-04-30 19:20:00,110,22,True,True,False,False,54.2,37.7,56.8,435.0,0.0987
Threshold_55_15min,717198,2026-05-01 12:10:00,2026-05-01 17:40:00,335,67,True,True,False,False,48.3,36.4,56.7,539.0,0.1275
Threshold_55_15min,717198,2026-05-01 17:55:00,2026-05-01 19:00:00,70,14,True,True,False,False,52.7,46.9,56.5,389.0,0.0854
Threshold_55_15min,717198,2026-05-02 13:35:00,2026-05-02 14:35:00,65,13,True,True,False,False,54.8,44.3,58.2,538.0,0.1141
Threshold_55_15min,717198,2026-05-02 15:15:00,2026-05-02 16:00:00,50,10,True,True,False,False,45.9,42.3,56.3,494.0,0.1111
Threshold_55_15min,717198,2026-05-02 16:25:00,2026-05-02 18:15:00,115,23,True,True,False,False,54.6,36.8,56.3,549.0,0.1205
Threshold_55_15min,717198,2026-05-04 07:50:00,2026-05-04 08:05:00,20,4,True,True,False,False,53.1,46.2,55.0,567.0,0.1406
Threshold_55_15min,717198,2026-05-04 14:30:00,2026-05-04 18:40:00,255,51,True,True,False,False,54.0,38.8,55.4,546.0,0.1269
Threshold_55_15min,717198,2026-05-05 07:40:00,2026-05-05 08:35:00,60,12,True,True,False,False,50.8,44.3,56.5,572.0,0.1384
Threshold_55_15min,717198,2026-05-05 13:25:00,2026-05-05 19:15:00,355,71,True,True,False,False,54.0,34.6,58.4,455.0,0.1006
Threshold_55_15min,717198,2026-05-06 07:40:00,2026-05-06 08:50:00,75,15,True,True,False,False,53.7,41.9,57.3,496.0,0.1127
Threshold_55_15min,717198,2026-05-06 13:15:00,2026-05-06 18:30:00,320,64,True,True,False,False,53.5,35.1,55.0,510.0,0.1227
Threshold_55_15min,717198,2026-05-06 18:45:00,2026-05-06 19:45:00,65,13,True,True,False,False,53.3,14.1,55.4,527.0,0.1219
Threshold_55_15min,717198,2026-05-07 07:45:00,2026-05-07 09:05:00,85,17,True,True,False,False,54.1,37.8,55.9,509.0,0.1158
Threshold_55_15min,717198,2026-05-07 12:40:00,2026-05-07 19:55:00,440,88,True,False,False,True,53.3,35.6,57.9,503.0,0.1127
Threshold_55_15min,717198,2026-05-08 08:10:00,2026-05-08 08:20:00,15,3,True,True,False,False,47.4,47.4,55.6,536.0,0.1303
Threshold_55_15min,717198,2026-05-08 12:20:00,2026-05-08 19:55:00,460,92,True,False,False,True,54.2,33.7,59.0,530.0,0.1122
Threshold_55_15min,717198,2026-05-09 12:05:00,2026-05-09 19:45:00,465,93,True,True,False,False,54.2,29.5,55.2,548.0,0.1234
Threshold_55_15min,717198,2026-05-11 07:40:00,2026-05-11 08:30:00,55,11,True,True,False,False,54.4,42.2,57.5,447.0,0.1145
Threshold_55_15min,717198,2026-05-11 14:10:00,2026-05-11 18:35:00,270,54,True,True,False,False,52.7,30.9,55.4,495.0,0.1188
Threshold_55_15min,717198,2026-05-12 07:50:00,2026-05-12 08:15:00,30,6,True,True,False,False,53.3,43.7,57.5,565.0,0.1268
Threshold_55_15min,717198,2026-05-12 13:20:00,2026-05-12 13:40:00,25,5,True,True,False,False,48.7,39.4,57.6,492.0,0.1046
Threshold_55_15min,717198,2026-05-12 14:00:00,2026-05-12 19:00:00,305,61,True,True,False,False,53.7,35.7,55.5,529.0,0.1234
Threshold_55_15min,717198,2026-05-13 13:10:00,2026-05-13 18:45:00,340,68,True,True,False,False,53.3,27.4,56.3,499.0,0.1167
Threshold_55_15min,717198,2026-05-14 07:35:00,2026-05-14 08:45:00,75,15,True,True,False,False,54.7,45.0,59.5,551.0,0.1235
Threshold_55_15min,717198,2026-05-14 12:50:00,2026-05-14 19:45:00,420,84,True,True,False,False,49.3,32.5,56.1,524.0,0.1246
Threshold_55_15min,717198,2026-05-15 07:45:00,2026-05-15 08:05:00,25,5,True,True,False,False,52.9,46.6,57.0,564.0,0.1407
Threshold_55_15min,717198,2026-05-15 12:55:00,2026-05-15 19:55:00,425,85,True,False,False,True,45.8,29.7,56.0,531.0,0.12
Threshold_55_15min,717198,2026-05-16 14:35:00,2026-05-16 15:45:00,75,15,True,True,False,False,44.8,32.1,56.4,600.0,0.1295
Threshold_55_15min,717198,2026-05-16 16:15:00,2026-05-16 18:35:00,145,29,True,True,False,False,50.4,27.9,56.0,552.0,0.1203
Threshold_55_15min,717198,2026-05-18 07:40:00,2026-05-18 08:15:00,40,8,True,True,False,False,51.7,42.4,55.1,547.0,0.1582
Threshold_55_15min,717198,2026-05-18 09:45:00,2026-05-18 10:00:00,20,4,True,True,False,False,46.5,34.7,57.4,364.0,0.0861
Threshold_55_15min,717198,2026-05-18 12:00:00,2026-05-18 12:25:00,30,6,True,True,False,False,49.7,41.8,59.6,405.0,0.0933
Threshold_55_15min,717198,2026-05-18 13:40:00,2026-05-18 13:55:00,20,4,True,True,False,False,54.8,52.3,55.6,482.0,0.1086
Threshold_55_15min,717198,2026-05-18 14:05:00,2026-05-18 19:15:00,315,63,True,True,False,False,52.9,15.2,55.1,467.0,0.1046
Threshold_55_15min,717198,2026-05-19 12:15:00,2026-05-19 12:25:00,15,3,True,True,False,False,54.7,54.7,59.5,453.0,0.1031
Threshold_55_15min,717198,2026-05-19 14:10:00,2026-05-19 16:10:00,125,25,True,True,False,False,51.3,33.5,55.5,540.0,0.1267
Threshold_55_15min,717198,2026-05-19 17:00:00,2026-05-19 18:55:00,120,24,True,True,False,False,53.2,36.9,55.1,544.0,0.1311
Threshold_55_15min,717198,2026-05-20 07:35:00,2026-05-20 08:20:00,50,10,True,True,False,False,52.4,41.2,59.4,553.0,0.1232
Threshold_55_15min,717198,2026-05-20 13:10:00,2026-05-20 14:05:00,60,12,True,True,False,False,48.8,20.9,59.2,368.0,0.0778
Threshold_55_15min,717198,2026-05-20 15:05:00,2026-05-20 19:00:00,240,48,True,True,False,False,46.7,37.4,57.0,554.0,0.132
Threshold_55_15min,717198,2026-05-20 19:10:00,2026-05-20 19:25:00,20,4,True,True,False,False,48.7,48.7,55.6,454.0,0.096
Threshold_55_15min,717198,2026-05-21 07:45:00,2026-05-21 08:00:00,20,4,True,True,False,False,54.4,54.4,56.8,543.0,0.1229
Threshold_55_15min,717198,2026-05-21 13:10:00,2026-05-21 14:45:00,100,20,True,True,False,False,44.1,40.0,55.2,543.0,0.1312
Threshold_55_15min,717198,2026-05-21 14:55:00,2026-05-21 19:30:00,280,56,True,True,False,False,53.5,26.5,56.1,349.0,0.077
Threshold_55_15min,717198,2026-05-22 09:35:00,2026-05-22 09:55:00,25,5,True,True,False,False,48.7,40.9,55.6,429.0,0.1139
Threshold_55_15min,717198,2026-05-22 11:10:00,2026-05-22 19:50:00,525,105,True,True,False,False,54.3,33.4,56.1,512.0,0.1232
Threshold_55_15min,717198,2026-05-23 12:20:00,2026-05-23 18:55:00,400,80,True,True,False,False,53.6,31.3,57.4,594.0,0.1238
Threshold_55_15min,717198,2026-05-24 14:55:00,2026-05-24 15:15:00,25,5,True,True,False,False,48.8,46.4,55.3,508.0,0.12
Threshold_55_15min,717198,2026-05-28 13:40:00,2026-05-28 18:55:00,320,64,False,True,True,False,36.7,33.8,,,
Threshold_55_15min,717198,2026-05-29 07:55:00,2026-05-29 08:50:00,60,12,True,True,False,False,50.9,45.1,55.9,491.0,0.1329
Threshold_55_15min,717198,2026-05-29 12:25:00,2026-05-29 19:15:00,415,83,True,True,False,False,48.7,35.1,58.7,569.0,0.1251
Threshold_55_15min,717198,2026-05-30 13:55:00,2026-05-30 19:00:00,310,62,True,True,False,False,54.1,30.1,56.6,542.0,0.1157
Threshold_55_15min,717198,2026-05-31 14:20:00,2026-05-31 15:35:00,80,16,True,True,False,False,53.7,51.2,57.5,412.0,0.0827
