rank,station_id,days_present,days_any_positive,days_run_ge30min,days_run_ge60min,days_run_ge120min,rows,positive_rows,zero_rows,invalid_coverage_rows,longest_positive_run_minutes,median_daily_longest_positive_run_minutes,gaps_over_5_minutes,duplicate_timestamps,positive_rows_pct,days_ge120_pct_of_present,days_ge120_pct_of_study,freeway,direction,route_direction_groups,coverage_report_rows,coverage_report_positive_rows,multiple_route_assignments
1,717142,120,118,118,118,118,34548,33616,932,0,1440,1440.0,1,0,97.30230404075489,98.33333333333333,98.33333333333333,10.0,W,1,34548,33616,False
2,717150,120,118,118,118,118,34548,33616,932,0,1440,1440.0,1,0,97.30230404075489,98.33333333333333,98.33333333333333,10.0,W,1,34548,33616,False
3,717154,120,118,118,118,118,34548,33616,932,0,1440,1440.0,1,0,97.30230404075489,98.33333333333333,98.33333333333333,10.0,W,1,34548,33616,False
4,717160,120,118,118,118,118,34548,33616,932,0,1440,1440.0,1,0,97.30230404075489,98.33333333333333,98.33333333333333,10.0,W,1,34548,33616,False
5,717162,120,118,118,118,118,34548,33616,932,0,1440,1440.0,1,0,97.30230404075489,98.33333333333333,98.33333333333333,10.0,W,1,34548,33616,False
6,717165,120,118,118,118,118,34548,33616,932,0,1440,1440.0,1,0,97.30230404075489,98.33333333333333,98.33333333333333,10.0,E,1,34548,33616,False
7,717167,120,118,118,118,118,34548,33616,932,0,1440,1440.0,1,0,97.30230404075489,98.33333333333333,98.33333333333333,10.0,W,1,34548,33616,False
8,717174,120,118,118,118,118,34548,33616,932,0,1440,1440.0,1,0,97.30230404075489,98.33333333333333,98.33333333333333,10.0,E,1,34548,33616,False
9,717176,120,118,118,118,118,34548,33616,932,0,1440,1440.0,1,0,97.30230404075489,98.33333333333333,98.33333333333333,10.0,W,1,34548,33616,False
10,717179,120,118,118,118,118,34548,33616,932,0,1440,1440.0,1,0,97.30230404075489,98.33333333333333,98.33333333333333,10.0,E,1,34548,33616,False
11,717185,120,118,118,118,118,34548,33616,932,0,1440,1440.0,1,0,97.30230404075489,98.33333333333333,98.33333333333333,10.0,E,1,34548,33616,False
12,717190,120,118,118,118,118,34548,33616,932,0,1440,1440.0,1,0,97.30230404075489,98.33333333333333,98.33333333333333,10.0,E,1,34548,33616,False
13,717195,120,118,118,118,118,34548,33616,932,0,1440,1440.0,1,0,97.30230404075489,98.33333333333333,98.33333333333333,10.0,E,1,34548,33616,False
14,717196,120,118,118,118,118,34548,33616,932,0,1440,1440.0,1,0,97.30230404075489,98.33333333333333,98.33333333333333,10.0,W,1,34548,33616,False
15,717198,120,118,118,118,118,34548,33616,932,0,1440,1440.0,1,0,97.30230404075489,98.33333333333333,98.33333333333333,10.0,E,1,34548,33616,False
16,717200,120,118,118,118,118,34548,33616,932,0,1440,1440.0,1,0,97.30230404075489,98.33333333333333,98.33333333333333,10.0,W,1,34548,33616,False
17,717240,120,118,118,118,118,34548,33616,932,0,1440,1440.0,1,0,97.30230404075489,98.33333333333333,98.33333333333333,10.0,W,1,34548,33616,False
18,717241,120,118,118,118,118,34548,33616,932,0,1440,1440.0,1,0,97.30230404075489,98.33333333333333,98.33333333333333,10.0,E,1,34548,33616,False
19,717245,120,118,118,118,118,34548,33616,932,0,1440,1440.0,1,0,97.30230404075489,98.33333333333333,98.33333333333333,10.0,W,1,34548,33616,False
20,717246,120,118,118,118,118,34548,33616,932,0,1440,1440.0,1,0,97.30230404075489,98.33333333333333,98.33333333333333,10.0,W,1,34548,33616,False
21,717247,120,118,118,118,118,34548,33616,932,0,1440,1440.0,1,0,97.30230404075489,98.33333333333333,98.33333333333333,10.0,E,1,34548,33616,False
22,717254,120,118,118,118,118,34548,33616,932,0,1440,1440.0,1,0,97.30230404075489,98.33333333333333,98.33333333333333,10.0,E,1,34548,33616,False
23,717637,120,118,118,118,118,34548,33616,932,0,1440,1440.0,1,0,97.30230404075489,98.33333333333333,98.33333333333333,210.0,W,1,34548,33616,False
24,717649,120,118,118,118,118,34548,33616,932,0,1440,1440.0,1,0,97.30230404075489,98.33333333333333,98.33333333333333,210.0,W,1,34548,33616,False
25,717663,120,118,118,118,118,34548,33616,932,0,1440,1440.0,1,0,97.30230404075489,98.33333333333333,98.33333333333333,210.0,W,1,34548,33616,False
26,718210,120,118,118,118,118,34548,33616,932,0,1440,1440.0,1,0,97.30230404075489,98.33333333333333,98.33333333333333,210.0,W,1,34548,33616,False
27,718356,120,118,118,118,118,34548,33616,932,0,1440,1440.0,1,0,97.30230404075489,98.33333333333333,98.33333333333333,57.0,N,1,34548,33616,False
28,763563,120,118,118,118,118,34548,33616,932,0,1440,1440.0,1,0,97.30230404075489,98.33333333333333,98.33333333333333,57.0,N,1,34548,33616,False
29,763616,120,118,118,118,118,34548,33616,932,0,1440,1440.0,1,0,97.30230404075489,98.33333333333333,98.33333333333333,605.0,S,1,34548,33616,False
30,763649,120,118,118,118,118,34548,33616,932,0,1440,1440.0,1,0,97.30230404075489,98.33333333333333,98.33333333333333,57.0,S,1,34548,33616,False
31,763683,120,118,118,118,118,34548,33616,932,0,1440,1440.0,1,0,97.30230404075489,98.33333333333333,98.33333333333333,605.0,N,1,34548,33616,False
32,764001,120,118,118,118,118,34548,33616,932,0,1440,1440.0,1,0,97.30230404075489,98.33333333333333,98.33333333333333,605.0,S,1,34548,33616,False
33,764096,120,118,118,118,118,34548,33616,932,0,1440,1440.0,1,0,97.30230404075489,98.33333333333333,98.33333333333333,57.0,N,1,34548,33616,False
34,764222,120,118,118,118,118,34548,33616,932,0,1440,1440.0,1,0,97.30230404075489,98.33333333333333,98.33333333333333,10.0,E,1,34548,33616,False
35,764227,120,118,118,118,118,34548,33616,932,0,1440,1440.0,1,0,97.30230404075489,98.33333333333333,98.33333333333333,10.0,W,1,34548,33616,False
36,764276,120,118,118,118,118,34548,33616,932,0,1440,1440.0,1,0,97.30230404075489,98.33333333333333,98.33333333333333,14.0,N,1,34548,33616,False
37,764915,120,118,118,118,118,34548,33616,932,0,1440,1440.0,1,0,97.30230404075489,98.33333333333333,98.33333333333333,101.0,N,1,34548,33616,False
38,766694,120,118,118,118,118,34548,33616,932,0,1440,1440.0,1,0,97.30230404075489,98.33333333333333,98.33333333333333,14.0,N,1,34548,33616,False
39,767678,120,118,118,118,118,34548,33616,932,0,1440,1440.0,1,0,97.30230404075489,98.33333333333333,98.33333333333333,605.0,N,1,34548,33616,False
40,768779,120,118,118,118,118,34548,33616,932,0,1440,1440.0,1,0,97.30230404075489,98.33333333333333,98.33333333333333,57.0,S,1,34548,33616,False
41,769965,120,118,118,118,118,34548,33616,932,0,1440,1440.0,1,0,97.30230404075489,98.33333333333333,98.33333333333333,210.0,W,1,34548,33616,False
42,770129,120,118,118,118,118,34548,33616,932,0,1440,1440.0,1,0,97.30230404075489,98.33333333333333,98.33333333333333,210.0,W,1,34548,33616,False
43,774491,120,118,118,118,118,34548,33616,932,0,1440,1440.0,1,0,97.30230404075489,98.33333333333333,98.33333333333333,60.0,W,1,34548,33616,False
44,776465,120,118,118,118,118,34548,33616,932,0,1440,1440.0,1,0,97.30230404075489,98.33333333333333,98.33333333333333,101.0,N,1,34548,33616,False
45,716187,120,118,118,118,118,34548,33615,933,0,1440,1440.0,1,0,97.29940951719347,98.33333333333333,98.33333333333333,10.0,E,1,34548,33615,False
46,761356,120,118,118,118,118,34548,33615,933,0,1440,1440.0,1,0,97.29940951719347,98.33333333333333,98.33333333333333,210.0,W,1,34548,33615,False
47,766721,120,118,118,118,118,34548,33615,933,0,1440,1440.0,1,0,97.29940951719347,98.33333333333333,98.33333333333333,14.0,N,1,34548,33615,False
48,717945,120,118,118,118,118,34548,33611,937,0,1440,1440.0,1,0,97.28783142294779,98.33333333333333,98.33333333333333,605.0,N,1,34548,33611,False
49,717642,120,118,118,118,118,34548,33602,946,0,1440,1440.0,1,0,97.26178071089498,98.33333333333333,98.33333333333333,210.0,W,1,34548,33602,False
50,764814,120,117,117,117,117,34548,33345,1203,0,1440,1440.0,1,0,96.51788815560958,97.5,97.5,101.0,S,1,34548,33345,False
51,764824,120,117,117,117,117,34548,33345,1203,0,1440,1440.0,1,0,96.51788815560958,97.5,97.5,101.0,S,1,34548,33345,False
52,764808,120,117,117,117,117,34548,33344,1204,0,1440,1440.0,1,0,96.51499363204816,97.5,97.5,101.0,N,1,34548,33344,False
53,716788,120,117,117,117,117,34548,33341,1207,0,1440,1440.0,1,0,96.5063100613639,97.5,97.5,605.0,N,1,34548,33341,False
54,717434,120,117,117,117,117,34548,33341,1207,0,1440,1440.0,1,0,96.5063100613639,97.5,97.5,91.0,E,1,34548,33341,False
55,717435,120,117,117,117,117,34548,33341,1207,0,1440,1440.0,1,0,96.5063100613639,97.5,97.5,91.0,W,1,34548,33341,False
56,717436,120,117,117,117,117,34548,33341,1207,0,1440,1440.0,1,0,96.5063100613639,97.5,97.5,91.0,E,1,34548,33341,False
57,717440,120,117,117,117,117,34548,33341,1207,0,1440,1440.0,1,0,96.5063100613639,97.5,97.5,91.0,W,1,34548,33341,False
58,717441,120,117,117,117,117,34548,33341,1207,0,1440,1440.0,1,0,96.5063100613639,97.5,97.5,91.0,E,1,34548,33341,False
59,759980,120,117,117,117,117,34548,33341,1207,0,1440,1440.0,1,0,96.5063100613639,97.5,97.5,91.0,E,1,34548,33341,False
60,717433,120,117,117,117,117,34548,33340,1208,0,1440,1440.0,1,0,96.50341553780248,97.5,97.5,91.0,W,1,34548,33340,False
61,717219,120,117,117,117,117,34548,33328,1220,0,1440,1440.0,1,0,96.46868125506542,97.5,97.5,10.0,E,1,34548,33328,False
62,717249,120,117,117,117,117,34548,33328,1220,0,1440,1440.0,1,0,96.46868125506542,97.5,97.5,10.0,W,1,34548,33328,False
63,717251,120,117,117,117,117,34548,33328,1220,0,1440,1440.0,1,0,96.46868125506542,97.5,97.5,10.0,E,1,34548,33328,False
64,717252,120,117,117,117,117,34548,33328,1220,0,1440,1440.0,1,0,96.46868125506542,97.5,97.5,10.0,W,1,34548,33328,False
65,717640,120,117,117,117,117,34548,33328,1220,0,1440,1440.0,1,0,96.46868125506542,97.5,97.5,210.0,E,1,34548,33328,False
66,717673,120,117,117,117,117,34548,33328,1220,0,1440,1440.0,1,0,96.46868125506542,97.5,97.5,210.0,W,1,34548,33328,False
67,737504,120,117,117,117,117,34548,33328,1220,0,1440,1440.0,1,0,96.46868125506542,97.5,97.5,605.0,S,1,34548,33328,False
68,761374,120,117,117,117,117,34548,33328,1220,0,1440,1440.0,1,0,96.46868125506542,97.5,97.5,210.0,W,1,34548,33328,False
69,763479,120,117,117,117,117,34548,33328,1220,0,1440,1440.0,1,0,96.46868125506542,97.5,97.5,10.0,E,1,34548,33328,False
70,768328,120,117,117,117,117,34548,33328,1220,0,1440,1440.0,1,0,96.46868125506542,97.5,97.5,10.0,E,1,34548,33328,False
71,769911,120,117,117,117,117,34548,33328,1220,0,1440,1440.0,1,0,96.46868125506542,97.5,97.5,210.0,W,1,34548,33328,False
72,770243,120,117,117,117,117,34548,33328,1220,0,1440,1440.0,1,0,96.46868125506542,97.5,97.5,210.0,W,1,34548,33328,False
73,774728,120,117,117,117,117,34548,33328,1220,0,1440,1440.0,1,0,96.46868125506542,97.5,97.5,10.0,W,1,34548,33328,False
74,775795,120,117,117,117,117,34548,33328,1220,0,1440,1440.0,1,0,96.46868125506542,97.5,97.5,210.0,W,1,34548,33328,False
75,717654,120,117,117,117,117,34548,33327,1221,0,1440,1440.0,1,0,96.465786731504,97.5,97.5,210.0,E,1,34548,33327,False
76,768339,120,117,117,117,117,34548,33327,1221,0,1440,1440.0,1,0,96.465786731504,97.5,97.5,10.0,W,1,34548,33327,False
77,774729,120,117,117,117,117,34548,33327,1221,0,1440,1440.0,1,0,96.465786731504,97.5,97.5,10.0,E,1,34548,33327,False
78,717472,120,116,116,116,116,34548,33040,1508,0,1440,1440.0,1,0,95.63505846937593,96.66666666666667,96.66666666666667,101.0,S,1,34548,33040,False
79,717473,120,116,116,116,116,34548,33040,1508,0,1440,1440.0,1,0,95.63505846937593,96.66666666666667,96.66666666666667,101.0,N,1,34548,33040,False
80,717483,120,116,116,116,116,34548,33040,1508,0,1440,1440.0,1,0,95.63505846937593,96.66666666666667,96.66666666666667,101.0,N,1,34548,33040,False
81,717484,120,116,116,116,116,34548,33040,1508,0,1440,1440.0,1,0,95.63505846937593,96.66666666666667,96.66666666666667,101.0,S,1,34548,33040,False
82,717638,120,116,116,116,116,34548,33040,1508,0,1440,1440.0,1,0,95.63505846937593,96.66666666666667,96.66666666666667,210.0,E,1,34548,33040,False
83,717646,120,116,116,116,116,34548,33040,1508,0,1440,1440.0,1,0,95.63505846937593,96.66666666666667,96.66666666666667,210.0,E,1,34548,33040,False
84,717650,120,116,116,116,116,34548,33040,1508,0,1440,1440.0,1,0,95.63505846937593,96.66666666666667,96.66666666666667,210.0,E,1,34548,33040,False
85,763558,120,116,116,116,116,34548,33040,1508,0,1440,1440.0,1,0,95.63505846937593,96.66666666666667,96.66666666666667,57.0,N,1,34548,33040,False
86,763578,120,116,116,116,116,34548,33040,1508,0,1440,1440.0,1,0,95.63505846937593,96.66666666666667,96.66666666666667,57.0,S,1,34548,33040,False
87,774877,120,116,116,116,116,34548,33040,1508,0,1440,1440.0,1,0,95.63505846937593,96.66666666666667,96.66666666666667,57.0,N,1,34548,33040,False
88,774878,120,116,116,116,116,34548,33040,1508,0,1440,1440.0,1,0,95.63505846937593,96.66666666666667,96.66666666666667,57.0,S,1,34548,33040,False
89,717659,120,116,116,116,116,34548,33038,1510,0,1440,1440.0,1,0,95.6292694222531,96.66666666666667,96.66666666666667,210.0,E,1,34548,33038,False
90,777212,120,115,115,115,115,34548,32769,1779,0,1440,1440.0,1,0,94.85064258423064,95.83333333333333,95.83333333333333,710.0,N,1,34548,32769,False
91,764819,120,115,115,115,115,34548,32766,1782,0,1440,1440.0,1,0,94.84195901354637,95.83333333333333,95.83333333333333,101.0,N,1,34548,32766,False
92,765150,120,115,115,115,115,34548,32766,1782,0,1440,1440.0,1,0,94.84195901354637,95.83333333333333,95.83333333333333,101.0,S,1,34548,32766,False
93,717479,120,115,115,115,115,34548,32764,1784,0,1440,1440.0,1,0,94.83616996642353,95.83333333333333,95.83333333333333,101.0,S,1,34548,32764,False
94,717187,120,115,115,115,115,34548,32752,1796,0,1440,1440.0,1,0,94.80143568368646,95.83333333333333,95.83333333333333,10.0,W,1,34548,32752,False
95,717192,120,115,115,115,115,34548,32752,1796,0,1440,1440.0,1,0,94.80143568368646,95.83333333333333,95.83333333333333,10.0,W,1,34548,32752,False
96,717258,120,115,115,115,115,34548,32752,1796,0,1440,1440.0,1,0,94.80143568368646,95.83333333333333,95.83333333333333,10.0,W,1,34548,32752,False
97,717622,120,115,115,115,115,34548,32752,1796,0,1440,1440.0,1,0,94.80143568368646,95.83333333333333,95.83333333333333,210.0,W,1,34548,32752,False
98,718066,120,115,115,115,115,34548,32752,1796,0,1440,1440.0,1,0,94.80143568368646,95.83333333333333,95.83333333333333,2.0,W,1,34548,32752,False
99,718072,120,115,115,115,115,34548,32752,1796,0,1440,1440.0,1,0,94.80143568368646,95.83333333333333,95.83333333333333,2.0,W,1,34548,32752,False
100,718076,120,115,115,115,115,34548,32752,1796,0,1440,1440.0,1,0,94.80143568368646,95.83333333333333,95.83333333333333,2.0,W,1,34548,32752,False
101,761552,120,115,115,115,115,34548,32752,1796,0,1440,1440.0,1,0,94.80143568368646,95.83333333333333,95.83333333333333,405.0,S,1,34548,32752,False
102,762329,120,115,115,115,115,34548,32752,1796,0,1440,1440.0,1,0,94.80143568368646,95.83333333333333,95.83333333333333,2.0,W,1,34548,32752,False
103,764578,120,115,115,115,115,34548,32752,1796,0,1440,1440.0,1,0,94.80143568368646,95.83333333333333,95.83333333333333,405.0,S,1,34548,32752,False
104,764583,120,115,115,115,115,34548,32752,1796,0,1440,1440.0,1,0,94.80143568368646,95.83333333333333,95.83333333333333,405.0,N,1,34548,32752,False
105,775136,120,115,115,115,115,34548,32751,1797,0,1440,1440.0,1,0,94.79854116012504,95.83333333333333,95.83333333333333,405.0,S,1,34548,32751,False
106,775137,120,115,115,115,115,34548,32751,1797,0,1440,1440.0,1,0,94.79854116012504,95.83333333333333,95.83333333333333,405.0,N,1,34548,32751,False
107,718287,120,115,115,115,115,34548,32749,1799,0,1440,1440.0,1,0,94.7927521130022,95.83333333333333,95.83333333333333,405.0,S,1,34548,32749,False
108,717669,120,114,114,114,114,34548,32614,1934,0,1440,1440.0,1,0,94.40199143221025,95.0,95.0,210.0,W,1,34548,32614,False
109,718081,120,114,114,114,114,34548,32611,1937,0,1440,1440.0,1,0,94.393307861526,95.0,95.0,5.0,N,1,34548,32611,False
110,760375,120,114,114,114,114,34548,32477,2071,0,1440,1440.0,1,0,94.00544170429548,95.0,95.0,105.0,W,1,34548,32477,False
111,716152,120,114,114,114,114,34548,32464,2084,0,1440,1440.0,1,0,93.96781289799699,95.0,95.0,10.0,E,1,34548,32464,False
112,716153,120,114,114,114,114,34548,32464,2084,0,1440,1440.0,1,0,93.96781289799699,95.0,95.0,10.0,W,1,34548,32464,False
113,717674,120,114,114,114,114,34548,32464,2084,0,1440,1440.0,1,0,93.96781289799699,95.0,95.0,210.0,W,1,34548,32464,False
114,767541,120,114,114,114,114,34548,32464,2084,0,1440,1440.0,1,0,93.96781289799699,95.0,95.0,2.0,E,1,34548,32464,False
115,767542,120,114,114,114,114,34548,32464,2084,0,1440,1440.0,1,0,93.96781289799699,95.0,95.0,2.0,W,1,34548,32464,False
116,769772,120,114,114,114,114,34548,32464,2084,0,1440,1440.0,1,0,93.96781289799699,95.0,95.0,210.0,E,1,34548,32464,False
117,769866,120,114,114,114,114,34548,32464,2084,0,1440,1440.0,1,0,93.96781289799699,95.0,95.0,210.0,E,1,34548,32464,False
118,769867,120,114,114,114,114,34548,32464,2084,0,1440,1440.0,1,0,93.96781289799699,95.0,95.0,210.0,W,1,34548,32464,False
119,770568,120,114,114,114,114,34548,32464,2084,0,1440,1440.0,1,0,93.96781289799699,95.0,95.0,210.0,W,1,34548,32464,False
120,774800,120,114,114,114,114,34548,32464,2084,0,1440,1440.0,1,0,93.96781289799699,95.0,95.0,57.0,S,1,34548,32464,False
121,774799,120,114,114,114,114,34548,32461,2087,0,1440,1440.0,1,0,93.95912932731272,95.0,95.0,57.0,N,1,34548,32461,False
122,717672,120,113,113,113,113,34548,32314,2234,0,1440,1440.0,1,0,93.53363436378372,94.16666666666667,94.16666666666667,210.0,E,1,34548,32314,False
123,774475,120,113,113,113,113,34548,32192,2356,0,1440,1440.0,1,0,93.18050248929026,94.16666666666667,94.16666666666667,60.0,E,1,34548,32192,False
124,718375,120,113,113,113,113,34548,32176,2372,0,1440,1440.0,1,0,93.13419011230751,94.16666666666667,94.16666666666667,5.0,S,1,34548,32176,False
125,763674,120,113,113,113,113,34548,32176,2372,0,1440,1440.0,1,0,93.13419011230751,94.16666666666667,94.16666666666667,5.0,N,1,34548,32176,False
126,775552,120,113,113,113,113,34548,32176,2372,0,1440,1440.0,1,0,93.13419011230751,94.16666666666667,94.16666666666667,10.0,E,1,34548,32176,False
127,717801,120,113,113,113,113,34548,32152,2396,0,1440,1440.0,1,0,93.0647215468334,94.16666666666667,94.16666666666667,405.0,N,1,34548,32152,False
128,717373,120,112,112,112,112,34548,31901,2647,0,1440,1440.0,1,0,92.33819613291652,93.33333333333333,93.33333333333333,91.0,E,1,34548,31901,False
129,717374,120,112,112,112,112,34548,31901,2647,0,1440,1440.0,1,0,92.33819613291652,93.33333333333333,93.33333333333333,91.0,W,1,34548,31901,False
130,764848,120,112,112,112,112,34548,31900,2648,0,1440,1440.0,1,0,92.3353016093551,93.33333333333333,93.33333333333333,101.0,S,1,34548,31900,False
131,769926,120,112,112,112,112,34548,31888,2660,0,1440,1440.0,1,0,92.30056732661804,93.33333333333333,93.33333333333333,210.0,W,1,34548,31888,False
132,773890,120,112,112,112,112,34548,31888,2660,0,1440,1440.0,1,0,92.30056732661804,93.33333333333333,93.33333333333333,134.0,E,1,34548,31888,False
133,774278,120,112,112,112,112,34548,31888,2660,0,1440,1440.0,1,0,92.30056732661804,93.33333333333333,93.33333333333333,90.0,W,1,34548,31888,False
134,774279,120,112,112,112,112,34548,31888,2660,0,1440,1440.0,1,0,92.30056732661804,93.33333333333333,93.33333333333333,90.0,E,1,34548,31888,False
135,766642,120,111,111,111,111,34548,31611,2937,0,1440,1440.0,1,0,91.4987843001042,92.5,92.5,60.0,W,1,34548,31611,False
136,717850,120,111,111,111,111,34548,31600,2948,0,1440,1440.0,1,0,91.46694454092857,92.5,92.5,605.0,N,1,34548,31600,False
137,718496,120,111,111,111,111,34548,31600,2948,0,1440,1440.0,1,0,91.46694454092857,92.5,92.5,134.0,W,1,34548,31600,False
138,761165,120,111,111,111,111,34548,31600,2948,0,1440,1440.0,1,0,91.46694454092857,92.5,92.5,210.0,E,1,34548,31600,False
139,761206,120,111,111,111,111,34548,31600,2948,0,1440,1440.0,1,0,91.46694454092857,92.5,92.5,210.0,E,1,34548,31600,False
140,770275,120,111,111,111,111,34548,31600,2948,0,1440,1440.0,1,0,91.46694454092857,92.5,92.5,210.0,W,1,34548,31600,False
141,718499,120,110,110,110,110,34548,31312,3236,0,1440,1440.0,1,0,90.63332175523908,91.66666666666667,91.66666666666667,134.0,W,1,34548,31312,False
142,767554,120,110,110,110,110,34548,31312,3236,0,1440,1440.0,1,0,90.63332175523908,91.66666666666667,91.66666666666667,2.0,E,1,34548,31312,False
143,774204,120,110,110,110,110,34548,31312,3236,0,1440,1440.0,1,0,90.63332175523908,91.66666666666667,91.66666666666667,134.0,W,1,34548,31312,False
144,769880,120,109,109,109,109,34548,31035,3513,0,1440,1440.0,1,0,89.83153872872525,90.83333333333333,90.83333333333333,210.0,E,1,34548,31035,False
145,772454,120,109,109,109,109,34548,31024,3524,0,1440,1440.0,1,0,89.79969896954961,90.83333333333333,90.83333333333333,405.0,S,1,34548,31024,False
146,772455,120,109,109,109,109,34548,31024,3524,0,1440,1440.0,1,0,89.79969896954961,90.83333333333333,90.83333333333333,405.0,N,1,34548,31024,False
147,766585,120,108,108,108,108,34548,31075,3473,0,1440,1440.0,1,0,89.94731967118213,90.0,90.0,60.0,E,1,34548,31075,False
148,766587,120,108,108,108,108,34548,31075,3473,0,1440,1440.0,1,0,89.94731967118213,90.0,90.0,60.0,W,1,34548,31075,False
149,717143,120,109,108,108,108,34548,30901,3647,0,1440,1440.0,1,0,89.44367257149473,90.0,90.0,605.0,N,1,34548,30901,False
150,717682,120,108,108,108,108,34548,30887,3661,0,1440,1440.0,1,0,89.40314924163482,90.0,90.0,210.0,W,1,34548,30887,False
151,717685,120,108,108,108,108,34548,30887,3661,0,1440,1440.0,1,0,89.40314924163482,90.0,90.0,210.0,W,1,34548,30887,False
152,717686,120,108,108,108,108,34548,30887,3661,0,1440,1440.0,1,0,89.40314924163482,90.0,90.0,210.0,W,1,34548,30887,False
153,717688,120,108,108,108,108,34548,30887,3661,0,1440,1440.0,1,0,89.40314924163482,90.0,90.0,210.0,W,1,34548,30887,False
154,717694,120,108,108,108,108,34548,30887,3661,0,1440,1440.0,1,0,89.40314924163482,90.0,90.0,210.0,W,1,34548,30887,False
155,718469,120,108,108,108,108,34548,30887,3661,0,1440,1440.0,1,0,89.40314924163482,90.0,90.0,210.0,E,1,34548,30887,False
156,772917,120,108,108,108,108,34548,30887,3661,0,1440,1440.0,1,0,89.40314924163482,90.0,90.0,210.0,E,1,34548,30887,False
157,772953,120,108,108,108,108,34548,30887,3661,0,1440,1440.0,1,0,89.40314924163482,90.0,90.0,210.0,E,1,34548,30887,False
158,716142,120,108,108,108,108,34548,30886,3662,0,1440,1440.0,1,0,89.4002547180734,90.0,90.0,210.0,E,1,34548,30886,False
159,717207,120,108,108,108,108,34548,30747,3801,0,1440,1440.0,1,0,88.99791594303578,90.0,90.0,10.0,W,1,34548,30747,False
160,767810,120,108,108,108,108,34548,30747,3801,0,1440,1440.0,1,0,88.99791594303578,90.0,90.0,101.0,N,1,34548,30747,False
161,717492,120,107,107,107,107,34548,30776,3772,0,1440,1440.0,1,0,89.081857126317,89.16666666666667,89.16666666666667,101.0,N,1,34548,30776,False
162,772933,120,107,107,107,107,34548,30599,3949,0,1440,1440.0,1,0,88.56952645594535,89.16666666666667,89.16666666666667,210.0,W,1,34548,30599,False
163,767811,120,107,107,107,107,34548,30470,4078,0,1440,1440.0,1,0,88.19613291652195,89.16666666666667,89.16666666666667,101.0,S,1,34548,30470,False
164,716085,120,107,107,107,107,34548,30465,4083,0,1440,1440.0,1,0,88.18166029871483,89.16666666666667,89.16666666666667,10.0,E,1,34548,30465,False
165,717087,120,107,107,107,107,34548,30465,4083,0,1440,1440.0,1,0,88.18166029871483,89.16666666666667,89.16666666666667,10.0,W,1,34548,30465,False
166,717091,120,107,107,107,107,34548,30465,4083,0,1440,1440.0,1,0,88.18166029871483,89.16666666666667,89.16666666666667,10.0,W,1,34548,30465,False
167,717093,120,107,107,107,107,34548,30465,4083,0,1440,1440.0,1,0,88.18166029871483,89.16666666666667,89.16666666666667,10.0,E,1,34548,30465,False
168,717097,120,107,107,107,107,34548,30465,4083,0,1440,1440.0,1,0,88.18166029871483,89.16666666666667,89.16666666666667,10.0,E,1,34548,30465,False
169,716088,120,107,107,107,107,34548,30463,4085,0,1440,1440.0,1,0,88.17587125159199,89.16666666666667,89.16666666666667,10.0,W,1,34548,30463,False
170,766602,120,107,107,107,107,34548,30459,4089,0,1440,1440.0,1,0,88.16429315734631,89.16666666666667,89.16666666666667,60.0,W,1,34548,30459,False
171,765456,120,107,107,107,107,34548,30448,4100,0,1440,1440.0,1,0,88.13245339817067,89.16666666666667,89.16666666666667,60.0,W,1,34548,30448,False
172,763573,120,107,107,107,107,34548,30406,4142,0,1440,1440.0,1,0,88.01088340859094,89.16666666666667,89.16666666666667,57.0,S,1,34548,30406,False
173,761177,120,107,107,107,107,34548,30359,4189,0,1440,1440.0,1,0,87.87484080120412,89.16666666666667,89.16666666666667,210.0,E,1,34548,30359,False
174,716091,120,106,106,106,106,34548,30177,4371,0,1440,1440.0,1,0,87.34803751302536,88.33333333333333,88.33333333333333,10.0,W,1,34548,30177,False
175,717075,120,106,106,106,106,34548,30177,4371,0,1440,1440.0,1,0,87.34803751302536,88.33333333333333,88.33333333333333,10.0,E,1,34548,30177,False
176,717077,120,106,106,106,106,34548,30177,4371,0,1440,1440.0,1,0,87.34803751302536,88.33333333333333,88.33333333333333,10.0,E,1,34548,30177,False
177,717089,120,106,106,106,106,34548,30177,4371,0,1440,1440.0,1,0,87.34803751302536,88.33333333333333,88.33333333333333,10.0,E,1,34548,30177,False
178,717095,120,106,106,106,106,34548,30177,4371,0,1440,1440.0,1,0,87.34803751302536,88.33333333333333,88.33333333333333,10.0,W,1,34548,30177,False
179,717101,120,106,106,106,106,34548,30177,4371,0,1440,1440.0,1,0,87.34803751302536,88.33333333333333,88.33333333333333,10.0,W,1,34548,30177,False
180,717083,120,106,106,106,106,34548,30176,4372,0,1440,1440.0,1,0,87.34514298946394,88.33333333333333,88.33333333333333,10.0,E,1,34548,30176,False
181,766600,120,106,106,106,106,34548,30171,4377,0,1440,1440.0,1,0,87.33067037165682,88.33333333333333,88.33333333333333,60.0,E,1,34548,30171,False
182,769895,120,106,106,106,106,34548,30171,4377,0,1440,1440.0,1,0,87.33067037165682,88.33333333333333,88.33333333333333,210.0,E,1,34548,30171,False
183,773927,120,106,106,106,106,34548,30171,4377,0,1440,1440.0,1,0,87.33067037165682,88.33333333333333,88.33333333333333,134.0,E,1,34548,30171,False
184,761191,120,106,106,106,106,34548,30160,4388,0,1440,1440.0,1,0,87.29883061248118,88.33333333333333,88.33333333333333,210.0,E,1,34548,30160,False
185,764304,120,105,105,105,105,34548,30211,4337,0,1440,1440.0,1,0,87.4464513141137,87.5,87.5,14.0,N,1,34548,30211,False
186,765477,120,105,105,105,105,34548,30023,4525,0,1440,1440.0,1,0,86.9022808845664,87.5,87.5,210.0,E,1,34548,30023,False
187,716554,120,105,105,105,105,34548,29883,4665,0,1440,1440.0,1,0,86.49704758596735,87.5,87.5,134.0,W,1,34548,29883,False
188,717580,120,105,105,105,105,34548,29883,4665,0,1440,1440.0,1,0,86.49704758596735,87.5,87.5,134.0,E,1,34548,29883,False
189,766788,120,105,105,105,105,34548,29868,4680,0,1440,1440.0,1,0,86.45362973254602,87.5,87.5,60.0,W,1,34548,29868,False
190,764297,120,104,104,104,104,34548,29923,4625,0,1440,1440.0,1,0,86.61282852842422,86.66666666666667,86.66666666666667,14.0,S,1,34548,29923,False
191,761220,120,104,104,104,104,34548,29735,4813,0,1440,1440.0,1,0,86.06865809887692,86.66666666666667,86.66666666666667,210.0,E,1,34548,29735,False
192,766620,120,104,104,104,104,34548,29596,4952,0,1440,1440.0,1,0,85.66631932383929,86.66666666666667,86.66666666666667,60.0,E,1,34548,29596,False
193,717582,120,104,104,104,104,34548,29595,4953,0,1440,1440.0,1,0,85.66342480027788,86.66666666666667,86.66666666666667,134.0,W,1,34548,29595,False
194,717583,120,104,104,104,104,34548,29595,4953,0,1440,1440.0,1,0,85.66342480027788,86.66666666666667,86.66666666666667,134.0,E,1,34548,29595,False
195,770141,120,104,104,104,104,34548,29584,4964,0,1440,1440.0,1,0,85.63158504110224,86.66666666666667,86.66666666666667,210.0,W,1,34548,29584,False
196,767760,120,104,104,104,104,34548,29582,4966,0,1440,1440.0,1,0,85.6257959939794,86.66666666666667,86.66666666666667,110.0,N,1,34548,29582,False
197,717760,120,103,103,103,103,34548,29624,4924,0,1440,1440.0,1,0,85.7473659835591,85.83333333333333,85.83333333333333,405.0,N,1,34548,29624,False
198,717763,120,103,103,103,103,34548,29624,4924,0,1440,1440.0,1,0,85.7473659835591,85.83333333333333,85.83333333333333,405.0,N,1,34548,29624,False
199,716101,120,103,103,103,103,34548,29313,5235,0,1440,1440.0,1,0,84.84716915595693,85.83333333333333,85.83333333333333,10.0,W,1,34548,29313,False
200,717084,120,103,103,103,103,34548,29311,5237,0,1440,1440.0,1,0,84.84138010883409,85.83333333333333,85.83333333333333,10.0,E,1,34548,29311,False
201,717578,120,103,103,103,103,34548,29307,5241,0,1440,1440.0,1,0,84.8298020145884,85.83333333333333,85.83333333333333,134.0,E,1,34548,29307,False
202,767759,120,103,103,103,103,34548,29307,5241,0,1440,1440.0,1,0,84.8298020145884,85.83333333333333,85.83333333333333,110.0,S,1,34548,29307,False
203,774841,120,103,103,103,103,34548,29212,5336,0,1440,1440.0,1,0,84.55482227625333,85.83333333333333,85.83333333333333,57.0,N,1,34548,29212,False
204,764311,120,102,102,102,102,34548,29345,5203,0,1440,1440.0,1,0,84.93979390992243,85.0,85.0,14.0,S,1,34548,29345,False
205,763583,120,102,102,102,102,34548,29008,5540,0,1440,1440.0,1,0,83.96433946972328,85.0,85.0,57.0,S,1,34548,29008,False
206,717431,120,101,101,101,101,34548,28938,5610,0,1440,1440.0,1,0,83.76172282042376,84.16666666666667,84.16666666666667,91.0,E,1,34548,28938,False
207,770187,120,101,101,101,101,34548,28732,5816,0,1440,1440.0,1,0,83.16545096677088,84.16666666666667,84.16666666666667,210.0,W,1,34548,28732,False
208,770089,120,101,101,101,101,34548,28720,5828,0,1440,1440.0,1,0,83.13071668403381,84.16666666666667,84.16666666666667,210.0,E,1,34548,28720,False
209,716081,120,100,100,100,100,34548,28777,5771,0,1440,1440.0,1,0,83.29570452703484,83.33333333333333,83.33333333333333,10.0,E,1,34548,28777,False
210,717065,120,100,100,100,100,34548,28777,5771,0,1440,1440.0,1,0,83.29570452703484,83.33333333333333,83.33333333333333,10.0,W,1,34548,28777,False
211,769788,120,100,100,100,100,34548,28432,6116,0,1440,1440.0,1,0,82.29709389834433,83.33333333333333,83.33333333333333,210.0,E,1,34548,28432,False
212,718327,120,99,99,99,99,34548,28355,6193,0,1440,1440.0,1,0,82.07421558411485,82.5,82.5,91.0,W,1,34548,28355,False
213,775029,120,99,99,99,99,34548,28155,6393,0,1440,1440.0,1,0,81.4953108718305,82.5,82.5,10.0,W,1,34548,28155,False
214,718370,120,99,99,99,99,34548,28144,6404,0,1440,1440.0,1,0,81.46347111265486,82.5,82.5,5.0,S,1,34548,28144,False
215,718371,120,99,99,99,99,34548,28144,6404,0,1440,1440.0,1,0,81.46347111265486,82.5,82.5,5.0,N,1,34548,28144,False
216,766843,120,98,98,98,98,34548,28194,6354,0,1440,1440.0,1,0,81.60819729072594,81.66666666666667,81.66666666666667,60.0,E,1,34548,28194,False
217,764863,120,96,96,96,96,34548,27620,6928,0,1440,1440.0,1,0,79.94674076646984,80.0,80.0,101.0,N,1,34548,27620,False
218,769722,120,96,96,96,96,34548,27280,7268,0,1440,1440.0,1,0,78.96260275558643,80.0,80.0,210.0,W,1,34548,27280,False
219,765461,120,95,95,95,95,34548,27003,7545,0,1440,1440.0,1,0,78.1608197290726,79.16666666666667,79.16666666666667,60.0,W,1,34548,27003,False
220,766703,120,94,94,94,94,34548,26715,7833,0,1440,1440.0,1,0,77.32719694338311,78.33333333333333,78.33333333333333,14.0,S,1,34548,26715,False
221,760987,120,94,94,94,94,34548,26704,7844,0,1440,1440.0,1,0,77.29535718420748,78.33333333333333,78.33333333333333,134.0,E,1,34548,26704,False
222,716689,120,93,93,93,93,34548,26744,7804,0,1440,1440.0,1,0,77.41113812666435,77.5,77.5,405.0,N,1,34548,26744,False
223,717766,120,93,93,93,93,34548,26744,7804,0,1440,1440.0,1,0,77.41113812666435,77.5,77.5,405.0,S,1,34548,26744,False
224,772902,120,93,93,93,93,34548,26567,7981,0,1440,1440.0,1,0,76.8988074562927,77.5,77.5,210.0,W,1,34548,26567,False
225,772903,120,93,93,93,93,34548,26567,7981,0,1440,1440.0,1,0,76.8988074562927,77.5,77.5,210.0,E,1,34548,26567,False
226,765153,120,93,93,93,93,34548,26427,8121,0,1440,1440.0,1,0,76.49357415769364,77.5,77.5,405.0,S,1,34548,26427,False
227,761003,120,90,90,90,90,34548,25552,8996,0,1440,1440.0,1,0,73.96086604144958,75.0,75.0,134.0,E,1,34548,25552,False
228,777316,120,88,88,88,88,34548,25329,9219,0,1440,1440.0,1,0,73.31538728725252,73.33333333333333,73.33333333333333,47.0,N,1,34548,25329,False
229,717396,120,87,87,87,87,34548,25031,9517,0,1440,1440.0,1,0,72.45281926594882,72.5,72.5,91.0,E,1,34548,25031,False
230,717397,120,87,87,87,87,34548,25031,9517,0,1440,1440.0,1,0,72.45281926594882,72.5,72.5,91.0,W,1,34548,25031,False
231,769847,120,87,87,87,87,34548,24700,9848,0,1440,1440.0,1,0,71.49473196711821,72.5,72.5,210.0,E,1,34548,24700,False
232,717108,120,85,85,85,85,34548,24141,10407,0,1440,1440.0,1,0,69.87669329628343,70.83333333333333,70.83333333333333,10.0,W,1,34548,24141,False
233,717112,120,85,85,85,85,34548,24141,10407,0,1440,1440.0,1,0,69.87669329628343,70.83333333333333,70.83333333333333,10.0,W,1,34548,24141,False
234,716551,120,85,85,85,85,34548,24123,10425,0,1440,1440.0,1,0,69.82459187217783,70.83333333333333,70.83333333333333,134.0,W,1,34548,24123,False
235,772932,120,85,85,85,85,34548,24027,10521,0,1440,1440.0,1,0,69.54671761028135,70.83333333333333,70.83333333333333,210.0,E,1,34548,24027,False
236,716974,120,84,84,84,84,34548,23824,10724,0,1440,1440.0,1,0,68.95912932731272,70.0,70.0,5.0,N,1,34548,23824,False
237,716986,120,84,84,84,84,34548,23824,10724,0,1440,1440.0,1,0,68.95912932731272,70.0,70.0,5.0,S,1,34548,23824,False
238,777733,120,84,84,84,84,34548,23824,10724,0,1440,1440.0,1,0,68.95912932731272,70.0,70.0,5.0,S,1,34548,23824,False
239,773723,120,84,84,84,83,34548,23884,10664,0,1440,1440.0,1,0,69.13280074099804,69.16666666666667,69.16666666666667,605.0,N,1,34548,23884,False
240,717790,120,83,83,83,83,34548,23564,10984,0,1440,1440.0,1,0,68.20655320134306,69.16666666666667,69.16666666666667,405.0,N,1,34548,23564,False
241,717814,120,81,81,81,81,34548,22960,11588,0,1440,1440.0,1,0,66.4582609702443,67.5,67.5,405.0,N,1,34548,22960,False
242,718376,120,80,80,80,80,34548,23000,11548,0,1440,1440.0,1,0,66.57404191270118,66.66666666666667,66.66666666666667,5.0,S,1,34548,23000,False
243,763669,120,80,80,80,80,34548,23000,11548,0,1440,1440.0,1,0,66.57404191270118,66.66666666666667,66.66666666666667,5.0,N,1,34548,23000,False
244,716985,120,79,79,79,79,34548,22721,11827,0,1440,1440.0,1,0,65.76646983906448,65.83333333333333,65.83333333333333,5.0,N,1,34548,22721,False
245,766712,120,77,77,77,77,34548,22148,12400,0,1440,1440.0,1,0,64.1079078383698,64.16666666666667,64.16666666666667,14.0,S,1,34548,22148,False
246,717755,120,76,76,76,76,34548,21672,12876,0,1440,1440.0,1,0,62.73011462313303,63.333333333333336,63.333333333333336,405.0,N,1,34548,21672,False
247,717439,120,76,76,76,76,34548,21533,13015,0,1440,1440.0,1,0,62.327775848095406,63.333333333333336,63.333333333333336,91.0,E,1,34548,21533,False
248,764932,120,76,76,76,76,34548,21532,13016,0,1440,1440.0,1,0,62.32488132453398,63.333333333333336,63.333333333333336,101.0,N,1,34548,21532,False
249,764839,120,76,76,76,76,34548,21531,13017,0,1440,1440.0,1,0,62.32198680097256,63.333333333333336,63.333333333333336,101.0,N,1,34548,21531,False
250,759762,120,75,75,75,75,34548,21232,13316,0,1440,1440.0,1,0,61.45652425610744,62.5,62.5,5.0,S,1,34548,21232,False
251,759772,120,75,75,75,75,34548,21232,13316,0,1440,1440.0,1,0,61.45652425610744,62.5,62.5,5.0,S,1,34548,21232,False
252,759783,120,75,75,75,75,34548,21232,13316,0,1440,1440.0,1,0,61.45652425610744,62.5,62.5,5.0,S,1,34548,21232,False
253,717369,120,73,73,73,73,34548,20998,13550,0,1440,1440.0,1,0,60.779205742734746,60.833333333333336,60.833333333333336,91.0,E,1,34548,20998,False
254,761844,120,73,73,73,73,34548,20655,13893,0,1440,1440.0,1,0,59.78638416116707,60.833333333333336,60.833333333333336,605.0,N,1,34548,20655,False
255,775120,120,72,72,72,72,34548,20695,13853,0,1440,1440.0,1,0,59.90216510362394,60.0,60.0,405.0,N,1,34548,20695,False
256,775121,120,72,72,72,72,34548,20695,13853,0,1440,1440.0,1,0,59.90216510362394,60.0,60.0,405.0,S,1,34548,20695,False
257,770290,120,72,72,72,72,34548,20681,13867,0,1440,1440.0,1,0,59.86164177376404,60.0,60.0,210.0,W,1,34548,20681,False
258,764803,120,71,71,71,71,34548,20424,14124,0,1440,1440.0,1,0,59.117749218478636,59.166666666666664,59.166666666666664,101.0,N,1,34548,20424,False
259,777213,120,71,71,71,71,34548,20092,14456,0,1440,1440.0,1,0,58.15676739608661,59.166666666666664,59.166666666666664,710.0,S,1,34548,20092,False
260,764798,120,70,70,70,70,34548,20136,14412,0,1440,1440.0,1,0,58.284126432789165,58.333333333333336,58.333333333333336,101.0,S,1,34548,20136,False
261,769953,120,70,70,70,70,34548,20120,14428,0,1440,1440.0,1,0,58.23781405580642,58.333333333333336,58.333333333333336,210.0,W,1,34548,20120,False
262,770061,120,70,70,70,70,34548,19820,14728,0,1440,1440.0,1,0,57.36945698737988,58.333333333333336,58.333333333333336,210.0,E,1,34548,19820,False
263,717853,120,68,68,68,68,34548,19530,15018,0,1440,1440.0,1,0,56.53004515456756,56.666666666666664,56.666666666666664,605.0,S,1,34548,19530,False
264,717832,120,67,67,67,67,34548,18997,15551,0,1440,1440.0,1,0,54.987264096329746,55.833333333333336,55.833333333333336,605.0,S,1,34548,18997,False
265,717404,120,66,66,66,66,34548,18980,15568,0,1440,1370.0,1,0,54.938057195785575,55.0,55.0,91.0,W,1,34548,18980,False
266,766622,120,66,66,66,66,34548,18980,15568,0,1440,1440.0,1,0,54.938057195785575,55.0,55.0,60.0,W,1,34548,18980,False
267,717846,120,66,66,66,66,34548,18747,15801,0,1440,1440.0,1,0,54.263633205974294,55.0,55.0,605.0,S,1,34548,18747,False
268,759933,120,66,66,66,66,34548,18677,15871,0,1440,1440.0,1,0,54.06101655667477,55.0,55.0,5.0,S,1,34548,18677,False
269,717367,120,63,63,63,63,34548,18111,16437,0,1440,1177.5,1,0,52.42271622091004,52.5,52.5,91.0,E,1,34548,18111,False
270,768349,120,63,63,63,62,34548,17839,16709,0,1440,1265.0,1,0,51.63540581220331,51.666666666666664,51.666666666666664,10.0,W,1,34548,17839,False
271,769806,120,62,62,62,62,34548,17816,16732,0,1440,1265.0,1,0,51.56883177029061,51.666666666666664,51.666666666666664,210.0,E,1,34548,17816,False
272,717863,120,63,62,62,62,34548,17809,16739,0,1440,1037.5,1,0,51.54857010536066,51.666666666666664,51.666666666666664,605.0,N,1,34548,17809,False
273,768297,120,61,61,61,61,34548,17461,17087,0,1440,777.5,1,0,50.54127590598588,50.833333333333336,50.833333333333336,210.0,E,1,34548,17461,False
274,769807,120,60,60,60,60,34548,17216,17332,0,1440,370.0,1,0,49.832117633437534,50.0,50.0,210.0,W,1,34548,17216,False
275,717844,120,60,59,59,59,34548,16952,17596,0,1440,2.5,1,0,49.06796341322218,49.166666666666664,49.166666666666664,605.0,N,1,34548,16952,False
276,717426,120,57,57,57,57,34548,16392,18156,0,1440,0.0,1,0,47.44703021882598,47.5,47.5,91.0,E,1,34548,16392,False
277,770000,120,57,57,57,57,34548,16376,18172,0,1440,0.0,1,0,47.40071784184323,47.5,47.5,210.0,W,1,34548,16376,False
278,717831,120,58,57,57,57,34548,16365,18183,0,1440,0.0,1,0,47.36887808266759,47.5,47.5,605.0,N,1,34548,16365,False
279,768907,120,56,56,56,56,34548,16104,18444,0,1440,0.0,1,0,46.61340743313651,46.666666666666664,46.666666666666664,91.0,W,1,34548,16104,False
280,717617,120,56,56,56,56,34548,16088,18460,0,1440,0.0,1,0,46.567095056153754,46.666666666666664,46.666666666666664,210.0,E,1,34548,16088,False
281,775511,120,56,56,56,56,34548,16075,18473,0,1440,0.0,1,0,46.529466249855275,46.666666666666664,46.666666666666664,14.0,S,1,34548,16075,False
282,717838,120,54,54,54,54,34548,15528,19020,0,1440,0.0,1,0,44.94616186175755,45.0,45.0,605.0,S,1,34548,15528,False
283,769819,120,53,53,53,53,34548,15224,19324,0,1440,0.0,1,0,44.066226699085334,44.166666666666664,44.166666666666664,210.0,E,1,34548,15224,False
284,776480,120,53,53,53,53,34548,14936,19612,0,1440,0.0,1,0,43.232603913395856,44.166666666666664,44.166666666666664,101.0,N,1,34548,14936,False
285,776751,120,53,53,53,53,34548,14936,19612,0,1440,0.0,1,0,43.232603913395856,44.166666666666664,44.166666666666664,101.0,S,1,34548,14936,False
286,776752,120,53,53,53,53,34548,14936,19612,0,1440,0.0,1,0,43.232603913395856,44.166666666666664,44.166666666666664,101.0,N,1,34548,14936,False
287,716983,120,53,53,53,53,34548,14894,19654,0,1440,0.0,1,0,43.11103392381614,44.166666666666664,44.166666666666664,5.0,S,1,34548,14894,False
288,769831,120,52,52,52,52,34548,14947,19601,0,1440,0.0,1,0,43.264443672571495,43.333333333333336,43.333333333333336,210.0,E,1,34548,14947,False
289,717972,120,52,52,52,52,34548,14648,19900,0,1440,0.0,1,0,42.39898112770638,43.333333333333336,43.333333333333336,710.0,S,1,34548,14648,False
290,717992,120,52,52,52,52,34548,14648,19900,0,1440,0.0,1,0,42.39898112770638,43.333333333333336,43.333333333333336,710.0,N,1,34548,14648,False
291,718151,120,52,52,52,52,34548,14648,19900,0,1440,0.0,1,0,42.39898112770638,43.333333333333336,43.333333333333336,710.0,N,1,34548,14648,False
292,718488,120,52,52,52,52,34548,14648,19900,0,1440,0.0,1,0,42.39898112770638,43.333333333333336,43.333333333333336,710.0,N,1,34548,14648,False
293,761776,120,52,52,52,52,34548,14648,19900,0,1440,0.0,1,0,42.39898112770638,43.333333333333336,43.333333333333336,710.0,S,1,34548,14648,False
294,761851,120,52,52,52,52,34548,14648,19900,0,1440,0.0,1,0,42.39898112770638,43.333333333333336,43.333333333333336,710.0,S,1,34548,14648,False
295,770385,120,51,51,51,51,34548,14648,19900,0,1440,0.0,1,0,42.39898112770638,42.5,42.5,210.0,E,1,34548,14648,False
296,775535,120,51,51,51,51,34548,14614,19934,0,1440,0.0,1,0,42.30056732661804,42.5,42.5,5.0,N,1,34548,14614,False
297,775536,120,51,51,51,51,34548,14614,19934,0,1440,0.0,1,0,42.30056732661804,42.5,42.5,5.0,S,1,34548,14614,False
298,717983,120,50,50,50,50,34548,14072,20476,0,1440,0.0,1,0,40.73173555632743,41.666666666666664,41.666666666666664,710.0,N,1,34548,14072,False
299,717989,120,50,50,50,50,34548,14072,20476,0,1440,0.0,1,0,40.73173555632743,41.666666666666664,41.666666666666664,710.0,S,1,34548,14072,False
300,717399,120,49,49,49,49,34548,13974,20574,0,1440,0.0,1,0,40.44807224730809,40.833333333333336,40.833333333333336,91.0,W,1,34548,13974,False
301,777796,120,48,48,48,48,34548,13391,21157,0,1440,0.0,1,0,38.76056501099919,40.0,40.0,5.0,N,1,34548,13391,False
302,716328,120,47,47,47,47,34548,13208,21340,0,1440,0.0,1,0,38.230867199259,39.166666666666664,39.166666666666664,101.0,S,1,34548,13208,False
303,767790,120,46,46,46,46,34548,13218,21330,0,1440,0.0,1,0,38.25981243487322,38.333333333333336,38.333333333333336,14.0,S,1,34548,13218,False
304,767791,120,46,46,46,46,34548,13218,21330,0,1440,0.0,1,0,38.25981243487322,38.333333333333336,38.333333333333336,14.0,N,1,34548,13218,False
305,717368,120,100,95,79,46,34548,5189,29359,0,1410,97.5,1,0,15.019682760217668,38.333333333333336,38.333333333333336,91.0,W,1,34548,5189,False
306,718147,120,45,45,45,45,34548,12632,21916,0,1440,0.0,1,0,36.56362162788005,37.5,37.5,710.0,N,1,34548,12632,False
307,776493,120,44,44,44,44,34548,12344,22204,0,1440,0.0,1,0,35.729998842190575,36.666666666666664,36.666666666666664,710.0,N,1,34548,12344,False
308,717406,120,43,43,43,43,34548,12360,22188,0,1440,0.0,1,0,35.77631121917332,35.833333333333336,35.833333333333336,91.0,E,1,34548,12360,False
309,770544,120,43,43,43,43,34548,12352,22196,0,1440,0.0,1,0,35.75315503068195,35.833333333333336,35.833333333333336,210.0,E,1,34548,12352,False
310,773904,120,43,43,43,43,34548,12056,22492,0,1440,0.0,1,0,34.8963760565011,35.833333333333336,35.833333333333336,134.0,E,1,34548,12056,False
311,773906,120,43,43,43,43,34548,12056,22492,0,1440,0.0,1,0,34.8963760565011,35.833333333333336,35.833333333333336,134.0,W,1,34548,12056,False
312,777767,120,43,43,43,43,34548,12055,22493,0,1440,0.0,1,0,34.89348153293968,35.833333333333336,35.833333333333336,5.0,S,1,34548,12055,False
313,718012,120,42,42,42,42,34548,11768,22780,0,1440,0.0,1,0,34.062753270811626,35.0,35.0,710.0,S,1,34548,11768,False
314,717833,120,40,40,40,40,34548,11496,23052,0,1440,0.0,1,0,33.275442862104896,33.333333333333336,33.333333333333336,605.0,S,1,34548,11496,False
315,716981,120,40,40,40,40,34548,11480,23068,0,1440,0.0,1,0,33.22913048512215,33.333333333333336,33.333333333333336,5.0,N,1,34548,11480,False
316,718256,120,40,40,40,40,34548,11192,23356,0,1440,0.0,1,0,32.39550769943267,33.333333333333336,33.333333333333336,405.0,S,1,34548,11192,False
317,770545,120,39,39,39,39,34548,11171,23377,0,1440,0.0,1,0,32.334722704642815,32.5,32.5,210.0,W,1,34548,11171,False
318,717499,120,38,38,38,38,34548,10904,23644,0,1440,0.0,1,0,31.5618849137432,31.666666666666668,31.666666666666668,101.0,S,1,34548,10904,False
319,717501,120,38,38,38,38,34548,10904,23644,0,1440,0.0,1,0,31.5618849137432,31.666666666666668,31.666666666666668,101.0,N,1,34548,10904,False
320,717513,120,38,38,38,38,34548,10904,23644,0,1440,0.0,1,0,31.5618849137432,31.666666666666668,31.666666666666668,101.0,N,1,34548,10904,False
321,717514,120,38,38,38,38,34548,10904,23644,0,1440,0.0,1,0,31.5618849137432,31.666666666666668,31.666666666666668,101.0,S,1,34548,10904,False
322,717515,120,38,38,38,38,34548,10904,23644,0,1440,0.0,1,0,31.5618849137432,31.666666666666668,31.666666666666668,101.0,N,1,34548,10904,False
323,717518,120,38,38,38,38,34548,10904,23644,0,1440,0.0,1,0,31.5618849137432,31.666666666666668,31.666666666666668,101.0,S,1,34548,10904,False
324,717519,120,38,38,38,38,34548,10904,23644,0,1440,0.0,1,0,31.5618849137432,31.666666666666668,31.666666666666668,101.0,N,1,34548,10904,False
325,772609,120,38,38,38,38,34548,10904,23644,0,1440,0.0,1,0,31.5618849137432,31.666666666666668,31.666666666666668,101.0,N,1,34548,10904,False
326,772610,120,38,38,38,38,34548,10904,23644,0,1440,0.0,1,0,31.5618849137432,31.666666666666668,31.666666666666668,101.0,S,1,34548,10904,False
327,717418,120,34,34,34,34,34548,9763,24785,0,1440,0.0,1,0,28.259233530160934,28.333333333333332,28.333333333333332,91.0,E,1,34548,9763,False
328,764781,120,34,34,34,34,34548,9752,24796,0,1440,0.0,1,0,28.227393770985294,28.333333333333332,28.333333333333332,101.0,S,1,34548,9752,False
329,717442,120,33,33,33,33,34548,9503,25045,0,1440,0.0,1,0,27.50665740419127,27.5,27.5,91.0,W,1,34548,9503,False
330,717443,120,33,33,33,33,34548,9503,25045,0,1440,0.0,1,0,27.50665740419127,27.5,27.5,91.0,E,1,34548,9503,False
331,716978,120,33,33,33,33,34548,9474,25074,0,1440,0.0,1,0,27.42271622091004,27.5,27.5,5.0,N,1,34548,9474,False
332,717995,120,29,29,29,29,34548,8231,26317,0,1440,0.0,1,0,23.824823434062754,24.166666666666668,24.166666666666668,710.0,N,1,34548,8231,False
333,777245,120,26,26,26,26,34548,7477,27071,0,1440,0.0,1,0,21.642352668750725,21.666666666666668,21.666666666666668,710.0,S,1,34548,7477,False
334,777243,120,23,23,23,23,34548,6613,27935,0,1440,0.0,1,0,19.141484311682298,19.166666666666668,19.166666666666668,710.0,N,1,34548,6613,False
335,763408,120,21,21,21,21,34548,6048,28500,0,1440,0.0,1,0,17.506078499478985,17.5,17.5,110.0,N,1,34548,6048,False
336,716087,120,20,20,20,20,34548,5749,28799,0,1440,0.0,1,0,16.64061595461387,16.666666666666668,16.666666666666668,10.0,E,1,34548,5749,False
337,716979,120,20,20,20,20,34548,5432,29116,0,1440,0.0,1,0,15.723051985643163,16.666666666666668,16.666666666666668,5.0,S,1,34548,5432,False
338,777781,120,19,19,19,19,34548,5142,29406,0,1440,0.0,1,0,14.883640152830845,15.833333333333334,15.833333333333334,5.0,N,1,34548,5142,False
339,717914,120,18,18,18,18,34548,4978,29570,0,1440,0.0,1,0,14.408938288757671,15.0,15.0,605.0,S,1,34548,4978,False
340,767470,120,18,18,18,18,34548,4845,29703,0,1440,0.0,1,0,14.023966655088572,15.0,15.0,2.0,E,1,34548,4845,False
341,767471,120,18,18,18,18,34548,4845,29703,0,1440,0.0,1,0,14.023966655088572,15.0,15.0,2.0,W,1,34548,4845,False
342,716295,120,16,16,16,16,34548,4608,29940,0,1440,0.0,1,0,13.337964571031609,13.333333333333334,13.333333333333334,91.0,W,1,34548,4608,False
343,716296,120,16,16,16,16,34548,4608,29940,0,1440,0.0,1,0,13.337964571031609,13.333333333333334,13.333333333333334,91.0,E,1,34548,4608,False
344,717675,120,15,15,15,15,34548,4309,30239,0,1440,0.0,1,0,12.472502026166493,12.5,12.5,210.0,W,1,34548,4309,False
345,717676,120,15,15,15,15,34548,4309,30239,0,1440,0.0,1,0,12.472502026166493,12.5,12.5,210.0,W,1,34548,4309,False
346,717678,120,15,15,15,15,34548,4309,30239,0,1440,0.0,1,0,12.472502026166493,12.5,12.5,210.0,W,1,34548,4309,False
347,715944,120,15,15,15,15,34548,3992,30556,0,1440,0.0,1,0,11.554938057195786,12.5,12.5,5.0,N,1,34548,3992,False
348,716929,120,15,15,15,15,34548,3992,30556,0,1440,0.0,1,0,11.554938057195786,12.5,12.5,5.0,N,1,34548,3992,False
349,716930,120,15,15,15,15,34548,3992,30556,0,1440,0.0,1,0,11.554938057195786,12.5,12.5,5.0,S,1,34548,3992,False
350,716933,120,15,15,15,15,34548,3992,30556,0,1440,0.0,1,0,11.554938057195786,12.5,12.5,5.0,N,1,34548,3992,False
351,716934,120,15,15,15,15,34548,3992,30556,0,1440,0.0,1,0,11.554938057195786,12.5,12.5,5.0,S,1,34548,3992,False
352,717684,120,14,14,14,14,34548,4021,30527,0,1440,0.0,1,0,11.638879240477017,11.666666666666666,11.666666666666666,210.0,E,1,34548,4021,False
353,717214,120,14,14,14,14,34548,3902,30646,0,1440,0.0,1,0,11.294430936667824,11.666666666666666,11.666666666666666,10.0,E,1,34548,3902,False
354,717535,120,13,13,13,13,34548,3733,30815,0,1440,0.0,1,0,10.805256454787543,10.833333333333334,10.833333333333334,118.0,W,1,34548,3733,False
355,765920,120,13,13,13,13,34548,3733,30815,0,1440,0.0,1,0,10.805256454787543,10.833333333333334,10.833333333333334,118.0,E,1,34548,3733,False
356,765922,120,13,13,13,13,34548,3733,30815,0,1440,0.0,1,0,10.805256454787543,10.833333333333334,10.833333333333334,118.0,W,1,34548,3733,False
357,765958,120,13,13,13,13,34548,3733,30815,0,1440,0.0,1,0,10.805256454787543,10.833333333333334,10.833333333333334,118.0,E,1,34548,3733,False
358,765960,120,13,13,13,13,34548,3733,30815,0,1440,0.0,1,0,10.805256454787543,10.833333333333334,10.833333333333334,118.0,W,1,34548,3733,False
359,765993,120,13,13,13,13,34548,3733,30815,0,1440,0.0,1,0,10.805256454787543,10.833333333333334,10.833333333333334,118.0,W,1,34548,3733,False
360,765995,120,13,13,13,13,34548,3733,30815,0,1440,0.0,1,0,10.805256454787543,10.833333333333334,10.833333333333334,118.0,E,1,34548,3733,False
361,771268,120,13,13,13,13,34548,3733,30815,0,1440,0.0,1,0,10.805256454787543,10.833333333333334,10.833333333333334,23.0,N,1,34548,3733,False
362,771285,120,13,13,13,13,34548,3733,30815,0,1440,0.0,1,0,10.805256454787543,10.833333333333334,10.833333333333334,23.0,N,1,34548,3733,False
363,771294,120,13,13,13,13,34548,3733,30815,0,1440,0.0,1,0,10.805256454787543,10.833333333333334,10.833333333333334,23.0,N,1,34548,3733,False
364,771295,120,13,13,13,13,34548,3733,30815,0,1440,0.0,1,0,10.805256454787543,10.833333333333334,10.833333333333334,23.0,S,1,34548,3733,False
365,771306,120,13,13,13,13,34548,3733,30815,0,1440,0.0,1,0,10.805256454787543,10.833333333333334,10.833333333333334,23.0,N,1,34548,3733,False
366,771371,120,13,13,13,13,34548,3733,30815,0,1440,0.0,1,0,10.805256454787543,10.833333333333334,10.833333333333334,23.0,N,1,34548,3733,False
367,771385,120,13,13,13,13,34548,3733,30815,0,1440,0.0,1,0,10.805256454787543,10.833333333333334,10.833333333333334,23.0,S,1,34548,3733,False
368,771386,120,13,13,13,13,34548,3733,30815,0,1440,0.0,1,0,10.805256454787543,10.833333333333334,10.833333333333334,23.0,N,1,34548,3733,False
369,771410,120,13,13,13,13,34548,3733,30815,0,1440,0.0,1,0,10.805256454787543,10.833333333333334,10.833333333333334,23.0,N,1,34548,3733,False
370,771421,120,13,13,13,13,34548,3733,30815,0,1440,0.0,1,0,10.805256454787543,10.833333333333334,10.833333333333334,23.0,N,1,34548,3733,False
371,771441,120,13,13,13,13,34548,3733,30815,0,1440,0.0,1,0,10.805256454787543,10.833333333333334,10.833333333333334,23.0,N,1,34548,3733,False
372,771488,120,13,13,13,13,34548,3733,30815,0,1440,0.0,1,0,10.805256454787543,10.833333333333334,10.833333333333334,23.0,S,1,34548,3733,False
373,771706,120,13,13,13,13,34548,3733,30815,0,1440,0.0,1,0,10.805256454787543,10.833333333333334,10.833333333333334,118.0,E,1,34548,3733,False
374,771721,120,13,13,13,13,34548,3733,30815,0,1440,0.0,1,0,10.805256454787543,10.833333333333334,10.833333333333334,118.0,W,1,34548,3733,False
375,772092,120,13,13,13,13,34548,3733,30815,0,1440,0.0,1,0,10.805256454787543,10.833333333333334,10.833333333333334,118.0,W,1,34548,3733,False
376,772487,120,13,13,13,13,34548,3733,30815,0,1440,0.0,1,0,10.805256454787543,10.833333333333334,10.833333333333334,118.0,E,1,34548,3733,False
377,772488,120,13,13,13,13,34548,3733,30815,0,1440,0.0,1,0,10.805256454787543,10.833333333333334,10.833333333333334,118.0,W,1,34548,3733,False
378,759566,120,13,13,13,13,34548,3416,31132,0,1440,0.0,1,0,9.887692485816835,10.833333333333334,10.833333333333334,5.0,N,1,34548,3416,False
379,771318,120,12,12,12,12,34548,3445,31103,0,1440,0.0,1,0,9.971633669098066,10.0,10.0,23.0,N,1,34548,3445,False
380,771329,120,12,12,12,12,34548,3445,31103,0,1440,0.0,1,0,9.971633669098066,10.0,10.0,23.0,N,1,34548,3445,False
381,771340,120,12,12,12,12,34548,3445,31103,0,1440,0.0,1,0,9.971633669098066,10.0,10.0,23.0,N,1,34548,3445,False
382,771396,120,12,12,12,12,34548,3445,31103,0,1440,0.0,1,0,9.971633669098066,10.0,10.0,23.0,N,1,34548,3445,False
383,771400,120,12,12,12,12,34548,3445,31103,0,1440,0.0,1,0,9.971633669098066,10.0,10.0,23.0,S,1,34548,3445,False
384,771509,120,12,12,12,12,34548,3445,31103,0,1440,0.0,1,0,9.971633669098066,10.0,10.0,23.0,S,1,34548,3445,False
385,771521,120,12,12,12,12,34548,3445,31103,0,1440,0.0,1,0,9.971633669098066,10.0,10.0,23.0,S,1,34548,3445,False
386,771531,120,12,12,12,12,34548,3445,31103,0,1440,0.0,1,0,9.971633669098066,10.0,10.0,23.0,S,1,34548,3445,False
387,771542,120,12,12,12,12,34548,3445,31103,0,1440,0.0,1,0,9.971633669098066,10.0,10.0,23.0,S,1,34548,3445,False
388,772024,120,12,12,12,12,34548,3445,31103,0,1440,0.0,1,0,9.971633669098066,10.0,10.0,405.0,N,1,34548,3445,False
389,715938,120,12,12,12,12,34548,3128,31420,0,1440,0.0,1,0,9.054069700127359,10.0,10.0,5.0,N,1,34548,3128,False
390,718130,120,12,12,12,12,34548,3128,31420,0,1440,0.0,1,0,9.054069700127359,10.0,10.0,91.0,E,1,34548,3128,False
391,718364,120,12,12,12,12,34548,3128,31420,0,1440,0.0,1,0,9.054069700127359,10.0,10.0,5.0,S,1,34548,3128,False
392,765591,120,12,12,12,12,34548,3128,31420,0,1440,0.0,1,0,9.054069700127359,10.0,10.0,91.0,W,1,34548,3128,False
393,772857,120,11,11,11,11,34548,3168,31380,0,1440,0.0,1,0,9.169850642584231,9.166666666666666,9.166666666666666,210.0,E,1,34548,3168,False
394,772858,120,11,11,11,11,34548,3168,31380,0,1440,0.0,1,0,9.169850642584231,9.166666666666666,9.166666666666666,210.0,W,1,34548,3168,False
395,717211,120,11,11,11,11,34548,3166,31382,0,1440,0.0,1,0,9.164061595461387,9.166666666666666,9.166666666666666,10.0,W,1,34548,3166,False
396,760726,120,11,11,11,11,34548,3157,31391,0,1440,0.0,1,0,9.13801088340859,9.166666666666666,9.166666666666666,118.0,E,1,34548,3157,False
397,760738,120,11,11,11,11,34548,3157,31391,0,1440,0.0,1,0,9.13801088340859,9.166666666666666,9.166666666666666,118.0,E,1,34548,3157,False
398,760746,120,11,11,11,11,34548,3157,31391,0,1440,0.0,1,0,9.13801088340859,9.166666666666666,9.166666666666666,118.0,E,1,34548,3157,False
399,760756,120,11,11,11,11,34548,3157,31391,0,1440,0.0,1,0,9.13801088340859,9.166666666666666,9.166666666666666,118.0,E,1,34548,3157,False
400,760774,120,11,11,11,11,34548,3157,31391,0,1440,0.0,1,0,9.13801088340859,9.166666666666666,9.166666666666666,118.0,E,1,34548,3157,False
401,760782,120,11,11,11,11,34548,3157,31391,0,1440,0.0,1,0,9.13801088340859,9.166666666666666,9.166666666666666,118.0,E,1,34548,3157,False
402,760801,120,11,11,11,11,34548,3157,31391,0,1440,0.0,1,0,9.13801088340859,9.166666666666666,9.166666666666666,118.0,E,1,34548,3157,False
403,760814,120,11,11,11,11,34548,3157,31391,0,1440,0.0,1,0,9.13801088340859,9.166666666666666,9.166666666666666,118.0,E,1,34548,3157,False
404,760869,120,11,11,11,11,34548,3157,31391,0,1440,0.0,1,0,9.13801088340859,9.166666666666666,9.166666666666666,118.0,W,1,34548,3157,False
405,760892,120,11,11,11,11,34548,3157,31391,0,1440,0.0,1,0,9.13801088340859,9.166666666666666,9.166666666666666,118.0,W,1,34548,3157,False
406,760900,120,11,11,11,11,34548,3157,31391,0,1440,0.0,1,0,9.13801088340859,9.166666666666666,9.166666666666666,118.0,W,1,34548,3157,False
407,760911,120,11,11,11,11,34548,3157,31391,0,1440,0.0,1,0,9.13801088340859,9.166666666666666,9.166666666666666,118.0,W,1,34548,3157,False
408,760932,120,11,11,11,11,34548,3157,31391,0,1440,0.0,1,0,9.13801088340859,9.166666666666666,9.166666666666666,118.0,W,1,34548,3157,False
409,760959,120,11,11,11,11,34548,3157,31391,0,1440,0.0,1,0,9.13801088340859,9.166666666666666,9.166666666666666,118.0,W,1,34548,3157,False
410,760971,120,11,11,11,11,34548,3157,31391,0,1440,0.0,1,0,9.13801088340859,9.166666666666666,9.166666666666666,118.0,W,1,34548,3157,False
411,764064,120,11,11,11,11,34548,3157,31391,0,1440,0.0,1,0,9.13801088340859,9.166666666666666,9.166666666666666,118.0,W,1,34548,3157,False
412,764068,120,11,11,11,11,34548,3157,31391,0,1440,0.0,1,0,9.13801088340859,9.166666666666666,9.166666666666666,118.0,E,1,34548,3157,False
413,764072,120,11,11,11,11,34548,3157,31391,0,1440,0.0,1,0,9.13801088340859,9.166666666666666,9.166666666666666,118.0,E,1,34548,3157,False
414,764076,120,11,11,11,11,34548,3157,31391,0,1440,0.0,1,0,9.13801088340859,9.166666666666666,9.166666666666666,118.0,W,1,34548,3157,False
415,764085,120,11,11,11,11,34548,3157,31391,0,1440,0.0,1,0,9.13801088340859,9.166666666666666,9.166666666666666,118.0,W,1,34548,3157,False
416,764177,120,11,11,11,11,34548,3157,31391,0,1440,0.0,1,0,9.13801088340859,9.166666666666666,9.166666666666666,118.0,W,1,34548,3157,False
417,764181,120,11,11,11,11,34548,3157,31391,0,1440,0.0,1,0,9.13801088340859,9.166666666666666,9.166666666666666,118.0,E,1,34548,3157,False
418,764185,120,11,11,11,11,34548,3157,31391,0,1440,0.0,1,0,9.13801088340859,9.166666666666666,9.166666666666666,118.0,E,1,34548,3157,False
419,764189,120,11,11,11,11,34548,3157,31391,0,1440,0.0,1,0,9.13801088340859,9.166666666666666,9.166666666666666,118.0,W,1,34548,3157,False
420,772118,120,11,11,11,11,34548,3157,31391,0,1440,0.0,1,0,9.13801088340859,9.166666666666666,9.166666666666666,118.0,E,1,34548,3157,False
421,772119,120,11,11,11,11,34548,3157,31391,0,1440,0.0,1,0,9.13801088340859,9.166666666666666,9.166666666666666,118.0,W,1,34548,3157,False
422,717986,120,11,11,11,11,34548,3137,31411,0,1440,0.0,1,0,9.080120412180156,9.166666666666666,9.166666666666666,710.0,S,1,34548,3137,False
423,717541,120,10,10,10,10,34548,2869,31679,0,1440,0.0,1,0,8.304388097719116,8.333333333333334,8.333333333333334,118.0,E,1,34548,2869,False
424,717661,120,10,10,10,10,34548,2869,31679,0,1440,0.0,1,0,8.304388097719116,8.333333333333334,8.333333333333334,210.0,W,1,34548,2869,False
425,717664,120,10,10,10,10,34548,2869,31679,0,1440,0.0,1,0,8.304388097719116,8.333333333333334,8.333333333333334,210.0,W,1,34548,2869,False
426,717220,120,9,9,9,9,34548,2592,31956,0,1440,0.0,1,0,7.50260507120528,7.5,7.5,10.0,W,1,34548,2592,False
427,717549,120,9,9,9,9,34548,2592,31956,0,1440,0.0,1,0,7.50260507120528,7.5,7.5,118.0,W,1,34548,2592,False
428,717553,120,9,9,9,9,34548,2592,31956,0,1440,0.0,1,0,7.50260507120528,7.5,7.5,118.0,E,1,34548,2592,False
429,717566,120,9,9,9,9,34548,2592,31956,0,1440,0.0,1,0,7.50260507120528,7.5,7.5,118.0,W,1,34548,2592,False
430,760693,120,9,9,9,9,34548,2592,31956,0,1440,0.0,1,0,7.50260507120528,7.5,7.5,118.0,E,1,34548,2592,False
431,764161,120,9,9,9,9,34548,2592,31956,0,1440,0.0,1,0,7.50260507120528,7.5,7.5,118.0,W,1,34548,2592,False
432,764165,120,9,9,9,9,34548,2592,31956,0,1440,0.0,1,0,7.50260507120528,7.5,7.5,118.0,E,1,34548,2592,False
433,717533,120,9,9,9,9,34548,2581,31967,0,1440,0.0,1,0,7.47076531202964,7.5,7.5,118.0,E,1,34548,2581,False
434,717536,120,9,9,9,9,34548,2581,31967,0,1440,0.0,1,0,7.47076531202964,7.5,7.5,118.0,E,1,34548,2581,False
435,717537,120,9,9,9,9,34548,2581,31967,0,1440,0.0,1,0,7.47076531202964,7.5,7.5,118.0,W,1,34548,2581,False
436,717543,120,9,9,9,9,34548,2581,31967,0,1440,0.0,1,0,7.47076531202964,7.5,7.5,118.0,E,1,34548,2581,False
437,717544,120,9,9,9,9,34548,2581,31967,0,1440,0.0,1,0,7.47076531202964,7.5,7.5,118.0,W,1,34548,2581,False
438,772011,120,9,9,9,9,34548,2581,31967,0,1440,0.0,1,0,7.47076531202964,7.5,7.5,405.0,N,1,34548,2581,False
439,764081,120,9,9,9,9,34548,2575,31973,0,1440,0.0,1,0,7.453398170661109,7.5,7.5,118.0,E,1,34548,2575,False
440,718259,120,9,9,9,9,34548,2264,32284,0,1440,0.0,1,0,6.553201343058933,7.5,7.5,405.0,N,1,34548,2264,False
441,717216,120,8,8,8,8,34548,2304,32244,0,1440,0.0,1,0,6.6689822855158045,6.666666666666667,6.666666666666667,10.0,W,1,34548,2304,False
442,717413,120,8,8,8,8,34548,2304,32244,0,1440,0.0,1,0,6.6689822855158045,6.666666666666667,6.666666666666667,91.0,W,1,34548,2304,False
443,717424,120,8,8,8,8,34548,2304,32244,0,1440,0.0,1,0,6.6689822855158045,6.666666666666667,6.666666666666667,91.0,W,1,34548,2304,False
444,717554,120,8,8,8,8,34548,2304,32244,0,1440,0.0,1,0,6.6689822855158045,6.666666666666667,6.666666666666667,118.0,W,1,34548,2304,False
445,760686,120,8,8,8,8,34548,2304,32244,0,1440,0.0,1,0,6.6689822855158045,6.666666666666667,6.666666666666667,118.0,E,1,34548,2304,False
446,768898,120,8,8,8,8,34548,2304,32244,0,1440,0.0,1,0,6.6689822855158045,6.666666666666667,6.666666666666667,91.0,E,1,34548,2304,False
447,771360,120,8,8,8,8,34548,2304,32244,0,1440,0.0,1,0,6.6689822855158045,6.666666666666667,6.666666666666667,23.0,N,1,34548,2304,False
448,771767,120,8,8,8,8,34548,2304,32244,0,1440,0.0,1,0,6.6689822855158045,6.666666666666667,6.666666666666667,405.0,N,1,34548,2304,False
449,717539,120,8,8,8,8,34548,2293,32255,0,1440,0.0,1,0,6.637142526340164,6.666666666666667,6.666666666666667,118.0,E,1,34548,2293,False
450,771577,120,8,8,8,8,34548,2293,32255,0,1440,0.0,1,0,6.637142526340164,6.666666666666667,6.666666666666667,23.0,S,1,34548,2293,False
451,771578,120,8,8,8,8,34548,2293,32255,0,1440,0.0,1,0,6.637142526340164,6.666666666666667,6.666666666666667,23.0,N,1,34548,2293,False
452,717390,120,7,7,7,7,34548,2016,32532,0,1440,0.0,1,0,5.835359499826328,5.833333333333333,5.833333333333333,91.0,E,1,34548,2016,False
453,766027,120,7,7,7,7,34548,2016,32532,0,1440,0.0,1,0,5.835359499826328,5.833333333333333,5.833333333333333,118.0,W,1,34548,2016,False
454,766029,120,7,7,7,7,34548,2016,32532,0,1440,0.0,1,0,5.835359499826328,5.833333333333333,5.833333333333333,118.0,E,1,34548,2016,False
455,718118,120,7,7,7,7,34548,2005,32543,0,1440,0.0,1,0,5.803519740650689,5.833333333333333,5.833333333333333,10.0,E,1,34548,2005,False
456,771553,120,7,7,7,7,34548,2005,32543,0,1440,0.0,1,0,5.803519740650689,5.833333333333333,5.833333333333333,23.0,S,1,34548,2005,False
457,764021,120,7,7,7,6,34548,1747,32801,0,1440,0.0,1,0,5.056732661803867,5.0,5.0,605.0,S,1,34548,1747,False
458,717387,120,6,6,6,6,34548,1728,32820,0,1440,0.0,1,0,5.001736714136853,5.0,5.0,91.0,E,1,34548,1728,False
459,717388,120,6,6,6,6,34548,1728,32820,0,1440,0.0,1,0,5.001736714136853,5.0,5.0,91.0,W,1,34548,1728,False
460,760941,120,6,6,6,6,34548,1717,32831,0,1440,0.0,1,0,4.9698969549612135,5.0,5.0,118.0,W,1,34548,1717,False
461,717205,120,6,6,6,6,34548,1705,32843,0,1440,0.0,1,0,4.935162672224152,5.0,5.0,10.0,E,1,34548,1705,False
462,717209,120,5,5,5,5,34548,1440,33108,0,1440,0.0,1,0,4.168113928447378,4.166666666666667,4.166666666666667,10.0,W,1,34548,1440,False
463,767609,120,5,5,5,5,34548,1440,33108,0,1440,0.0,1,0,4.168113928447378,4.166666666666667,4.166666666666667,2.0,E,1,34548,1440,False
464,767610,120,5,5,5,5,34548,1440,33108,0,1440,0.0,1,0,4.168113928447378,4.166666666666667,4.166666666666667,2.0,W,1,34548,1440,False
465,718119,120,5,5,5,5,34548,1438,33110,0,1440,0.0,1,0,4.162324881324534,4.166666666666667,4.166666666666667,10.0,E,1,34548,1438,False
466,717116,120,5,5,5,5,34548,1429,33119,0,1440,0.0,1,0,4.136274169271738,4.166666666666667,4.166666666666667,10.0,W,1,34548,1429,False
467,776487,120,5,5,5,5,34548,1428,33120,0,1440,0.0,1,0,4.133379645710316,4.166666666666667,4.166666666666667,605.0,N,1,34548,1428,False
468,717202,120,5,5,5,5,34548,1427,33121,0,1440,0.0,1,0,4.130485122148894,4.166666666666667,4.166666666666667,10.0,W,1,34548,1427,False
469,717224,120,4,4,4,4,34548,1152,33396,0,1440,0.0,1,0,3.3344911427579023,3.3333333333333335,3.3333333333333335,10.0,W,1,34548,1152,False
470,763367,120,4,4,4,4,34548,1152,33396,0,1440,0.0,1,0,3.3344911427579023,3.3333333333333335,3.3333333333333335,110.0,N,1,34548,1152,False
471,716977,120,3,3,3,3,34548,864,33684,0,1440,0.0,1,0,2.5008683570684265,2.5,2.5,5.0,S,1,34548,864,False
472,717226,120,3,3,3,3,34548,864,33684,0,1440,0.0,1,0,2.5008683570684265,2.5,2.5,10.0,W,1,34548,864,False
473,716928,120,3,3,3,3,34548,863,33685,0,1440,0.0,1,0,2.4979738335070047,2.5,2.5,5.0,S,1,34548,863,False
474,716955,120,3,3,3,3,34548,631,33917,0,915,0.0,1,0,1.8264443672571495,2.5,2.5,5.0,S,1,34548,631,False
475,717956,120,2,2,2,2,34548,576,33972,0,1440,0.0,1,0,1.6672455713789511,1.6666666666666667,1.6666666666666667,605.0,N,1,34548,576,False
476,717958,120,2,2,2,2,34548,576,33972,0,1440,0.0,1,0,1.6672455713789511,1.6666666666666667,1.6666666666666667,605.0,N,1,34548,576,False
477,765501,120,2,2,2,2,34548,576,33972,0,1440,0.0,1,0,1.6672455713789511,1.6666666666666667,1.6666666666666667,605.0,S,1,34548,576,False
478,717867,120,1,1,1,1,34548,288,34260,0,1440,0.0,1,0,0.8336227856894756,0.8333333333333334,0.8333333333333334,605.0,S,1,34548,288,False
479,717836,120,1,1,1,1,34548,277,34271,0,740,0.0,1,0,0.8017830265138358,0.8333333333333334,0.8333333333333334,605.0,N,1,34548,277,False
480,760765,120,1,1,1,1,34548,260,34288,0,960,0.0,1,0,0.7525761259696654,0.8333333333333334,0.8333333333333334,118.0,E,1,34548,260,False
481,715898,120,0,0,0,0,34548,0,34548,0,0,0.0,1,0,0.0,0.0,0.0,5.0,N,1,34548,0,False
482,715915,120,0,0,0,0,34548,0,34548,0,0,0.0,1,0,0.0,0.0,0.0,5.0,N,1,34548,0,False
483,715916,120,0,0,0,0,34548,0,34548,0,0,0.0,1,0,0.0,0.0,0.0,5.0,S,1,34548,0,False
484,715918,120,0,0,0,0,34548,0,34548,0,0,0.0,1,0,0.0,0.0,0.0,5.0,N,1,34548,0,False
485,715920,120,0,0,0,0,34548,0,34548,0,0,0.0,1,0,0.0,0.0,0.0,5.0,S,1,34548,0,False
486,715929,120,0,0,0,0,34548,0,34548,0,0,0.0,1,0,0.0,0.0,0.0,5.0,S,1,34548,0,False
487,715930,120,0,0,0,0,34548,0,34548,0,0,0.0,1,0,0.0,0.0,0.0,5.0,N,1,34548,0,False
488,715933,120,0,0,0,0,34548,0,34548,0,0,0.0,1,0,0.0,0.0,0.0,5.0,N,1,34548,0,False
489,715947,120,0,0,0,0,34548,0,34548,0,0,0.0,1,0,0.0,0.0,0.0,5.0,S,1,34548,0,False
490,715996,120,0,0,0,0,34548,0,34548,0,0,0.0,1,0,0.0,0.0,0.0,5.0,S,1,34548,0,False
491,716016,120,0,0,0,0,34548,0,34548,0,0,0.0,1,0,0.0,0.0,0.0,5.0,S,1,34548,0,False
492,716017,120,0,0,0,0,34548,0,34548,0,0,0.0,1,0,0.0,0.0,0.0,5.0,N,1,34548,0,False
493,716023,120,0,0,0,0,34548,0,34548,0,0,0.0,1,0,0.0,0.0,0.0,5.0,N,1,34548,0,False
494,716028,120,0,0,0,0,34548,0,34548,0,0,0.0,1,0,0.0,0.0,0.0,10.0,E,1,34548,0,False
495,716032,120,0,0,0,0,34548,0,34548,0,0,0.0,1,0,0.0,0.0,0.0,10.0,W,1,34548,0,False
496,716036,120,0,0,0,0,34548,0,34548,0,0,0.0,1,0,0.0,0.0,0.0,10.0,E,1,34548,0,False
497,716047,120,0,0,0,0,34548,0,34548,0,0,0.0,1,0,0.0,0.0,0.0,10.0,E,1,34548,0,False
498,716050,120,0,0,0,0,34548,0,34548,0,0,0.0,1,0,0.0,0.0,0.0,10.0,E,1,34548,0,False
499,716057,120,0,0,0,0,34548,0,34548,0,0,0.0,1,0,0.0,0.0,0.0,10.0,E,1,34548,0,False
500,716063,120,0,0,0,0,34548,0,34548,0,0,0.0,1,0,0.0,0.0,0.0,10.0,W,1,34548,0,False
501,716067,120,0,0,0,0,34548,0,34548,0,0,0.0,1,0,0.0,0.0,0.0,10.0,E,1,34548,0,False
502,716069,120,0,0,0,0,34548,0,34548,0,0,0.0,1,0,0.0,0.0,0.0,10.0,E,1,34548,0,False
503,716072,120,0,0,0,0,34548,0,34548,0,0,0.0,1,0,0.0,0.0,0.0,10.0,E,1,34548,0,False
504,716075,120,0,0,0,0,34548,0,34548,0,0,0.0,1,0,0.0,0.0,0.0,10.0,E,1,34548,0,False
505,716076,120,0,0,0,0,34548,0,34548,0,0,0.0,1,0,0.0,0.0,0.0,10.0,W,1,34548,0,False
506,716078,120,0,0,0,0,34548,0,34548,0,0,0.0,1,0,0.0,0.0,0.0,10.0,E,1,34548,0,False
507,716084,120,0,0,0,0,34548,0,34548,0,0,0.0,1,0,0.0,0.0,0.0,10.0,W,1,34548,0,False
508,716092,120,0,0,0,0,34548,0,34548,0,0,0.0,1,0,0.0,0.0,0.0,10.0,E,1,34548,0,False
509,716126,120,0,0,0,0,34548,0,34548,0,0,0.0,1,0,0.0,0.0,0.0,10.0,E,1,34548,0,False
510,716143,120,0,0,0,0,34548,0,34548,0,0,0.0,1,0,0.0,0.0,0.0,210.0,E,1,34548,0,False
511,716146,120,0,0,0,0,34548,0,34548,0,0,0.0,1,0,0.0,0.0,0.0,10.0,W,1,34548,0,False
512,716172,120,0,0,0,0,34548,0,34548,0,0,0.0,1,0,0.0,0.0,0.0,10.0,E,1,34548,0,False
513,716174,120,0,0,0,0,34548,0,34548,0,0,0.0,1,0,0.0,0.0,0.0,10.0,W,1,34548,0,False
514,716176,120,0,0,0,0,34548,0,34548,0,0,0.0,1,0,0.0,0.0,0.0,10.0,W,1,34548,0,False
515,716181,120,0,0,0,0,34548,0,34548,0,0,0.0,1,0,0.0,0.0,0.0,10.0,E,1,34548,0,False
516,716193,120,0,0,0,0,34548,0,34548,0,0,0.0,1,0,0.0,0.0,0.0,10.0,W,1,34548,0,False
517,716203,120,0,0,0,0,34548,0,34548,0,0,0.0,1,0,0.0,0.0,0.0,57.0,N,1,34548,0,False
518,716206,120,0,0,0,0,34548,0,34548,0,0,0.0,1,0,0.0,0.0,0.0,60.0,W,1,34548,0,False
519,716213,120,0,0,0,0,34548,0,34548,0,0,0.0,1,0,0.0,0.0,0.0,60.0,E,1,34548,0,False
520,716235,120,0,0,0,0,34548,0,34548,0,0,0.0,1,0,0.0,0.0,0.0,60.0,E,1,34548,0,False
521,716237,120,0,0,0,0,34548,0,34548,0,0,0.0,1,0,0.0,0.0,0.0,60.0,E,1,34548,0,False
522,716238,120,0,0,0,0,34548,0,34548,0,0,0.0,1,0,0.0,0.0,0.0,60.0,W,1,34548,0,False
523,716241,120,0,0,0,0,34548,0,34548,0,0,0.0,1,0,0.0,0.0,0.0,60.0,W,1,34548,0,False
524,716253,120,0,0,0,0,34548,0,34548,0,0,0.0,1,0,0.0,0.0,0.0,60.0,W,1,34548,0,False
525,716254,120,0,0,0,0,34548,0,34548,0,0,0.0,1,0,0.0,0.0,0.0,60.0,E,1,34548,0,False
526,716265,120,0,0,0,0,34548,0,34548,0,0,0.0,1,0,0.0,0.0,0.0,60.0,E,1,34548,0,False
527,716271,120,0,0,0,0,34548,0,34548,0,0,0.0,1,0,0.0,0.0,0.0,71.0,S,1,34548,0,False
528,716272,120,0,0,0,0,34548,0,34548,0,0,0.0,1,0,0.0,0.0,0.0,91.0,E,1,34548,0,False
529,716273,120,0,0,0,0,34548,0,34548,0,0,0.0,1,0,0.0,0.0,0.0,91.0,E,1,34548,0,False
530,716311,120,0,0,0,0,34548,0,34548,0,0,0.0,1,0,0.0,0.0,0.0,91.0,W,1,34548,0,False
531,716312,120,0,0,0,0,34548,0,34548,0,0,0.0,1,0,0.0,0.0,0.0,91.0,E,1,34548,0,False
532,716313,120,0,0,0,0,34548,0,34548,0,0,0.0,1,0,0.0,0.0,0.0,91.0,E,1,34548,0,False
533,716314,120,0,0,0,0,34548,0,34548,0,0,0.0,1,0,0.0,0.0,0.0,91.0,W,1,34548,0,False
534,716331,120,0,0,0,0,34548,0,34548,0,0,0.0,1,0,0.0,0.0,0.0,101.0,S,1,34548,0,False
535,716337,120,0,0,0,0,34548,0,34548,0,0,0.0,1,0,0.0,0.0,0.0,101.0,N,1,34548,0,False
536,716339,120,0,0,0,0,34548,0,34548,0,0,0.0,1,0,0.0,0.0,0.0,101.0,S,1,34548,0,False
537,716359,120,0,0,0,0,34548,0,34548,0,0,0.0,1,0,0.0,0.0,0.0,101.0,N,1,34548,0,False
538,716390,120,0,0,0,0,34548,0,34548,0,0,0.0,1,0,0.0,0.0,0.0,101.0,S,1,34548,0,False
539,716391,120,0,0,0,0,34548,0,34548,0,0,0.0,1,0,0.0,0.0,0.0,101.0,S,1,34548,0,False
540,716392,120,0,0,0,0,34548,0,34548,0,0,0.0,1,0,0.0,0.0,0.0,101.0,S,1,34548,0,False
541,716402,120,0,0,0,0,34548,0,34548,0,0,0.0,1,0,0.0,0.0,0.0,105.0,W,1,34548,0,False
542,716404,120,0,0,0,0,34548,0,34548,0,0,0.0,1,0,0.0,0.0,0.0,105.0,W,1,34548,0,False
543,716405,120,0,0,0,0,34548,0,34548,0,0,0.0,1,0,0.0,0.0,0.0,105.0,W,1,34548,0,False
544,716407,120,0,0,0,0,34548,0,34548,0,0,0.0,1,0,0.0,0.0,0.0,105.0,W,1,34548,0,False
545,716409,120,0,0,0,0,34548,0,34548,0,0,0.0,1,0,0.0,0.0,0.0,105.0,W,1,34548,0,False
546,716413,120,0,0,0,0,34548,0,34548,0,0,0.0,1,0,0.0,0.0,0.0,105.0,W,1,34548,0,False
547,716414,120,0,0,0,0,34548,0,34548,0,0,0.0,1,0,0.0,0.0,0.0,105.0,E,1,34548,0,False
548,716419,120,0,0,0,0,34548,0,34548,0,0,0.0,1,0,0.0,0.0,0.0,105.0,E,1,34548,0,False
549,716420,120,0,0,0,0,34548,0,34548,0,0,0.0,1,0,0.0,0.0,0.0,105.0,W,1,34548,0,False
550,716421,120,0,0,0,0,34548,0,34548,0,0,0.0,1,0,0.0,0.0,0.0,105.0,E,1,34548,0,False
551,716422,120,0,0,0,0,34548,0,34548,0,0,0.0,1,0,0.0,0.0,0.0,105.0,W,1,34548,0,False
552,716424,120,0,0,0,0,34548,0,34548,0,0,0.0,1,0,0.0,0.0,0.0,105.0,E,1,34548,0,False
553,716426,120,0,0,0,0,34548,0,34548,0,0,0.0,1,0,0.0,0.0,0.0,105.0,W,1,34548,0,False
554,716427,120,0,0,0,0,34548,0,34548,0,0,0.0,1,0,0.0,0.0,0.0,105.0,E,1,34548,0,False
555,716428,120,0,0,0,0,34548,0,34548,0,0,0.0,1,0,0.0,0.0,0.0,105.0,W,1,34548,0,False
556,716431,120,0,0,0,0,34548,0,34548,0,0,0.0,1,0,0.0,0.0,0.0,105.0,E,1,34548,0,False
557,716433,120,0,0,0,0,34548,0,34548,0,0,0.0,1,0,0.0,0.0,0.0,105.0,E,1,34548,0,False
558,716434,120,0,0,0,0,34548,0,34548,0,0,0.0,1,0,0.0,0.0,0.0,105.0,W,1,34548,0,False
559,716437,120,0,0,0,0,34548,0,34548,0,0,0.0,1,0,0.0,0.0,0.0,105.0,W,1,34548,0,False
560,716440,120,0,0,0,0,34548,0,34548,0,0,0.0,1,0,0.0,0.0,0.0,105.0,E,1,34548,0,False
561,716441,120,0,0,0,0,34548,0,34548,0,0,0.0,1,0,0.0,0.0,0.0,105.0,W,1,34548,0,False
562,716442,120,0,0,0,0,34548,0,34548,0,0,0.0,1,0,0.0,0.0,0.0,105.0,E,1,34548,0,False
563,716443,120,0,0,0,0,34548,0,34548,0,0,0.0,1,0,0.0,0.0,0.0,105.0,W,1,34548,0,False
564,716448,120,0,0,0,0,34548,0,34548,0,0,0.0,1,0,0.0,0.0,0.0,105.0,W,1,34548,0,False
565,716449,120,0,0,0,0,34548,0,34548,0,0,0.0,1,0,0.0,0.0,0.0,105.0,E,1,34548,0,False
566,716450,120,0,0,0,0,34548,0,34548,0,0,0.0,1,0,0.0,0.0,0.0,105.0,W,1,34548,0,False
567,716453,120,0,0,0,0,34548,0,34548,0,0,0.0,1,0,0.0,0.0,0.0,105.0,E,1,34548,0,False
568,716456,120,0,0,0,0,34548,0,34548,0,0,0.0,1,0,0.0,0.0,0.0,105.0,E,1,34548,0,False
569,716457,120,0,0,0,0,34548,0,34548,0,0,0.0,1,0,0.0,0.0,0.0,105.0,W,1,34548,0,False
570,716459,120,0,0,0,0,34548,0,34548,0,0,0.0,1,0,0.0,0.0,0.0,105.0,W,1,34548,0,False
571,716460,120,0,0,0,0,34548,0,34548,0,0,0.0,1,0,0.0,0.0,0.0,105.0,E,1,34548,0,False
572,716461,120,0,0,0,0,34548,0,34548,0,0,0.0,1,0,0.0,0.0,0.0,105.0,W,1,34548,0,False
573,716466,120,0,0,0,0,34548,0,34548,0,0,0.0,1,0,0.0,0.0,0.0,105.0,E,1,34548,0,False
574,716470,120,0,0,0,0,34548,0,34548,0,0,0.0,1,0,0.0,0.0,0.0,105.0,E,1,34548,0,False
575,716471,120,0,0,0,0,34548,0,34548,0,0,0.0,1,0,0.0,0.0,0.0,105.0,W,1,34548,0,False
576,716481,120,0,0,0,0,34548,0,34548,0,0,0.0,1,0,0.0,0.0,0.0,110.0,S,1,34548,0,False
577,716484,120,0,0,0,0,34548,0,34548,0,0,0.0,1,0,0.0,0.0,0.0,110.0,N,1,34548,0,False
578,716485,120,0,0,0,0,34548,0,34548,0,0,0.0,1,0,0.0,0.0,0.0,110.0,S,1,34548,0,False
579,716490,120,0,0,0,0,34548,0,34548,0,0,0.0,1,0,0.0,0.0,0.0,110.0,N,1,34548,0,False
580,716491,120,0,0,0,0,34548,0,34548,0,0,0.0,1,0,0.0,0.0,0.0,110.0,S,1,34548,0,False
581,716494,120,0,0,0,0,34548,0,34548,0,0,0.0,1,0,0.0,0.0,0.0,110.0,S,1,34548,0,False
582,716495,120,0,0,0,0,34548,0,34548,0,0,0.0,1,0,0.0,0.0,0.0,110.0,N,1,34548,0,False
583,716499,120,0,0,0,0,34548,0,34548,0,0,0.0,1,0,0.0,0.0,0.0,110.0,N,1,34548,0,False
584,716500,120,0,0,0,0,34548,0,34548,0,0,0.0,1,0,0.0,0.0,0.0,110.0,S,1,34548,0,False
585,716571,120,0,0,0,0,34548,0,34548,0,0,0.0,1,0,0.0,0.0,0.0,170.0,S,1,34548,0,False
586,716573,120,0,0,0,0,34548,0,34548,0,0,0.0,1,0,0.0,0.0,0.0,170.0,S,1,34548,0,False
587,716626,120,0,0,0,0,34548,0,34548,0,0,0.0,1,0,0.0,0.0,0.0,405.0,S,1,34548,0,False
588,716632,120,0,0,0,0,34548,0,34548,0,0,0.0,1,0,0.0,0.0,0.0,405.0,N,1,34548,0,False
589,716659,120,0,0,0,0,34548,0,34548,0,0,0.0,1,0,0.0,0.0,0.0,405.0,N,1,34548,0,False
590,716660,120,0,0,0,0,34548,0,34548,0,0,0.0,1,0,0.0,0.0,0.0,405.0,S,1,34548,0,False
591,716663,120,0,0,0,0,34548,0,34548,0,0,0.0,1,0,0.0,0.0,0.0,405.0,N,1,34548,0,False
592,716670,120,0,0,0,0,34548,0,34548,0,0,0.0,1,0,0.0,0.0,0.0,405.0,N,1,34548,0,False
593,716674,120,0,0,0,0,34548,0,34548,0,0,0.0,1,0,0.0,0.0,0.0,405.0,S,1,34548,0,False
594,716694,120,0,0,0,0,34548,0,34548,0,0,0.0,1,0,0.0,0.0,0.0,405.0,N,1,34548,0,False
595,716714,120,0,0,0,0,34548,0,34548,0,0,0.0,1,0,0.0,0.0,0.0,405.0,N,1,34548,0,False
596,716719,120,0,0,0,0,34548,0,34548,0,0,0.0,1,0,0.0,0.0,0.0,405.0,S,1,34548,0,False
597,716720,120,0,0,0,0,34548,0,34548,0,0,0.0,1,0,0.0,0.0,0.0,405.0,N,1,34548,0,False
598,716733,120,0,0,0,0,34548,0,34548,0,0,0.0,1,0,0.0,0.0,0.0,405.0,N,1,34548,0,False
599,716738,120,0,0,0,0,34548,0,34548,0,0,0.0,1,0,0.0,0.0,0.0,405.0,N,1,34548,0,False
600,716739,120,0,0,0,0,34548,0,34548,0,0,0.0,1,0,0.0,0.0,0.0,405.0,N,1,34548,0,False
601,716760,120,0,0,0,0,34548,0,34548,0,0,0.0,1,0,0.0,0.0,0.0,605.0,N,1,34548,0,False
602,716775,120,0,0,0,0,34548,0,34548,0,0,0.0,1,0,0.0,0.0,0.0,605.0,S,1,34548,0,False
603,716776,120,0,0,0,0,34548,0,34548,0,0,0.0,1,0,0.0,0.0,0.0,605.0,S,1,34548,0,False
604,716778,120,0,0,0,0,34548,0,34548,0,0,0.0,1,0,0.0,0.0,0.0,605.0,S,1,34548,0,False
605,716784,120,0,0,0,0,34548,0,34548,0,0,0.0,1,0,0.0,0.0,0.0,605.0,N,1,34548,0,False
606,716797,120,0,0,0,0,34548,0,34548,0,0,0.0,1,0,0.0,0.0,0.0,605.0,S,1,34548,0,False
607,716800,120,0,0,0,0,34548,0,34548,0,0,0.0,1,0,0.0,0.0,0.0,605.0,N,1,34548,0,False
608,716810,120,0,0,0,0,34548,0,34548,0,0,0.0,1,0,0.0,0.0,0.0,605.0,S,1,34548,0,False
609,716819,120,0,0,0,0,34548,0,34548,0,0,0.0,1,0,0.0,0.0,0.0,605.0,N,1,34548,0,False
610,716829,120,0,0,0,0,34548,0,34548,0,0,0.0,1,0,0.0,0.0,0.0,605.0,N,1,34548,0,False
611,716834,120,0,0,0,0,34548,0,34548,0,0,0.0,1,0,0.0,0.0,0.0,605.0,N,1,34548,0,False
612,716841,120,0,0,0,0,34548,0,34548,0,0,0.0,1,0,0.0,0.0,0.0,605.0,N,1,34548,0,False
613,716847,120,0,0,0,0,34548,0,34548,0,0,0.0,1,0,0.0,0.0,0.0,710.0,S,1,34548,0,False
614,716857,120,0,0,0,0,34548,0,34548,0,0,0.0,1,0,0.0,0.0,0.0,710.0,S,1,34548,0,False
615,716875,120,0,0,0,0,34548,0,34548,0,0,0.0,1,0,0.0,0.0,0.0,710.0,S,1,34548,0,False
616,716891,120,0,0,0,0,34548,0,34548,0,0,0.0,1,0,0.0,0.0,0.0,710.0,S,1,34548,0,False
617,716895,120,0,0,0,0,34548,0,34548,0,0,0.0,1,0,0.0,0.0,0.0,5.0,S,1,34548,0,False
618,716896,120,0,0,0,0,34548,0,34548,0,0,0.0,1,0,0.0,0.0,0.0,5.0,S,1,34548,0,False
619,716898,120,0,0,0,0,34548,0,34548,0,0,0.0,1,0,0.0,0.0,0.0,5.0,S,1,34548,0,False
620,716899,120,0,0,0,0,34548,0,34548,0,0,0.0,1,0,0.0,0.0,0.0,5.0,N,1,34548,0,False
621,716900,120,0,0,0,0,34548,0,34548,0,0,0.0,1,0,0.0,0.0,0.0,5.0,N,1,34548,0,False
622,716902,120,0,0,0,0,34548,0,34548,0,0,0.0,1,0,0.0,0.0,0.0,5.0,S,1,34548,0,False
623,716904,120,0,0,0,0,34548,0,34548,0,0,0.0,1,0,0.0,0.0,0.0,5.0,N,1,34548,0,False
624,716906,120,0,0,0,0,34548,0,34548,0,0,0.0,1,0,0.0,0.0,0.0,5.0,S,1,34548,0,False
625,716907,120,0,0,0,0,34548,0,34548,0,0,0.0,1,0,0.0,0.0,0.0,5.0,S,1,34548,0,False
626,716908,120,0,0,0,0,34548,0,34548,0,0,0.0,1,0,0.0,0.0,0.0,5.0,S,1,34548,0,False
627,716911,120,0,0,0,0,34548,0,34548,0,0,0.0,1,0,0.0,0.0,0.0,5.0,S,1,34548,0,False
628,716912,120,0,0,0,0,34548,0,34548,0,0,0.0,1,0,0.0,0.0,0.0,5.0,S,1,34548,0,False
629,716916,120,0,0,0,0,34548,0,34548,0,0,0.0,1,0,0.0,0.0,0.0,5.0,S,1,34548,0,False
630,716918,120,0,0,0,0,34548,0,34548,0,0,0.0,1,0,0.0,0.0,0.0,5.0,S,1,34548,0,False
631,716920,120,0,0,0,0,34548,0,34548,0,0,0.0,1,0,0.0,0.0,0.0,5.0,S,1,34548,0,False
632,716921,120,0,0,0,0,34548,0,34548,0,0,0.0,1,0,0.0,0.0,0.0,5.0,N,1,34548,0,False
633,716922,120,0,0,0,0,34548,0,34548,0,0,0.0,1,0,0.0,0.0,0.0,5.0,S,1,34548,0,False
634,716923,120,0,0,0,0,34548,0,34548,0,0,0.0,1,0,0.0,0.0,0.0,5.0,N,1,34548,0,False
635,716924,120,0,0,0,0,34548,0,34548,0,0,0.0,1,0,0.0,0.0,0.0,5.0,S,1,34548,0,False
636,716925,120,0,0,0,0,34548,0,34548,0,0,0.0,1,0,0.0,0.0,0.0,5.0,N,1,34548,0,False
637,716936,120,0,0,0,0,34548,0,34548,0,0,0.0,1,0,0.0,0.0,0.0,5.0,S,1,34548,0,False
638,716937,120,0,0,0,0,34548,0,34548,0,0,0.0,1,0,0.0,0.0,0.0,5.0,N,1,34548,0,False
639,716938,120,0,0,0,0,34548,0,34548,0,0,0.0,1,0,0.0,0.0,0.0,5.0,S,1,34548,0,False
640,716939,120,0,0,0,0,34548,0,34548,0,0,0.0,1,0,0.0,0.0,0.0,5.0,S,1,34548,0,False
641,716940,120,0,0,0,0,34548,0,34548,0,0,0.0,1,0,0.0,0.0,0.0,5.0,S,1,34548,0,False
642,716941,120,0,0,0,0,34548,0,34548,0,0,0.0,1,0,0.0,0.0,0.0,5.0,S,1,34548,0,False
643,716942,120,0,0,0,0,34548,0,34548,0,0,0.0,1,0,0.0,0.0,0.0,5.0,N,1,34548,0,False
644,716943,120,0,0,0,0,34548,0,34548,0,0,0.0,1,0,0.0,0.0,0.0,5.0,S,1,34548,0,False
645,716944,120,0,0,0,0,34548,0,34548,0,0,0.0,1,0,0.0,0.0,0.0,5.0,S,1,34548,0,False
646,716946,120,0,0,0,0,34548,0,34548,0,0,0.0,1,0,0.0,0.0,0.0,5.0,S,1,34548,0,False
647,716949,120,0,0,0,0,34548,0,34548,0,0,0.0,1,0,0.0,0.0,0.0,5.0,S,1,34548,0,False
648,716951,120,0,0,0,0,34548,0,34548,0,0,0.0,1,0,0.0,0.0,0.0,5.0,N,1,34548,0,False
649,716953,120,0,0,0,0,34548,0,34548,0,0,0.0,1,0,0.0,0.0,0.0,5.0,N,1,34548,0,False
650,716956,120,0,0,0,0,34548,0,34548,0,0,0.0,1,0,0.0,0.0,0.0,5.0,N,1,34548,0,False
651,716958,120,0,0,0,0,34548,0,34548,0,0,0.0,1,0,0.0,0.0,0.0,5.0,S,1,34548,0,False
652,716960,120,0,0,0,0,34548,0,34548,0,0,0.0,1,0,0.0,0.0,0.0,5.0,S,1,34548,0,False
653,716963,120,0,0,0,0,34548,0,34548,0,0,0.0,1,0,0.0,0.0,0.0,5.0,N,1,34548,0,False
654,716965,120,0,0,0,0,34548,0,34548,0,0,0.0,1,0,0.0,0.0,0.0,5.0,S,1,34548,0,False
655,716968,120,0,0,0,0,34548,0,34548,0,0,0.0,1,0,0.0,0.0,0.0,5.0,N,1,34548,0,False
656,716971,120,0,0,0,0,34548,0,34548,0,0,0.0,1,0,0.0,0.0,0.0,5.0,N,1,34548,0,False
657,716973,120,0,0,0,0,34548,0,34548,0,0,0.0,1,0,0.0,0.0,0.0,5.0,N,1,34548,0,False
658,716988,120,0,0,0,0,34548,0,34548,0,0,0.0,1,0,0.0,0.0,0.0,5.0,N,1,34548,0,False
659,716989,120,0,0,0,0,34548,0,34548,0,0,0.0,1,0,0.0,0.0,0.0,5.0,S,1,34548,0,False
660,716990,120,0,0,0,0,34548,0,34548,0,0,0.0,1,0,0.0,0.0,0.0,5.0,N,1,34548,0,False
661,716991,120,0,0,0,0,34548,0,34548,0,0,0.0,1,0,0.0,0.0,0.0,5.0,S,1,34548,0,False
662,716993,120,0,0,0,0,34548,0,34548,0,0,0.0,1,0,0.0,0.0,0.0,5.0,S,1,34548,0,False
663,716994,120,0,0,0,0,34548,0,34548,0,0,0.0,1,0,0.0,0.0,0.0,5.0,N,1,34548,0,False
664,716996,120,0,0,0,0,34548,0,34548,0,0,0.0,1,0,0.0,0.0,0.0,5.0,S,1,34548,0,False
665,716997,120,0,0,0,0,34548,0,34548,0,0,0.0,1,0,0.0,0.0,0.0,5.0,N,1,34548,0,False
666,716999,120,0,0,0,0,34548,0,34548,0,0,0.0,1,0,0.0,0.0,0.0,5.0,S,1,34548,0,False
667,717000,120,0,0,0,0,34548,0,34548,0,0,0.0,1,0,0.0,0.0,0.0,5.0,N,1,34548,0,False
668,717001,120,0,0,0,0,34548,0,34548,0,0,0.0,1,0,0.0,0.0,0.0,5.0,S,1,34548,0,False
669,717002,120,0,0,0,0,34548,0,34548,0,0,0.0,1,0,0.0,0.0,0.0,5.0,S,1,34548,0,False
670,717004,120,0,0,0,0,34548,0,34548,0,0,0.0,1,0,0.0,0.0,0.0,5.0,S,1,34548,0,False
671,717006,120,0,0,0,0,34548,0,34548,0,0,0.0,1,0,0.0,0.0,0.0,5.0,S,1,34548,0,False
672,717008,120,0,0,0,0,34548,0,34548,0,0,0.0,1,0,0.0,0.0,0.0,10.0,E,1,34548,0,False
673,717009,120,0,0,0,0,34548,0,34548,0,0,0.0,1,0,0.0,0.0,0.0,10.0,E,1,34548,0,False
674,717011,120,0,0,0,0,34548,0,34548,0,0,0.0,1,0,0.0,0.0,0.0,10.0,E,1,34548,0,False
675,717012,120,0,0,0,0,34548,0,34548,0,0,0.0,1,0,0.0,0.0,0.0,10.0,W,1,34548,0,False
676,717014,120,0,0,0,0,34548,0,34548,0,0,0.0,1,0,0.0,0.0,0.0,10.0,E,1,34548,0,False
677,717015,120,0,0,0,0,34548,0,34548,0,0,0.0,1,0,0.0,0.0,0.0,10.0,W,1,34548,0,False
678,717016,120,0,0,0,0,34548,0,34548,0,0,0.0,1,0,0.0,0.0,0.0,10.0,E,1,34548,0,False
679,717019,120,0,0,0,0,34548,0,34548,0,0,0.0,1,0,0.0,0.0,0.0,10.0,W,1,34548,0,False
680,717020,120,0,0,0,0,34548,0,34548,0,0,0.0,1,0,0.0,0.0,0.0,10.0,E,1,34548,0,False
681,717022,120,0,0,0,0,34548,0,34548,0,0,0.0,1,0,0.0,0.0,0.0,10.0,E,1,34548,0,False
682,717026,120,0,0,0,0,34548,0,34548,0,0,0.0,1,0,0.0,0.0,0.0,10.0,W,1,34548,0,False
683,717028,120,0,0,0,0,34548,0,34548,0,0,0.0,1,0,0.0,0.0,0.0,10.0,E,1,34548,0,False
684,717029,120,0,0,0,0,34548,0,34548,0,0,0.0,1,0,0.0,0.0,0.0,10.0,W,1,34548,0,False
685,717031,120,0,0,0,0,34548,0,34548,0,0,0.0,1,0,0.0,0.0,0.0,10.0,W,1,34548,0,False
686,717032,120,0,0,0,0,34548,0,34548,0,0,0.0,1,0,0.0,0.0,0.0,10.0,E,1,34548,0,False
687,717033,120,0,0,0,0,34548,0,34548,0,0,0.0,1,0,0.0,0.0,0.0,10.0,W,1,34548,0,False
688,717035,120,0,0,0,0,34548,0,34548,0,0,0.0,1,0,0.0,0.0,0.0,10.0,E,1,34548,0,False
689,717036,120,0,0,0,0,34548,0,34548,0,0,0.0,1,0,0.0,0.0,0.0,10.0,W,1,34548,0,False
690,717039,120,0,0,0,0,34548,0,34548,0,0,0.0,1,0,0.0,0.0,0.0,10.0,E,1,34548,0,False
691,717040,120,0,0,0,0,34548,0,34548,0,0,0.0,1,0,0.0,0.0,0.0,10.0,W,1,34548,0,False
692,717041,120,0,0,0,0,34548,0,34548,0,0,0.0,1,0,0.0,0.0,0.0,10.0,W,1,34548,0,False
693,717042,120,0,0,0,0,34548,0,34548,0,0,0.0,1,0,0.0,0.0,0.0,10.0,E,1,34548,0,False
694,717043,120,0,0,0,0,34548,0,34548,0,0,0.0,1,0,0.0,0.0,0.0,10.0,W,1,34548,0,False
695,717045,120,0,0,0,0,34548,0,34548,0,0,0.0,1,0,0.0,0.0,0.0,10.0,W,1,34548,0,False
696,717046,120,0,0,0,0,34548,0,34548,0,0,0.0,1,0,0.0,0.0,0.0,10.0,E,1,34548,0,False
697,717047,120,0,0,0,0,34548,0,34548,0,0,0.0,1,0,0.0,0.0,0.0,10.0,W,1,34548,0,False
698,717049,120,0,0,0,0,34548,0,34548,0,0,0.0,1,0,0.0,0.0,0.0,10.0,W,1,34548,0,False
699,717052,120,0,0,0,0,34548,0,34548,0,0,0.0,1,0,0.0,0.0,0.0,10.0,W,1,34548,0,False
700,717055,120,0,0,0,0,34548,0,34548,0,0,0.0,1,0,0.0,0.0,0.0,10.0,W,1,34548,0,False
701,717059,120,0,0,0,0,34548,0,34548,0,0,0.0,1,0,0.0,0.0,0.0,10.0,E,1,34548,0,False
702,717060,120,0,0,0,0,34548,0,34548,0,0,0.0,1,0,0.0,0.0,0.0,10.0,W,1,34548,0,False
703,717070,120,0,0,0,0,34548,0,34548,0,0,0.0,1,0,0.0,0.0,0.0,10.0,E,1,34548,0,False
704,717071,120,0,0,0,0,34548,0,34548,0,0,0.0,1,0,0.0,0.0,0.0,10.0,W,1,34548,0,False
705,717073,120,0,0,0,0,34548,0,34548,0,0,0.0,1,0,0.0,0.0,0.0,10.0,W,1,34548,0,False
706,717079,120,0,0,0,0,34548,0,34548,0,0,0.0,1,0,0.0,0.0,0.0,10.0,W,1,34548,0,False
707,717081,120,0,0,0,0,34548,0,34548,0,0,0.0,1,0,0.0,0.0,0.0,10.0,W,1,34548,0,False
708,717099,120,0,0,0,0,34548,0,34548,0,0,0.0,1,0,0.0,0.0,0.0,134.0,W,1,34548,0,False
709,717105,120,0,0,0,0,34548,0,34548,0,0,0.0,1,0,0.0,0.0,0.0,10.0,E,1,34548,0,False
710,717110,120,0,0,0,0,34548,0,34548,0,0,0.0,1,0,0.0,0.0,0.0,10.0,E,1,34548,0,False
711,717114,120,0,0,0,0,34548,0,34548,0,0,0.0,1,0,0.0,0.0,0.0,10.0,E,1,34548,0,False
712,717119,120,0,0,0,0,34548,0,34548,0,0,0.0,1,0,0.0,0.0,0.0,10.0,W,1,34548,0,False
713,717121,120,0,0,0,0,34548,0,34548,0,0,0.0,1,0,0.0,0.0,0.0,10.0,W,1,34548,0,False
714,717123,120,0,0,0,0,34548,0,34548,0,0,0.0,1,0,0.0,0.0,0.0,10.0,E,1,34548,0,False
715,717125,120,0,0,0,0,34548,0,34548,0,0,0.0,1,0,0.0,0.0,0.0,10.0,W,1,34548,0,False
716,717127,120,0,0,0,0,34548,0,34548,0,0,0.0,1,0,0.0,0.0,0.0,10.0,E,1,34548,0,False
717,717129,120,0,0,0,0,34548,0,34548,0,0,0.0,1,0,0.0,0.0,0.0,10.0,W,1,34548,0,False
718,717131,120,0,0,0,0,34548,0,34548,0,0,0.0,1,0,0.0,0.0,0.0,10.0,E,1,34548,0,False
719,717133,120,0,0,0,0,34548,0,34548,0,0,0.0,1,0,0.0,0.0,0.0,10.0,E,1,34548,0,False
720,717134,120,0,0,0,0,34548,0,34548,0,0,0.0,1,0,0.0,0.0,0.0,10.0,W,1,34548,0,False
721,717135,120,0,0,0,0,34548,0,34548,0,0,0.0,1,0,0.0,0.0,0.0,10.0,W,1,34548,0,False
722,717136,120,0,0,0,0,34548,0,34548,0,0,0.0,1,0,0.0,0.0,0.0,10.0,E,1,34548,0,False
723,717139,120,0,0,0,0,34548,0,34548,0,0,0.0,1,0,0.0,0.0,0.0,10.0,W,1,34548,0,False
724,717146,120,0,0,0,0,34548,0,34548,0,0,0.0,1,0,0.0,0.0,0.0,10.0,E,1,34548,0,False
725,717152,120,0,0,0,0,34548,0,34548,0,0,0.0,1,0,0.0,0.0,0.0,10.0,E,1,34548,0,False
726,717155,120,0,0,0,0,34548,0,34548,0,0,0.0,1,0,0.0,0.0,0.0,10.0,E,1,34548,0,False
727,717156,120,0,0,0,0,34548,0,34548,0,0,0.0,1,0,0.0,0.0,0.0,10.0,E,1,34548,0,False
728,717157,120,0,0,0,0,34548,0,34548,0,0,0.0,1,0,0.0,0.0,0.0,10.0,W,1,34548,0,False
729,717169,120,0,0,0,0,34548,0,34548,0,0,0.0,1,0,0.0,0.0,0.0,10.0,W,1,34548,0,False
730,717171,120,0,0,0,0,34548,0,34548,0,0,0.0,1,0,0.0,0.0,0.0,10.0,W,1,34548,0,False
731,717235,120,0,0,0,0,34548,0,34548,0,0,0.0,1,0,0.0,0.0,0.0,10.0,W,1,34548,0,False
732,717236,120,0,0,0,0,34548,0,34548,0,0,0.0,1,0,0.0,0.0,0.0,10.0,E,1,34548,0,False
733,717238,120,0,0,0,0,34548,0,34548,0,0,0.0,1,0,0.0,0.0,0.0,10.0,W,1,34548,0,False
734,717243,120,0,0,0,0,34548,0,34548,0,0,0.0,1,0,0.0,0.0,0.0,10.0,E,1,34548,0,False
735,717257,120,0,0,0,0,34548,0,34548,0,0,0.0,1,0,0.0,0.0,0.0,10.0,E,1,34548,0,False
736,717260,120,0,0,0,0,34548,0,34548,0,0,0.0,1,0,0.0,0.0,0.0,10.0,E,1,34548,0,False
737,717262,120,0,0,0,0,34548,0,34548,0,0,0.0,1,0,0.0,0.0,0.0,60.0,E,1,34548,0,False
738,717263,120,0,0,0,0,34548,0,34548,0,0,0.0,1,0,0.0,0.0,0.0,60.0,W,1,34548,0,False
739,717264,120,0,0,0,0,34548,0,34548,0,0,0.0,1,0,0.0,0.0,0.0,60.0,E,1,34548,0,False
740,717265,120,0,0,0,0,34548,0,34548,0,0,0.0,1,0,0.0,0.0,0.0,60.0,E,1,34548,0,False
741,717266,120,0,0,0,0,34548,0,34548,0,0,0.0,1,0,0.0,0.0,0.0,60.0,W,1,34548,0,False
742,717268,120,0,0,0,0,34548,0,34548,0,0,0.0,1,0,0.0,0.0,0.0,60.0,E,1,34548,0,False
743,717269,120,0,0,0,0,34548,0,34548,0,0,0.0,1,0,0.0,0.0,0.0,60.0,W,1,34548,0,False
744,717270,120,0,0,0,0,34548,0,34548,0,0,0.0,1,0,0.0,0.0,0.0,60.0,W,1,34548,0,False
745,717273,120,0,0,0,0,34548,0,34548,0,0,0.0,1,0,0.0,0.0,0.0,60.0,E,1,34548,0,False
746,717274,120,0,0,0,0,34548,0,34548,0,0,0.0,1,0,0.0,0.0,0.0,60.0,W,1,34548,0,False
747,717277,120,0,0,0,0,34548,0,34548,0,0,0.0,1,0,0.0,0.0,0.0,60.0,W,1,34548,0,False
748,717279,120,0,0,0,0,34548,0,34548,0,0,0.0,1,0,0.0,0.0,0.0,60.0,E,1,34548,0,False
749,717281,120,0,0,0,0,34548,0,34548,0,0,0.0,1,0,0.0,0.0,0.0,60.0,W,1,34548,0,False
750,717282,120,0,0,0,0,34548,0,34548,0,0,0.0,1,0,0.0,0.0,0.0,60.0,W,1,34548,0,False
751,717285,120,0,0,0,0,34548,0,34548,0,0,0.0,1,0,0.0,0.0,0.0,60.0,E,1,34548,0,False
752,717288,120,0,0,0,0,34548,0,34548,0,0,0.0,1,0,0.0,0.0,0.0,60.0,W,1,34548,0,False
753,717290,120,0,0,0,0,34548,0,34548,0,0,0.0,1,0,0.0,0.0,0.0,60.0,E,1,34548,0,False
754,717292,120,0,0,0,0,34548,0,34548,0,0,0.0,1,0,0.0,0.0,0.0,60.0,E,1,34548,0,False
755,717294,120,0,0,0,0,34548,0,34548,0,0,0.0,1,0,0.0,0.0,0.0,60.0,W,1,34548,0,False
756,717296,120,0,0,0,0,34548,0,34548,0,0,0.0,1,0,0.0,0.0,0.0,60.0,E,1,34548,0,False
757,717298,120,0,0,0,0,34548,0,34548,0,0,0.0,1,0,0.0,0.0,0.0,60.0,W,1,34548,0,False
758,717300,120,0,0,0,0,34548,0,34548,0,0,0.0,1,0,0.0,0.0,0.0,60.0,W,1,34548,0,False
759,717301,120,0,0,0,0,34548,0,34548,0,0,0.0,1,0,0.0,0.0,0.0,60.0,E,1,34548,0,False
760,717303,120,0,0,0,0,34548,0,34548,0,0,0.0,1,0,0.0,0.0,0.0,60.0,E,1,34548,0,False
761,717306,120,0,0,0,0,34548,0,34548,0,0,0.0,1,0,0.0,0.0,0.0,60.0,W,1,34548,0,False
762,717308,120,0,0,0,0,34548,0,34548,0,0,0.0,1,0,0.0,0.0,0.0,60.0,E,1,34548,0,False
763,717312,120,0,0,0,0,34548,0,34548,0,0,0.0,1,0,0.0,0.0,0.0,60.0,E,1,34548,0,False
764,717315,120,0,0,0,0,34548,0,34548,0,0,0.0,1,0,0.0,0.0,0.0,60.0,W,1,34548,0,False
765,717316,120,0,0,0,0,34548,0,34548,0,0,0.0,1,0,0.0,0.0,0.0,60.0,W,1,34548,0,False
766,717318,120,0,0,0,0,34548,0,34548,0,0,0.0,1,0,0.0,0.0,0.0,60.0,E,1,34548,0,False
767,717320,120,0,0,0,0,34548,0,34548,0,0,0.0,1,0,0.0,0.0,0.0,60.0,W,1,34548,0,False
768,717322,120,0,0,0,0,34548,0,34548,0,0,0.0,1,0,0.0,0.0,0.0,60.0,E,1,34548,0,False
769,717324,120,0,0,0,0,34548,0,34548,0,0,0.0,1,0,0.0,0.0,0.0,60.0,W,1,34548,0,False
770,717328,120,0,0,0,0,34548,0,34548,0,0,0.0,1,0,0.0,0.0,0.0,60.0,E,1,34548,0,False
771,717330,120,0,0,0,0,34548,0,34548,0,0,0.0,1,0,0.0,0.0,0.0,60.0,W,1,34548,0,False
772,717332,120,0,0,0,0,34548,0,34548,0,0,0.0,1,0,0.0,0.0,0.0,60.0,E,1,34548,0,False
773,717334,120,0,0,0,0,34548,0,34548,0,0,0.0,1,0,0.0,0.0,0.0,60.0,E,1,34548,0,False
774,717337,120,0,0,0,0,34548,0,34548,0,0,0.0,1,0,0.0,0.0,0.0,60.0,W,1,34548,0,False
775,717339,120,0,0,0,0,34548,0,34548,0,0,0.0,1,0,0.0,0.0,0.0,60.0,W,1,34548,0,False
776,717340,120,0,0,0,0,34548,0,34548,0,0,0.0,1,0,0.0,0.0,0.0,60.0,E,1,34548,0,False
777,717342,120,0,0,0,0,34548,0,34548,0,0,0.0,1,0,0.0,0.0,0.0,60.0,W,1,34548,0,False
778,717343,120,0,0,0,0,34548,0,34548,0,0,0.0,1,0,0.0,0.0,0.0,60.0,E,1,34548,0,False
779,717346,120,0,0,0,0,34548,0,34548,0,0,0.0,1,0,0.0,0.0,0.0,60.0,E,1,34548,0,False
780,717350,120,0,0,0,0,34548,0,34548,0,0,0.0,1,0,0.0,0.0,0.0,60.0,W,1,34548,0,False
781,717352,120,0,0,0,0,34548,0,34548,0,0,0.0,1,0,0.0,0.0,0.0,60.0,E,1,34548,0,False
782,717355,120,0,0,0,0,34548,0,34548,0,0,0.0,1,0,0.0,0.0,0.0,60.0,W,1,34548,0,False
783,717357,120,0,0,0,0,34548,0,34548,0,0,0.0,1,0,0.0,0.0,0.0,60.0,E,1,34548,0,False
784,717358,120,0,0,0,0,34548,0,34548,0,0,0.0,1,0,0.0,0.0,0.0,60.0,E,1,34548,0,False
785,717361,120,0,0,0,0,34548,0,34548,0,0,0.0,1,0,0.0,0.0,0.0,60.0,W,1,34548,0,False
786,717365,120,0,0,0,0,34548,0,34548,0,0,0.0,1,0,0.0,0.0,0.0,91.0,W,1,34548,0,False
787,717375,120,0,0,0,0,34548,0,34548,0,0,0.0,1,0,0.0,0.0,0.0,91.0,W,1,34548,0,False
788,717376,120,0,0,0,0,34548,0,34548,0,0,0.0,1,0,0.0,0.0,0.0,91.0,E,1,34548,0,False
789,717378,120,0,0,0,0,34548,0,34548,0,0,0.0,1,0,0.0,0.0,0.0,91.0,W,1,34548,0,False
790,717379,120,0,0,0,0,34548,0,34548,0,0,0.0,1,0,0.0,0.0,0.0,91.0,E,1,34548,0,False
791,717380,120,0,0,0,0,34548,0,34548,0,0,0.0,1,0,0.0,0.0,0.0,91.0,W,1,34548,0,False
792,717381,120,0,0,0,0,34548,0,34548,0,0,0.0,1,0,0.0,0.0,0.0,91.0,E,1,34548,0,False
793,717383,120,0,0,0,0,34548,0,34548,0,0,0.0,1,0,0.0,0.0,0.0,91.0,E,1,34548,0,False
794,717384,120,0,0,0,0,34548,0,34548,0,0,0.0,1,0,0.0,0.0,0.0,91.0,W,1,34548,0,False
795,717392,120,0,0,0,0,34548,0,34548,0,0,0.0,1,0,0.0,0.0,0.0,91.0,W,1,34548,0,False
796,717393,120,0,0,0,0,34548,0,34548,0,0,0.0,1,0,0.0,0.0,0.0,91.0,E,1,34548,0,False
797,717402,120,0,0,0,0,34548,0,34548,0,0,0.0,1,0,0.0,0.0,0.0,91.0,E,1,34548,0,False
798,717410,120,0,0,0,0,34548,0,34548,0,0,0.0,1,0,0.0,0.0,0.0,91.0,W,1,34548,0,False
799,717416,120,0,0,0,0,34548,0,34548,0,0,0.0,1,0,0.0,0.0,0.0,91.0,W,1,34548,0,False
800,717420,120,0,0,0,0,34548,0,34548,0,0,0.0,1,0,0.0,0.0,0.0,91.0,E,1,34548,0,False
801,717421,120,0,0,0,0,34548,0,34548,0,0,0.0,1,0,0.0,0.0,0.0,91.0,W,1,34548,0,False
802,717428,120,0,0,0,0,34548,0,34548,0,0,0.0,1,0,0.0,0.0,0.0,91.0,W,1,34548,0,False
803,717438,120,0,0,0,0,34548,0,34548,0,0,0.0,1,0,0.0,0.0,0.0,91.0,W,1,34548,0,False
804,717445,120,0,0,0,0,34548,0,34548,0,0,0.0,1,0,0.0,0.0,0.0,101.0,N,1,34548,0,False
805,717446,120,0,0,0,0,34548,0,34548,0,0,0.0,1,0,0.0,0.0,0.0,101.0,S,1,34548,0,False
806,717447,120,0,0,0,0,34548,0,34548,0,0,0.0,1,0,0.0,0.0,0.0,101.0,N,1,34548,0,False
807,717450,120,0,0,0,0,34548,0,34548,0,0,0.0,1,0,0.0,0.0,0.0,101.0,S,1,34548,0,False
808,717452,120,0,0,0,0,34548,0,34548,0,0,0.0,1,0,0.0,0.0,0.0,101.0,N,1,34548,0,False
809,717453,120,0,0,0,0,34548,0,34548,0,0,0.0,1,0,0.0,0.0,0.0,101.0,S,1,34548,0,False
810,717456,120,0,0,0,0,34548,0,34548,0,0,0.0,1,0,0.0,0.0,0.0,101.0,N,1,34548,0,False
811,717458,120,0,0,0,0,34548,0,34548,0,0,0.0,1,0,0.0,0.0,0.0,101.0,S,1,34548,0,False
812,717459,120,0,0,0,0,34548,0,34548,0,0,0.0,1,0,0.0,0.0,0.0,101.0,N,1,34548,0,False
813,717460,120,0,0,0,0,34548,0,34548,0,0,0.0,1,0,0.0,0.0,0.0,101.0,N,1,34548,0,False
814,717461,120,0,0,0,0,34548,0,34548,0,0,0.0,1,0,0.0,0.0,0.0,101.0,S,1,34548,0,False
815,717462,120,0,0,0,0,34548,0,34548,0,0,0.0,1,0,0.0,0.0,0.0,101.0,S,1,34548,0,False
816,717463,120,0,0,0,0,34548,0,34548,0,0,0.0,1,0,0.0,0.0,0.0,101.0,N,1,34548,0,False
817,717465,120,0,0,0,0,34548,0,34548,0,0,0.0,1,0,0.0,0.0,0.0,101.0,N,1,34548,0,False
818,717466,120,0,0,0,0,34548,0,34548,0,0,0.0,1,0,0.0,0.0,0.0,101.0,S,1,34548,0,False
819,717468,120,0,0,0,0,34548,0,34548,0,0,0.0,1,0,0.0,0.0,0.0,101.0,S,1,34548,0,False
820,717469,120,0,0,0,0,34548,0,34548,0,0,0.0,1,0,0.0,0.0,0.0,101.0,N,1,34548,0,False
821,717480,120,0,0,0,0,34548,0,34548,0,0,0.0,1,0,0.0,0.0,0.0,101.0,N,1,34548,0,False
822,717481,120,0,0,0,0,34548,0,34548,0,0,0.0,1,0,0.0,0.0,0.0,101.0,S,1,34548,0,False
823,717486,120,0,0,0,0,34548,0,34548,0,0,0.0,1,0,0.0,0.0,0.0,101.0,S,1,34548,0,False
824,717488,120,0,0,0,0,34548,0,34548,0,0,0.0,1,0,0.0,0.0,0.0,101.0,S,1,34548,0,False
825,717489,120,0,0,0,0,34548,0,34548,0,0,0.0,1,0,0.0,0.0,0.0,101.0,S,1,34548,0,False
826,717490,120,0,0,0,0,34548,0,34548,0,0,0.0,1,0,0.0,0.0,0.0,101.0,S,1,34548,0,False
827,717491,120,0,0,0,0,34548,0,34548,0,0,0.0,1,0,0.0,0.0,0.0,101.0,N,1,34548,0,False
828,717493,120,0,0,0,0,34548,0,34548,0,0,0.0,1,0,0.0,0.0,0.0,101.0,S,1,34548,0,False
829,717495,120,0,0,0,0,34548,0,34548,0,0,0.0,1,0,0.0,0.0,0.0,101.0,S,1,34548,0,False
830,717497,120,0,0,0,0,34548,0,34548,0,0,0.0,1,0,0.0,0.0,0.0,101.0,N,1,34548,0,False
831,717498,120,0,0,0,0,34548,0,34548,0,0,0.0,1,0,0.0,0.0,0.0,101.0,N,1,34548,0,False
832,717502,120,0,0,0,0,34548,0,34548,0,0,0.0,1,0,0.0,0.0,0.0,101.0,N,1,34548,0,False
833,717504,120,0,0,0,0,34548,0,34548,0,0,0.0,1,0,0.0,0.0,0.0,101.0,S,1,34548,0,False
834,717508,120,0,0,0,0,34548,0,34548,0,0,0.0,1,0,0.0,0.0,0.0,101.0,S,1,34548,0,False
835,717510,120,0,0,0,0,34548,0,34548,0,0,0.0,1,0,0.0,0.0,0.0,101.0,N,1,34548,0,False
836,717511,120,0,0,0,0,34548,0,34548,0,0,0.0,1,0,0.0,0.0,0.0,101.0,S,1,34548,0,False
837,717516,120,0,0,0,0,34548,0,34548,0,0,0.0,1,0,0.0,0.0,0.0,101.0,S,1,34548,0,False
838,717517,120,0,0,0,0,34548,0,34548,0,0,0.0,1,0,0.0,0.0,0.0,101.0,N,1,34548,0,False
839,717520,120,0,0,0,0,34548,0,34548,0,0,0.0,1,0,0.0,0.0,0.0,101.0,S,1,34548,0,False
840,717522,120,0,0,0,0,34548,0,34548,0,0,0.0,1,0,0.0,0.0,0.0,101.0,N,1,34548,0,False
841,717524,120,0,0,0,0,34548,0,34548,0,0,0.0,1,0,0.0,0.0,0.0,101.0,N,1,34548,0,False
842,717525,120,0,0,0,0,34548,0,34548,0,0,0.0,1,0,0.0,0.0,0.0,118.0,E,1,34548,0,False
843,717528,120,0,0,0,0,34548,0,34548,0,0,0.0,1,0,0.0,0.0,0.0,118.0,W,1,34548,0,False
844,717530,120,0,0,0,0,34548,0,34548,0,0,0.0,1,0,0.0,0.0,0.0,118.0,E,1,34548,0,False
845,717532,120,0,0,0,0,34548,0,34548,0,0,0.0,1,0,0.0,0.0,0.0,118.0,W,1,34548,0,False
846,717546,120,0,0,0,0,34548,0,34548,0,0,0.0,1,0,0.0,0.0,0.0,118.0,W,1,34548,0,False
847,717547,120,0,0,0,0,34548,0,34548,0,0,0.0,1,0,0.0,0.0,0.0,118.0,E,1,34548,0,False
848,717557,120,0,0,0,0,34548,0,34548,0,0,0.0,1,0,0.0,0.0,0.0,118.0,W,1,34548,0,False
849,717558,120,0,0,0,0,34548,0,34548,0,0,0.0,1,0,0.0,0.0,0.0,118.0,W,1,34548,0,False
850,717560,120,0,0,0,0,34548,0,34548,0,0,0.0,1,0,0.0,0.0,0.0,118.0,E,1,34548,0,False
851,717562,120,0,0,0,0,34548,0,34548,0,0,0.0,1,0,0.0,0.0,0.0,118.0,W,1,34548,0,False
852,717565,120,0,0,0,0,34548,0,34548,0,0,0.0,1,0,0.0,0.0,0.0,118.0,E,1,34548,0,False
853,717568,120,0,0,0,0,34548,0,34548,0,0,0.0,1,0,0.0,0.0,0.0,118.0,E,1,34548,0,False
854,717570,120,0,0,0,0,34548,0,34548,0,0,0.0,1,0,0.0,0.0,0.0,134.0,E,1,34548,0,False
855,717571,120,0,0,0,0,34548,0,34548,0,0,0.0,1,0,0.0,0.0,0.0,134.0,W,1,34548,0,False
856,717572,120,0,0,0,0,34548,0,34548,0,0,0.0,1,0,0.0,0.0,0.0,134.0,W,1,34548,0,False
857,717573,120,0,0,0,0,34548,0,34548,0,0,0.0,1,0,0.0,0.0,0.0,134.0,E,1,34548,0,False
858,717576,120,0,0,0,0,34548,0,34548,0,0,0.0,1,0,0.0,0.0,0.0,134.0,W,1,34548,0,False
859,717585,120,0,0,0,0,34548,0,34548,0,0,0.0,1,0,0.0,0.0,0.0,134.0,E,1,34548,0,False
860,717587,120,0,0,0,0,34548,0,34548,0,0,0.0,1,0,0.0,0.0,0.0,134.0,E,1,34548,0,False
861,717590,120,0,0,0,0,34548,0,34548,0,0,0.0,1,0,0.0,0.0,0.0,134.0,W,1,34548,0,False
862,717592,120,0,0,0,0,34548,0,34548,0,0,0.0,1,0,0.0,0.0,0.0,134.0,E,1,34548,0,False
863,717595,120,0,0,0,0,34548,0,34548,0,0,0.0,1,0,0.0,0.0,0.0,134.0,E,1,34548,0,False
864,717597,120,0,0,0,0,34548,0,34548,0,0,0.0,1,0,0.0,0.0,0.0,134.0,W,1,34548,0,False
865,717599,120,0,0,0,0,34548,0,34548,0,0,0.0,1,0,0.0,0.0,0.0,134.0,W,1,34548,0,False
866,717601,120,0,0,0,0,34548,0,34548,0,0,0.0,1,0,0.0,0.0,0.0,134.0,E,1,34548,0,False
867,717603,120,0,0,0,0,34548,0,34548,0,0,0.0,1,0,0.0,0.0,0.0,134.0,W,1,34548,0,False
868,717606,120,0,0,0,0,34548,0,34548,0,0,0.0,1,0,0.0,0.0,0.0,134.0,E,1,34548,0,False
869,717608,120,0,0,0,0,34548,0,34548,0,0,0.0,1,0,0.0,0.0,0.0,170.0,S,1,34548,0,False
870,717610,120,0,0,0,0,34548,0,34548,0,0,0.0,1,0,0.0,0.0,0.0,170.0,S,1,34548,0,False
871,717612,120,0,0,0,0,34548,0,34548,0,0,0.0,1,0,0.0,0.0,0.0,170.0,S,1,34548,0,False
872,717613,120,0,0,0,0,34548,0,34548,0,0,0.0,1,0,0.0,0.0,0.0,170.0,S,1,34548,0,False
873,717614,120,0,0,0,0,34548,0,34548,0,0,0.0,1,0,0.0,0.0,0.0,170.0,S,1,34548,0,False
874,717615,120,0,0,0,0,34548,0,34548,0,0,0.0,1,0,0.0,0.0,0.0,210.0,W,1,34548,0,False
875,717620,120,0,0,0,0,34548,0,34548,0,0,0.0,1,0,0.0,0.0,0.0,210.0,E,1,34548,0,False
876,717624,120,0,0,0,0,34548,0,34548,0,0,0.0,1,0,0.0,0.0,0.0,210.0,W,1,34548,0,False
877,717625,120,0,0,0,0,34548,0,34548,0,0,0.0,1,0,0.0,0.0,0.0,210.0,E,1,34548,0,False
878,717627,120,0,0,0,0,34548,0,34548,0,0,0.0,1,0,0.0,0.0,0.0,210.0,W,1,34548,0,False
879,717628,120,0,0,0,0,34548,0,34548,0,0,0.0,1,0,0.0,0.0,0.0,210.0,E,1,34548,0,False
880,717630,120,0,0,0,0,34548,0,34548,0,0,0.0,1,0,0.0,0.0,0.0,210.0,W,1,34548,0,False
881,717631,120,0,0,0,0,34548,0,34548,0,0,0.0,1,0,0.0,0.0,0.0,210.0,E,1,34548,0,False
882,717633,120,0,0,0,0,34548,0,34548,0,0,0.0,1,0,0.0,0.0,0.0,210.0,E,1,34548,0,False
883,717634,120,0,0,0,0,34548,0,34548,0,0,0.0,1,0,0.0,0.0,0.0,210.0,W,1,34548,0,False
884,717635,120,0,0,0,0,34548,0,34548,0,0,0.0,1,0,0.0,0.0,0.0,210.0,E,1,34548,0,False
885,717644,120,0,0,0,0,34548,0,34548,0,0,0.0,1,0,0.0,0.0,0.0,210.0,W,1,34548,0,False
886,717653,120,0,0,0,0,34548,0,34548,0,0,0.0,1,0,0.0,0.0,0.0,210.0,W,1,34548,0,False
887,717657,120,0,0,0,0,34548,0,34548,0,0,0.0,1,0,0.0,0.0,0.0,210.0,W,1,34548,0,False
888,717660,120,0,0,0,0,34548,0,34548,0,0,0.0,1,0,0.0,0.0,0.0,710.0,N,1,34548,0,False
889,717667,120,0,0,0,0,34548,0,34548,0,0,0.0,1,0,0.0,0.0,0.0,210.0,E,1,34548,0,False
890,717692,120,0,0,0,0,34548,0,34548,0,0,0.0,1,0,0.0,0.0,0.0,210.0,E,1,34548,0,False
891,717696,120,0,0,0,0,34548,0,34548,0,0,0.0,1,0,0.0,0.0,0.0,405.0,N,1,34548,0,False
892,717697,120,0,0,0,0,34548,0,34548,0,0,0.0,1,0,0.0,0.0,0.0,405.0,S,1,34548,0,False
893,717699,120,0,0,0,0,34548,0,34548,0,0,0.0,1,0,0.0,0.0,0.0,405.0,S,1,34548,0,False
894,717701,120,0,0,0,0,34548,0,34548,0,0,0.0,1,0,0.0,0.0,0.0,405.0,N,1,34548,0,False
895,717703,120,0,0,0,0,34548,0,34548,0,0,0.0,1,0,0.0,0.0,0.0,405.0,N,1,34548,0,False
896,717706,120,0,0,0,0,34548,0,34548,0,0,0.0,1,0,0.0,0.0,0.0,405.0,N,1,34548,0,False
897,717709,120,0,0,0,0,34548,0,34548,0,0,0.0,1,0,0.0,0.0,0.0,405.0,N,1,34548,0,False
898,717710,120,0,0,0,0,34548,0,34548,0,0,0.0,1,0,0.0,0.0,0.0,405.0,S,1,34548,0,False
899,717711,120,0,0,0,0,34548,0,34548,0,0,0.0,1,0,0.0,0.0,0.0,405.0,N,1,34548,0,False
900,717713,120,0,0,0,0,34548,0,34548,0,0,0.0,1,0,0.0,0.0,0.0,405.0,N,1,34548,0,False
901,717715,120,0,0,0,0,34548,0,34548,0,0,0.0,1,0,0.0,0.0,0.0,405.0,N,1,34548,0,False
902,717717,120,0,0,0,0,34548,0,34548,0,0,0.0,1,0,0.0,0.0,0.0,405.0,N,1,34548,0,False
903,717719,120,0,0,0,0,34548,0,34548,0,0,0.0,1,0,0.0,0.0,0.0,405.0,N,1,34548,0,False
904,717720,120,0,0,0,0,34548,0,34548,0,0,0.0,1,0,0.0,0.0,0.0,405.0,N,1,34548,0,False
905,717721,120,0,0,0,0,34548,0,34548,0,0,0.0,1,0,0.0,0.0,0.0,405.0,N,1,34548,0,False
906,717723,120,0,0,0,0,34548,0,34548,0,0,0.0,1,0,0.0,0.0,0.0,405.0,N,1,34548,0,False
907,717724,120,0,0,0,0,34548,0,34548,0,0,0.0,1,0,0.0,0.0,0.0,405.0,S,1,34548,0,False
908,717727,120,0,0,0,0,34548,0,34548,0,0,0.0,1,0,0.0,0.0,0.0,405.0,N,1,34548,0,False
909,717729,120,0,0,0,0,34548,0,34548,0,0,0.0,1,0,0.0,0.0,0.0,405.0,N,1,34548,0,False
910,717731,120,0,0,0,0,34548,0,34548,0,0,0.0,1,0,0.0,0.0,0.0,405.0,S,1,34548,0,False
911,717733,120,0,0,0,0,34548,0,34548,0,0,0.0,1,0,0.0,0.0,0.0,405.0,N,1,34548,0,False
912,717735,120,0,0,0,0,34548,0,34548,0,0,0.0,1,0,0.0,0.0,0.0,405.0,N,1,34548,0,False
913,717740,120,0,0,0,0,34548,0,34548,0,0,0.0,1,0,0.0,0.0,0.0,405.0,N,1,34548,0,False
914,717742,120,0,0,0,0,34548,0,34548,0,0,0.0,1,0,0.0,0.0,0.0,405.0,N,1,34548,0,False
915,717744,120,0,0,0,0,34548,0,34548,0,0,0.0,1,0,0.0,0.0,0.0,405.0,N,1,34548,0,False
916,717746,120,0,0,0,0,34548,0,34548,0,0,0.0,1,0,0.0,0.0,0.0,405.0,S,1,34548,0,False
917,717750,120,0,0,0,0,34548,0,34548,0,0,0.0,1,0,0.0,0.0,0.0,405.0,N,1,34548,0,False
918,717751,120,0,0,0,0,34548,0,34548,0,0,0.0,1,0,0.0,0.0,0.0,405.0,S,1,34548,0,False
919,717752,120,0,0,0,0,34548,0,34548,0,0,0.0,1,0,0.0,0.0,0.0,405.0,N,1,34548,0,False
920,717753,120,0,0,0,0,34548,0,34548,0,0,0.0,1,0,0.0,0.0,0.0,405.0,S,1,34548,0,False
921,717758,120,0,0,0,0,34548,0,34548,0,0,0.0,1,0,0.0,0.0,0.0,405.0,N,1,34548,0,False
922,717765,120,0,0,0,0,34548,0,34548,0,0,0.0,1,0,0.0,0.0,0.0,405.0,N,1,34548,0,False
923,717769,120,0,0,0,0,34548,0,34548,0,0,0.0,1,0,0.0,0.0,0.0,405.0,N,1,34548,0,False
924,717770,120,0,0,0,0,34548,0,34548,0,0,0.0,1,0,0.0,0.0,0.0,710.0,N,1,34548,0,False
925,717772,120,0,0,0,0,34548,0,34548,0,0,0.0,1,0,0.0,0.0,0.0,405.0,S,1,34548,0,False
926,717776,120,0,0,0,0,34548,0,34548,0,0,0.0,1,0,0.0,0.0,0.0,405.0,N,1,34548,0,False
927,717777,120,0,0,0,0,34548,0,34548,0,0,0.0,1,0,0.0,0.0,0.0,405.0,N,1,34548,0,False
928,717779,120,0,0,0,0,34548,0,34548,0,0,0.0,1,0,0.0,0.0,0.0,405.0,N,1,34548,0,False
929,717787,120,0,0,0,0,34548,0,34548,0,0,0.0,1,0,0.0,0.0,0.0,405.0,N,1,34548,0,False
930,717788,120,0,0,0,0,34548,0,34548,0,0,0.0,1,0,0.0,0.0,0.0,405.0,S,1,34548,0,False
931,717794,120,0,0,0,0,34548,0,34548,0,0,0.0,1,0,0.0,0.0,0.0,405.0,N,1,34548,0,False
932,717795,120,0,0,0,0,34548,0,34548,0,0,0.0,1,0,0.0,0.0,0.0,405.0,S,1,34548,0,False
933,717797,120,0,0,0,0,34548,0,34548,0,0,0.0,1,0,0.0,0.0,0.0,405.0,N,1,34548,0,False
934,717798,120,0,0,0,0,34548,0,34548,0,0,0.0,1,0,0.0,0.0,0.0,405.0,N,1,34548,0,False
935,717799,120,0,0,0,0,34548,0,34548,0,0,0.0,1,0,0.0,0.0,0.0,405.0,N,1,34548,0,False
936,717800,120,0,0,0,0,34548,0,34548,0,0,0.0,1,0,0.0,0.0,0.0,405.0,N,1,34548,0,False
937,717804,120,0,0,0,0,34548,0,34548,0,0,0.0,1,0,0.0,0.0,0.0,405.0,N,1,34548,0,False
938,717806,120,0,0,0,0,34548,0,34548,0,0,0.0,1,0,0.0,0.0,0.0,405.0,N,1,34548,0,False
939,717807,120,0,0,0,0,34548,0,34548,0,0,0.0,1,0,0.0,0.0,0.0,405.0,S,1,34548,0,False
940,717809,120,0,0,0,0,34548,0,34548,0,0,0.0,1,0,0.0,0.0,0.0,405.0,S,1,34548,0,False
941,717813,120,0,0,0,0,34548,0,34548,0,0,0.0,1,0,0.0,0.0,0.0,101.0,S,1,34548,0,False
942,717816,120,0,0,0,0,34548,0,34548,0,0,0.0,1,0,0.0,0.0,0.0,405.0,S,1,34548,0,False
943,717818,120,0,0,0,0,34548,0,34548,0,0,0.0,1,0,0.0,0.0,0.0,405.0,N,1,34548,0,False
944,717819,120,0,0,0,0,34548,0,34548,0,0,0.0,1,0,0.0,0.0,0.0,405.0,N,1,34548,0,False
945,717821,120,0,0,0,0,34548,0,34548,0,0,0.0,1,0,0.0,0.0,0.0,405.0,S,1,34548,0,False
946,717823,120,0,0,0,0,34548,0,34548,0,0,0.0,1,0,0.0,0.0,0.0,405.0,N,1,34548,0,False
947,717824,120,0,0,0,0,34548,0,34548,0,0,0.0,1,0,0.0,0.0,0.0,405.0,S,1,34548,0,False
948,717825,120,0,0,0,0,34548,0,34548,0,0,0.0,1,0,0.0,0.0,0.0,405.0,N,1,34548,0,False
949,717826,120,0,0,0,0,34548,0,34548,0,0,0.0,1,0,0.0,0.0,0.0,405.0,S,1,34548,0,False
950,717827,120,0,0,0,0,34548,0,34548,0,0,0.0,1,0,0.0,0.0,0.0,405.0,N,1,34548,0,False
951,717828,120,0,0,0,0,34548,0,34548,0,0,0.0,1,0,0.0,0.0,0.0,405.0,S,1,34548,0,False
952,717829,120,0,0,0,0,34548,0,34548,0,0,0.0,1,0,0.0,0.0,0.0,405.0,S,1,34548,0,False
953,717839,120,0,0,0,0,34548,0,34548,0,0,0.0,1,0,0.0,0.0,0.0,605.0,N,1,34548,0,False
954,717842,120,0,0,0,0,34548,0,34548,0,0,0.0,1,0,0.0,0.0,0.0,605.0,S,1,34548,0,False
955,717843,120,0,0,0,0,34548,0,34548,0,0,0.0,1,0,0.0,0.0,0.0,605.0,S,1,34548,0,False
956,717847,120,0,0,0,0,34548,0,34548,0,0,0.0,1,0,0.0,0.0,0.0,605.0,S,1,34548,0,False
957,717848,120,0,0,0,0,34548,0,34548,0,0,0.0,1,0,0.0,0.0,0.0,605.0,S,1,34548,0,False
958,717851,120,0,0,0,0,34548,0,34548,0,0,0.0,1,0,0.0,0.0,0.0,605.0,N,1,34548,0,False
959,717854,120,0,0,0,0,34548,0,34548,0,0,0.0,1,0,0.0,0.0,0.0,605.0,N,1,34548,0,False
960,717857,120,0,0,0,0,34548,0,34548,0,0,0.0,1,0,0.0,0.0,0.0,605.0,N,1,34548,0,False
961,717858,120,0,0,0,0,34548,0,34548,0,0,0.0,1,0,0.0,0.0,0.0,605.0,N,1,34548,0,False
962,717859,120,0,0,0,0,34548,0,34548,0,0,0.0,1,0,0.0,0.0,0.0,605.0,S,1,34548,0,False
963,717862,120,0,0,0,0,34548,0,34548,0,0,0.0,1,0,0.0,0.0,0.0,605.0,S,1,34548,0,False
964,717864,120,0,0,0,0,34548,0,34548,0,0,0.0,1,0,0.0,0.0,0.0,605.0,N,1,34548,0,False
965,717865,120,0,0,0,0,34548,0,34548,0,0,0.0,1,0,0.0,0.0,0.0,605.0,S,1,34548,0,False
966,717871,120,0,0,0,0,34548,0,34548,0,0,0.0,1,0,0.0,0.0,0.0,605.0,S,1,34548,0,False
967,717872,120,0,0,0,0,34548,0,34548,0,0,0.0,1,0,0.0,0.0,0.0,605.0,S,1,34548,0,False
968,717875,120,0,0,0,0,34548,0,34548,0,0,0.0,1,0,0.0,0.0,0.0,605.0,N,1,34548,0,False
969,717877,120,0,0,0,0,34548,0,34548,0,0,0.0,1,0,0.0,0.0,0.0,605.0,S,1,34548,0,False
970,717879,120,0,0,0,0,34548,0,34548,0,0,0.0,1,0,0.0,0.0,0.0,605.0,N,1,34548,0,False
971,717881,120,0,0,0,0,34548,0,34548,0,0,0.0,1,0,0.0,0.0,0.0,605.0,N,1,34548,0,False
972,717884,120,0,0,0,0,34548,0,34548,0,0,0.0,1,0,0.0,0.0,0.0,605.0,S,1,34548,0,False
973,717885,120,0,0,0,0,34548,0,34548,0,0,0.0,1,0,0.0,0.0,0.0,605.0,S,1,34548,0,False
974,717887,120,0,0,0,0,34548,0,34548,0,0,0.0,1,0,0.0,0.0,0.0,605.0,S,1,34548,0,False
975,717888,120,0,0,0,0,34548,0,34548,0,0,0.0,1,0,0.0,0.0,0.0,605.0,N,1,34548,0,False
976,717893,120,0,0,0,0,34548,0,34548,0,0,0.0,1,0,0.0,0.0,0.0,605.0,N,1,34548,0,False
977,717894,120,0,0,0,0,34548,0,34548,0,0,0.0,1,0,0.0,0.0,0.0,605.0,S,1,34548,0,False
978,717896,120,0,0,0,0,34548,0,34548,0,0,0.0,1,0,0.0,0.0,0.0,605.0,S,1,34548,0,False
979,717897,120,0,0,0,0,34548,0,34548,0,0,0.0,1,0,0.0,0.0,0.0,605.0,N,1,34548,0,False
980,717898,120,0,0,0,0,34548,0,34548,0,0,0.0,1,0,0.0,0.0,0.0,605.0,S,1,34548,0,False
981,717903,120,0,0,0,0,34548,0,34548,0,0,0.0,1,0,0.0,0.0,0.0,605.0,N,1,34548,0,False
982,717906,120,0,0,0,0,34548,0,34548,0,0,0.0,1,0,0.0,0.0,0.0,605.0,N,1,34548,0,False
983,717907,120,0,0,0,0,34548,0,34548,0,0,0.0,1,0,0.0,0.0,0.0,605.0,S,1,34548,0,False
984,717909,120,0,0,0,0,34548,0,34548,0,0,0.0,1,0,0.0,0.0,0.0,605.0,N,1,34548,0,False
985,717912,120,0,0,0,0,34548,0,34548,0,0,0.0,1,0,0.0,0.0,0.0,605.0,S,1,34548,0,False
986,717915,120,0,0,0,0,34548,0,34548,0,0,0.0,1,0,0.0,0.0,0.0,605.0,N,1,34548,0,False
987,717922,120,0,0,0,0,34548,0,34548,0,0,0.0,1,0,0.0,0.0,0.0,605.0,N,1,34548,0,False
988,717924,120,0,0,0,0,34548,0,34548,0,0,0.0,1,0,0.0,0.0,0.0,605.0,S,1,34548,0,False
989,717925,120,0,0,0,0,34548,0,34548,0,0,0.0,1,0,0.0,0.0,0.0,605.0,S,1,34548,0,False
990,717926,120,0,0,0,0,34548,0,34548,0,0,0.0,1,0,0.0,0.0,0.0,605.0,N,1,34548,0,False
991,717929,120,0,0,0,0,34548,0,34548,0,0,0.0,1,0,0.0,0.0,0.0,605.0,N,1,34548,0,False
992,717930,120,0,0,0,0,34548,0,34548,0,0,0.0,1,0,0.0,0.0,0.0,605.0,S,1,34548,0,False
993,717933,120,0,0,0,0,34548,0,34548,0,0,0.0,1,0,0.0,0.0,0.0,605.0,S,1,34548,0,False
994,717934,120,0,0,0,0,34548,0,34548,0,0,0.0,1,0,0.0,0.0,0.0,605.0,N,1,34548,0,False
995,717940,120,0,0,0,0,34548,0,34548,0,0,0.0,1,0,0.0,0.0,0.0,605.0,N,1,34548,0,False
996,717942,120,0,0,0,0,34548,0,34548,0,0,0.0,1,0,0.0,0.0,0.0,605.0,S,1,34548,0,False
997,717943,120,0,0,0,0,34548,0,34548,0,0,0.0,1,0,0.0,0.0,0.0,605.0,S,1,34548,0,False
998,717951,120,0,0,0,0,34548,0,34548,0,0,0.0,1,0,0.0,0.0,0.0,605.0,S,1,34548,0,False
999,717957,120,0,0,0,0,34548,0,34548,0,0,0.0,1,0,0.0,0.0,0.0,605.0,S,1,34548,0,False
1000,717960,120,0,0,0,0,34548,0,34548,0,0,0.0,1,0,0.0,0.0,0.0,710.0,S,1,34548,0,False
1001,717962,120,0,0,0,0,34548,0,34548,0,0,0.0,1,0,0.0,0.0,0.0,710.0,N,1,34548,0,False
1002,717963,120,0,0,0,0,34548,0,34548,0,0,0.0,1,0,0.0,0.0,0.0,710.0,S,1,34548,0,False
1003,717966,120,0,0,0,0,34548,0,34548,0,0,0.0,1,0,0.0,0.0,0.0,710.0,N,1,34548,0,False
1004,717968,120,0,0,0,0,34548,0,34548,0,0,0.0,1,0,0.0,0.0,0.0,710.0,N,1,34548,0,False
1005,717970,120,0,0,0,0,34548,0,34548,0,0,0.0,1,0,0.0,0.0,0.0,710.0,S,1,34548,0,False
1006,717975,120,0,0,0,0,34548,0,34548,0,0,0.0,1,0,0.0,0.0,0.0,710.0,S,1,34548,0,False
1007,717977,120,0,0,0,0,34548,0,34548,0,0,0.0,1,0,0.0,0.0,0.0,710.0,N,1,34548,0,False
1008,717978,120,0,0,0,0,34548,0,34548,0,0,0.0,1,0,0.0,0.0,0.0,710.0,S,1,34548,0,False
1009,717980,120,0,0,0,0,34548,0,34548,0,0,0.0,1,0,0.0,0.0,0.0,710.0,S,1,34548,0,False
1010,718002,120,0,0,0,0,34548,0,34548,0,0,0.0,1,0,0.0,0.0,0.0,710.0,S,1,34548,0,False
1011,718008,120,0,0,0,0,34548,0,34548,0,0,0.0,1,0,0.0,0.0,0.0,710.0,S,1,34548,0,False
1012,718014,120,0,0,0,0,34548,0,34548,0,0,0.0,1,0,0.0,0.0,0.0,710.0,N,1,34548,0,False
1013,718016,120,0,0,0,0,34548,0,34548,0,0,0.0,1,0,0.0,0.0,0.0,710.0,N,1,34548,0,False
1014,718017,120,0,0,0,0,34548,0,34548,0,0,0.0,1,0,0.0,0.0,0.0,710.0,S,1,34548,0,False
1015,718018,120,0,0,0,0,34548,0,34548,0,0,0.0,1,0,0.0,0.0,0.0,710.0,S,1,34548,0,False
1016,718020,120,0,0,0,0,34548,0,34548,0,0,0.0,1,0,0.0,0.0,0.0,10.0,W,1,34548,0,False
1017,718041,120,0,0,0,0,34548,0,34548,0,0,0.0,1,0,0.0,0.0,0.0,110.0,S,1,34548,0,False
1018,718045,120,0,0,0,0,34548,0,34548,0,0,0.0,1,0,0.0,0.0,0.0,110.0,S,1,34548,0,False
1019,718046,120,0,0,0,0,34548,0,34548,0,0,0.0,1,0,0.0,0.0,0.0,110.0,N,1,34548,0,False
1020,718047,120,0,0,0,0,34548,0,34548,0,0,0.0,1,0,0.0,0.0,0.0,210.0,W,1,34548,0,False
1021,718048,120,0,0,0,0,34548,0,34548,0,0,0.0,1,0,0.0,0.0,0.0,57.0,S,1,34548,0,False
1022,718050,120,0,0,0,0,34548,0,34548,0,0,0.0,1,0,0.0,0.0,0.0,57.0,S,1,34548,0,False
1023,718051,120,0,0,0,0,34548,0,34548,0,0,0.0,1,0,0.0,0.0,0.0,57.0,N,1,34548,0,False
1024,718052,120,0,0,0,0,34548,0,34548,0,0,0.0,1,0,0.0,0.0,0.0,57.0,S,1,34548,0,False
1025,718053,120,0,0,0,0,34548,0,34548,0,0,0.0,1,0,0.0,0.0,0.0,57.0,N,1,34548,0,False
1026,718054,120,0,0,0,0,34548,0,34548,0,0,0.0,1,0,0.0,0.0,0.0,57.0,S,1,34548,0,False
1027,718064,120,0,0,0,0,34548,0,34548,0,0,0.0,1,0,0.0,0.0,0.0,2.0,W,1,34548,0,False
1028,718085,120,0,0,0,0,34548,0,34548,0,0,0.0,1,0,0.0,0.0,0.0,5.0,S,1,34548,0,False
1029,718086,120,0,0,0,0,34548,0,34548,0,0,0.0,1,0,0.0,0.0,0.0,5.0,N,1,34548,0,False
1030,718089,120,0,0,0,0,34548,0,34548,0,0,0.0,1,0,0.0,0.0,0.0,5.0,S,1,34548,0,False
1031,718090,120,0,0,0,0,34548,0,34548,0,0,0.0,1,0,0.0,0.0,0.0,5.0,S,1,34548,0,False
1032,718092,120,0,0,0,0,34548,0,34548,0,0,0.0,1,0,0.0,0.0,0.0,5.0,N,1,34548,0,False
1033,718099,120,0,0,0,0,34548,0,34548,0,0,0.0,1,0,0.0,0.0,0.0,10.0,W,1,34548,0,False
1034,718102,120,0,0,0,0,34548,0,34548,0,0,0.0,1,0,0.0,0.0,0.0,710.0,N,1,34548,0,False
1035,718103,120,0,0,0,0,34548,0,34548,0,0,0.0,1,0,0.0,0.0,0.0,10.0,W,1,34548,0,False
1036,718123,120,0,0,0,0,34548,0,34548,0,0,0.0,1,0,0.0,0.0,0.0,60.0,E,1,34548,0,False
1037,718124,120,0,0,0,0,34548,0,34548,0,0,0.0,1,0,0.0,0.0,0.0,60.0,W,1,34548,0,False
1038,718125,120,0,0,0,0,34548,0,34548,0,0,0.0,1,0,0.0,0.0,0.0,60.0,W,1,34548,0,False
1039,718126,120,0,0,0,0,34548,0,34548,0,0,0.0,1,0,0.0,0.0,0.0,60.0,W,1,34548,0,False
1040,718127,120,0,0,0,0,34548,0,34548,0,0,0.0,1,0,0.0,0.0,0.0,60.0,E,1,34548,0,False
1041,718141,120,0,0,0,0,34548,0,34548,0,0,0.0,1,0,0.0,0.0,0.0,101.0,N,1,34548,0,False
1042,718142,120,0,0,0,0,34548,0,34548,0,0,0.0,1,0,0.0,0.0,0.0,101.0,S,1,34548,0,False
1043,718143,120,0,0,0,0,34548,0,34548,0,0,0.0,1,0,0.0,0.0,0.0,101.0,S,1,34548,0,False
1044,718144,120,0,0,0,0,34548,0,34548,0,0,0.0,1,0,0.0,0.0,0.0,101.0,S,1,34548,0,False
1045,718146,120,0,0,0,0,34548,0,34548,0,0,0.0,1,0,0.0,0.0,0.0,101.0,S,1,34548,0,False
1046,718148,120,0,0,0,0,34548,0,34548,0,0,0.0,1,0,0.0,0.0,0.0,101.0,S,1,34548,0,False
1047,718149,120,0,0,0,0,34548,0,34548,0,0,0.0,1,0,0.0,0.0,0.0,101.0,S,1,34548,0,False
1048,718150,120,0,0,0,0,34548,0,34548,0,0,0.0,1,0,0.0,0.0,0.0,101.0,S,1,34548,0,False
1049,718155,120,0,0,0,0,34548,0,34548,0,0,0.0,1,0,0.0,0.0,0.0,105.0,E,1,34548,0,False
1050,718164,120,0,0,0,0,34548,0,34548,0,0,0.0,1,0,0.0,0.0,0.0,110.0,N,1,34548,0,False
1051,718165,120,0,0,0,0,34548,0,34548,0,0,0.0,1,0,0.0,0.0,0.0,110.0,N,1,34548,0,False
1052,718166,120,0,0,0,0,34548,0,34548,0,0,0.0,1,0,0.0,0.0,0.0,110.0,S,1,34548,0,False
1053,718173,120,0,0,0,0,34548,0,34548,0,0,0.0,1,0,0.0,0.0,0.0,110.0,S,1,34548,0,False
1054,718204,120,0,0,0,0,34548,0,34548,0,0,0.0,1,0,0.0,0.0,0.0,134.0,E,1,34548,0,False
1055,718219,120,0,0,0,0,34548,0,34548,0,0,0.0,1,0,0.0,0.0,0.0,405.0,N,1,34548,0,False
1056,718221,120,0,0,0,0,34548,0,34548,0,0,0.0,1,0,0.0,0.0,0.0,405.0,S,1,34548,0,False
1057,718223,120,0,0,0,0,34548,0,34548,0,0,0.0,1,0,0.0,0.0,0.0,405.0,S,1,34548,0,False
1058,718226,120,0,0,0,0,34548,0,34548,0,0,0.0,1,0,0.0,0.0,0.0,405.0,S,1,34548,0,False
1059,718227,120,0,0,0,0,34548,0,34548,0,0,0.0,1,0,0.0,0.0,0.0,405.0,N,1,34548,0,False
1060,718229,120,0,0,0,0,34548,0,34548,0,0,0.0,1,0,0.0,0.0,0.0,405.0,S,1,34548,0,False
1061,718232,120,0,0,0,0,34548,0,34548,0,0,0.0,1,0,0.0,0.0,0.0,405.0,S,1,34548,0,False
1062,718235,120,0,0,0,0,34548,0,34548,0,0,0.0,1,0,0.0,0.0,0.0,405.0,S,1,34548,0,False
1063,718238,120,0,0,0,0,34548,0,34548,0,0,0.0,1,0,0.0,0.0,0.0,405.0,S,1,34548,0,False
1064,718240,120,0,0,0,0,34548,0,34548,0,0,0.0,1,0,0.0,0.0,0.0,405.0,S,1,34548,0,False
1065,718242,120,0,0,0,0,34548,0,34548,0,0,0.0,1,0,0.0,0.0,0.0,405.0,S,1,34548,0,False
1066,718243,120,0,0,0,0,34548,0,34548,0,0,0.0,1,0,0.0,0.0,0.0,405.0,S,1,34548,0,False
1067,718245,120,0,0,0,0,34548,0,34548,0,0,0.0,1,0,0.0,0.0,0.0,405.0,S,1,34548,0,False
1068,718247,120,0,0,0,0,34548,0,34548,0,0,0.0,1,0,0.0,0.0,0.0,405.0,S,1,34548,0,False
1069,718249,120,0,0,0,0,34548,0,34548,0,0,0.0,1,0,0.0,0.0,0.0,405.0,S,1,34548,0,False
1070,718251,120,0,0,0,0,34548,0,34548,0,0,0.0,1,0,0.0,0.0,0.0,405.0,N,1,34548,0,False
1071,718253,120,0,0,0,0,34548,0,34548,0,0,0.0,1,0,0.0,0.0,0.0,405.0,S,1,34548,0,False
1072,718258,120,0,0,0,0,34548,0,34548,0,0,0.0,1,0,0.0,0.0,0.0,405.0,S,1,34548,0,False
1073,718262,120,0,0,0,0,34548,0,34548,0,0,0.0,1,0,0.0,0.0,0.0,405.0,S,1,34548,0,False
1074,718265,120,0,0,0,0,34548,0,34548,0,0,0.0,1,0,0.0,0.0,0.0,405.0,S,1,34548,0,False
1075,718266,120,0,0,0,0,34548,0,34548,0,0,0.0,1,0,0.0,0.0,0.0,405.0,N,1,34548,0,False
1076,718267,120,0,0,0,0,34548,0,34548,0,0,0.0,1,0,0.0,0.0,0.0,405.0,N,1,34548,0,False
1077,718275,120,0,0,0,0,34548,0,34548,0,0,0.0,1,0,0.0,0.0,0.0,405.0,S,1,34548,0,False
1078,718277,120,0,0,0,0,34548,0,34548,0,0,0.0,1,0,0.0,0.0,0.0,405.0,S,1,34548,0,False
1079,718280,120,0,0,0,0,34548,0,34548,0,0,0.0,1,0,0.0,0.0,0.0,405.0,S,1,34548,0,False
1080,718284,120,0,0,0,0,34548,0,34548,0,0,0.0,1,0,0.0,0.0,0.0,405.0,S,1,34548,0,False
1081,718290,120,0,0,0,0,34548,0,34548,0,0,0.0,1,0,0.0,0.0,0.0,405.0,S,1,34548,0,False
1082,718291,120,0,0,0,0,34548,0,34548,0,0,0.0,1,0,0.0,0.0,0.0,405.0,N,1,34548,0,False
1083,718292,120,0,0,0,0,34548,0,34548,0,0,0.0,1,0,0.0,0.0,0.0,405.0,N,1,34548,0,False
1084,718296,120,0,0,0,0,34548,0,34548,0,0,0.0,1,0,0.0,0.0,0.0,405.0,S,1,34548,0,False
1085,718297,120,0,0,0,0,34548,0,34548,0,0,0.0,1,0,0.0,0.0,0.0,405.0,S,1,34548,0,False
1086,718300,120,0,0,0,0,34548,0,34548,0,0,0.0,1,0,0.0,0.0,0.0,405.0,S,1,34548,0,False
1087,718302,120,0,0,0,0,34548,0,34548,0,0,0.0,1,0,0.0,0.0,0.0,405.0,S,1,34548,0,False
1088,718304,120,0,0,0,0,34548,0,34548,0,0,0.0,1,0,0.0,0.0,0.0,405.0,S,1,34548,0,False
1089,718308,120,0,0,0,0,34548,0,34548,0,0,0.0,1,0,0.0,0.0,0.0,405.0,S,1,34548,0,False
1090,718310,120,0,0,0,0,34548,0,34548,0,0,0.0,1,0,0.0,0.0,0.0,405.0,S,1,34548,0,False
1091,718312,120,0,0,0,0,34548,0,34548,0,0,0.0,1,0,0.0,0.0,0.0,405.0,S,1,34548,0,False
1092,718314,120,0,0,0,0,34548,0,34548,0,0,0.0,1,0,0.0,0.0,0.0,405.0,S,1,34548,0,False
1093,718315,120,0,0,0,0,34548,0,34548,0,0,0.0,1,0,0.0,0.0,0.0,405.0,S,1,34548,0,False
1094,718320,120,0,0,0,0,34548,0,34548,0,0,0.0,1,0,0.0,0.0,0.0,710.0,N,1,34548,0,False
1095,718321,120,0,0,0,0,34548,0,34548,0,0,0.0,1,0,0.0,0.0,0.0,710.0,S,1,34548,0,False
1096,718326,120,0,0,0,0,34548,0,34548,0,0,0.0,1,0,0.0,0.0,0.0,91.0,E,1,34548,0,False
1097,718332,120,0,0,0,0,34548,0,34548,0,0,0.0,1,0,0.0,0.0,0.0,10.0,W,1,34548,0,False
1098,718335,120,0,0,0,0,34548,0,34548,0,0,0.0,1,0,0.0,0.0,0.0,10.0,E,1,34548,0,False
1099,718358,120,0,0,0,0,34548,0,34548,0,0,0.0,1,0,0.0,0.0,0.0,5.0,N,1,34548,0,False
1100,718360,120,0,0,0,0,34548,0,34548,0,0,0.0,1,0,0.0,0.0,0.0,5.0,N,1,34548,0,False
1101,718379,120,0,0,0,0,34548,0,34548,0,0,0.0,1,0,0.0,0.0,0.0,5.0,S,1,34548,0,False
1102,718384,120,0,0,0,0,34548,0,34548,0,0,0.0,1,0,0.0,0.0,0.0,5.0,N,1,34548,0,False
1103,718389,120,0,0,0,0,34548,0,34548,0,0,0.0,1,0,0.0,0.0,0.0,5.0,N,1,34548,0,False
1104,718392,120,0,0,0,0,34548,0,34548,0,0,0.0,1,0,0.0,0.0,0.0,5.0,S,1,34548,0,False
1105,718393,120,0,0,0,0,34548,0,34548,0,0,0.0,1,0,0.0,0.0,0.0,5.0,S,1,34548,0,False
1106,718394,120,0,0,0,0,34548,0,34548,0,0,0.0,1,0,0.0,0.0,0.0,5.0,N,1,34548,0,False
1107,718404,120,0,0,0,0,34548,0,34548,0,0,0.0,1,0,0.0,0.0,0.0,5.0,N,1,34548,0,False
1108,718405,120,0,0,0,0,34548,0,34548,0,0,0.0,1,0,0.0,0.0,0.0,5.0,S,1,34548,0,False
1109,718410,120,0,0,0,0,34548,0,34548,0,0,0.0,1,0,0.0,0.0,0.0,10.0,E,1,34548,0,False
1110,718411,120,0,0,0,0,34548,0,34548,0,0,0.0,1,0,0.0,0.0,0.0,10.0,W,1,34548,0,False
1111,718412,120,0,0,0,0,34548,0,34548,0,0,0.0,1,0,0.0,0.0,0.0,10.0,E,1,34548,0,False
1112,718414,120,0,0,0,0,34548,0,34548,0,0,0.0,1,0,0.0,0.0,0.0,10.0,W,1,34548,0,False
1113,718415,120,0,0,0,0,34548,0,34548,0,0,0.0,1,0,0.0,0.0,0.0,10.0,E,1,34548,0,False
1114,718419,120,0,0,0,0,34548,0,34548,0,0,0.0,1,0,0.0,0.0,0.0,10.0,E,1,34548,0,False
1115,718421,120,0,0,0,0,34548,0,34548,0,0,0.0,1,0,0.0,0.0,0.0,10.0,E,1,34548,0,False
1116,718445,120,0,0,0,0,34548,0,34548,0,0,0.0,1,0,0.0,0.0,0.0,10.0,E,1,34548,0,False
1117,718453,120,0,0,0,0,34548,0,34548,0,0,0.0,1,0,0.0,0.0,0.0,60.0,E,1,34548,0,False
1118,718455,120,0,0,0,0,34548,0,34548,0,0,0.0,1,0,0.0,0.0,0.0,60.0,W,1,34548,0,False
1119,718466,120,0,0,0,0,34548,0,34548,0,0,0.0,1,0,0.0,0.0,0.0,605.0,N,1,34548,0,False
1120,718479,120,0,0,0,0,34548,0,34548,0,0,0.0,1,0,0.0,0.0,0.0,405.0,S,1,34548,0,False
1121,718492,120,0,0,0,0,34548,0,34548,0,0,0.0,1,0,0.0,0.0,0.0,710.0,N,1,34548,0,False
1122,718493,120,0,0,0,0,34548,0,34548,0,0,0.0,1,0,0.0,0.0,0.0,710.0,S,1,34548,0,False
1123,718500,120,0,0,0,0,34548,0,34548,0,0,0.0,1,0,0.0,0.0,0.0,405.0,N,1,34548,0,False
1124,737152,120,0,0,0,0,34548,0,34548,0,0,0.0,1,0,0.0,0.0,0.0,605.0,S,1,34548,0,False
1125,737158,120,0,0,0,0,34548,0,34548,0,0,0.0,1,0,0.0,0.0,0.0,10.0,E,1,34548,0,False
1126,737184,120,0,0,0,0,34548,0,34548,0,0,0.0,1,0,0.0,0.0,0.0,10.0,E,1,34548,0,False
1127,737229,120,0,0,0,0,34548,0,34548,0,0,0.0,1,0,0.0,0.0,0.0,10.0,E,1,34548,0,False
1128,737232,120,0,0,0,0,34548,0,34548,0,0,0.0,1,0,0.0,0.0,0.0,10.0,W,1,34548,0,False
1129,737237,120,0,0,0,0,34548,0,34548,0,0,0.0,1,0,0.0,0.0,0.0,10.0,E,1,34548,0,False
1130,737242,120,0,0,0,0,34548,0,34548,0,0,0.0,1,0,0.0,0.0,0.0,10.0,W,1,34548,0,False
1131,737246,120,0,0,0,0,34548,0,34548,0,0,0.0,1,0,0.0,0.0,0.0,10.0,E,1,34548,0,False
1132,737257,120,0,0,0,0,34548,0,34548,0,0,0.0,1,0,0.0,0.0,0.0,10.0,E,1,34548,0,False
1133,737258,120,0,0,0,0,34548,0,34548,0,0,0.0,1,0,0.0,0.0,0.0,10.0,W,1,34548,0,False
1134,737269,120,0,0,0,0,34548,0,34548,0,0,0.0,1,0,0.0,0.0,0.0,10.0,W,1,34548,0,False
1135,737278,120,0,0,0,0,34548,0,34548,0,0,0.0,1,0,0.0,0.0,0.0,10.0,E,1,34548,0,False
1136,737292,120,0,0,0,0,34548,0,34548,0,0,0.0,1,0,0.0,0.0,0.0,10.0,W,1,34548,0,False
1137,737313,120,0,0,0,0,34548,0,34548,0,0,0.0,1,0,0.0,0.0,0.0,10.0,E,1,34548,0,False
1138,737320,120,0,0,0,0,34548,0,34548,0,0,0.0,1,0,0.0,0.0,0.0,10.0,E,1,34548,0,False
1139,737344,120,0,0,0,0,34548,0,34548,0,0,0.0,1,0,0.0,0.0,0.0,10.0,E,1,34548,0,False
1140,737345,120,0,0,0,0,34548,0,34548,0,0,0.0,1,0,0.0,0.0,0.0,10.0,W,1,34548,0,False
1141,737433,120,0,0,0,0,34548,0,34548,0,0,0.0,1,0,0.0,0.0,0.0,101.0,N,1,34548,0,False
1142,737529,120,0,0,0,0,34548,0,34548,0,0,0.0,1,0,0.0,0.0,0.0,405.0,S,1,34548,0,False
1143,759142,120,0,0,0,0,34548,0,34548,0,0,0.0,1,0,0.0,0.0,0.0,118.0,E,1,34548,0,False
1144,759165,120,0,0,0,0,34548,0,34548,0,0,0.0,1,0,0.0,0.0,0.0,118.0,W,1,34548,0,False
1145,759228,120,0,0,0,0,34548,0,34548,0,0,0.0,1,0,0.0,0.0,0.0,5.0,S,1,34548,0,False
1146,759250,120,0,0,0,0,34548,0,34548,0,0,0.0,1,0,0.0,0.0,0.0,5.0,S,1,34548,0,False
1147,759257,120,0,0,0,0,34548,0,34548,0,0,0.0,1,0,0.0,0.0,0.0,10.0,E,1,34548,0,False
1148,759259,120,0,0,0,0,34548,0,34548,0,0,0.0,1,0,0.0,0.0,0.0,10.0,W,1,34548,0,False
1149,759271,120,0,0,0,0,34548,0,34548,0,0,0.0,1,0,0.0,0.0,0.0,101.0,N,1,34548,0,False
1150,759280,120,0,0,0,0,34548,0,34548,0,0,0.0,1,0,0.0,0.0,0.0,10.0,E,1,34548,0,False
1151,759289,120,0,0,0,0,34548,0,34548,0,0,0.0,1,0,0.0,0.0,0.0,10.0,W,1,34548,0,False
1152,759385,120,0,0,0,0,34548,0,34548,0,0,0.0,1,0,0.0,0.0,0.0,10.0,E,1,34548,0,False
1153,759416,120,0,0,0,0,34548,0,34548,0,0,0.0,1,0,0.0,0.0,0.0,110.0,S,1,34548,0,False
1154,759418,120,0,0,0,0,34548,0,34548,0,0,0.0,1,0,0.0,0.0,0.0,110.0,S,1,34548,0,False
1155,759422,120,0,0,0,0,34548,0,34548,0,0,0.0,1,0,0.0,0.0,0.0,405.0,S,1,34548,0,False
1156,759427,120,0,0,0,0,34548,0,34548,0,0,0.0,1,0,0.0,0.0,0.0,405.0,N,1,34548,0,False
1157,759513,120,0,0,0,0,34548,0,34548,0,0,0.0,1,0,0.0,0.0,0.0,5.0,N,1,34548,0,False
1158,759518,120,0,0,0,0,34548,0,34548,0,0,0.0,1,0,0.0,0.0,0.0,5.0,N,1,34548,0,False
1159,759531,120,0,0,0,0,34548,0,34548,0,0,0.0,1,0,0.0,0.0,0.0,5.0,N,1,34548,0,False
1160,759542,120,0,0,0,0,34548,0,34548,0,0,0.0,1,0,0.0,0.0,0.0,5.0,N,1,34548,0,False
1161,759552,120,0,0,0,0,34548,0,34548,0,0,0.0,1,0,0.0,0.0,0.0,5.0,N,1,34548,0,False
1162,759576,120,0,0,0,0,34548,0,34548,0,0,0.0,1,0,0.0,0.0,0.0,5.0,N,1,34548,0,False
1163,759591,120,0,0,0,0,34548,0,34548,0,0,0.0,1,0,0.0,0.0,0.0,5.0,N,1,34548,0,False
1164,759602,120,0,0,0,0,34548,0,34548,0,0,0.0,1,0,0.0,0.0,0.0,5.0,N,1,34548,0,False
1165,759610,120,0,0,0,0,34548,0,34548,0,0,0.0,1,0,0.0,0.0,0.0,5.0,S,1,34548,0,False
1166,759617,120,0,0,0,0,34548,0,34548,0,0,0.0,1,0,0.0,0.0,0.0,5.0,N,1,34548,0,False
1167,759626,120,0,0,0,0,34548,0,34548,0,0,0.0,1,0,0.0,0.0,0.0,5.0,N,1,34548,0,False
1168,759636,120,0,0,0,0,34548,0,34548,0,0,0.0,1,0,0.0,0.0,0.0,5.0,N,1,34548,0,False
1169,759648,120,0,0,0,0,34548,0,34548,0,0,0.0,1,0,0.0,0.0,0.0,5.0,N,1,34548,0,False
1170,759654,120,0,0,0,0,34548,0,34548,0,0,0.0,1,0,0.0,0.0,0.0,5.0,N,1,34548,0,False
1171,759666,120,0,0,0,0,34548,0,34548,0,0,0.0,1,0,0.0,0.0,0.0,5.0,N,1,34548,0,False
1172,759672,120,0,0,0,0,34548,0,34548,0,0,0.0,1,0,0.0,0.0,0.0,5.0,N,1,34548,0,False
1173,759677,120,0,0,0,0,34548,0,34548,0,0,0.0,1,0,0.0,0.0,0.0,5.0,N,1,34548,0,False
1174,759685,120,0,0,0,0,34548,0,34548,0,0,0.0,1,0,0.0,0.0,0.0,5.0,N,1,34548,0,False
1175,759700,120,0,0,0,0,34548,0,34548,0,0,0.0,1,0,0.0,0.0,0.0,5.0,S,1,34548,0,False
1176,759707,120,0,0,0,0,34548,0,34548,0,0,0.0,1,0,0.0,0.0,0.0,5.0,S,1,34548,0,False
1177,759747,120,0,0,0,0,34548,0,34548,0,0,0.0,1,0,0.0,0.0,0.0,5.0,S,1,34548,0,False
1178,759822,120,0,0,0,0,34548,0,34548,0,0,0.0,1,0,0.0,0.0,0.0,5.0,S,1,34548,0,False
1179,759834,120,0,0,0,0,34548,0,34548,0,0,0.0,1,0,0.0,0.0,0.0,5.0,N,1,34548,0,False
1180,759835,120,0,0,0,0,34548,0,34548,0,0,0.0,1,0,0.0,0.0,0.0,5.0,S,1,34548,0,False
1181,759844,120,0,0,0,0,34548,0,34548,0,0,0.0,1,0,0.0,0.0,0.0,5.0,S,1,34548,0,False
1182,759850,120,0,0,0,0,34548,0,34548,0,0,0.0,1,0,0.0,0.0,0.0,5.0,S,1,34548,0,False
1183,759858,120,0,0,0,0,34548,0,34548,0,0,0.0,1,0,0.0,0.0,0.0,5.0,S,1,34548,0,False
1184,759870,120,0,0,0,0,34548,0,34548,0,0,0.0,1,0,0.0,0.0,0.0,5.0,S,1,34548,0,False
1185,759900,120,0,0,0,0,34548,0,34548,0,0,0.0,1,0,0.0,0.0,0.0,5.0,S,1,34548,0,False
1186,759914,120,0,0,0,0,34548,0,34548,0,0,0.0,1,0,0.0,0.0,0.0,5.0,S,1,34548,0,False
1187,759927,120,0,0,0,0,34548,0,34548,0,0,0.0,1,0,0.0,0.0,0.0,5.0,S,1,34548,0,False
1188,759942,120,0,0,0,0,34548,0,34548,0,0,0.0,1,0,0.0,0.0,0.0,5.0,S,1,34548,0,False
1189,760002,120,0,0,0,0,34548,0,34548,0,0,0.0,1,0,0.0,0.0,0.0,101.0,N,1,34548,0,False
1190,760013,120,0,0,0,0,34548,0,34548,0,0,0.0,1,0,0.0,0.0,0.0,101.0,S,1,34548,0,False
1191,760024,120,0,0,0,0,34548,0,34548,0,0,0.0,1,0,0.0,0.0,0.0,101.0,S,1,34548,0,False
1192,760046,120,0,0,0,0,34548,0,34548,0,0,0.0,1,0,0.0,0.0,0.0,105.0,E,1,34548,0,False
1193,760063,120,0,0,0,0,34548,0,34548,0,0,0.0,1,0,0.0,0.0,0.0,105.0,E,1,34548,0,False
1194,760074,120,0,0,0,0,34548,0,34548,0,0,0.0,1,0,0.0,0.0,0.0,105.0,E,1,34548,0,False
1195,760080,120,0,0,0,0,34548,0,34548,0,0,0.0,1,0,0.0,0.0,0.0,105.0,E,1,34548,0,False
1196,760101,120,0,0,0,0,34548,0,34548,0,0,0.0,1,0,0.0,0.0,0.0,105.0,E,1,34548,0,False
1197,760112,120,0,0,0,0,34548,0,34548,0,0,0.0,1,0,0.0,0.0,0.0,105.0,E,1,34548,0,False
1198,760167,120,0,0,0,0,34548,0,34548,0,0,0.0,1,0,0.0,0.0,0.0,105.0,E,1,34548,0,False
1199,760187,120,0,0,0,0,34548,0,34548,0,0,0.0,1,0,0.0,0.0,0.0,105.0,E,1,34548,0,False
1200,760196,120,0,0,0,0,34548,0,34548,0,0,0.0,1,0,0.0,0.0,0.0,105.0,E,1,34548,0,False
1201,760226,120,0,0,0,0,34548,0,34548,0,0,0.0,1,0,0.0,0.0,0.0,105.0,E,1,34548,0,False
1202,760236,120,0,0,0,0,34548,0,34548,0,0,0.0,1,0,0.0,0.0,0.0,105.0,E,1,34548,0,False
1203,760283,120,0,0,0,0,34548,0,34548,0,0,0.0,1,0,0.0,0.0,0.0,105.0,E,1,34548,0,False
1204,760301,120,0,0,0,0,34548,0,34548,0,0,0.0,1,0,0.0,0.0,0.0,105.0,E,1,34548,0,False
1205,760315,120,0,0,0,0,34548,0,34548,0,0,0.0,1,0,0.0,0.0,0.0,105.0,E,1,34548,0,False
1206,760330,120,0,0,0,0,34548,0,34548,0,0,0.0,1,0,0.0,0.0,0.0,105.0,E,1,34548,0,False
1207,760349,120,0,0,0,0,34548,0,34548,0,0,0.0,1,0,0.0,0.0,0.0,105.0,E,1,34548,0,False
1208,760358,120,0,0,0,0,34548,0,34548,0,0,0.0,1,0,0.0,0.0,0.0,105.0,W,1,34548,0,False
1209,760361,120,0,0,0,0,34548,0,34548,0,0,0.0,1,0,0.0,0.0,0.0,105.0,W,1,34548,0,False
1210,760369,120,0,0,0,0,34548,0,34548,0,0,0.0,1,0,0.0,0.0,0.0,105.0,W,1,34548,0,False
1211,760384,120,0,0,0,0,34548,0,34548,0,0,0.0,1,0,0.0,0.0,0.0,105.0,W,1,34548,0,False
1212,760398,120,0,0,0,0,34548,0,34548,0,0,0.0,1,0,0.0,0.0,0.0,105.0,W,1,34548,0,False
1213,760426,120,0,0,0,0,34548,0,34548,0,0,0.0,1,0,0.0,0.0,0.0,105.0,W,1,34548,0,False
1214,760440,120,0,0,0,0,34548,0,34548,0,0,0.0,1,0,0.0,0.0,0.0,105.0,W,1,34548,0,False
1215,760452,120,0,0,0,0,34548,0,34548,0,0,0.0,1,0,0.0,0.0,0.0,105.0,W,1,34548,0,False
1216,760473,120,0,0,0,0,34548,0,34548,0,0,0.0,1,0,0.0,0.0,0.0,105.0,W,1,34548,0,False
1217,760481,120,0,0,0,0,34548,0,34548,0,0,0.0,1,0,0.0,0.0,0.0,105.0,W,1,34548,0,False
1218,760496,120,0,0,0,0,34548,0,34548,0,0,0.0,1,0,0.0,0.0,0.0,105.0,W,1,34548,0,False
1219,760512,120,0,0,0,0,34548,0,34548,0,0,0.0,1,0,0.0,0.0,0.0,105.0,W,1,34548,0,False
1220,760535,120,0,0,0,0,34548,0,34548,0,0,0.0,1,0,0.0,0.0,0.0,105.0,W,1,34548,0,False
1221,760558,120,0,0,0,0,34548,0,34548,0,0,0.0,1,0,0.0,0.0,0.0,105.0,W,1,34548,0,False
1222,760568,120,0,0,0,0,34548,0,34548,0,0,0.0,1,0,0.0,0.0,0.0,105.0,W,1,34548,0,False
1223,760599,120,0,0,0,0,34548,0,34548,0,0,0.0,1,0,0.0,0.0,0.0,105.0,W,1,34548,0,False
1224,760606,120,0,0,0,0,34548,0,34548,0,0,0.0,1,0,0.0,0.0,0.0,105.0,W,1,34548,0,False
1225,760619,120,0,0,0,0,34548,0,34548,0,0,0.0,1,0,0.0,0.0,0.0,105.0,W,1,34548,0,False
1226,760635,120,0,0,0,0,34548,0,34548,0,0,0.0,1,0,0.0,0.0,0.0,110.0,S,1,34548,0,False
1227,760643,120,0,0,0,0,34548,0,34548,0,0,0.0,1,0,0.0,0.0,0.0,110.0,S,1,34548,0,False
1228,760650,120,0,0,0,0,34548,0,34548,0,0,0.0,1,0,0.0,0.0,0.0,110.0,S,1,34548,0,False
1229,760706,120,0,0,0,0,34548,0,34548,0,0,0.0,1,0,0.0,0.0,0.0,118.0,W,1,34548,0,False
1230,760718,120,0,0,0,0,34548,0,34548,0,0,0.0,1,0,0.0,0.0,0.0,118.0,E,1,34548,0,False
1231,760794,120,0,0,0,0,34548,0,34548,0,0,0.0,1,0,0.0,0.0,0.0,118.0,E,1,34548,0,False
1232,760812,120,0,0,0,0,34548,0,34548,0,0,0.0,1,0,0.0,0.0,0.0,118.0,E,1,34548,0,False
1233,760828,120,0,0,0,0,34548,0,34548,0,0,0.0,1,0,0.0,0.0,0.0,118.0,W,1,34548,0,False
1234,760921,120,0,0,0,0,34548,0,34548,0,0,0.0,1,0,0.0,0.0,0.0,118.0,W,1,34548,0,False
1235,760951,120,0,0,0,0,34548,0,34548,0,0,0.0,1,0,0.0,0.0,0.0,118.0,W,1,34548,0,False
1236,761016,120,0,0,0,0,34548,0,34548,0,0,0.0,1,0,0.0,0.0,0.0,134.0,E,1,34548,0,False
1237,761070,120,0,0,0,0,34548,0,34548,0,0,0.0,1,0,0.0,0.0,0.0,170.0,S,1,34548,0,False
1238,761128,120,0,0,0,0,34548,0,34548,0,0,0.0,1,0,0.0,0.0,0.0,210.0,E,1,34548,0,False
1239,761141,120,0,0,0,0,34548,0,34548,0,0,0.0,1,0,0.0,0.0,0.0,210.0,E,1,34548,0,False
1240,761152,120,0,0,0,0,34548,0,34548,0,0,0.0,1,0,0.0,0.0,0.0,210.0,E,1,34548,0,False
1241,761342,120,0,0,0,0,34548,0,34548,0,0,0.0,1,0,0.0,0.0,0.0,210.0,W,1,34548,0,False
1242,761455,120,0,0,0,0,34548,0,34548,0,0,0.0,1,0,0.0,0.0,0.0,405.0,N,1,34548,0,False
1243,761482,120,0,0,0,0,34548,0,34548,0,0,0.0,1,0,0.0,0.0,0.0,405.0,N,1,34548,0,False
1244,761492,120,0,0,0,0,34548,0,34548,0,0,0.0,1,0,0.0,0.0,0.0,405.0,N,1,34548,0,False
1245,761500,120,0,0,0,0,34548,0,34548,0,0,0.0,1,0,0.0,0.0,0.0,405.0,S,1,34548,0,False
1246,761526,120,0,0,0,0,34548,0,34548,0,0,0.0,1,0,0.0,0.0,0.0,405.0,S,1,34548,0,False
1247,761541,120,0,0,0,0,34548,0,34548,0,0,0.0,1,0,0.0,0.0,0.0,405.0,S,1,34548,0,False
1248,761599,120,0,0,0,0,34548,0,34548,0,0,0.0,1,0,0.0,0.0,0.0,5.0,N,1,34548,0,False
1249,761604,120,0,0,0,0,34548,0,34548,0,0,0.0,1,0,0.0,0.0,0.0,5.0,N,1,34548,0,False
1250,761644,120,0,0,0,0,34548,0,34548,0,0,0.0,1,0,0.0,0.0,0.0,5.0,N,1,34548,0,False
1251,761675,120,0,0,0,0,34548,0,34548,0,0,0.0,1,0,0.0,0.0,0.0,605.0,N,1,34548,0,False
1252,761734,120,0,0,0,0,34548,0,34548,0,0,0.0,1,0,0.0,0.0,0.0,710.0,N,1,34548,0,False
1253,761761,120,0,0,0,0,34548,0,34548,0,0,0.0,1,0,0.0,0.0,0.0,710.0,S,1,34548,0,False
1254,762347,120,0,0,0,0,34548,0,34548,0,0,0.0,1,0,0.0,0.0,0.0,5.0,S,1,34548,0,False
1255,762353,120,0,0,0,0,34548,0,34548,0,0,0.0,1,0,0.0,0.0,0.0,5.0,N,1,34548,0,False
1256,762398,120,0,0,0,0,34548,0,34548,0,0,0.0,1,0,0.0,0.0,0.0,5.0,S,1,34548,0,False
1257,763237,120,0,0,0,0,34548,0,34548,0,0,0.0,1,0,0.0,0.0,0.0,5.0,N,1,34548,0,False
1258,763246,120,0,0,0,0,34548,0,34548,0,0,0.0,1,0,0.0,0.0,0.0,110.0,S,1,34548,0,False
1259,763251,120,0,0,0,0,34548,0,34548,0,0,0.0,1,0,0.0,0.0,0.0,110.0,S,1,34548,0,False
1260,763259,120,0,0,0,0,34548,0,34548,0,0,0.0,1,0,0.0,0.0,0.0,110.0,S,1,34548,0,False
1261,763267,120,0,0,0,0,34548,0,34548,0,0,0.0,1,0,0.0,0.0,0.0,110.0,S,1,34548,0,False
1262,763275,120,0,0,0,0,34548,0,34548,0,0,0.0,1,0,0.0,0.0,0.0,110.0,S,1,34548,0,False
1263,763286,120,0,0,0,0,34548,0,34548,0,0,0.0,1,0,0.0,0.0,0.0,110.0,S,1,34548,0,False
1264,763294,120,0,0,0,0,34548,0,34548,0,0,0.0,1,0,0.0,0.0,0.0,110.0,S,1,34548,0,False
1265,763299,120,0,0,0,0,34548,0,34548,0,0,0.0,1,0,0.0,0.0,0.0,110.0,S,1,34548,0,False
1266,763304,120,0,0,0,0,34548,0,34548,0,0,0.0,1,0,0.0,0.0,0.0,110.0,N,1,34548,0,False
1267,763309,120,0,0,0,0,34548,0,34548,0,0,0.0,1,0,0.0,0.0,0.0,110.0,S,1,34548,0,False
1268,763314,120,0,0,0,0,34548,0,34548,0,0,0.0,1,0,0.0,0.0,0.0,110.0,S,1,34548,0,False
1269,763325,120,0,0,0,0,34548,0,34548,0,0,0.0,1,0,0.0,0.0,0.0,10.0,W,1,34548,0,False
1270,763330,120,0,0,0,0,34548,0,34548,0,0,0.0,1,0,0.0,0.0,0.0,10.0,W,1,34548,0,False
1271,763336,120,0,0,0,0,34548,0,34548,0,0,0.0,1,0,0.0,0.0,0.0,10.0,E,1,34548,0,False
1272,763341,120,0,0,0,0,34548,0,34548,0,0,0.0,1,0,0.0,0.0,0.0,10.0,W,1,34548,0,False
1273,763346,120,0,0,0,0,34548,0,34548,0,0,0.0,1,0,0.0,0.0,0.0,10.0,E,1,34548,0,False
1274,763354,120,0,0,0,0,34548,0,34548,0,0,0.0,1,0,0.0,0.0,0.0,110.0,N,1,34548,0,False
1275,763361,120,0,0,0,0,34548,0,34548,0,0,0.0,1,0,0.0,0.0,0.0,110.0,N,1,34548,0,False
1276,763372,120,0,0,0,0,34548,0,34548,0,0,0.0,1,0,0.0,0.0,0.0,110.0,N,1,34548,0,False
1277,763377,120,0,0,0,0,34548,0,34548,0,0,0.0,1,0,0.0,0.0,0.0,110.0,S,1,34548,0,False
1278,763384,120,0,0,0,0,34548,0,34548,0,0,0.0,1,0,0.0,0.0,0.0,110.0,N,1,34548,0,False
1279,763392,120,0,0,0,0,34548,0,34548,0,0,0.0,1,0,0.0,0.0,0.0,110.0,N,1,34548,0,False
1280,763400,120,0,0,0,0,34548,0,34548,0,0,0.0,1,0,0.0,0.0,0.0,110.0,N,1,34548,0,False
1281,763419,120,0,0,0,0,34548,0,34548,0,0,0.0,1,0,0.0,0.0,0.0,110.0,N,1,34548,0,False
1282,763424,120,0,0,0,0,34548,0,34548,0,0,0.0,1,0,0.0,0.0,0.0,110.0,N,1,34548,0,False
1283,763429,120,0,0,0,0,34548,0,34548,0,0,0.0,1,0,0.0,0.0,0.0,110.0,N,1,34548,0,False
1284,763434,120,0,0,0,0,34548,0,34548,0,0,0.0,1,0,0.0,0.0,0.0,110.0,N,1,34548,0,False
1285,763439,120,0,0,0,0,34548,0,34548,0,0,0.0,1,0,0.0,0.0,0.0,110.0,N,1,34548,0,False
1286,763447,120,0,0,0,0,34548,0,34548,0,0,0.0,1,0,0.0,0.0,0.0,110.0,S,1,34548,0,False
1287,763453,120,0,0,0,0,34548,0,34548,0,0,0.0,1,0,0.0,0.0,0.0,10.0,E,1,34548,0,False
1288,763458,120,0,0,0,0,34548,0,34548,0,0,0.0,1,0,0.0,0.0,0.0,10.0,E,1,34548,0,False
1289,763468,120,0,0,0,0,34548,0,34548,0,0,0.0,1,0,0.0,0.0,0.0,710.0,N,1,34548,0,False
1290,763485,120,0,0,0,0,34548,0,34548,0,0,0.0,1,0,0.0,0.0,0.0,10.0,W,1,34548,0,False
1291,763490,120,0,0,0,0,34548,0,34548,0,0,0.0,1,0,0.0,0.0,0.0,10.0,W,1,34548,0,False
1292,763498,120,0,0,0,0,34548,0,34548,0,0,0.0,1,0,0.0,0.0,0.0,110.0,N,1,34548,0,False
1293,763502,120,0,0,0,0,34548,0,34548,0,0,0.0,1,0,0.0,0.0,0.0,110.0,N,1,34548,0,False
1294,763507,120,0,0,0,0,34548,0,34548,0,0,0.0,1,0,0.0,0.0,0.0,110.0,N,1,34548,0,False
1295,763512,120,0,0,0,0,34548,0,34548,0,0,0.0,1,0,0.0,0.0,0.0,110.0,N,1,34548,0,False
1296,763517,120,0,0,0,0,34548,0,34548,0,0,0.0,1,0,0.0,0.0,0.0,110.0,N,1,34548,0,False
1297,763522,120,0,0,0,0,34548,0,34548,0,0,0.0,1,0,0.0,0.0,0.0,110.0,N,1,34548,0,False
1298,763527,120,0,0,0,0,34548,0,34548,0,0,0.0,1,0,0.0,0.0,0.0,110.0,N,1,34548,0,False
1299,763532,120,0,0,0,0,34548,0,34548,0,0,0.0,1,0,0.0,0.0,0.0,110.0,N,1,34548,0,False
1300,763539,120,0,0,0,0,34548,0,34548,0,0,0.0,1,0,0.0,0.0,0.0,57.0,N,1,34548,0,False
1301,763553,120,0,0,0,0,34548,0,34548,0,0,0.0,1,0,0.0,0.0,0.0,57.0,N,1,34548,0,False
1302,763568,120,0,0,0,0,34548,0,34548,0,0,0.0,1,0,0.0,0.0,0.0,57.0,N,1,34548,0,False
1303,763590,120,0,0,0,0,34548,0,34548,0,0,0.0,1,0,0.0,0.0,0.0,57.0,S,1,34548,0,False
1304,763621,120,0,0,0,0,34548,0,34548,0,0,0.0,1,0,0.0,0.0,0.0,110.0,S,1,34548,0,False
1305,763626,120,0,0,0,0,34548,0,34548,0,0,0.0,1,0,0.0,0.0,0.0,110.0,N,1,34548,0,False
1306,763641,120,0,0,0,0,34548,0,34548,0,0,0.0,1,0,0.0,0.0,0.0,5.0,N,1,34548,0,False
1307,763663,120,0,0,0,0,34548,0,34548,0,0,0.0,1,0,0.0,0.0,0.0,110.0,N,1,34548,0,False
1308,763689,120,0,0,0,0,34548,0,34548,0,0,0.0,1,0,0.0,0.0,0.0,605.0,S,1,34548,0,False
1309,763695,120,0,0,0,0,34548,0,34548,0,0,0.0,1,0,0.0,0.0,0.0,10.0,E,1,34548,0,False
1310,763700,120,0,0,0,0,34548,0,34548,0,0,0.0,1,0,0.0,0.0,0.0,5.0,N,1,34548,0,False
1311,763706,120,0,0,0,0,34548,0,34548,0,0,0.0,1,0,0.0,0.0,0.0,5.0,S,1,34548,0,False
1312,763712,120,0,0,0,0,34548,0,34548,0,0,0.0,1,0,0.0,0.0,0.0,105.0,W,1,34548,0,False
1313,763720,120,0,0,0,0,34548,0,34548,0,0,0.0,1,0,0.0,0.0,0.0,110.0,N,1,34548,0,False
1314,763731,120,0,0,0,0,34548,0,34548,0,0,0.0,1,0,0.0,0.0,0.0,10.0,W,1,34548,0,False
1315,763748,120,0,0,0,0,34548,0,34548,0,0,0.0,1,0,0.0,0.0,0.0,5.0,S,1,34548,0,False
1316,763963,120,0,0,0,0,34548,0,34548,0,0,0.0,1,0,0.0,0.0,0.0,10.0,E,1,34548,0,False
1317,763970,120,0,0,0,0,34548,0,34548,0,0,0.0,1,0,0.0,0.0,0.0,57.0,S,1,34548,0,False
1318,763975,120,0,0,0,0,34548,0,34548,0,0,0.0,1,0,0.0,0.0,0.0,5.0,N,1,34548,0,False
1319,763980,120,0,0,0,0,34548,0,34548,0,0,0.0,1,0,0.0,0.0,0.0,5.0,S,1,34548,0,False
1320,763985,120,0,0,0,0,34548,0,34548,0,0,0.0,1,0,0.0,0.0,0.0,5.0,N,1,34548,0,False
1321,763990,120,0,0,0,0,34548,0,34548,0,0,0.0,1,0,0.0,0.0,0.0,5.0,S,1,34548,0,False
1322,763995,120,0,0,0,0,34548,0,34548,0,0,0.0,1,0,0.0,0.0,0.0,170.0,N,1,34548,0,False
1323,764026,120,0,0,0,0,34548,0,34548,0,0,0.0,1,0,0.0,0.0,0.0,10.0,E,1,34548,0,False
1324,764032,120,0,0,0,0,34548,0,34548,0,0,0.0,1,0,0.0,0.0,0.0,110.0,N,1,34548,0,False
1325,764037,120,0,0,0,0,34548,0,34548,0,0,0.0,1,0,0.0,0.0,0.0,110.0,S,1,34548,0,False
1326,764050,120,0,0,0,0,34548,0,34548,0,0,0.0,1,0,0.0,0.0,0.0,10.0,W,1,34548,0,False
1327,764054,120,0,0,0,0,34548,0,34548,0,0,0.0,1,0,0.0,0.0,0.0,10.0,E,1,34548,0,False
1328,764059,120,0,0,0,0,34548,0,34548,0,0,0.0,1,0,0.0,0.0,0.0,10.0,W,1,34548,0,False
1329,764089,120,0,0,0,0,34548,0,34548,0,0,0.0,1,0,0.0,0.0,0.0,57.0,N,1,34548,0,False
1330,764101,120,0,0,0,0,34548,0,34548,0,0,0.0,1,0,0.0,0.0,0.0,170.0,S,1,34548,0,False
1331,764106,120,0,0,0,0,34548,0,34548,0,0,0.0,1,0,0.0,0.0,0.0,170.0,N,1,34548,0,False
1332,764130,120,0,0,0,0,34548,0,34548,0,0,0.0,1,0,0.0,0.0,0.0,10.0,E,1,34548,0,False
1333,764137,120,0,0,0,0,34548,0,34548,0,0,0.0,1,0,0.0,0.0,0.0,210.0,W,1,34548,0,False
1334,764146,120,0,0,0,0,34548,0,34548,0,0,0.0,1,0,0.0,0.0,0.0,210.0,W,1,34548,0,False
1335,764151,120,0,0,0,0,34548,0,34548,0,0,0.0,1,0,0.0,0.0,0.0,5.0,S,1,34548,0,False
1336,764156,120,0,0,0,0,34548,0,34548,0,0,0.0,1,0,0.0,0.0,0.0,5.0,N,1,34548,0,False
1337,764169,120,0,0,0,0,34548,0,34548,0,0,0.0,1,0,0.0,0.0,0.0,118.0,W,1,34548,0,False
1338,764173,120,0,0,0,0,34548,0,34548,0,0,0.0,1,0,0.0,0.0,0.0,118.0,E,1,34548,0,False
1339,764193,120,0,0,0,0,34548,0,34548,0,0,0.0,1,0,0.0,0.0,0.0,118.0,E,1,34548,0,False
1340,764197,120,0,0,0,0,34548,0,34548,0,0,0.0,1,0,0.0,0.0,0.0,118.0,W,1,34548,0,False
1341,764201,120,0,0,0,0,34548,0,34548,0,0,0.0,1,0,0.0,0.0,0.0,10.0,W,1,34548,0,False
1342,764206,120,0,0,0,0,34548,0,34548,0,0,0.0,1,0,0.0,0.0,0.0,10.0,W,1,34548,0,False
1343,764217,120,0,0,0,0,34548,0,34548,0,0,0.0,1,0,0.0,0.0,0.0,10.0,E,1,34548,0,False
1344,764232,120,0,0,0,0,34548,0,34548,0,0,0.0,1,0,0.0,0.0,0.0,5.0,N,1,34548,0,False
1345,764244,120,0,0,0,0,34548,0,34548,0,0,0.0,1,0,0.0,0.0,0.0,10.0,W,1,34548,0,False
1346,764249,120,0,0,0,0,34548,0,34548,0,0,0.0,1,0,0.0,0.0,0.0,10.0,E,1,34548,0,False
1347,764262,120,0,0,0,0,34548,0,34548,0,0,0.0,1,0,0.0,0.0,0.0,14.0,N,1,34548,0,False
1348,764269,120,0,0,0,0,34548,0,34548,0,0,0.0,1,0,0.0,0.0,0.0,14.0,N,1,34548,0,False
1349,764283,120,0,0,0,0,34548,0,34548,0,0,0.0,1,0,0.0,0.0,0.0,14.0,S,1,34548,0,False
1350,764290,120,0,0,0,0,34548,0,34548,0,0,0.0,1,0,0.0,0.0,0.0,14.0,S,1,34548,0,False
1351,764318,120,0,0,0,0,34548,0,34548,0,0,0.0,1,0,0.0,0.0,0.0,14.0,N,1,34548,0,False
1352,764322,120,0,0,0,0,34548,0,34548,0,0,0.0,1,0,0.0,0.0,0.0,14.0,S,1,34548,0,False
1353,764417,120,0,0,0,0,34548,0,34548,0,0,0.0,1,0,0.0,0.0,0.0,5.0,S,1,34548,0,False
1354,764418,120,0,0,0,0,34548,0,34548,0,0,0.0,1,0,0.0,0.0,0.0,60.0,W,1,34548,0,False
1355,764420,120,0,0,0,0,34548,0,34548,0,0,0.0,1,0,0.0,0.0,0.0,57.0,S,1,34548,0,False
1356,764425,120,0,0,0,0,34548,0,34548,0,0,0.0,1,0,0.0,0.0,0.0,91.0,W,1,34548,0,False
1357,764430,120,0,0,0,0,34548,0,34548,0,0,0.0,1,0,0.0,0.0,0.0,170.0,N,1,34548,0,False
1358,764435,120,0,0,0,0,34548,0,34548,0,0,0.0,1,0,0.0,0.0,0.0,5.0,N,1,34548,0,False
1359,764567,120,0,0,0,0,34548,0,34548,0,0,0.0,1,0,0.0,0.0,0.0,405.0,S,1,34548,0,False
1360,764572,120,0,0,0,0,34548,0,34548,0,0,0.0,1,0,0.0,0.0,0.0,405.0,S,1,34548,0,False
1361,764590,120,0,0,0,0,34548,0,34548,0,0,0.0,1,0,0.0,0.0,0.0,405.0,S,1,34548,0,False
1362,764598,120,0,0,0,0,34548,0,34548,0,0,0.0,1,0,0.0,0.0,0.0,405.0,S,1,34548,0,False
1363,764604,120,0,0,0,0,34548,0,34548,0,0,0.0,1,0,0.0,0.0,0.0,405.0,S,1,34548,0,False
1364,764622,120,0,0,0,0,34548,0,34548,0,0,0.0,1,0,0.0,0.0,0.0,101.0,S,1,34548,0,False
1365,764627,120,0,0,0,0,34548,0,34548,0,0,0.0,1,0,0.0,0.0,0.0,101.0,S,1,34548,0,False
1366,764632,120,0,0,0,0,34548,0,34548,0,0,0.0,1,0,0.0,0.0,0.0,101.0,S,1,34548,0,False
1367,764637,120,0,0,0,0,34548,0,34548,0,0,0.0,1,0,0.0,0.0,0.0,101.0,S,1,34548,0,False
1368,764646,120,0,0,0,0,34548,0,34548,0,0,0.0,1,0,0.0,0.0,0.0,101.0,S,1,34548,0,False
1369,764671,120,0,0,0,0,34548,0,34548,0,0,0.0,1,0,0.0,0.0,0.0,405.0,S,1,34548,0,False
1370,764754,120,0,0,0,0,34548,0,34548,0,0,0.0,1,0,0.0,0.0,0.0,405.0,S,1,34548,0,False
1371,764760,120,0,0,0,0,34548,0,34548,0,0,0.0,1,0,0.0,0.0,0.0,101.0,N,1,34548,0,False
1372,764766,120,0,0,0,0,34548,0,34548,0,0,0.0,1,0,0.0,0.0,0.0,101.0,S,1,34548,0,False
1373,764794,120,0,0,0,0,34548,0,34548,0,0,0.0,1,0,0.0,0.0,0.0,101.0,N,1,34548,0,False
1374,764829,120,0,0,0,0,34548,0,34548,0,0,0.0,1,0,0.0,0.0,0.0,101.0,N,1,34548,0,False
1375,764834,120,0,0,0,0,34548,0,34548,0,0,0.0,1,0,0.0,0.0,0.0,101.0,S,1,34548,0,False
1376,764853,120,0,0,0,0,34548,0,34548,0,0,0.0,1,0,0.0,0.0,0.0,101.0,S,1,34548,0,False
1377,764868,120,0,0,0,0,34548,0,34548,0,0,0.0,1,0,0.0,0.0,0.0,101.0,S,1,34548,0,False
1378,764874,120,0,0,0,0,34548,0,34548,0,0,0.0,1,0,0.0,0.0,0.0,101.0,S,1,34548,0,False
1379,764879,120,0,0,0,0,34548,0,34548,0,0,0.0,1,0,0.0,0.0,0.0,101.0,N,1,34548,0,False
1380,764885,120,0,0,0,0,34548,0,34548,0,0,0.0,1,0,0.0,0.0,0.0,101.0,S,1,34548,0,False
1381,764891,120,0,0,0,0,34548,0,34548,0,0,0.0,1,0,0.0,0.0,0.0,101.0,N,1,34548,0,False
1382,764900,120,0,0,0,0,34548,0,34548,0,0,0.0,1,0,0.0,0.0,0.0,101.0,N,1,34548,0,False
1383,764905,120,0,0,0,0,34548,0,34548,0,0,0.0,1,0,0.0,0.0,0.0,101.0,S,1,34548,0,False
1384,764910,120,0,0,0,0,34548,0,34548,0,0,0.0,1,0,0.0,0.0,0.0,101.0,N,1,34548,0,False
1385,764921,120,0,0,0,0,34548,0,34548,0,0,0.0,1,0,0.0,0.0,0.0,101.0,N,1,34548,0,False
1386,764927,120,0,0,0,0,34548,0,34548,0,0,0.0,1,0,0.0,0.0,0.0,101.0,S,1,34548,0,False
1387,764937,120,0,0,0,0,34548,0,34548,0,0,0.0,1,0,0.0,0.0,0.0,101.0,S,1,34548,0,False
1388,764941,120,0,0,0,0,34548,0,34548,0,0,0.0,1,0,0.0,0.0,0.0,10.0,W,1,34548,0,False
1389,764949,120,0,0,0,0,34548,0,34548,0,0,0.0,1,0,0.0,0.0,0.0,101.0,N,1,34548,0,False
1390,764958,120,0,0,0,0,34548,0,34548,0,0,0.0,1,0,0.0,0.0,0.0,101.0,N,1,34548,0,False
1391,764963,120,0,0,0,0,34548,0,34548,0,0,0.0,1,0,0.0,0.0,0.0,101.0,N,1,34548,0,False
1392,765098,120,0,0,0,0,34548,0,34548,0,0,0.0,1,0,0.0,0.0,0.0,10.0,E,1,34548,0,False
1393,765099,120,0,0,0,0,34548,0,34548,0,0,0.0,1,0,0.0,0.0,0.0,101.0,N,1,34548,0,False
1394,765100,120,0,0,0,0,34548,0,34548,0,0,0.0,1,0,0.0,0.0,0.0,101.0,S,1,34548,0,False
1395,765101,120,0,0,0,0,34548,0,34548,0,0,0.0,1,0,0.0,0.0,0.0,101.0,N,1,34548,0,False
1396,765106,120,0,0,0,0,34548,0,34548,0,0,0.0,1,0,0.0,0.0,0.0,101.0,S,1,34548,0,False
1397,765164,120,0,0,0,0,34548,0,34548,0,0,0.0,1,0,0.0,0.0,0.0,101.0,N,1,34548,0,False
1398,765171,120,0,0,0,0,34548,0,34548,0,0,0.0,1,0,0.0,0.0,0.0,405.0,S,1,34548,0,False
1399,765176,120,0,0,0,0,34548,0,34548,0,0,0.0,1,0,0.0,0.0,0.0,101.0,N,1,34548,0,False
1400,765265,120,0,0,0,0,34548,0,34548,0,0,0.0,1,0,0.0,0.0,0.0,405.0,S,1,34548,0,False
1401,765273,120,0,0,0,0,34548,0,34548,0,0,0.0,1,0,0.0,0.0,0.0,405.0,S,1,34548,0,False
1402,765444,120,0,0,0,0,34548,0,34548,0,0,0.0,1,0,0.0,0.0,0.0,101.0,S,1,34548,0,False
1403,765451,120,0,0,0,0,34548,0,34548,0,0,0.0,1,0,0.0,0.0,0.0,10.0,E,1,34548,0,False
1404,765467,120,0,0,0,0,34548,0,34548,0,0,0.0,1,0,0.0,0.0,0.0,91.0,E,1,34548,0,False
1405,765472,120,0,0,0,0,34548,0,34548,0,0,0.0,1,0,0.0,0.0,0.0,101.0,N,1,34548,0,False
1406,765476,120,0,0,0,0,34548,0,34548,0,0,0.0,1,0,0.0,0.0,0.0,105.0,E,1,34548,0,False
1407,765486,120,0,0,0,0,34548,0,34548,0,0,0.0,1,0,0.0,0.0,0.0,210.0,E,1,34548,0,False
1408,765506,120,0,0,0,0,34548,0,34548,0,0,0.0,1,0,0.0,0.0,0.0,10.0,E,1,34548,0,False
1409,765941,120,0,0,0,0,34548,0,34548,0,0,0.0,1,0,0.0,0.0,0.0,118.0,E,1,34548,0,False
1410,765943,120,0,0,0,0,34548,0,34548,0,0,0.0,1,0,0.0,0.0,0.0,118.0,W,1,34548,0,False
1411,765976,120,0,0,0,0,34548,0,34548,0,0,0.0,1,0,0.0,0.0,0.0,118.0,W,1,34548,0,False
1412,765978,120,0,0,0,0,34548,0,34548,0,0,0.0,1,0,0.0,0.0,0.0,118.0,E,1,34548,0,False
1413,766010,120,0,0,0,0,34548,0,34548,0,0,0.0,1,0,0.0,0.0,0.0,118.0,W,1,34548,0,False
1414,766012,120,0,0,0,0,34548,0,34548,0,0,0.0,1,0,0.0,0.0,0.0,118.0,E,1,34548,0,False
1415,766044,120,0,0,0,0,34548,0,34548,0,0,0.0,1,0,0.0,0.0,0.0,118.0,W,1,34548,0,False
1416,766046,120,0,0,0,0,34548,0,34548,0,0,0.0,1,0,0.0,0.0,0.0,118.0,E,1,34548,0,False
1417,766060,120,0,0,0,0,34548,0,34548,0,0,0.0,1,0,0.0,0.0,0.0,118.0,W,1,34548,0,False
1418,766062,120,0,0,0,0,34548,0,34548,0,0,0.0,1,0,0.0,0.0,0.0,118.0,E,1,34548,0,False
1419,766096,120,0,0,0,0,34548,0,34548,0,0,0.0,1,0,0.0,0.0,0.0,118.0,W,1,34548,0,False
1420,766110,120,0,0,0,0,34548,0,34548,0,0,0.0,1,0,0.0,0.0,0.0,118.0,W,1,34548,0,False
1421,766112,120,0,0,0,0,34548,0,34548,0,0,0.0,1,0,0.0,0.0,0.0,118.0,E,1,34548,0,False
1422,766124,120,0,0,0,0,34548,0,34548,0,0,0.0,1,0,0.0,0.0,0.0,118.0,W,1,34548,0,False
1423,766138,120,0,0,0,0,34548,0,34548,0,0,0.0,1,0,0.0,0.0,0.0,118.0,E,1,34548,0,False
1424,766153,120,0,0,0,0,34548,0,34548,0,0,0.0,1,0,0.0,0.0,0.0,118.0,E,1,34548,0,False
1425,766167,120,0,0,0,0,34548,0,34548,0,0,0.0,1,0,0.0,0.0,0.0,118.0,W,1,34548,0,False
1426,766170,120,0,0,0,0,34548,0,34548,0,0,0.0,1,0,0.0,0.0,0.0,118.0,E,1,34548,0,False
1427,766184,120,0,0,0,0,34548,0,34548,0,0,0.0,1,0,0.0,0.0,0.0,118.0,W,1,34548,0,False
1428,766185,120,0,0,0,0,34548,0,34548,0,0,0.0,1,0,0.0,0.0,0.0,118.0,E,1,34548,0,False
1429,766209,120,0,0,0,0,34548,0,34548,0,0,0.0,1,0,0.0,0.0,0.0,91.0,E,1,34548,0,False
1430,766211,120,0,0,0,0,34548,0,34548,0,0,0.0,1,0,0.0,0.0,0.0,91.0,W,1,34548,0,False
1431,766336,120,0,0,0,0,34548,0,34548,0,0,0.0,1,0,0.0,0.0,0.0,110.0,N,1,34548,0,False
1432,766337,120,0,0,0,0,34548,0,34548,0,0,0.0,1,0,0.0,0.0,0.0,110.0,S,1,34548,0,False
1433,766493,120,0,0,0,0,34548,0,34548,0,0,0.0,1,0,0.0,0.0,0.0,405.0,S,1,34548,0,False
1434,766505,120,0,0,0,0,34548,0,34548,0,0,0.0,1,0,0.0,0.0,0.0,405.0,N,1,34548,0,False
1435,766555,120,0,0,0,0,34548,0,34548,0,0,0.0,1,0,0.0,0.0,0.0,91.0,W,1,34548,0,False
1436,766569,120,0,0,0,0,34548,0,34548,0,0,0.0,1,0,0.0,0.0,0.0,60.0,E,1,34548,0,False
1437,766571,120,0,0,0,0,34548,0,34548,0,0,0.0,1,0,0.0,0.0,0.0,60.0,W,1,34548,0,False
1438,766644,120,0,0,0,0,34548,0,34548,0,0,0.0,1,0,0.0,0.0,0.0,60.0,E,1,34548,0,False
1439,766661,120,0,0,0,0,34548,0,34548,0,0,0.0,1,0,0.0,0.0,0.0,60.0,E,1,34548,0,False
1440,766673,120,0,0,0,0,34548,0,34548,0,0,0.0,1,0,0.0,0.0,0.0,71.0,N,1,34548,0,False
1441,766685,120,0,0,0,0,34548,0,34548,0,0,0.0,1,0,0.0,0.0,0.0,71.0,S,1,34548,0,False
1442,766730,120,0,0,0,0,34548,0,34548,0,0,0.0,1,0,0.0,0.0,0.0,14.0,S,1,34548,0,False
1443,766740,120,0,0,0,0,34548,0,34548,0,0,0.0,1,0,0.0,0.0,0.0,14.0,N,1,34548,0,False
1444,766749,120,0,0,0,0,34548,0,34548,0,0,0.0,1,0,0.0,0.0,0.0,14.0,S,1,34548,0,False
1445,766758,120,0,0,0,0,34548,0,34548,0,0,0.0,1,0,0.0,0.0,0.0,14.0,N,1,34548,0,False
1446,766806,120,0,0,0,0,34548,0,34548,0,0,0.0,1,0,0.0,0.0,0.0,60.0,E,1,34548,0,False
1447,766851,120,0,0,0,0,34548,0,34548,0,0,0.0,1,0,0.0,0.0,0.0,605.0,N,1,34548,0,False
1448,766875,120,0,0,0,0,34548,0,34548,0,0,0.0,1,0,0.0,0.0,0.0,105.0,E,1,34548,0,False
1449,766937,120,0,0,0,0,34548,0,34548,0,0,0.0,1,0,0.0,0.0,0.0,605.0,S,1,34548,0,False
1450,766988,120,0,0,0,0,34548,0,34548,0,0,0.0,1,0,0.0,0.0,0.0,110.0,S,1,34548,0,False
1451,767053,120,0,0,0,0,34548,0,34548,0,0,0.0,1,0,0.0,0.0,0.0,405.0,S,1,34548,0,False
1452,767166,120,0,0,0,0,34548,0,34548,0,0,0.0,1,0,0.0,0.0,0.0,71.0,N,1,34548,0,False
1453,767233,120,0,0,0,0,34548,0,34548,0,0,0.0,1,0,0.0,0.0,0.0,605.0,N,1,34548,0,False
1454,767329,120,0,0,0,0,34548,0,34548,0,0,0.0,1,0,0.0,0.0,0.0,10.0,W,1,34548,0,False
1455,767350,120,0,0,0,0,34548,0,34548,0,0,0.0,1,0,0.0,0.0,0.0,405.0,S,1,34548,0,False
1456,767351,120,0,0,0,0,34548,0,34548,0,0,0.0,1,0,0.0,0.0,0.0,405.0,N,1,34548,0,False
1457,767366,120,0,0,0,0,34548,0,34548,0,0,0.0,1,0,0.0,0.0,0.0,405.0,S,1,34548,0,False
1458,767367,120,0,0,0,0,34548,0,34548,0,0,0.0,1,0,0.0,0.0,0.0,405.0,N,1,34548,0,False
1459,767454,120,0,0,0,0,34548,0,34548,0,0,0.0,1,0,0.0,0.0,0.0,2.0,W,1,34548,0,False
1460,767455,120,0,0,0,0,34548,0,34548,0,0,0.0,1,0,0.0,0.0,0.0,2.0,E,1,34548,0,False
1461,767494,120,0,0,0,0,34548,0,34548,0,0,0.0,1,0,0.0,0.0,0.0,2.0,E,1,34548,0,False
1462,767495,120,0,0,0,0,34548,0,34548,0,0,0.0,1,0,0.0,0.0,0.0,2.0,W,1,34548,0,False
1463,767509,120,0,0,0,0,34548,0,34548,0,0,0.0,1,0,0.0,0.0,0.0,2.0,E,1,34548,0,False
1464,767523,120,0,0,0,0,34548,0,34548,0,0,0.0,1,0,0.0,0.0,0.0,2.0,E,1,34548,0,False
1465,767572,120,0,0,0,0,34548,0,34548,0,0,0.0,1,0,0.0,0.0,0.0,2.0,E,1,34548,0,False
1466,767573,120,0,0,0,0,34548,0,34548,0,0,0.0,1,0,0.0,0.0,0.0,2.0,W,1,34548,0,False
1467,767585,120,0,0,0,0,34548,0,34548,0,0,0.0,1,0,0.0,0.0,0.0,2.0,E,1,34548,0,False
1468,767597,120,0,0,0,0,34548,0,34548,0,0,0.0,1,0,0.0,0.0,0.0,2.0,E,1,34548,0,False
1469,767598,120,0,0,0,0,34548,0,34548,0,0,0.0,1,0,0.0,0.0,0.0,2.0,W,1,34548,0,False
1470,767620,120,0,0,0,0,34548,0,34548,0,0,0.0,1,0,0.0,0.0,0.0,2.0,E,1,34548,0,False
1471,767621,120,0,0,0,0,34548,0,34548,0,0,0.0,1,0,0.0,0.0,0.0,2.0,W,1,34548,0,False
1472,767722,120,0,0,0,0,34548,0,34548,0,0,0.0,1,0,0.0,0.0,0.0,60.0,E,1,34548,0,False
1473,767723,120,0,0,0,0,34548,0,34548,0,0,0.0,1,0,0.0,0.0,0.0,60.0,W,1,34548,0,False
1474,767750,120,0,0,0,0,34548,0,34548,0,0,0.0,1,0,0.0,0.0,0.0,110.0,S,1,34548,0,False
1475,767751,120,0,0,0,0,34548,0,34548,0,0,0.0,1,0,0.0,0.0,0.0,110.0,N,1,34548,0,False
1476,767767,120,0,0,0,0,34548,0,34548,0,0,0.0,1,0,0.0,0.0,0.0,110.0,S,1,34548,0,False
1477,767768,120,0,0,0,0,34548,0,34548,0,0,0.0,1,0,0.0,0.0,0.0,110.0,N,1,34548,0,False
1478,767801,120,0,0,0,0,34548,0,34548,0,0,0.0,1,0,0.0,0.0,0.0,101.0,S,1,34548,0,False
1479,767812,120,0,0,0,0,34548,0,34548,0,0,0.0,1,0,0.0,0.0,0.0,405.0,N,1,34548,0,False
1480,767827,120,0,0,0,0,34548,0,34548,0,0,0.0,1,0,0.0,0.0,0.0,405.0,S,1,34548,0,False
1481,767838,120,0,0,0,0,34548,0,34548,0,0,0.0,1,0,0.0,0.0,0.0,105.0,E,1,34548,0,False
1482,767857,120,0,0,0,0,34548,0,34548,0,0,0.0,1,0,0.0,0.0,0.0,105.0,E,1,34548,0,False
1483,767868,120,0,0,0,0,34548,0,34548,0,0,0.0,1,0,0.0,0.0,0.0,105.0,E,1,34548,0,False
1484,767883,120,0,0,0,0,34548,0,34548,0,0,0.0,1,0,0.0,0.0,0.0,210.0,E,1,34548,0,False
1485,767896,120,0,0,0,0,34548,0,34548,0,0,0.0,1,0,0.0,0.0,0.0,210.0,E,1,34548,0,False
1486,767898,120,0,0,0,0,34548,0,34548,0,0,0.0,1,0,0.0,0.0,0.0,210.0,W,1,34548,0,False
1487,767910,120,0,0,0,0,34548,0,34548,0,0,0.0,1,0,0.0,0.0,0.0,210.0,W,1,34548,0,False
1488,767925,120,0,0,0,0,34548,0,34548,0,0,0.0,1,0,0.0,0.0,0.0,210.0,E,1,34548,0,False
1489,767940,120,0,0,0,0,34548,0,34548,0,0,0.0,1,0,0.0,0.0,0.0,210.0,W,1,34548,0,False
1490,767942,120,0,0,0,0,34548,0,34548,0,0,0.0,1,0,0.0,0.0,0.0,210.0,E,1,34548,0,False
1491,767955,120,0,0,0,0,34548,0,34548,0,0,0.0,1,0,0.0,0.0,0.0,210.0,W,1,34548,0,False
1492,767970,120,0,0,0,0,34548,0,34548,0,0,0.0,1,0,0.0,0.0,0.0,210.0,E,1,34548,0,False
1493,767984,120,0,0,0,0,34548,0,34548,0,0,0.0,1,0,0.0,0.0,0.0,210.0,E,1,34548,0,False
1494,767986,120,0,0,0,0,34548,0,34548,0,0,0.0,1,0,0.0,0.0,0.0,210.0,W,1,34548,0,False
1495,767998,120,0,0,0,0,34548,0,34548,0,0,0.0,1,0,0.0,0.0,0.0,210.0,E,1,34548,0,False
1496,768000,120,0,0,0,0,34548,0,34548,0,0,0.0,1,0,0.0,0.0,0.0,210.0,W,1,34548,0,False
1497,768012,120,0,0,0,0,34548,0,34548,0,0,0.0,1,0,0.0,0.0,0.0,210.0,E,1,34548,0,False
1498,768014,120,0,0,0,0,34548,0,34548,0,0,0.0,1,0,0.0,0.0,0.0,210.0,W,1,34548,0,False
1499,768026,120,0,0,0,0,34548,0,34548,0,0,0.0,1,0,0.0,0.0,0.0,210.0,E,1,34548,0,False
1500,768028,120,0,0,0,0,34548,0,34548,0,0,0.0,1,0,0.0,0.0,0.0,210.0,W,1,34548,0,False
1501,768041,120,0,0,0,0,34548,0,34548,0,0,0.0,1,0,0.0,0.0,0.0,210.0,E,1,34548,0,False
1502,768055,120,0,0,0,0,34548,0,34548,0,0,0.0,1,0,0.0,0.0,0.0,210.0,W,1,34548,0,False
1503,768066,120,0,0,0,0,34548,0,34548,0,0,0.0,1,0,0.0,0.0,0.0,101.0,S,1,34548,0,False
1504,768173,120,0,0,0,0,34548,0,34548,0,0,0.0,1,0,0.0,0.0,0.0,10.0,E,1,34548,0,False
1505,768174,120,0,0,0,0,34548,0,34548,0,0,0.0,1,0,0.0,0.0,0.0,10.0,W,1,34548,0,False
1506,768202,120,0,0,0,0,34548,0,34548,0,0,0.0,1,0,0.0,0.0,0.0,2.0,E,1,34548,0,False
1507,768222,120,0,0,0,0,34548,0,34548,0,0,0.0,1,0,0.0,0.0,0.0,91.0,W,1,34548,0,False
1508,768223,120,0,0,0,0,34548,0,34548,0,0,0.0,1,0,0.0,0.0,0.0,91.0,E,1,34548,0,False
1509,768230,120,0,0,0,0,34548,0,34548,0,0,0.0,1,0,0.0,0.0,0.0,2.0,W,1,34548,0,False
1510,768238,120,0,0,0,0,34548,0,34548,0,0,0.0,1,0,0.0,0.0,0.0,2.0,E,1,34548,0,False
1511,768253,120,0,0,0,0,34548,0,34548,0,0,0.0,1,0,0.0,0.0,0.0,101.0,N,1,34548,0,False
1512,768265,120,0,0,0,0,34548,0,34548,0,0,0.0,1,0,0.0,0.0,0.0,101.0,S,1,34548,0,False
1513,768283,120,0,0,0,0,34548,0,34548,0,0,0.0,1,0,0.0,0.0,0.0,210.0,E,1,34548,0,False
1514,768444,120,0,0,0,0,34548,0,34548,0,0,0.0,1,0,0.0,0.0,0.0,60.0,E,1,34548,0,False
1515,768469,120,0,0,0,0,34548,0,34548,0,0,0.0,1,0,0.0,0.0,0.0,101.0,N,1,34548,0,False
1516,768477,120,0,0,0,0,34548,0,34548,0,0,0.0,1,0,0.0,0.0,0.0,101.0,S,1,34548,0,False
1517,768523,120,0,0,0,0,34548,0,34548,0,0,0.0,1,0,0.0,0.0,0.0,5.0,S,1,34548,0,False
1518,768584,120,0,0,0,0,34548,0,34548,0,0,0.0,1,0,0.0,0.0,0.0,10.0,E,1,34548,0,False
1519,768598,120,0,0,0,0,34548,0,34548,0,0,0.0,1,0,0.0,0.0,0.0,10.0,W,1,34548,0,False
1520,768626,120,0,0,0,0,34548,0,34548,0,0,0.0,1,0,0.0,0.0,0.0,405.0,S,1,34548,0,False
1521,768643,120,0,0,0,0,34548,0,34548,0,0,0.0,1,0,0.0,0.0,0.0,405.0,N,1,34548,0,False
1522,768655,120,0,0,0,0,34548,0,34548,0,0,0.0,1,0,0.0,0.0,0.0,5.0,N,1,34548,0,False
1523,768664,120,0,0,0,0,34548,0,34548,0,0,0.0,1,0,0.0,0.0,0.0,5.0,N,1,34548,0,False
1524,768682,120,0,0,0,0,34548,0,34548,0,0,0.0,1,0,0.0,0.0,0.0,5.0,N,1,34548,0,False
1525,768701,120,0,0,0,0,34548,0,34548,0,0,0.0,1,0,0.0,0.0,0.0,5.0,S,1,34548,0,False
1526,768968,120,0,0,0,0,34548,0,34548,0,0,0.0,1,0,0.0,0.0,0.0,405.0,S,1,34548,0,False
1527,768969,120,0,0,0,0,34548,0,34548,0,0,0.0,1,0,0.0,0.0,0.0,405.0,N,1,34548,0,False
1528,768978,120,0,0,0,0,34548,0,34548,0,0,0.0,1,0,0.0,0.0,0.0,710.0,N,1,34548,0,False
1529,768984,120,0,0,0,0,34548,0,34548,0,0,0.0,1,0,0.0,0.0,0.0,710.0,N,1,34548,0,False
1530,769029,120,0,0,0,0,34548,0,34548,0,0,0.0,1,0,0.0,0.0,0.0,5.0,N,1,34548,0,False
1531,769030,120,0,0,0,0,34548,0,34548,0,0,0.0,1,0,0.0,0.0,0.0,5.0,S,1,34548,0,False
1532,769068,120,0,0,0,0,34548,0,34548,0,0,0.0,1,0,0.0,0.0,0.0,57.0,N,1,34548,0,False
1533,769090,120,0,0,0,0,34548,0,34548,0,0,0.0,1,0,0.0,0.0,0.0,5.0,S,1,34548,0,False
1534,769091,120,0,0,0,0,34548,0,34548,0,0,0.0,1,0,0.0,0.0,0.0,5.0,N,1,34548,0,False
1535,769105,120,0,0,0,0,34548,0,34548,0,0,0.0,1,0,0.0,0.0,0.0,10.0,W,1,34548,0,False
1536,769118,120,0,0,0,0,34548,0,34548,0,0,0.0,1,0,0.0,0.0,0.0,10.0,W,1,34548,0,False
1537,769136,120,0,0,0,0,34548,0,34548,0,0,0.0,1,0,0.0,0.0,0.0,210.0,W,1,34548,0,False
1538,769150,120,0,0,0,0,34548,0,34548,0,0,0.0,1,0,0.0,0.0,0.0,210.0,W,1,34548,0,False
1539,769195,120,0,0,0,0,34548,0,34548,0,0,0.0,1,0,0.0,0.0,0.0,405.0,S,1,34548,0,False
1540,769228,120,0,0,0,0,34548,0,34548,0,0,0.0,1,0,0.0,0.0,0.0,405.0,N,1,34548,0,False
1541,769248,120,0,0,0,0,34548,0,34548,0,0,0.0,1,0,0.0,0.0,0.0,405.0,S,1,34548,0,False
1542,769279,120,0,0,0,0,34548,0,34548,0,0,0.0,1,0,0.0,0.0,0.0,71.0,N,1,34548,0,False
1543,769292,120,0,0,0,0,34548,0,34548,0,0,0.0,1,0,0.0,0.0,0.0,71.0,N,1,34548,0,False
1544,769294,120,0,0,0,0,34548,0,34548,0,0,0.0,1,0,0.0,0.0,0.0,71.0,S,1,34548,0,False
1545,769345,120,0,0,0,0,34548,0,34548,0,0,0.0,1,0,0.0,0.0,0.0,101.0,S,1,34548,0,False
1546,769346,120,0,0,0,0,34548,0,34548,0,0,0.0,1,0,0.0,0.0,0.0,101.0,N,1,34548,0,False
1547,769358,120,0,0,0,0,34548,0,34548,0,0,0.0,1,0,0.0,0.0,0.0,101.0,N,1,34548,0,False
1548,769359,120,0,0,0,0,34548,0,34548,0,0,0.0,1,0,0.0,0.0,0.0,101.0,S,1,34548,0,False
1549,769372,120,0,0,0,0,34548,0,34548,0,0,0.0,1,0,0.0,0.0,0.0,101.0,N,1,34548,0,False
1550,769373,120,0,0,0,0,34548,0,34548,0,0,0.0,1,0,0.0,0.0,0.0,101.0,S,1,34548,0,False
1551,769388,120,0,0,0,0,34548,0,34548,0,0,0.0,1,0,0.0,0.0,0.0,101.0,S,1,34548,0,False
1552,769389,120,0,0,0,0,34548,0,34548,0,0,0.0,1,0,0.0,0.0,0.0,101.0,N,1,34548,0,False
1553,769402,120,0,0,0,0,34548,0,34548,0,0,0.0,1,0,0.0,0.0,0.0,101.0,N,1,34548,0,False
1554,769403,120,0,0,0,0,34548,0,34548,0,0,0.0,1,0,0.0,0.0,0.0,101.0,S,1,34548,0,False
1555,769405,120,0,0,0,0,34548,0,34548,0,0,0.0,1,0,0.0,0.0,0.0,101.0,S,1,34548,0,False
1556,769418,120,0,0,0,0,34548,0,34548,0,0,0.0,1,0,0.0,0.0,0.0,101.0,N,1,34548,0,False
1557,769430,120,0,0,0,0,34548,0,34548,0,0,0.0,1,0,0.0,0.0,0.0,101.0,S,1,34548,0,False
1558,769431,120,0,0,0,0,34548,0,34548,0,0,0.0,1,0,0.0,0.0,0.0,101.0,N,1,34548,0,False
1559,769443,120,0,0,0,0,34548,0,34548,0,0,0.0,1,0,0.0,0.0,0.0,101.0,N,1,34548,0,False
1560,769444,120,0,0,0,0,34548,0,34548,0,0,0.0,1,0,0.0,0.0,0.0,101.0,S,1,34548,0,False
1561,769454,120,0,0,0,0,34548,0,34548,0,0,0.0,1,0,0.0,0.0,0.0,60.0,W,1,34548,0,False
1562,769467,120,0,0,0,0,34548,0,34548,0,0,0.0,1,0,0.0,0.0,0.0,101.0,N,1,34548,0,False
1563,769496,120,0,0,0,0,34548,0,34548,0,0,0.0,1,0,0.0,0.0,0.0,405.0,N,1,34548,0,False
1564,769513,120,0,0,0,0,34548,0,34548,0,0,0.0,1,0,0.0,0.0,0.0,605.0,N,1,34548,0,False
1565,769625,120,0,0,0,0,34548,0,34548,0,0,0.0,1,0,0.0,0.0,0.0,5.0,N,1,34548,0,False
1566,769701,120,0,0,0,0,34548,0,34548,0,0,0.0,1,0,0.0,0.0,0.0,210.0,E,1,34548,0,False
1567,769702,120,0,0,0,0,34548,0,34548,0,0,0.0,1,0,0.0,0.0,0.0,210.0,W,1,34548,0,False
1568,769744,120,0,0,0,0,34548,0,34548,0,0,0.0,1,0,0.0,0.0,0.0,210.0,W,1,34548,0,False
1569,769758,120,0,0,0,0,34548,0,34548,0,0,0.0,1,0,0.0,0.0,0.0,210.0,E,1,34548,0,False
1570,769941,120,0,0,0,0,34548,0,34548,0,0,0.0,1,0,0.0,0.0,0.0,210.0,W,1,34548,0,False
1571,769983,120,0,0,0,0,34548,0,34548,0,0,0.0,1,0,0.0,0.0,0.0,210.0,W,1,34548,0,False
1572,769984,120,0,0,0,0,34548,0,34548,0,0,0.0,1,0,0.0,0.0,0.0,210.0,E,1,34548,0,False
1573,770012,120,0,0,0,0,34548,0,34548,0,0,0.0,1,0,0.0,0.0,0.0,210.0,E,1,34548,0,False
1574,770024,120,0,0,0,0,34548,0,34548,0,0,0.0,1,0,0.0,0.0,0.0,210.0,E,1,34548,0,False
1575,770036,120,0,0,0,0,34548,0,34548,0,0,0.0,1,0,0.0,0.0,0.0,210.0,E,1,34548,0,False
1576,770048,120,0,0,0,0,34548,0,34548,0,0,0.0,1,0,0.0,0.0,0.0,210.0,E,1,34548,0,False
1577,770076,120,0,0,0,0,34548,0,34548,0,0,0.0,1,0,0.0,0.0,0.0,210.0,E,1,34548,0,False
1578,770103,120,0,0,0,0,34548,0,34548,0,0,0.0,1,0,0.0,0.0,0.0,210.0,E,1,34548,0,False
1579,770116,120,0,0,0,0,34548,0,34548,0,0,0.0,1,0,0.0,0.0,0.0,210.0,E,1,34548,0,False
1580,770200,120,0,0,0,0,34548,0,34548,0,0,0.0,1,0,0.0,0.0,0.0,210.0,W,1,34548,0,False
1581,770215,120,0,0,0,0,34548,0,34548,0,0,0.0,1,0,0.0,0.0,0.0,210.0,W,1,34548,0,False
1582,770229,120,0,0,0,0,34548,0,34548,0,0,0.0,1,0,0.0,0.0,0.0,210.0,W,1,34548,0,False
1583,770259,120,0,0,0,0,34548,0,34548,0,0,0.0,1,0,0.0,0.0,0.0,210.0,W,1,34548,0,False
1584,770303,120,0,0,0,0,34548,0,34548,0,0,0.0,1,0,0.0,0.0,0.0,210.0,W,1,34548,0,False
1585,770315,120,0,0,0,0,34548,0,34548,0,0,0.0,1,0,0.0,0.0,0.0,210.0,W,1,34548,0,False
1586,770331,120,0,0,0,0,34548,0,34548,0,0,0.0,1,0,0.0,0.0,0.0,210.0,E,1,34548,0,False
1587,770332,120,0,0,0,0,34548,0,34548,0,0,0.0,1,0,0.0,0.0,0.0,210.0,W,1,34548,0,False
1588,770353,120,0,0,0,0,34548,0,34548,0,0,0.0,1,0,0.0,0.0,0.0,210.0,W,1,34548,0,False
1589,770354,120,0,0,0,0,34548,0,34548,0,0,0.0,1,0,0.0,0.0,0.0,210.0,E,1,34548,0,False
1590,770386,120,0,0,0,0,34548,0,34548,0,0,0.0,1,0,0.0,0.0,0.0,210.0,W,1,34548,0,False
1591,770401,120,0,0,0,0,34548,0,34548,0,0,0.0,1,0,0.0,0.0,0.0,210.0,W,1,34548,0,False
1592,770555,120,0,0,0,0,34548,0,34548,0,0,0.0,1,0,0.0,0.0,0.0,210.0,W,1,34548,0,False
1593,770556,120,0,0,0,0,34548,0,34548,0,0,0.0,1,0,0.0,0.0,0.0,210.0,E,1,34548,0,False
1594,770578,120,0,0,0,0,34548,0,34548,0,0,0.0,1,0,0.0,0.0,0.0,210.0,E,1,34548,0,False
1595,770579,120,0,0,0,0,34548,0,34548,0,0,0.0,1,0,0.0,0.0,0.0,210.0,W,1,34548,0,False
1596,770587,120,0,0,0,0,34548,0,34548,0,0,0.0,1,0,0.0,0.0,0.0,210.0,E,1,34548,0,False
1597,770588,120,0,0,0,0,34548,0,34548,0,0,0.0,1,0,0.0,0.0,0.0,210.0,W,1,34548,0,False
1598,770598,120,0,0,0,0,34548,0,34548,0,0,0.0,1,0,0.0,0.0,0.0,210.0,W,1,34548,0,False
1599,770599,120,0,0,0,0,34548,0,34548,0,0,0.0,1,0,0.0,0.0,0.0,210.0,E,1,34548,0,False
1600,770610,120,0,0,0,0,34548,0,34548,0,0,0.0,1,0,0.0,0.0,0.0,101.0,S,1,34548,0,False
1601,770611,120,0,0,0,0,34548,0,34548,0,0,0.0,1,0,0.0,0.0,0.0,101.0,N,1,34548,0,False
1602,771253,120,0,0,0,0,34548,0,34548,0,0,0.0,1,0,0.0,0.0,0.0,23.0,N,1,34548,0,False
1603,771254,120,0,0,0,0,34548,0,34548,0,0,0.0,1,0,0.0,0.0,0.0,23.0,S,1,34548,0,False
1604,771349,120,0,0,0,0,34548,0,34548,0,0,0.0,1,0,0.0,0.0,0.0,23.0,N,1,34548,0,False
1605,771350,120,0,0,0,0,34548,0,34548,0,0,0.0,1,0,0.0,0.0,0.0,23.0,S,1,34548,0,False
1606,771431,120,0,0,0,0,34548,0,34548,0,0,0.0,1,0,0.0,0.0,0.0,23.0,N,1,34548,0,False
1607,771432,120,0,0,0,0,34548,0,34548,0,0,0.0,1,0,0.0,0.0,0.0,23.0,S,1,34548,0,False
1608,771453,120,0,0,0,0,34548,0,34548,0,0,0.0,1,0,0.0,0.0,0.0,23.0,S,1,34548,0,False
1609,771463,120,0,0,0,0,34548,0,34548,0,0,0.0,1,0,0.0,0.0,0.0,23.0,S,1,34548,0,False
1610,771475,120,0,0,0,0,34548,0,34548,0,0,0.0,1,0,0.0,0.0,0.0,23.0,S,1,34548,0,False
1611,771499,120,0,0,0,0,34548,0,34548,0,0,0.0,1,0,0.0,0.0,0.0,23.0,S,1,34548,0,False
1612,771565,120,0,0,0,0,34548,0,34548,0,0,0.0,1,0,0.0,0.0,0.0,23.0,S,1,34548,0,False
1613,771603,120,0,0,0,0,34548,0,34548,0,0,0.0,1,0,0.0,0.0,0.0,210.0,E,1,34548,0,False
1614,771618,120,0,0,0,0,34548,0,34548,0,0,0.0,1,0,0.0,0.0,0.0,210.0,W,1,34548,0,False
1615,771667,120,0,0,0,0,34548,0,34548,0,0,0.0,1,0,0.0,0.0,0.0,110.0,N,1,34548,0,False
1616,771673,120,0,0,0,0,34548,0,34548,0,0,0.0,1,0,0.0,0.0,0.0,110.0,N,1,34548,0,False
1617,771690,120,0,0,0,0,34548,0,34548,0,0,0.0,1,0,0.0,0.0,0.0,118.0,E,1,34548,0,False
1618,771691,120,0,0,0,0,34548,0,34548,0,0,0.0,1,0,0.0,0.0,0.0,118.0,W,1,34548,0,False
1619,771807,120,0,0,0,0,34548,0,34548,0,0,0.0,1,0,0.0,0.0,0.0,405.0,S,1,34548,0,False
1620,771808,120,0,0,0,0,34548,0,34548,0,0,0.0,1,0,0.0,0.0,0.0,405.0,N,1,34548,0,False
1621,771825,120,0,0,0,0,34548,0,34548,0,0,0.0,1,0,0.0,0.0,0.0,405.0,S,1,34548,0,False
1622,771826,120,0,0,0,0,34548,0,34548,0,0,0.0,1,0,0.0,0.0,0.0,405.0,N,1,34548,0,False
1623,771845,120,0,0,0,0,34548,0,34548,0,0,0.0,1,0,0.0,0.0,0.0,405.0,N,1,34548,0,False
1624,771846,120,0,0,0,0,34548,0,34548,0,0,0.0,1,0,0.0,0.0,0.0,405.0,S,1,34548,0,False
1625,771863,120,0,0,0,0,34548,0,34548,0,0,0.0,1,0,0.0,0.0,0.0,405.0,N,1,34548,0,False
1626,771864,120,0,0,0,0,34548,0,34548,0,0,0.0,1,0,0.0,0.0,0.0,405.0,S,1,34548,0,False
1627,771877,120,0,0,0,0,34548,0,34548,0,0,0.0,1,0,0.0,0.0,0.0,405.0,N,1,34548,0,False
1628,771879,120,0,0,0,0,34548,0,34548,0,0,0.0,1,0,0.0,0.0,0.0,405.0,S,1,34548,0,False
1629,771897,120,0,0,0,0,34548,0,34548,0,0,0.0,1,0,0.0,0.0,0.0,405.0,S,1,34548,0,False
1630,771898,120,0,0,0,0,34548,0,34548,0,0,0.0,1,0,0.0,0.0,0.0,405.0,N,1,34548,0,False
1631,771914,120,0,0,0,0,34548,0,34548,0,0,0.0,1,0,0.0,0.0,0.0,405.0,S,1,34548,0,False
1632,771915,120,0,0,0,0,34548,0,34548,0,0,0.0,1,0,0.0,0.0,0.0,405.0,N,1,34548,0,False
1633,771925,120,0,0,0,0,34548,0,34548,0,0,0.0,1,0,0.0,0.0,0.0,405.0,S,1,34548,0,False
1634,771938,120,0,0,0,0,34548,0,34548,0,0,0.0,1,0,0.0,0.0,0.0,405.0,S,1,34548,0,False
1635,771939,120,0,0,0,0,34548,0,34548,0,0,0.0,1,0,0.0,0.0,0.0,405.0,N,1,34548,0,False
1636,771954,120,0,0,0,0,34548,0,34548,0,0,0.0,1,0,0.0,0.0,0.0,405.0,S,1,34548,0,False
1637,771969,120,0,0,0,0,34548,0,34548,0,0,0.0,1,0,0.0,0.0,0.0,405.0,N,1,34548,0,False
1638,771981,120,0,0,0,0,34548,0,34548,0,0,0.0,1,0,0.0,0.0,0.0,405.0,S,1,34548,0,False
1639,771997,120,0,0,0,0,34548,0,34548,0,0,0.0,1,0,0.0,0.0,0.0,405.0,S,1,34548,0,False
1640,772025,120,0,0,0,0,34548,0,34548,0,0,0.0,1,0,0.0,0.0,0.0,405.0,S,1,34548,0,False
1641,772055,120,0,0,0,0,34548,0,34548,0,0,0.0,1,0,0.0,0.0,0.0,5.0,S,1,34548,0,False
1642,772107,120,0,0,0,0,34548,0,34548,0,0,0.0,1,0,0.0,0.0,0.0,118.0,E,1,34548,0,False
1643,772125,120,0,0,0,0,34548,0,34548,0,0,0.0,1,0,0.0,0.0,0.0,118.0,E,1,34548,0,False
1644,772126,120,0,0,0,0,34548,0,34548,0,0,0.0,1,0,0.0,0.0,0.0,118.0,W,1,34548,0,False
1645,772132,120,0,0,0,0,34548,0,34548,0,0,0.0,1,0,0.0,0.0,0.0,118.0,E,1,34548,0,False
1646,772133,120,0,0,0,0,34548,0,34548,0,0,0.0,1,0,0.0,0.0,0.0,118.0,W,1,34548,0,False
1647,772140,120,0,0,0,0,34548,0,34548,0,0,0.0,1,0,0.0,0.0,0.0,101.0,S,1,34548,0,False
1648,772151,120,0,0,0,0,34548,0,34548,0,0,0.0,1,0,0.0,0.0,0.0,101.0,S,1,34548,0,False
1649,772167,120,0,0,0,0,34548,0,34548,0,0,0.0,1,0,0.0,0.0,0.0,101.0,S,1,34548,0,False
1650,772168,120,0,0,0,0,34548,0,34548,0,0,0.0,1,0,0.0,0.0,0.0,101.0,N,1,34548,0,False
1651,772178,120,0,0,0,0,34548,0,34548,0,0,0.0,1,0,0.0,0.0,0.0,101.0,N,1,34548,0,False
1652,772193,120,0,0,0,0,34548,0,34548,0,0,0.0,1,0,0.0,0.0,0.0,101.0,S,1,34548,0,False
1653,772208,120,0,0,0,0,34548,0,34548,0,0,0.0,1,0,0.0,0.0,0.0,101.0,S,1,34548,0,False
1654,772340,120,0,0,0,0,34548,0,34548,0,0,0.0,1,0,0.0,0.0,0.0,101.0,N,1,34548,0,False
1655,772354,120,0,0,0,0,34548,0,34548,0,0,0.0,1,0,0.0,0.0,0.0,101.0,N,1,34548,0,False
1656,772355,120,0,0,0,0,34548,0,34548,0,0,0.0,1,0,0.0,0.0,0.0,101.0,S,1,34548,0,False
1657,772396,120,0,0,0,0,34548,0,34548,0,0,0.0,1,0,0.0,0.0,0.0,47.0,S,1,34548,0,False
1658,772420,120,0,0,0,0,34548,0,34548,0,0,0.0,1,0,0.0,0.0,0.0,47.0,N,1,34548,0,False
1659,772421,120,0,0,0,0,34548,0,34548,0,0,0.0,1,0,0.0,0.0,0.0,47.0,S,1,34548,0,False
1660,772437,120,0,0,0,0,34548,0,34548,0,0,0.0,1,0,0.0,0.0,0.0,405.0,N,1,34548,0,False
1661,772438,120,0,0,0,0,34548,0,34548,0,0,0.0,1,0,0.0,0.0,0.0,405.0,S,1,34548,0,False
1662,772501,120,0,0,0,0,34548,0,34548,0,0,0.0,1,0,0.0,0.0,0.0,110.0,N,1,34548,0,False
1663,772513,120,0,0,0,0,34548,0,34548,0,0,0.0,1,0,0.0,0.0,0.0,110.0,N,1,34548,0,False
1664,772527,120,0,0,0,0,34548,0,34548,0,0,0.0,1,0,0.0,0.0,0.0,405.0,S,1,34548,0,False
1665,772564,120,0,0,0,0,34548,0,34548,0,0,0.0,1,0,0.0,0.0,0.0,101.0,S,1,34548,0,False
1666,772582,120,0,0,0,0,34548,0,34548,0,0,0.0,1,0,0.0,0.0,0.0,101.0,S,1,34548,0,False
1667,772583,120,0,0,0,0,34548,0,34548,0,0,0.0,1,0,0.0,0.0,0.0,101.0,N,1,34548,0,False
1668,772596,120,0,0,0,0,34548,0,34548,0,0,0.0,1,0,0.0,0.0,0.0,101.0,N,1,34548,0,False
1669,772597,120,0,0,0,0,34548,0,34548,0,0,0.0,1,0,0.0,0.0,0.0,101.0,S,1,34548,0,False
1670,772669,120,0,0,0,0,34548,0,34548,0,0,0.0,1,0,0.0,0.0,0.0,110.0,N,1,34548,0,False
1671,772689,120,0,0,0,0,34548,0,34548,0,0,0.0,1,0,0.0,0.0,0.0,710.0,N,1,34548,0,False
1672,772701,120,0,0,0,0,34548,0,34548,0,0,0.0,1,0,0.0,0.0,0.0,710.0,S,1,34548,0,False
1673,772711,120,0,0,0,0,34548,0,34548,0,0,0.0,1,0,0.0,0.0,0.0,710.0,S,1,34548,0,False
1674,772872,120,0,0,0,0,34548,0,34548,0,0,0.0,1,0,0.0,0.0,0.0,210.0,E,1,34548,0,False
1675,772873,120,0,0,0,0,34548,0,34548,0,0,0.0,1,0,0.0,0.0,0.0,210.0,W,1,34548,0,False
1676,772887,120,0,0,0,0,34548,0,34548,0,0,0.0,1,0,0.0,0.0,0.0,210.0,E,1,34548,0,False
1677,772888,120,0,0,0,0,34548,0,34548,0,0,0.0,1,0,0.0,0.0,0.0,210.0,W,1,34548,0,False
1678,772918,120,0,0,0,0,34548,0,34548,0,0,0.0,1,0,0.0,0.0,0.0,210.0,W,1,34548,0,False
1679,772954,120,0,0,0,0,34548,0,34548,0,0,0.0,1,0,0.0,0.0,0.0,210.0,W,1,34548,0,False
1680,772966,120,0,0,0,0,34548,0,34548,0,0,0.0,1,0,0.0,0.0,0.0,210.0,E,1,34548,0,False
1681,772967,120,0,0,0,0,34548,0,34548,0,0,0.0,1,0,0.0,0.0,0.0,210.0,W,1,34548,0,False
1682,772980,120,0,0,0,0,34548,0,34548,0,0,0.0,1,0,0.0,0.0,0.0,710.0,N,1,34548,0,False
1683,772999,120,0,0,0,0,34548,0,34548,0,0,0.0,1,0,0.0,0.0,0.0,405.0,S,1,34548,0,False
1684,773000,120,0,0,0,0,34548,0,34548,0,0,0.0,1,0,0.0,0.0,0.0,405.0,N,1,34548,0,False
1685,773012,120,0,0,0,0,34548,0,34548,0,0,0.0,1,0,0.0,0.0,0.0,110.0,S,1,34548,0,False
1686,773013,120,0,0,0,0,34548,0,34548,0,0,0.0,1,0,0.0,0.0,0.0,110.0,N,1,34548,0,False
1687,773023,120,0,0,0,0,34548,0,34548,0,0,0.0,1,0,0.0,0.0,0.0,101.0,N,1,34548,0,False
1688,773024,120,0,0,0,0,34548,0,34548,0,0,0.0,1,0,0.0,0.0,0.0,101.0,S,1,34548,0,False
1689,773047,120,0,0,0,0,34548,0,34548,0,0,0.0,1,0,0.0,0.0,0.0,105.0,E,1,34548,0,False
1690,773062,120,0,0,0,0,34548,0,34548,0,0,0.0,1,0,0.0,0.0,0.0,101.0,S,1,34548,0,False
1691,773154,120,0,0,0,0,34548,0,34548,0,0,0.0,1,0,0.0,0.0,0.0,210.0,E,1,34548,0,False
1692,773179,120,0,0,0,0,34548,0,34548,0,0,0.0,1,0,0.0,0.0,0.0,210.0,W,1,34548,0,False
1693,773193,120,0,0,0,0,34548,0,34548,0,0,0.0,1,0,0.0,0.0,0.0,210.0,E,1,34548,0,False
1694,773194,120,0,0,0,0,34548,0,34548,0,0,0.0,1,0,0.0,0.0,0.0,210.0,W,1,34548,0,False
1695,773221,120,0,0,0,0,34548,0,34548,0,0,0.0,1,0,0.0,0.0,0.0,60.0,W,1,34548,0,False
1696,773222,120,0,0,0,0,34548,0,34548,0,0,0.0,1,0,0.0,0.0,0.0,60.0,E,1,34548,0,False
1697,773232,120,0,0,0,0,34548,0,34548,0,0,0.0,1,0,0.0,0.0,0.0,60.0,E,1,34548,0,False
1698,773233,120,0,0,0,0,34548,0,34548,0,0,0.0,1,0,0.0,0.0,0.0,60.0,W,1,34548,0,False
1699,773245,120,0,0,0,0,34548,0,34548,0,0,0.0,1,0,0.0,0.0,0.0,60.0,E,1,34548,0,False
1700,773246,120,0,0,0,0,34548,0,34548,0,0,0.0,1,0,0.0,0.0,0.0,60.0,W,1,34548,0,False
1701,773257,120,0,0,0,0,34548,0,34548,0,0,0.0,1,0,0.0,0.0,0.0,60.0,W,1,34548,0,False
1702,773258,120,0,0,0,0,34548,0,34548,0,0,0.0,1,0,0.0,0.0,0.0,60.0,E,1,34548,0,False
1703,773273,120,0,0,0,0,34548,0,34548,0,0,0.0,1,0,0.0,0.0,0.0,60.0,W,1,34548,0,False
1704,773274,120,0,0,0,0,34548,0,34548,0,0,0.0,1,0,0.0,0.0,0.0,60.0,E,1,34548,0,False
1705,773281,120,0,0,0,0,34548,0,34548,0,0,0.0,1,0,0.0,0.0,0.0,60.0,E,1,34548,0,False
1706,773293,120,0,0,0,0,34548,0,34548,0,0,0.0,1,0,0.0,0.0,0.0,60.0,E,1,34548,0,False
1707,773294,120,0,0,0,0,34548,0,34548,0,0,0.0,1,0,0.0,0.0,0.0,60.0,W,1,34548,0,False
1708,773304,120,0,0,0,0,34548,0,34548,0,0,0.0,1,0,0.0,0.0,0.0,60.0,E,1,34548,0,False
1709,773305,120,0,0,0,0,34548,0,34548,0,0,0.0,1,0,0.0,0.0,0.0,60.0,W,1,34548,0,False
1710,773316,120,0,0,0,0,34548,0,34548,0,0,0.0,1,0,0.0,0.0,0.0,60.0,W,1,34548,0,False
1711,773317,120,0,0,0,0,34548,0,34548,0,0,0.0,1,0,0.0,0.0,0.0,60.0,E,1,34548,0,False
1712,773329,120,0,0,0,0,34548,0,34548,0,0,0.0,1,0,0.0,0.0,0.0,60.0,W,1,34548,0,False
1713,773330,120,0,0,0,0,34548,0,34548,0,0,0.0,1,0,0.0,0.0,0.0,60.0,E,1,34548,0,False
1714,773342,120,0,0,0,0,34548,0,34548,0,0,0.0,1,0,0.0,0.0,0.0,60.0,E,1,34548,0,False
1715,773343,120,0,0,0,0,34548,0,34548,0,0,0.0,1,0,0.0,0.0,0.0,60.0,W,1,34548,0,False
1716,773362,120,0,0,0,0,34548,0,34548,0,0,0.0,1,0,0.0,0.0,0.0,91.0,W,1,34548,0,False
1717,773363,120,0,0,0,0,34548,0,34548,0,0,0.0,1,0,0.0,0.0,0.0,91.0,E,1,34548,0,False
1718,773407,120,0,0,0,0,34548,0,34548,0,0,0.0,1,0,0.0,0.0,0.0,60.0,W,1,34548,0,False
1719,773409,120,0,0,0,0,34548,0,34548,0,0,0.0,1,0,0.0,0.0,0.0,60.0,E,1,34548,0,False
1720,773422,120,0,0,0,0,34548,0,34548,0,0,0.0,1,0,0.0,0.0,0.0,60.0,W,1,34548,0,False
1721,773424,120,0,0,0,0,34548,0,34548,0,0,0.0,1,0,0.0,0.0,0.0,60.0,E,1,34548,0,False
1722,773437,120,0,0,0,0,34548,0,34548,0,0,0.0,1,0,0.0,0.0,0.0,60.0,W,1,34548,0,False
1723,773439,120,0,0,0,0,34548,0,34548,0,0,0.0,1,0,0.0,0.0,0.0,60.0,E,1,34548,0,False
1724,773458,120,0,0,0,0,34548,0,34548,0,0,0.0,1,0,0.0,0.0,0.0,60.0,W,1,34548,0,False
1725,773460,120,0,0,0,0,34548,0,34548,0,0,0.0,1,0,0.0,0.0,0.0,60.0,E,1,34548,0,False
1726,773473,120,0,0,0,0,34548,0,34548,0,0,0.0,1,0,0.0,0.0,0.0,60.0,E,1,34548,0,False
1727,773474,120,0,0,0,0,34548,0,34548,0,0,0.0,1,0,0.0,0.0,0.0,60.0,W,1,34548,0,False
1728,773490,120,0,0,0,0,34548,0,34548,0,0,0.0,1,0,0.0,0.0,0.0,60.0,W,1,34548,0,False
1729,773492,120,0,0,0,0,34548,0,34548,0,0,0.0,1,0,0.0,0.0,0.0,60.0,E,1,34548,0,False
1730,773505,120,0,0,0,0,34548,0,34548,0,0,0.0,1,0,0.0,0.0,0.0,60.0,E,1,34548,0,False
1731,773507,120,0,0,0,0,34548,0,34548,0,0,0.0,1,0,0.0,0.0,0.0,60.0,E,1,34548,0,False
1732,773520,120,0,0,0,0,34548,0,34548,0,0,0.0,1,0,0.0,0.0,0.0,60.0,E,1,34548,0,False
1733,773522,120,0,0,0,0,34548,0,34548,0,0,0.0,1,0,0.0,0.0,0.0,60.0,W,1,34548,0,False
1734,773535,120,0,0,0,0,34548,0,34548,0,0,0.0,1,0,0.0,0.0,0.0,60.0,E,1,34548,0,False
1735,773537,120,0,0,0,0,34548,0,34548,0,0,0.0,1,0,0.0,0.0,0.0,60.0,W,1,34548,0,False
1736,773647,120,0,0,0,0,34548,0,34548,0,0,0.0,1,0,0.0,0.0,0.0,10.0,W,1,34548,0,False
1737,773656,120,0,0,0,0,34548,0,34548,0,0,0.0,1,0,0.0,0.0,0.0,105.0,E,1,34548,0,False
1738,773711,120,0,0,0,0,34548,0,34548,0,0,0.0,1,0,0.0,0.0,0.0,605.0,S,1,34548,0,False
1739,773712,120,0,0,0,0,34548,0,34548,0,0,0.0,1,0,0.0,0.0,0.0,605.0,N,1,34548,0,False
1740,773724,120,0,0,0,0,34548,0,34548,0,0,0.0,1,0,0.0,0.0,0.0,605.0,S,1,34548,0,False
1741,773736,120,0,0,0,0,34548,0,34548,0,0,0.0,1,0,0.0,0.0,0.0,605.0,N,1,34548,0,False
1742,773737,120,0,0,0,0,34548,0,34548,0,0,0.0,1,0,0.0,0.0,0.0,605.0,S,1,34548,0,False
1743,773743,120,0,0,0,0,34548,0,34548,0,0,0.0,1,0,0.0,0.0,0.0,605.0,N,1,34548,0,False
1744,773749,120,0,0,0,0,34548,0,34548,0,0,0.0,1,0,0.0,0.0,0.0,605.0,N,1,34548,0,False
1745,773773,120,0,0,0,0,34548,0,34548,0,0,0.0,1,0,0.0,0.0,0.0,605.0,S,1,34548,0,False
1746,773774,120,0,0,0,0,34548,0,34548,0,0,0.0,1,0,0.0,0.0,0.0,605.0,N,1,34548,0,False
1747,773784,120,0,0,0,0,34548,0,34548,0,0,0.0,1,0,0.0,0.0,0.0,605.0,S,1,34548,0,False
1748,773785,120,0,0,0,0,34548,0,34548,0,0,0.0,1,0,0.0,0.0,0.0,605.0,N,1,34548,0,False
1749,773795,120,0,0,0,0,34548,0,34548,0,0,0.0,1,0,0.0,0.0,0.0,605.0,N,1,34548,0,False
1750,773796,120,0,0,0,0,34548,0,34548,0,0,0.0,1,0,0.0,0.0,0.0,605.0,S,1,34548,0,False
1751,773798,120,0,0,0,0,34548,0,34548,0,0,0.0,1,0,0.0,0.0,0.0,605.0,S,1,34548,0,False
1752,773807,120,0,0,0,0,34548,0,34548,0,0,0.0,1,0,0.0,0.0,0.0,605.0,N,1,34548,0,False
1753,773869,120,0,0,0,0,34548,0,34548,0,0,0.0,1,0,0.0,0.0,0.0,134.0,E,1,34548,0,False
1754,773870,120,0,0,0,0,34548,0,34548,0,0,0.0,1,0,0.0,0.0,0.0,134.0,W,1,34548,0,False
1755,773880,120,0,0,0,0,34548,0,34548,0,0,0.0,1,0,0.0,0.0,0.0,134.0,E,1,34548,0,False
1756,773916,120,0,0,0,0,34548,0,34548,0,0,0.0,1,0,0.0,0.0,0.0,134.0,E,1,34548,0,False
1757,773939,120,0,0,0,0,34548,0,34548,0,0,0.0,1,0,0.0,0.0,0.0,134.0,W,1,34548,0,False
1758,773953,120,0,0,0,0,34548,0,34548,0,0,0.0,1,0,0.0,0.0,0.0,134.0,E,1,34548,0,False
1759,773954,120,0,0,0,0,34548,0,34548,0,0,0.0,1,0,0.0,0.0,0.0,134.0,W,1,34548,0,False
1760,773974,120,0,0,0,0,34548,0,34548,0,0,0.0,1,0,0.0,0.0,0.0,134.0,E,1,34548,0,False
1761,773975,120,0,0,0,0,34548,0,34548,0,0,0.0,1,0,0.0,0.0,0.0,134.0,W,1,34548,0,False
1762,773995,120,0,0,0,0,34548,0,34548,0,0,0.0,1,0,0.0,0.0,0.0,134.0,E,1,34548,0,False
1763,773996,120,0,0,0,0,34548,0,34548,0,0,0.0,1,0,0.0,0.0,0.0,134.0,W,1,34548,0,False
1764,774011,120,0,0,0,0,34548,0,34548,0,0,0.0,1,0,0.0,0.0,0.0,134.0,E,1,34548,0,False
1765,774012,120,0,0,0,0,34548,0,34548,0,0,0.0,1,0,0.0,0.0,0.0,134.0,W,1,34548,0,False
1766,774031,120,0,0,0,0,34548,0,34548,0,0,0.0,1,0,0.0,0.0,0.0,134.0,E,1,34548,0,False
1767,774032,120,0,0,0,0,34548,0,34548,0,0,0.0,1,0,0.0,0.0,0.0,134.0,W,1,34548,0,False
1768,774053,120,0,0,0,0,34548,0,34548,0,0,0.0,1,0,0.0,0.0,0.0,134.0,W,1,34548,0,False
1769,774054,120,0,0,0,0,34548,0,34548,0,0,0.0,1,0,0.0,0.0,0.0,134.0,E,1,34548,0,False
1770,774067,120,0,0,0,0,34548,0,34548,0,0,0.0,1,0,0.0,0.0,0.0,134.0,W,1,34548,0,False
1771,774092,120,0,0,0,0,34548,0,34548,0,0,0.0,1,0,0.0,0.0,0.0,5.0,N,1,34548,0,False
1772,774125,120,0,0,0,0,34548,0,34548,0,0,0.0,1,0,0.0,0.0,0.0,60.0,W,1,34548,0,False
1773,774164,120,0,0,0,0,34548,0,34548,0,0,0.0,1,0,0.0,0.0,0.0,60.0,E,1,34548,0,False
1774,774165,120,0,0,0,0,34548,0,34548,0,0,0.0,1,0,0.0,0.0,0.0,60.0,W,1,34548,0,False
1775,774180,120,0,0,0,0,34548,0,34548,0,0,0.0,1,0,0.0,0.0,0.0,60.0,E,1,34548,0,False
1776,774181,120,0,0,0,0,34548,0,34548,0,0,0.0,1,0,0.0,0.0,0.0,60.0,W,1,34548,0,False
1777,774216,120,0,0,0,0,34548,0,34548,0,0,0.0,1,0,0.0,0.0,0.0,90.0,W,1,34548,0,False
1778,774217,120,0,0,0,0,34548,0,34548,0,0,0.0,1,0,0.0,0.0,0.0,90.0,E,1,34548,0,False
1779,774226,120,0,0,0,0,34548,0,34548,0,0,0.0,1,0,0.0,0.0,0.0,90.0,W,1,34548,0,False
1780,774227,120,0,0,0,0,34548,0,34548,0,0,0.0,1,0,0.0,0.0,0.0,90.0,E,1,34548,0,False
1781,774235,120,0,0,0,0,34548,0,34548,0,0,0.0,1,0,0.0,0.0,0.0,90.0,W,1,34548,0,False
1782,774236,120,0,0,0,0,34548,0,34548,0,0,0.0,1,0,0.0,0.0,0.0,90.0,E,1,34548,0,False
1783,774244,120,0,0,0,0,34548,0,34548,0,0,0.0,1,0,0.0,0.0,0.0,90.0,E,1,34548,0,False
1784,774245,120,0,0,0,0,34548,0,34548,0,0,0.0,1,0,0.0,0.0,0.0,90.0,W,1,34548,0,False
1785,774301,120,0,0,0,0,34548,0,34548,0,0,0.0,1,0,0.0,0.0,0.0,90.0,W,1,34548,0,False
1786,774302,120,0,0,0,0,34548,0,34548,0,0,0.0,1,0,0.0,0.0,0.0,90.0,E,1,34548,0,False
1787,774327,120,0,0,0,0,34548,0,34548,0,0,0.0,1,0,0.0,0.0,0.0,405.0,S,1,34548,0,False
1788,774344,120,0,0,0,0,34548,0,34548,0,0,0.0,1,0,0.0,0.0,0.0,5.0,S,1,34548,0,False
1789,774358,120,0,0,0,0,34548,0,34548,0,0,0.0,1,0,0.0,0.0,0.0,710.0,S,1,34548,0,False
1790,774359,120,0,0,0,0,34548,0,34548,0,0,0.0,1,0,0.0,0.0,0.0,710.0,N,1,34548,0,False
1791,774372,120,0,0,0,0,34548,0,34548,0,0,0.0,1,0,0.0,0.0,0.0,710.0,S,1,34548,0,False
1792,774373,120,0,0,0,0,34548,0,34548,0,0,0.0,1,0,0.0,0.0,0.0,710.0,N,1,34548,0,False
1793,774389,120,0,0,0,0,34548,0,34548,0,0,0.0,1,0,0.0,0.0,0.0,710.0,S,1,34548,0,False
1794,774411,120,0,0,0,0,34548,0,34548,0,0,0.0,1,0,0.0,0.0,0.0,710.0,N,1,34548,0,False
1795,774440,120,0,0,0,0,34548,0,34548,0,0,0.0,1,0,0.0,0.0,0.0,10.0,E,1,34548,0,False
1796,774441,120,0,0,0,0,34548,0,34548,0,0,0.0,1,0,0.0,0.0,0.0,10.0,W,1,34548,0,False
1797,774444,120,0,0,0,0,34548,0,34548,0,0,0.0,1,0,0.0,0.0,0.0,710.0,N,1,34548,0,False
1798,774445,120,0,0,0,0,34548,0,34548,0,0,0.0,1,0,0.0,0.0,0.0,710.0,S,1,34548,0,False
1799,774614,120,0,0,0,0,34548,0,34548,0,0,0.0,1,0,0.0,0.0,0.0,105.0,E,1,34548,0,False
1800,774658,120,0,0,0,0,34548,0,34548,0,0,0.0,1,0,0.0,0.0,0.0,110.0,N,1,34548,0,False
1801,774671,120,0,0,0,0,34548,0,34548,0,0,0.0,1,0,0.0,0.0,0.0,110.0,S,1,34548,0,False
1802,774672,120,0,0,0,0,34548,0,34548,0,0,0.0,1,0,0.0,0.0,0.0,110.0,N,1,34548,0,False
1803,774685,120,0,0,0,0,34548,0,34548,0,0,0.0,1,0,0.0,0.0,0.0,110.0,N,1,34548,0,False
1804,774703,120,0,0,0,0,34548,0,34548,0,0,0.0,1,0,0.0,0.0,0.0,110.0,S,1,34548,0,False
1805,774704,120,0,0,0,0,34548,0,34548,0,0,0.0,1,0,0.0,0.0,0.0,110.0,N,1,34548,0,False
1806,774743,120,0,0,0,0,34548,0,34548,0,0,0.0,1,0,0.0,0.0,0.0,10.0,W,1,34548,0,False
1807,774744,120,0,0,0,0,34548,0,34548,0,0,0.0,1,0,0.0,0.0,0.0,10.0,E,1,34548,0,False
1808,774812,120,0,0,0,0,34548,0,34548,0,0,0.0,1,0,0.0,0.0,0.0,57.0,S,1,34548,0,False
1809,774813,120,0,0,0,0,34548,0,34548,0,0,0.0,1,0,0.0,0.0,0.0,57.0,N,1,34548,0,False
1810,774826,120,0,0,0,0,34548,0,34548,0,0,0.0,1,0,0.0,0.0,0.0,57.0,N,1,34548,0,False
1811,774827,120,0,0,0,0,34548,0,34548,0,0,0.0,1,0,0.0,0.0,0.0,57.0,S,1,34548,0,False
1812,774842,120,0,0,0,0,34548,0,34548,0,0,0.0,1,0,0.0,0.0,0.0,57.0,S,1,34548,0,False
1813,774854,120,0,0,0,0,34548,0,34548,0,0,0.0,1,0,0.0,0.0,0.0,57.0,N,1,34548,0,False
1814,774855,120,0,0,0,0,34548,0,34548,0,0,0.0,1,0,0.0,0.0,0.0,57.0,S,1,34548,0,False
1815,774865,120,0,0,0,0,34548,0,34548,0,0,0.0,1,0,0.0,0.0,0.0,57.0,S,1,34548,0,False
1816,774866,120,0,0,0,0,34548,0,34548,0,0,0.0,1,0,0.0,0.0,0.0,57.0,N,1,34548,0,False
1817,774890,120,0,0,0,0,34548,0,34548,0,0,0.0,1,0,0.0,0.0,0.0,57.0,S,1,34548,0,False
1818,774891,120,0,0,0,0,34548,0,34548,0,0,0.0,1,0,0.0,0.0,0.0,57.0,S,1,34548,0,False
1819,774901,120,0,0,0,0,34548,0,34548,0,0,0.0,1,0,0.0,0.0,0.0,57.0,S,1,34548,0,False
1820,774902,120,0,0,0,0,34548,0,34548,0,0,0.0,1,0,0.0,0.0,0.0,57.0,N,1,34548,0,False
1821,774926,120,0,0,0,0,34548,0,34548,0,0,0.0,1,0,0.0,0.0,0.0,60.0,W,1,34548,0,False
1822,774927,120,0,0,0,0,34548,0,34548,0,0,0.0,1,0,0.0,0.0,0.0,60.0,E,1,34548,0,False
1823,774946,120,0,0,0,0,34548,0,34548,0,0,0.0,1,0,0.0,0.0,0.0,60.0,W,1,34548,0,False
1824,774947,120,0,0,0,0,34548,0,34548,0,0,0.0,1,0,0.0,0.0,0.0,60.0,E,1,34548,0,False
1825,774958,120,0,0,0,0,34548,0,34548,0,0,0.0,1,0,0.0,0.0,0.0,60.0,W,1,34548,0,False
1826,775012,120,0,0,0,0,34548,0,34548,0,0,0.0,1,0,0.0,0.0,0.0,5.0,N,1,34548,0,False
1827,775030,120,0,0,0,0,34548,0,34548,0,0,0.0,1,0,0.0,0.0,0.0,10.0,E,1,34548,0,False
1828,775100,120,0,0,0,0,34548,0,34548,0,0,0.0,1,0,0.0,0.0,0.0,71.0,S,1,34548,0,False
1829,775101,120,0,0,0,0,34548,0,34548,0,0,0.0,1,0,0.0,0.0,0.0,71.0,N,1,34548,0,False
1830,775155,120,0,0,0,0,34548,0,34548,0,0,0.0,1,0,0.0,0.0,0.0,405.0,N,1,34548,0,False
1831,775156,120,0,0,0,0,34548,0,34548,0,0,0.0,1,0,0.0,0.0,0.0,405.0,S,1,34548,0,False
1832,775165,120,0,0,0,0,34548,0,34548,0,0,0.0,1,0,0.0,0.0,0.0,405.0,S,1,34548,0,False
1833,775183,120,0,0,0,0,34548,0,34548,0,0,0.0,1,0,0.0,0.0,0.0,405.0,N,1,34548,0,False
1834,775184,120,0,0,0,0,34548,0,34548,0,0,0.0,1,0,0.0,0.0,0.0,405.0,S,1,34548,0,False
1835,775225,120,0,0,0,0,34548,0,34548,0,0,0.0,1,0,0.0,0.0,0.0,405.0,N,1,34548,0,False
1836,775239,120,0,0,0,0,34548,0,34548,0,0,0.0,1,0,0.0,0.0,0.0,405.0,S,1,34548,0,False
1837,775249,120,0,0,0,0,34548,0,34548,0,0,0.0,1,0,0.0,0.0,0.0,405.0,S,1,34548,0,False
1838,775261,120,0,0,0,0,34548,0,34548,0,0,0.0,1,0,0.0,0.0,0.0,405.0,N,1,34548,0,False
1839,775302,120,0,0,0,0,34548,0,34548,0,0,0.0,1,0,0.0,0.0,0.0,101.0,N,1,34548,0,False
1840,775314,120,0,0,0,0,34548,0,34548,0,0,0.0,1,0,0.0,0.0,0.0,101.0,S,1,34548,0,False
1841,775365,120,0,0,0,0,34548,0,34548,0,0,0.0,1,0,0.0,0.0,0.0,101.0,N,1,34548,0,False
1842,775462,120,0,0,0,0,34548,0,34548,0,0,0.0,1,0,0.0,0.0,0.0,5.0,N,1,34548,0,False
1843,775520,120,0,0,0,0,34548,0,34548,0,0,0.0,1,0,0.0,0.0,0.0,5.0,N,1,34548,0,False
1844,775610,120,0,0,0,0,34548,0,34548,0,0,0.0,1,0,0.0,0.0,0.0,110.0,S,1,34548,0,False
1845,775636,120,0,0,0,0,34548,0,34548,0,0,0.0,1,0,0.0,0.0,0.0,110.0,S,1,34548,0,False
1846,775637,120,0,0,0,0,34548,0,34548,0,0,0.0,1,0,0.0,0.0,0.0,110.0,N,1,34548,0,False
1847,775689,120,0,0,0,0,34548,0,34548,0,0,0.0,1,0,0.0,0.0,0.0,605.0,N,1,34548,0,False
1848,775690,120,0,0,0,0,34548,0,34548,0,0,0.0,1,0,0.0,0.0,0.0,605.0,S,1,34548,0,False
1849,775734,120,0,0,0,0,34548,0,34548,0,0,0.0,1,0,0.0,0.0,0.0,5.0,N,1,34548,0,False
1850,775752,120,0,0,0,0,34548,0,34548,0,0,0.0,1,0,0.0,0.0,0.0,110.0,S,1,34548,0,False
1851,775762,120,0,0,0,0,34548,0,34548,0,0,0.0,1,0,0.0,0.0,0.0,47.0,S,1,34548,0,False
1852,775763,120,0,0,0,0,34548,0,34548,0,0,0.0,1,0,0.0,0.0,0.0,47.0,S,1,34548,0,False
1853,775773,120,0,0,0,0,34548,0,34548,0,0,0.0,1,0,0.0,0.0,0.0,110.0,N,1,34548,0,False
1854,775774,120,0,0,0,0,34548,0,34548,0,0,0.0,1,0,0.0,0.0,0.0,110.0,S,1,34548,0,False
1855,775825,120,0,0,0,0,34548,0,34548,0,0,0.0,1,0,0.0,0.0,0.0,110.0,N,1,34548,0,False
1856,775936,120,0,0,0,0,34548,0,34548,0,0,0.0,1,0,0.0,0.0,0.0,405.0,N,1,34548,0,False
1857,775949,120,0,0,0,0,34548,0,34548,0,0,0.0,1,0,0.0,0.0,0.0,126.0,W,1,34548,0,False
1858,775961,120,0,0,0,0,34548,0,34548,0,0,0.0,1,0,0.0,0.0,0.0,126.0,E,1,34548,0,False
1859,775975,120,0,0,0,0,34548,0,34548,0,0,0.0,1,0,0.0,0.0,0.0,126.0,E,1,34548,0,False
1860,775990,120,0,0,0,0,34548,0,34548,0,0,0.0,1,0,0.0,0.0,0.0,101.0,S,1,34548,0,False
1861,776019,120,0,0,0,0,34548,0,34548,0,0,0.0,1,0,0.0,0.0,0.0,605.0,S,1,34548,0,False
1862,776020,120,0,0,0,0,34548,0,34548,0,0,0.0,1,0,0.0,0.0,0.0,605.0,N,1,34548,0,False
1863,776052,120,0,0,0,0,34548,0,34548,0,0,0.0,1,0,0.0,0.0,0.0,101.0,N,1,34548,0,False
1864,776060,120,0,0,0,0,34548,0,34548,0,0,0.0,1,0,0.0,0.0,0.0,101.0,N,1,34548,0,False
1865,776066,120,0,0,0,0,34548,0,34548,0,0,0.0,1,0,0.0,0.0,0.0,101.0,N,1,34548,0,False
1866,776073,120,0,0,0,0,34548,0,34548,0,0,0.0,1,0,0.0,0.0,0.0,101.0,N,1,34548,0,False
1867,776081,120,0,0,0,0,34548,0,34548,0,0,0.0,1,0,0.0,0.0,0.0,101.0,N,1,34548,0,False
1868,776136,120,0,0,0,0,34548,0,34548,0,0,0.0,1,0,0.0,0.0,0.0,101.0,N,1,34548,0,False
1869,776177,120,0,0,0,0,34548,0,34548,0,0,0.0,1,0,0.0,0.0,0.0,10.0,W,1,34548,0,False
1870,776188,120,0,0,0,0,34548,0,34548,0,0,0.0,1,0,0.0,0.0,0.0,710.0,N,1,34548,0,False
1871,776196,120,0,0,0,0,34548,0,34548,0,0,0.0,1,0,0.0,0.0,0.0,710.0,N,1,34548,0,False
1872,776197,120,0,0,0,0,34548,0,34548,0,0,0.0,1,0,0.0,0.0,0.0,710.0,S,1,34548,0,False
1873,776203,120,0,0,0,0,34548,0,34548,0,0,0.0,1,0,0.0,0.0,0.0,710.0,N,1,34548,0,False
1874,776208,120,0,0,0,0,34548,0,34548,0,0,0.0,1,0,0.0,0.0,0.0,710.0,S,1,34548,0,False
1875,776215,120,0,0,0,0,34548,0,34548,0,0,0.0,1,0,0.0,0.0,0.0,710.0,S,1,34548,0,False
1876,776221,120,0,0,0,0,34548,0,34548,0,0,0.0,1,0,0.0,0.0,0.0,710.0,N,1,34548,0,False
1877,776228,120,0,0,0,0,34548,0,34548,0,0,0.0,1,0,0.0,0.0,0.0,710.0,N,1,34548,0,False
1878,776242,120,0,0,0,0,34548,0,34548,0,0,0.0,1,0,0.0,0.0,0.0,710.0,N,1,34548,0,False
1879,776253,120,0,0,0,0,34548,0,34548,0,0,0.0,1,0,0.0,0.0,0.0,710.0,S,1,34548,0,False
1880,776266,120,0,0,0,0,34548,0,34548,0,0,0.0,1,0,0.0,0.0,0.0,710.0,N,1,34548,0,False
1881,776289,120,0,0,0,0,34548,0,34548,0,0,0.0,1,0,0.0,0.0,0.0,710.0,S,1,34548,0,False
1882,776290,120,0,0,0,0,34548,0,34548,0,0,0.0,1,0,0.0,0.0,0.0,710.0,N,1,34548,0,False
1883,776295,120,0,0,0,0,34548,0,34548,0,0,0.0,1,0,0.0,0.0,0.0,710.0,S,1,34548,0,False
1884,776313,120,0,0,0,0,34548,0,34548,0,0,0.0,1,0,0.0,0.0,0.0,101.0,N,1,34548,0,False
1885,776328,120,0,0,0,0,34548,0,34548,0,0,0.0,1,0,0.0,0.0,0.0,101.0,S,1,34548,0,False
1886,776425,120,0,0,0,0,34548,0,34548,0,0,0.0,1,0,0.0,0.0,0.0,101.0,N,1,34548,0,False
1887,776440,120,0,0,0,0,34548,0,34548,0,0,0.0,1,0,0.0,0.0,0.0,101.0,S,1,34548,0,False
1888,776457,120,0,0,0,0,34548,0,34548,0,0,0.0,1,0,0.0,0.0,0.0,101.0,N,1,34548,0,False
1889,776518,120,0,0,0,0,34548,0,34548,0,0,0.0,1,0,0.0,0.0,0.0,10.0,E,1,34548,0,False
1890,776628,120,0,0,0,0,34548,0,34548,0,0,0.0,1,0,0.0,0.0,0.0,101.0,S,1,34548,0,False
1891,776629,120,0,0,0,0,34548,0,34548,0,0,0.0,1,0,0.0,0.0,0.0,101.0,S,1,34548,0,False
1892,776657,120,0,0,0,0,34548,0,34548,0,0,0.0,1,0,0.0,0.0,0.0,60.0,W,1,34548,0,False
1893,776690,120,0,0,0,0,34548,0,34548,0,0,0.0,1,0,0.0,0.0,0.0,60.0,W,1,34548,0,False
1894,776708,120,0,0,0,0,34548,0,34548,0,0,0.0,1,0,0.0,0.0,0.0,60.0,E,1,34548,0,False
1895,776739,120,0,0,0,0,34548,0,34548,0,0,0.0,1,0,0.0,0.0,0.0,405.0,N,1,34548,0,False
1896,776773,120,0,0,0,0,34548,0,34548,0,0,0.0,1,0,0.0,0.0,0.0,33.0,N,1,34548,0,False
1897,776826,120,0,0,0,0,34548,0,34548,0,0,0.0,1,0,0.0,0.0,0.0,105.0,E,1,34548,0,False
1898,776843,120,0,0,0,0,34548,0,34548,0,0,0.0,1,0,0.0,0.0,0.0,405.0,S,1,34548,0,False
1899,776844,120,0,0,0,0,34548,0,34548,0,0,0.0,1,0,0.0,0.0,0.0,405.0,N,1,34548,0,False
1900,776906,120,0,0,0,0,34548,0,34548,0,0,0.0,1,0,0.0,0.0,0.0,10.0,E,1,34548,0,False
1901,776981,120,0,0,0,0,34548,0,34548,0,0,0.0,1,0,0.0,0.0,0.0,10.0,E,1,34548,0,False
1902,776986,120,0,0,0,0,34548,0,34548,0,0,0.0,1,0,0.0,0.0,0.0,10.0,E,1,34548,0,False
1903,777061,120,0,0,0,0,34548,0,34548,0,0,0.0,1,0,0.0,0.0,0.0,405.0,S,1,34548,0,False
1904,777065,120,0,0,0,0,34548,0,34548,0,0,0.0,1,0,0.0,0.0,0.0,405.0,N,1,34548,0,False
1905,777066,120,0,0,0,0,34548,0,34548,0,0,0.0,1,0,0.0,0.0,0.0,405.0,S,1,34548,0,False
1906,777203,120,0,0,0,0,34548,0,34548,0,0,0.0,1,0,0.0,0.0,0.0,710.0,S,1,34548,0,False
1907,777204,120,0,0,0,0,34548,0,34548,0,0,0.0,1,0,0.0,0.0,0.0,710.0,N,1,34548,0,False
1908,777223,120,0,0,0,0,34548,0,34548,0,0,0.0,1,0,0.0,0.0,0.0,710.0,N,1,34548,0,False
1909,777224,120,0,0,0,0,34548,0,34548,0,0,0.0,1,0,0.0,0.0,0.0,710.0,S,1,34548,0,False
1910,777232,120,0,0,0,0,34548,0,34548,0,0,0.0,1,0,0.0,0.0,0.0,710.0,S,1,34548,0,False
1911,777233,120,0,0,0,0,34548,0,34548,0,0,0.0,1,0,0.0,0.0,0.0,710.0,N,1,34548,0,False
1912,777253,120,0,0,0,0,34548,0,34548,0,0,0.0,1,0,0.0,0.0,0.0,710.0,N,1,34548,0,False
1913,777254,120,0,0,0,0,34548,0,34548,0,0,0.0,1,0,0.0,0.0,0.0,710.0,S,1,34548,0,False
1914,777262,120,0,0,0,0,34548,0,34548,0,0,0.0,1,0,0.0,0.0,0.0,710.0,N,1,34548,0,False
1915,777263,120,0,0,0,0,34548,0,34548,0,0,0.0,1,0,0.0,0.0,0.0,710.0,S,1,34548,0,False
1916,777317,120,0,0,0,0,34548,0,34548,0,0,0.0,1,0,0.0,0.0,0.0,47.0,S,1,34548,0,False
